name	R_E1	R_E2	R_E3	R_E4	R_E5	R_E6	R_E7	R_E8	R_H10	R_H11	R_H12	R_H5	R_H6	R_H7	R_H8	R_H9	R_K10	R_K11	R_K12	R_K13	R_K14	R_K15	R_K16	R_K1	R_K2	R_K3	R_K4	R_K5	R_K6	R_K7	R_K8	R_K9	R_R1	R_R2	R_R3	R_R4	R_R5	R_R6	R_R7	R_R8	R_W1	R_W2	R_W3	R_W4	R_W5	R_W6	R_W7	R_W8
Streptomycetaceae	14.0603	10.9737	12.4928	12.4782	12.4643	12.569	13.4297	11.1653	12.8458	12.5036	11.3149	11.3012	13.8578	15.0144	13.339	11.842	17.6224	14.7724	13.7435	16.5078	13.5012	13.5047	14.4902	13.2744	13.637	13.1331	15.52	13.7526	15.4887	13.8701	14.2151	13.6959	15.39	15.5128	15.169	14.5792	14.9693	14.5623	14.7054	14.527	12.1506	11.3587	12.1387	11.4047	12.1545	11.8671	6.75236	10.2452
Carbonactinosporaceae	0.0192164	0.0181917	0.0213447	0.0212663	0.0212943	0.0212708	0.0192897	0.0172054	0.0193048	0.0193443	0.016238	0.0162476	0.0212822	0.0203048	0.0172444	0.0182559	0.0161961	0.0193223	0.01729	0.0151754	0.0182436	0.0162524	0.0172612	0.0162019	0.0182815	0.0141936	0.0152057	0.0172148	0.015176	0.0183024	0.017297	0.0162142	0.0214544	0.0255128	0.0194147	0.0193237	0.0234054	0.0193229	0.0203521	0.0203602	0.0202476	0.0193158	0.0212747	0.0212755	0.0182424	0.0182617	0.0120884	0.0182046
Microbacteriaceae	3.97779	3.81521	3.94471	3.73577	3.94147	4.25213	4.67522	4.73048	4.46145	4.43189	4.46749	5.50896	4.9172	4.02035	5.41473	4.67657	5.25362	3.88988	4.5198	4.36648	4.07642	5.73608	4.22594	4.77652	5.14117	5.94205	5.01586	5.79836	5.97633	4.34071	4.65086	3.6259	3.79641	3.4279	3.55698	4.1729	4.15496	3.82186	4.14063	4.17078	3.66178	3.50836	3.35025	3.44663	3.94037	4.40208	2.08323	3.53068
Intrasporangiaceae	2.75502	2.72068	2.3408	2.28359	2.12537	2.63352	3.43662	3.6101	2.26578	2.52393	2.4215	2.02689	2.87006	2.12388	2.84938	2.13595	1.89596	1.2529	1.60491	1.43357	2.04936	1.50436	1.70276	1.82575	1.98355	1.80259	0.949851	2.35843	1.28187	1.58417	1.3451	1.76228	1.17284	0.815389	1.09846	1.254	1.60276	1.16548	1.47044	1.40994	1.03364	0.851929	1.09109	1.1428	1.30332	1.25803	0.639676	1.07913
Micrococcaceae	1.87309	2.79445	1.92611	1.8532	1.95299	1.86271	2.09141	2.88545	1.52102	1.38159	1.41271	1.65319	1.79987	1.46702	1.83602	1.40165	2.02249	1.30883	2.14802	1.67334	1.92064	1.82433	2.01143	1.57057	2.07699	1.49641	1.49929	2.22983	1.7068	1.9736	1.51603	2.45746	1.28931	1.20931	1.2313	1.2479	1.49794	1.28141	1.29643	1.43234	1.22802	1.16098	1.13465	1.05364	1.3692	1.84646	0.638669	1.34613
Cellulomonadaceae	0.719097	0.680169	0.73995	0.82027	0.741244	0.767774	0.766513	0.727689	0.742728	0.733048	0.661701	0.77887	0.960739	0.762444	0.920037	0.853973	0.755145	0.664077	0.765843	0.954029	0.774337	1.29003	0.936164	0.804018	0.783059	0.777607	0.889029	1.32656	1.3021	0.746329	1.02052	0.602965	0.803008	0.659251	0.84505	0.927536	0.967762	0.820714	0.928055	0.957946	0.685382	0.60794	0.570363	0.576465	0.720576	0.655392	0.362651	0.559286
Promicromonosporaceae	0.940591	0.704425	0.936118	0.828371	0.972439	0.802212	0.939105	0.769184	1.03738	0.961108	0.813932	0.820504	1.09249	0.906608	1.15233	0.867158	0.756157	0.876622	0.921453	0.840719	0.900015	1.01577	0.779798	1.03692	0.842982	0.807008	0.863686	0.896184	0.946985	1.00663	0.762085	0.765107	1.12278	0.967446	1.0535	1.06484	1.10819	0.890887	1.08171	1.06076	0.759286	0.797031	0.861117	0.583557	0.513829	0.598578	0.480513	0.682673
Ornithinimicrobiaceae	0.216437	0.187981	0.208365	0.210637	0.200775	0.220811	0.22234	0.215574	0.214385	0.213806	0.184708	0.193956	0.240185	0.217261	0.232292	0.20183	0.204476	0.175935	0.197309	0.182105	0.225004	0.194013	0.218303	0.195435	0.213285	0.180461	0.166249	0.241008	0.188183	0.189124	0.176022	0.184436	0.200241	0.190836	0.19006	0.201373	0.234054	0.195263	0.212679	0.207674	0.179192	0.164693	0.182354	0.174257	0.178371	0.171457	0.099729	0.155751
Dermabacteraceae	0.156765	0.144523	0.164659	0.165067	0.160214	0.167128	0.154318	0.147764	0.163583	0.1517	0.138023	0.145213	0.175325	0.161423	0.160271	0.150104	0.140704	0.144409	0.150524	0.152766	0.163178	0.153382	0.161443	0.149867	0.218363	0.236222	0.161181	0.174174	0.255969	0.15862	0.147533	0.139847	0.16244	0.166344	0.152252	0.160692	0.178084	0.159668	0.158746	0.159827	0.159956	0.143344	0.151962	0.151968	0.141886	0.141021	0.0846186	0.131478
Brevibacteriaceae	0.158788	0.150587	0.165676	0.171143	0.165284	0.170166	0.161425	0.149788	0.165615	0.157809	0.139038	0.154352	0.181405	0.165484	0.163314	0.153147	0.140704	0.202376	0.150524	0.141637	0.230071	0.154398	0.157381	0.15493	0.188909	0.15106	0.144961	0.157971	0.17503	0.15252	0.147533	0.137821	0.165505	0.181651	0.160427	0.168828	0.18419	0.16577	0.16587	0.164917	0.166031	0.15351	0.162093	0.157034	0.149993	0.144064	0.0906627	0.14058
Dermacoccaceae	0.190141	0.16979	0.186004	0.187346	0.180494	0.19245	0.197974	0.185211	0.187968	0.186316	0.161366	0.108656	0.208768	0.192895	0.199832	0.177488	0.145765	0.132205	0.180019	0.116345	0.142908	0.182839	0.197996	0.121514	0.175706	0.218987	0.0942755	0.150883	0.120397	0.250132	0.17297	0.178356	0.178787	0.170426	0.176776	0.177981	0.203525	0.174923	0.187239	0.185278	0.168055	0.15046	0.165132	0.158047	0.162155	0.153195	0.0936848	0.145637
Ruaniaceae	0.0576491	0.0505326	0.0579357	0.05671	0.0557708	0.0587479	0.0578692	0.0546526	0.0599466	0.0590511	0.0517588	0.122873	0.0668869	0.0598991	0.0639055	0.0567963	0.117422	0.0508481	0.054921	0.115333	0.0608118	0.0609465	0.0599064	0.119489	0.130002	0.112535	0.0537269	0.147845	0.135573	0.118965	0.0569783	0.103365	0.0572117	0.0551077	0.0572223	0.0600051	0.065128	0.0569517	0.0610563	0.0600625	0.0526438	0.0477812	0.0496409	0.0516691	0.0506735	0.0507269	0.0292136	0.0455115
Sanguibacteraceae	0.0616947	0.0535646	0.0498043	0.0506339	0.0517147	0.0516576	0.0507625	0.128535	0.0508022	0.0519243	0.0456695	0.0507738	0.0557391	0.0507619	0.0527474	0.0578105	0.0506129	0.0447464	0.0488187	0.0536198	0.0537171	0.0609465	0.0497528	0.0496182	0.0832826	0.0952999	0.11455	0.0607583	0.088021	0.0498231	0.0468036	0.044589	0.0459737	0.0479641	0.0459822	0.0498347	0.0518989	0.0477987	0.048845	0.0488644	0.0465695	0.0447314	0.0425493	0.042551	0.0445926	0.0436251	0.0261915	0.0394433
Beutenbergiaceae	0.0505694	0.0475007	0.0528536	0.0526593	0.0537427	0.0557092	0.0517777	0.0495921	0.0548663	0.0529424	0.0436398	0.0467119	0.0567525	0.0538077	0.0527474	0.0486825	0.0455516	0.0447464	0.0478016	0.0475497	0.0537171	0.049773	0.0517835	0.0496182	0.0558602	0.0466361	0.0435898	0.0567077	0.053622	0.0498231	0.0488386	0.044589	0.0531252	0.0540872	0.0510913	0.0549199	0.0600399	0.0518667	0.0518978	0.0549725	0.0526438	0.045748	0.0496409	0.0486298	0.0486465	0.0456542	0.0282062	0.0445002
Demequinaceae	0.0293303	0.0282983	0.0304925	0.0324057	0.0324484	0.0334255	0.0314727	0.0273263	0.0294653	0.0285074	0.0274017	0.0314798	0.0334435	0.0304572	0.0344887	0.0294124	0.0242942	0.0254241	0.0254264	0.0252924	0.0273653	0.0264101	0.0263994	0.026328	0.0243754	0.0223042	0.0263566	0.0263286	0.0252934	0.0254199	0.0254367	0.0222945	0.0286059	0.0285743	0.0286111	0.029494	0.032564	0.0305098	0.0345986	0.0315583	0.0303714	0.0284654	0.0283662	0.0293805	0.0283771	0.0273925	0.0171252	0.0262956
Kytococcaceae	0.0252847	0.023245	0.0264268	0.025317	0.0294064	0.0273481	0.0304575	0.0253021	0.0335294	0.0254531	0.0233422	0.0233559	0.0293897	0.0274114	0.0304312	0.0253555	0.0232819	0.0223732	0.0254264	0.0222573	0.0273653	0.0243786	0.0263994	0.0243028	0.025391	0.0243319	0.0263566	0.0293665	0.0232699	0.0244031	0.0315416	0.0263481	0.025541	0.0255128	0.0245238	0.0396644	0.0295111	0.0254248	0.0274753	0.0254502	0.0242972	0.0223657	0.0233008	0.0233018	0.0273637	0.0223198	0.0130957	0.0202274
Dermatophilaceae	0.013148	0.0121278	0.0132134	0.0131648	0.0121682	0.0141805	0.0142135	0.012145	0.0132086	0.0132356	0.0111637	0.0121857	0.0141881	0.0142133	0.0131869	0.0131849	0.0121471	0.0111866	0.0122047	0.0111286	0.0141894	0.0121893	0.0131997	0.0121514	0.0132033	0.0111521	0.0101372	0.0141769	0.0111291	0.0122016	0.0111922	0.0111473	0.0132813	0.0122461	0.0112401	0.0122044	0.0142468	0.0122039	0.0122113	0.0122161	0.0121486	0.0111828	0.01317	0.0131706	0.0121616	0.0121745	0.00705155	0.011125
Jonesiaceae	0.00101139	0.00101065	0.00101642	0.00101268	0.00101401	0.00101289	0.00101525	0.00101208	0.00101604	0.00101812	0.00101488	0.00101548	0.00101344	0.00101524	0.00101437	0.00101422	0.00101226	0.00101696	0.00101706	0.0010117	0.00101353	0.00101577	0.00101536	0.00101262	0.00101564	0.00101383	0.00101372	0.00101264	0.00101174	0.0010168	0.00101747	0.00101339	0.00102164	0.00102051	0.00102183	0.00101704	0.00101763	0.00101699	0.0010176	0.00101801	0.00101238	0.00101662	0.00101308	0.00101312	0.00101347	0.00101454	0	0.00101137
Tropherymataceae	0	0	0	0	0	0	0	0	0	0	0	0	0	0	0	0	0	0	0	0	0	0	0	0	0	0	0	0	0	0	0	0	0	0	0	0	0	0	0	0	0	0	0	0	0	0	0	0
Nocardioidaceae	7.01195	4.66214	5.9135	5.57986	5.23941	6.00748	7.02045	7.12811	5.18182	5.01833	5.02365	4.87936	6.06036	4.82441	6.86325	4.8713	6.17579	3.80954	6.6129	6.27251	6.89201	6.88594	6.01298	5.38814	5.60634	6.52703	5.43858	8.57805	7.04877	5.21109	5.46585	4.62307	4.54323	3.44423	6.29649	6.74294	5.95718	4.98937	6.53302	7.01917	3.44716	2.79673	2.96326	3.38179	3.60795	2.96752	1.98753	2.35446
Kribbellaceae	0.689767	0.575061	0.673883	0.667355	0.674319	0.620904	0.765498	0.648746	0.761016	0.924455	1.17523	1.06625	0.781361	0.947218	1.00423	0.767764	1.49814	1.51934	1.02316	1.22516	1.20002	0.910134	1.07425	1.09565	1.01056	1.21254	0.562612	1.03694	0.930797	1.20694	0.998138	1.68932	1.05842	1.03378	1.07496	0.850242	0.954533	0.81868	0.939249	0.984414	0.591231	0.587607	0.560233	0.550124	0.762129	0.731482	0.314298	0.561309
Propionibacteriaceae	0.765621	0.593253	0.727753	0.698748	0.674319	0.700923	0.757376	0.768172	0.898182	0.827734	0.779426	0.978919	1.04891	0.908639	1.07828	0.894541	0.867505	0.570516	0.755673	0.896362	0.938529	0.892866	0.941241	0.896166	1.12228	0.984428	0.76941	1.59997	1.10886	0.943588	0.798714	0.655661	0.649762	0.580671	0.624336	0.666158	0.889404	0.661046	0.779485	0.731948	0.626664	0.576425	0.629122	0.564308	0.665849	0.695973	0.352577	0.508718
Actinopolymorphaceae	0.0242733	0.0212237	0.0233775	0.0243043	0.0233223	0.0253224	0.0253812	0.0232779	0.0274332	0.0254531	0.0345059	0.0335107	0.0304031	0.0284267	0.0294168	0.0243413	0.0283432	0.0254241	0.0233923	0.023269	0.0263518	0.0253944	0.0274148	0.0243028	0.0264067	0.0243319	0.0233155	0.0293665	0.0242817	0.0233863	0.0234018	0.0263481	0.0265626	0.0275538	0.029633	0.02746	0.0315464	0.0355948	0.0295105	0.0376663	0.0232848	0.0203324	0.0212747	0.0202624	0.0202694	0.0202908	0.0120884	0.0182046
Mycobacteriaceae	3.32848	2.67014	3.36942	3.02082	3.35334	3.10655	3.60109	3.03625	4.07027	4.35858	4.21783	4.72907	4.21286	4.34116	4.75031	4.58731	7.15262	5.18753	5.63754	6.07928	5.094	5.90267	5.36924	6.32582	5.84908	7.88252	6.35093	7.01555	7.18839	5.73779	6.24727	5.69118	4.4053	3.9004	4.44494	4.29596	3.91277	4.15747	4.66572	4.43445	3.71342	4.65816	4.16781	3.98764	4.30826	4.11801	3.06742	3.75622
Nocardiaceae	1.60811	1.84949	1.84784	1.8532	1.82725	1.79384	1.72288	1.77924	1.5515	1.50071	1.44925	1.47041	1.6215	1.52286	1.62198	1.61971	1.63783	1.50104	1.57542	1.70268	1.6257	1.63133	1.65809	1.6536	1.82409	1.57143	1.53983	1.68503	1.79381	1.65535	1.69205	1.56872	1.53041	1.60118	1.43362	1.44928	1.58648	1.4482	1.45619	1.53617	1.58843	1.65404	1.50847	1.45585	1.8435	1.79675	0.880436	1.5039
Gordoniaceae	0.333758	0.308249	0.350663	0.356463	0.353891	0.355526	0.335032	0.311722	0.355615	0.346162	0.303449	0.348308	0.388147	0.351273	0.351988	0.366133	0.319874	0.320343	0.332577	0.321719	0.339533	0.351458	0.3503	0.345302	0.330083	0.304149	0.329458	0.365562	0.352084	0.337577	0.328643	0.296922	0.335097	0.351056	0.365814	0.336639	0.367363	0.338659	0.349038	0.352231	0.345222	0.328369	0.344447	0.329264	0.349647	0.33987	0.200465	0.300376
Corynebacteriaceae	0.360054	0.344632	0.388271	0.390894	0.394451	0.401106	0.362444	0.323867	0.38	0.360415	0.316642	0.346277	0.400308	0.388836	0.356045	0.347877	0.296592	0.338649	0.347833	0.303509	0.353722	0.344348	0.345223	0.355429	0.332115	0.284886	0.322362	0.323031	0.321732	0.347745	0.334748	0.31111	0.395374	0.422492	0.379098	0.385456	0.420279	0.381373	0.377531	0.378699	0.391792	0.3731	0.382944	0.370802	0.337485	0.333783	0.226657	0.341842
Tsukamurellaceae	0.0596719	0.0555859	0.0640342	0.0637988	0.0628688	0.0850831	0.0781742	0.0566767	0.0640107	0.0600692	0.0548034	0.0588976	0.0668869	0.0659905	0.0618768	0.0598389	0.058711	0.0589839	0.0620404	0.0607017	0.0628389	0.062978	0.0659986	0.0597444	0.0863295	0.0628574	0.0587955	0.0658215	0.0617159	0.0721926	0.0590133	0.0587764	0.0633416	0.0673538	0.0633532	0.0630562	0.0712338	0.0650876	0.0630915	0.0620985	0.06378	0.0609973	0.0628109	0.0597741	0.0719563	0.0669595	0.0352577	0.0536025
Dietziaceae	0.0920363	0.0879267	0.0965594	0.0982298	0.0963313	0.0840702	0.0751284	0.0880513	0.094492	0.0946854	0.0801754	0.0893619	0.102357	0.0974629	0.0902793	0.0872229	0.0799684	0.0874588	0.0884839	0.0789122	0.0942583	0.0893882	0.0934133	0.0870851	0.0853138	0.0760371	0.0851521	0.0891121	0.0849858	0.0894782	0.08445	0.0841111	0.100121	0.105113	0.0960517	0.0976354	0.109904	0.0976314	0.10176	0.0956928	0.0971886	0.091496	0.0962425	0.0952333	0.0891853	0.0892794	0.0533903	0.0839435
Segniliparaceae	0.00404555	0.00404261	0.00406566	0.00506339	0.00507007	0.00506447	0.00507625	0.00404834	0.00406417	0.00407249	0.00405951	0.00507738	0.00506719	0.00507619	0.00405749	0.00405688	0.00404903	0.00406785	0.00406822	0.00404678	0.00405412	0.0040631	0.00406145	0.00405047	0.0050782	0.00405531	0.00405486	0.00405055	0.00404694	0.00406719	0.00406988	0.00405355	0.00510819	0.00510256	0.0040873	0.00508518	0.00508813	0.00508497	0.00508802	0.00509004	0.00506191	0.00711635	0.00506539	0.00607872	0.00405388	0.00710177	0.00302209	0.00707957
Hoyosellaceae	0.00303416	0.00303196	0.00406566	0.00405071	0.00405605	0.00405158	0.004061	0.00303625	0.00406417	0.00305437	0.00304463	0.00304643	0.00304031	0.00406095	0.00405749	0.00304266	0.00303678	0.00406785	0.00305117	0.00303509	0.00405412	0.0040631	0.00304609	0.00303785	0.00304692	0.00304149	0.00405486	0.00303791	0.00404694	0.00406719	0.00305241	0.00304016	0.00408655	0.00408205	0.00306548	0.00305111	0.0040705	0.00305098	0.00407042	0.00407203	0.00404953	0.00406649	0.00506539	0.00405248	0.00405388	0.00405815	0.00201473	0.0030341
Lawsonellaceae	0.00101139	0.00101065	0.00101642	0.00101268	0.00101401	0.00101289	0.00101525	0.00101208	0.00101604	0.00101812	0.00101488	0.00101548	0.00101344	0.00101524	0.00101437	0.00101422	0.00101226	0.00101696	0.00101706	0.0010117	0.00101353	0.00101577	0.00101536	0.00101262	0.00101564	0.00101383	0.00101372	0.00101264	0.00101174	0.0010168	0.00101747	0.00101339	0.00102164	0.00102051	0.00102183	0.00101704	0.00101763	0.00101699	0.0010176	0.00101801	0.00101238	0.00101662	0.00101308	0.00101312	0.00101347	0.00101454	0.00100736	0.00101137
Micromonosporaceae	3.50952	2.87733	3.60624	3.71856	3.50849	3.42156	3.43662	3.03524	3.483	3.40562	3.29937	3.40997	3.62	3.7777	3.85868	3.13698	3.02362	3.51666	3.62072	3.90413	3.86763	3.69742	3.60758	3.66365	3.50193	4.05836	3.49225	5.35382	3.73735	3.49778	3.18468	3.71204	4.29395	4.14736	4.92112	4.51869	4.60984	4.43918	4.51409	4.7653	3.34288	3.23997	3.17398	3.32607	3.386	3.35102	1.76893	2.73069
Pseudonocardiaceae	2.73884	2.60748	2.95065	3.09171	2.79462	2.9536	2.71071	2.50693	3.3631	3.33741	2.78381	2.91949	3.43252	3.68633	3.52799	2.97471	4.03689	4.30074	4.5259	4.19449	4.81123	4.36174	4.55289	4.18515	4.61609	3.57273	3.69094	3.71132	4.13395	4.62236	3.87554	5.39122	4.57796	4.87091	4.15781	3.99491	4.40326	4.49206	4.22001	4.10461	2.80531	2.73675	2.90754	2.63006	2.84987	2.66519	1.60372	2.49504
Streptosporangiaceae	0.826304	0.732723	0.882248	0.884069	0.887262	0.86096	0.840626	0.741858	0.800642	0.782936	0.718534	0.72505	0.8371	0.840618	0.778025	0.761679	0.711618	0.849164	0.840088	0.684918	0.78954	0.730342	0.84072	0.728072	0.80845	1.09493	0.684258	0.731124	0.730473	0.772766	0.712229	0.788415	1.08396	1.09705	1.05759	0.991609	1.04103	1.0353	0.99827	1.05364	0.803831	0.812281	0.812489	0.912821	0.740846	0.880619	0.433166	0.685707
Thermomonosporaceae	0.576491	0.487134	0.601718	0.589379	0.595226	0.593556	0.569555	0.477704	0.584225	0.54775	0.519618	0.519924	0.591848	0.595945	0.537618	0.548693	0.754133	0.673229	0.529886	0.581725	0.508792	0.501793	0.537127	0.51846	0.678448	0.422767	0.466309	0.481003	0.498786	0.592793	0.513822	0.575604	0.716168	0.994999	0.724475	0.611238	0.740831	0.691556	0.651267	0.72075	0.532513	0.490012	0.564285	0.516691	0.466196	0.445382	0.29818	0.441968
Nocardiopsidaceae	0.162834	0.149577	0.176856	0.175193	0.17441	0.177256	0.163455	0.147764	0.165615	0.166972	0.138023	0.153337	0.181405	0.172591	0.156214	0.154161	0.142728	0.16068	0.154593	0.152766	0.162165	0.152366	0.161443	0.152905	0.15133	0.127742	0.144961	0.150883	0.149737	0.153536	0.145498	0.147954	0.184917	0.210226	0.176776	0.173913	0.199455	0.174923	0.179098	0.180188	0.17008	0.160626	0.177289	0.167165	0.151007	0.147108	0.0967069	0.149682
Nakamurellaceae	0.403544	0.399208	0.450272	0.445579	0.397493	0.373758	0.432496	0.483776	0.561872	0.577276	0.395802	0.913928	0.536109	0.557366	0.625869	0.52638	0.682262	0.421023	0.668206	0.671766	0.56555	0.802462	0.804167	0.701744	0.645948	0.715763	0.734944	0.766567	0.892351	0.921219	0.631849	0.457037	0.267669	0.180631	0.193125	0.232901	0.405015	0.275605	0.291035	0.262646	0.38268	0.422915	0.365721	0.320146	0.605041	0.774093	0.238745	0.407581
Geodermatophilaceae	0.31353	0.210216	0.332368	0.295702	0.275812	0.312984	0.301529	0.308686	0.533423	0.529424	0.507439	0.769731	0.550297	0.78478	0.740493	0.531451	0.677201	0.517634	0.638711	0.583748	0.917245	0.56985	1.00622	0.474917	0.697745	0.420739	0.461241	0.703783	0.50688	0.524668	0.49856	0.801589	0.409677	0.432697	0.387272	0.439359	0.48439	0.695624	0.490485	0.378699	0.211588	0.198241	0.222877	0.202624	0.20168	0.191748	0.122898	0.181035
Kineosporiaceae	0.207335	0.20112	0.197185	0.190384	0.180494	0.20663	0.218279	0.202417	0.13107	0.153737	0.113666	0.126934	0.158096	0.148225	0.134912	0.12982	0.137667	0.106781	0.111876	0.12545	0.150003	0.136114	0.145197	0.117464	0.11883	0.121659	0.0983304	0.168098	0.129502	0.111848	0.113957	0.104379	0.140986	0.125523	0.155318	0.154589	0.152644	0.141362	0.164852	0.156773	0.139709	0.121995	0.137779	0.137784	0.14594	0.138992	0.0815965	0.110239
Actinomycetaceae	0.191152	0.180907	0.203283	0.207599	0.207873	0.212708	0.189852	0.173066	0.194064	0.185298	0.167455	0.174662	0.210795	0.197972	0.189688	0.180531	0.150827	0.172884	0.177985	0.157824	0.190544	0.177761	0.180735	0.177208	0.172659	0.14295	0.164222	0.16911	0.161878	0.173872	0.170935	0.163155	0.204328	0.222472	0.191082	0.203407	0.218789	0.202382	0.198433	0.19953	0.208551	0.192142	0.20059	0.202624	0.181411	0.179573	0.11081	0.180023
Frankiaceae	0.187107	0.176864	0.196168	0.207599	0.201789	0.215746	0.18376	0.166994	0.180856	0.18428	0.152232	0.166538	0.201674	0.193911	0.165343	0.178503	0.146777	0.171867	0.16578	0.148719	0.174327	0.159477	0.171596	0.161006	0.160471	0.12977	0.151044	0.151896	0.147713	0.160654	0.153638	0.157075	0.198198	0.229615	0.17882	0.184083	0.214719	0.188144	0.183169	0.187314	0.203489	0.191125	0.21376	0.201611	0.182424	0.167399	0.120884	0.173955
Allobogoriellaceae	0.134515	0.20213	0.144331	0.1438	0.147032	0.14687	0.136043	0.158897	0.133102	0.13032	0.151217	0.119826	0.152016	0.132996	0.131869	0.122721	0.109324	0.110849	0.124081	0.109263	0.132773	0.123925	0.129966	0.118476	0.119846	0.103411	0.113536	0.128605	0.117361	0.117949	0.113957	0.109446	0.135878	0.13981	0.129772	0.135266	0.156714	0.144413	0.145517	0.139467	0.123511	0.112845	0.121569	0.113469	0.115535	0.117686	0.066486	0.104171
Jatrophihabitantaceae	0.0768655	0.0646817	0.0752147	0.0719002	0.0699669	0.0759671	0.0852809	0.0678096	0.0792514	0.111993	0.0629224	0.0812381	0.0841154	0.118783	0.059848	0.0851944	0.262175	0.128137	0.0762792	0.0677836	0.0608118	0.0964986	0.0903673	0.0911355	0.136096	0.0608297	0.0669052	0.11139	0.0829624	0.0833774	0.0732578	0.0922182	0.0909258	0.146954	0.0919644	0.0610221	0.0987097	0.0783085	0.10176	0.0794047	0.0820029	0.0874295	0.142844	0.0901677	0.066889	0.0629014	0.0574197	0.0718071
Jiangellaceae	0.0718086	0.0646817	0.0721655	0.0739255	0.074023	0.0739413	0.0700522	0.0637613	0.0731551	0.0682142	0.0608927	0.0649905	0.0770213	0.0751277	0.0770924	0.0669385	0.0637723	0.0661026	0.0701769	0.0637368	0.0750013	0.0711042	0.0741215	0.068858	0.0690636	0.0598159	0.0628504	0.0759478	0.0677863	0.0681254	0.0681705	0.0648568	0.0786661	0.0826615	0.076637	0.0772947	0.0824276	0.0752576	0.0763203	0.0773687	0.0698543	0.0650638	0.0699024	0.0658528	0.064862	0.0598578	0.0382798	0.0586593
Bifidobacteriaceae	0.0738313	0.0687244	0.104691	0.085065	0.0953173	0.0830573	0.0700522	0.0657855	0.0792514	0.0712686	0.131934	0.0660059	0.0841154	0.0730972	0.0689774	0.0669385	0.054662	0.0691535	0.0752621	0.0576666	0.0689201	0.0700885	0.0690446	0.068858	0.0599228	0.0547467	0.0618366	0.0627835	0.0586807	0.0813438	0.0630831	0.0648568	0.120553	0.083682	0.076637	0.0762777	0.0824276	0.0813595	0.0773379	0.0763506	0.0809905	0.0721801	0.0759809	0.0729446	0.064862	0.065945	0.0402946	0.0697844
Catenulisporaceae	0.0455125	0.0333515	0.0406566	0.0364564	0.0446166	0.0405158	0.0670064	0.0384592	0.0335294	0.0539605	0.0284166	0.0324952	0.0354703	0.0477162	0.0284025	0.0344835	0.123496	0.144409	0.035597	0.0910526	0.032433	0.0731358	0.0345223	0.0597444	0.215316	0.0608297	0.0293978	0.0516445	0.0465399	0.0711758	0.0620657	0.044589	0.0357573	0.106133	0.0398512	0.0366133	0.0417226	0.0305098	0.033581	0.0397023	0.0688419	0.166726	0.100295	0.0851021	0.0608081	0.0436251	0.0765597	0.0677616
Glycomycetaceae	0.0151708	0.0151598	0.0162626	0.0172155	0.0162242	0.0172192	0.016244	0.0141692	0.0162567	0.0152718	0.0131934	0.0142167	0.0172284	0.0162438	0.01623	0.0152133	0.0141716	0.0152544	0.0152558	0.0141637	0.0162165	0.0162524	0.0172612	0.0151893	0.014219	0.0131798	0.014192	0.0151896	0.0141643	0.015252	0.0142446	0.0152008	0.0163462	0.0173487	0.017371	0.0162726	0.016282	0.0162719	0.0162817	0.0173061	0.0172105	0.0152493	0.0172223	0.0162099	0.015202	0.0152181	0.00906627	0.0141591
Sporichthyaceae	0.0273075	0.0272876	0.0315089	0.0303804	0.0304204	0.0324126	0.028427	0.02429	0.0274332	0.0295256	0.0213124	0.0253869	0.0293897	0.0304572	0.0263737	0.0253555	0.0232819	0.0254241	0.0274605	0.023269	0.0293924	0.0264101	0.0274148	0.0273407	0.0274223	0.0212904	0.0253429	0.0263286	0.0252934	0.0264367	0.0244193	0.0233079	0.0306491	0.0346974	0.029633	0.029494	0.0315464	0.0294928	0.0284929	0.0295222	0.0323962	0.0274488	0.0293793	0.0283674	0.0263502	0.0253635	0.0161178	0.0252842
Actinopolysporaceae	0.00707972	0.00707457	0.00711491	0.00810143	0.0070981	0.00810315	0.00710674	0.00607251	0.0071123	0.00712686	0.00608927	0.00609286	0.00709407	0.00710667	0.00710062	0.00709954	0.00708581	0.00711874	0.00711939	0.00607017	0.00709471	0.00711042	0.00710754	0.0060757	0.00710949	0.00506914	0.00608229	0.00607583	0.00708215	0.00711758	0.00712229	0.00709371	0.00715147	0.0081641	0.00715278	0.00711925	0.008141	0.00711896	0.00712323	0.00712606	0.00708667	0.00711635	0.00709155	0.00709184	0.00709428	0.00710177	0.00402946	0.00606821
Acidothermaceae	0.00505694	0.00505326	0.00508208	0.00607607	0.00507007	0.00607736	0.00507625	0.00404834	0.00508022	0.00509061	0.00405951	0.0040619	0.00506719	0.00507619	0.00405749	0.00405688	0.00404903	0.00406785	0.00406822	0.00303509	0.00405412	0.00304732	0.00406145	0.00405047	0.00406256	0.00304149	0.00405486	0.00405055	0.00303521	0.00406719	0.00406988	0.00304016	0.00510819	0.00612307	0.00510913	0.00406814	0.00610575	0.00508497	0.00508802	0.00509004	0.00607429	0.00508311	0.00607847	0.0050656	0.00506735	0.00507269	0.00302209	0.00505684
Candidatus Nanopelagicaceae	0.00202278	0.0020213	0.00203283	0.00202536	0.00202803	0.00202579	0.0020305	0.00101208	0.00203209	0.00203625	0.00101488	0.00101548	0.00202688	0.00203048	0.00101437	0.00202844	0.00101226	0.00203393	0.00101706	0.0010117	0.00202706	0.00101577	0.00101536	0.00101262	0.00101564	0.00101383	0.00101372	0.00101264	0.00101174	0.0010168	0.00203494	0.00101339	0.00204328	0.00204102	0.00204365	0.00203407	0.00203525	0.00203399	0.00203521	0.00203602	0.00202476	0.00203324	0.00202616	0.00303936	0.00202694	0.00202908	0.00100736	0.00202274
Baekduiaceae	0.529967	0.462879	0.5387	0.555961	0.546553	0.570259	0.525899	0.477704	0.881926	0.693341	0.79262	1.38003	0.849261	1.09138	0.805413	0.727195	0.960633	1.05052	1.02011	1.23933	0.977044	1.25143	0.98084	1.34476	0.898842	0.787745	0.947824	0.976183	0.736544	1.06154	0.935055	1.56366	1.13606	1.32871	1.15466	1.16959	1.22217	1.23972	1.15803	0.953874	0.555797	0.478829	0.461964	0.42551	0.556394	0.463644	0.249826	0.386342
Conexibacteraceae	0.435908	0.384048	0.439091	0.460769	0.458334	0.489228	0.445694	0.373459	0.596417	0.463246	0.451621	0.360494	0.589821	0.63757	0.520374	0.488854	0.594196	0.564414	0.666172	0.547327	0.660822	0.639938	0.631555	0.602507	0.557587	0.523136	0.574777	0.598469	0.824565	0.526701	0.673565	0.600938	0.800964	0.987856	0.775566	0.80956	0.83547	0.71393	0.671619	0.726858	0.417101	0.340568	0.390035	0.328251	0.396266	0.350016	0.212554	0.319592
Paraconexibacteraceae	0.193175	0.15564	0.191086	0.197472	0.185565	0.208656	0.185791	0.16497	0.29262	0.201588	0.200946	0.164507	0.260454	0.279191	0.240407	0.216029	0.256101	0.248139	0.310202	0.229655	0.296964	0.274259	0.305624	0.276444	0.246801	0.245347	0.262552	0.248096	0.257993	0.23488	0.315416	0.285775	0.350422	0.382692	0.336181	0.356979	0.349045	0.314251	0.289	0.314565	0.197414	0.158593	0.170197	0.15602	0.199653	0.173486	0.0936848	0.158785
Capillimicrobiaceae	0.186095	0.166758	0.197185	0.203548	0.197733	0.205618	0.185791	0.17003	0.310909	0.223987	0.231392	0.174662	0.290857	0.309648	0.268809	0.24747	0.26015	0.260343	0.303083	0.234713	0.3071	0.273243	0.296486	0.277457	0.255941	0.239264	0.258497	0.266324	0.255969	0.236914	0.305241	0.281722	0.383114	0.430656	0.349465	0.356979	0.375504	0.352897	0.313422	0.322709	0.19134	0.154527	0.164119	0.149942	0.194586	0.163341	0.0876407	0.135523
Miltoncostaeaceae	0.0950705	0.0950013	0.104691	0.112407	0.111542	0.124586	0.0964487	0.0880513	0.0985562	0.0783954	0.0740861	0.0568666	0.101344	0.0873105	0.0852074	0.074038	0.0668091	0.0854249	0.090518	0.0647485	0.0891907	0.0690727	0.0822444	0.0739211	0.0731261	0.0638712	0.075015	0.0648088	0.0677863	0.0742262	0.0793627	0.076004	0.101142	0.128585	0.0919644	0.087465	0.10278	0.0864445	0.0783556	0.0875487	0.119461	0.106745	0.0952294	0.103338	0.112495	0.111599	0.0564124	0.087989
Thermoleophilaceae	0.0293303	0.0282983	0.0304925	0.0324057	0.0334625	0.0374771	0.032488	0.0263142	0.0386096	0.0305437	0.0294315	0.0233559	0.041551	0.0385791	0.0344887	0.0294124	0.0344168	0.0386446	0.0406822	0.0323742	0.0415548	0.0355521	0.0406145	0.0374668	0.0335161	0.0324425	0.0375075	0.033417	0.0333873	0.0335543	0.0406988	0.0374953	0.048017	0.0642923	0.0480258	0.0539029	0.0518989	0.0457647	0.038669	0.0529364	0.0293591	0.0254155	0.025327	0.0233018	0.0243233	0.026378	0.0130957	0.0242728
Iamiaceae	0.555252	0.523518	0.605783	0.60862	0.662151	0.660407	0.553311	0.515151	0.523262	0.457137	0.463799	0.508753	0.592861	0.382745	0.487914	0.546664	0.243954	0.327462	0.503443	0.369269	0.510819	0.683617	0.427468	0.334164	0.337193	0.332536	0.48557	0.390878	0.511938	0.382316	0.488386	0.325297	0.462802	0.436779	0.435298	0.561404	0.526112	0.486123	0.476239	0.46014	0.634763	0.603873	0.568337	0.61699	0.687132	0.630028	0.364666	0.56232
Ilumatobacteraceae	0.0960819	0.0939907	0.102658	0.109369	0.112556	0.111418	0.0873114	0.0819788	0.120909	0.091631	0.100473	0.113733	0.131747	0.0791886	0.110567	0.119678	0.035429	0.0498312	0.072211	0.0607017	0.0739877	0.0944671	0.0690446	0.0708832	0.0477351	0.0506914	0.0932618	0.0648088	0.0940915	0.0721926	0.0915723	0.044589	0.0950124	0.0744974	0.0888989	0.130181	0.12415	0.109835	0.102778	0.0967108	0.104275	0.0904793	0.0749678	0.0962464	0.107428	0.0984102	0.0483535	0.0900117
Candidatus Poriferisodalaceae	0.0869794	0.0879267	0.0965594	0.0992425	0.106471	0.107367	0.0842657	0.0759063	0.0853476	0.0733048	0.0700266	0.0710833	0.0912094	0.0710667	0.0730349	0.0791091	0.0394781	0.0640687	0.0610234	0.0505848	0.0638524	0.0619623	0.0599064	0.0617696	0.0467195	0.0446085	0.0587955	0.0496192	0.0556455	0.0610078	0.0651181	0.0506693	0.084796	0.0887846	0.076637	0.0884821	0.0885334	0.0864445	0.0803908	0.0763506	0.1063	0.0986123	0.0952294	0.103338	0.0942526	0.0943521	0.0564124	0.0920345
Candidatus Hopanoidivoransaceae	0.0485466	0.0475007	0.0518372	0.0556973	0.0598268	0.0587479	0.048732	0.0414955	0.047754	0.041743	0.0385654	0.0396036	0.0496585	0.0375638	0.0395606	0.0436114	0.0202452	0.0355937	0.0345799	0.0293392	0.0364871	0.0355521	0.0345223	0.0334164	0.0243754	0.0243319	0.0334526	0.0283539	0.0323756	0.0335543	0.0356114	0.0283748	0.0459737	0.0500051	0.0418949	0.0478007	0.0468108	0.0477987	0.043757	0.0427564	0.0617553	0.0569308	0.0577455	0.0607872	0.0557408	0.0557996	0.033243	0.0525911
Salinilacustritrichaceae	0.0434897	0.0414367	0.0477715	0.0496213	0.0537427	0.0526705	0.0416252	0.036435	0.0416578	0.0356343	0.033491	0.0355417	0.0466182	0.0324876	0.0375318	0.0405688	0.0172084	0.027458	0.0325458	0.0273158	0.0334465	0.0335206	0.0314762	0.0293659	0.0223441	0.0212904	0.0304115	0.0263286	0.0313638	0.0294871	0.0335765	0.0243213	0.0418872	0.041841	0.0378076	0.0467836	0.0427403	0.0437307	0.0407042	0.0397023	0.0526438	0.0508311	0.0486278	0.0516691	0.0486465	0.0486978	0.0271988	0.049557
Acidimicrobiaceae	0.00606833	0.00606391	0.00609849	0.00607607	0.0070981	0.00709026	0.00507625	0.00506042	0.00609626	0.00509061	0.00405951	0.0040619	0.00608063	0.00507619	0.00507187	0.00405688	0.00303678	0.00406785	0.00406822	0.00303509	0.00405412	0.0040631	0.00406145	0.00405047	0.00304692	0.00304149	0.00304115	0.00303791	0.00303521	0.00406719	0.00406988	0.00405355	0.00612983	0.00714359	0.00510913	0.00508518	0.00508813	0.00508497	0.00508802	0.00509004	0.00708667	0.00609973	0.00709155	0.00709184	0.00608081	0.00608723	0.00402946	0.00606821
Candidatus Spongiisociaceae	0.00505694	0.00404261	0.00508208	0.00506339	0.00608408	0.00506447	0.004061	0.00404834	0.00406417	0.00407249	0.00304463	0.0040619	0.00506719	0.00406095	0.00304312	0.00405688	0.00303678	0.00406785	0.00406822	0.00303509	0.00304059	0.00304732	0.00406145	0.00303785	0.00304692	0.00202766	0.00304115	0.00303791	0.00303521	0.00305039	0.00305241	0.00304016	0.00510819	0.00510256	0.00510913	0.00406814	0.00508813	0.00508497	0.00407042	0.00407203	0.00506191	0.00508311	0.00506539	0.0050656	0.00405388	0.00405815	0.00302209	0.00404547
Eggerthellaceae	0.0536036	0.0576072	0.0609849	0.0637988	0.0618548	0.0658381	0.0507625	0.0465559	0.0548663	0.0458155	0.0426249	0.0385881	0.0537122	0.0517772	0.0436181	0.0476683	0.03138	0.0467803	0.0488187	0.0354093	0.0466224	0.040631	0.0426452	0.0445552	0.0385944	0.0324425	0.0415623	0.033417	0.0354108	0.0427055	0.0457861	0.044589	0.059255	0.0663333	0.0572223	0.0600051	0.0610575	0.0559347	0.0529154	0.0570085	0.0658048	0.0599807	0.0617978	0.0628134	0.0537139	0.0486978	0.033243	0.0525911
Atopobiaceae	0.0323644	0.0313302	0.0345581	0.0364564	0.0375185	0.03849	0.0294422	0.0263142	0.0314973	0.0254531	0.0233422	0.0223405	0.0314166	0.0274114	0.0284025	0.0263697	0.0172084	0.026441	0.0254264	0.0212456	0.0273653	0.0233628	0.0243687	0.0243028	0.0213285	0.0182489	0.0223017	0.0192401	0.019223	0.0233863	0.0264542	0.0222945	0.0347357	0.0387795	0.0337203	0.0325451	0.032564	0.0325438	0.0295105	0.0315583	0.0354333	0.0325319	0.0344447	0.0364723	0.032431	0.0284071	0.0191399	0.030341
Coriobacteriaceae	0.013148	0.0141491	0.0152462	0.0151902	0.0162242	0.0162063	0.0131982	0.0111329	0.0132086	0.0111993	0.0101488	0.00913928	0.0141881	0.0121829	0.0101437	0.0111564	0.00809807	0.0111866	0.0101706	0.00809356	0.0111488	0.0101577	0.0101536	0.0101262	0.00914077	0.0070968	0.00912344	0.0081011	0.00809389	0.010168	0.0111922	0.00912048	0.0143029	0.0163282	0.0132837	0.0142385	0.0142468	0.0132209	0.0122113	0.0142521	0.0151857	0.0152493	0.0141831	0.0162099	0.0121616	0.0111599	0.00805891	0.0131478
Kribbibacteriaceae	0.00101139	0.00101065	0.00101642	0.00101268	0.00101401	0.00101289	0.00101525	0	0.00101604	0	0	0	0.00101344	0.00101524	0	0	0	0.00101696	0	0	0.00101353	0	0.00101536	0	0	0	0	0	0	0.0010168	0	0	0	0.00102051	0.00102183	0.00101704	0.00101763	0	0.0010176	0.00101801	0.00101238	0.00101662	0.00101308	0.00101312	0.00101347	0	0.00100736	0.00101137
Rubrobacteraceae	0.0465239	0.04649	0.0518372	0.0546847	0.0547567	0.0587479	0.0497472	0.0414955	0.047754	0.041743	0.0395802	0.0365571	0.0516853	0.0497467	0.0426037	0.0425972	0.0344168	0.0457633	0.0437334	0.0354093	0.0445953	0.040631	0.0416299	0.0425299	0.0385944	0.0334563	0.0395349	0.0344297	0.034399	0.0406719	0.0447687	0.0415489	0.0572117	0.0673538	0.0510913	0.0508518	0.056987	0.0508497	0.0468098	0.0509004	0.0496067	0.0447314	0.0455885	0.0455904	0.0425657	0.039567	0.0251841	0.0394433
Euzebyaceae	0.013148	0.0121278	0.0142298	0.0141775	0.0152102	0.0151934	0.0131982	0.0111329	0.0132086	0.0122175	0.0111637	0.0101548	0.0131747	0.0121829	0.0121725	0.0111564	0.00911033	0.0111866	0.0122047	0.010117	0.0121624	0.0111735	0.011169	0.0111388	0.0101564	0.00912446	0.0101372	0.0101264	0.0101174	0.0111848	0.0122096	0.0101339	0.0132813	0.0142872	0.0132837	0.0142385	0.0142468	0.0142379	0.0132289	0.0132341	0.0151857	0.0132161	0.0151962	0.0151968	0.0131751	0.013189	0.00805891	0.0121364
Egibacteraceae	0.013148	0.0131385	0.0152462	0.0162029	0.0162242	0.0162063	0.0131982	0.012145	0.0132086	0.0111993	0.0101488	0.0101548	0.0131747	0.0121829	0.0101437	0.0121706	0.00809807	0.0111866	0.0101706	0.00910526	0.0111488	0.0101577	0.0101536	0.0101262	0.00914077	0.00811063	0.00912344	0.00911374	0.00910563	0.0111848	0.0101747	0.0101339	0.0143029	0.0163282	0.0122619	0.0132215	0.0142468	0.0132209	0.0122113	0.0132341	0.0161981	0.0132161	0.01317	0.0141837	0.0131751	0.013189	0.00805891	0.0121364
Egicoccaceae	0.0141594	0.0131385	0.0142298	0.0162029	0.0152102	0.0162063	0.0131982	0.012145	0.0132086	0.0111993	0.0101488	0.0101548	0.0141881	0.0121829	0.0121725	0.0111564	0.00911033	0.0111866	0.0122047	0.010117	0.0111488	0.0101577	0.011169	0.0111388	0.00914077	0.00912446	0.0111509	0.0101264	0.0111291	0.0111848	0.0111922	0.0111473	0.0143029	0.0153077	0.0132837	0.0142385	0.0152644	0.0152549	0.0142465	0.0142521	0.0151857	0.0142327	0.01317	0.0141837	0.0131751	0.013189	0.00805891	0.0131478
Bacillaceae	0.905192	3.14212	1.24409	0.791915	1.58896	1.49402	1.25079	2.15878	0.531391	0.33598	0.427264	0.460011	0.442872	0.392897	0.64717	0.383375	0.344168	0.415938	0.330543	0.236737	0.298992	0.377868	0.23861	0.25923	0.313833	0.212904	0.235182	0.22278	0.164913	0.330459	0.284892	0.299963	0.537382	0.702112	0.761261	0.960081	0.945374	1.13497	0.812048	0.657634	1.22599	1.53307	1.56622	0.668659	2.66846	2.34561	0.378769	1.15195
Paenibacillaceae	0.228574	0.260748	0.241907	0.243043	0.268714	0.257275	0.241629	0.236828	0.221497	0.194461	0.200946	0.231528	0.198634	0.206093	0.226205	0.193716	0.136655	0.190172	0.171882	0.132532	0.156084	0.164556	0.160427	0.159994	0.153362	0.122673	0.148002	0.124554	0.134561	0.165738	0.163813	0.161129	0.204328	0.250026	0.216627	0.207475	0.20149	0.234926	0.211662	0.223962	0.247021	0.276521	0.234021	0.235044	0.230057	0.313492	0.119876	0.215421
Caryophanaceae	0.130469	0.270855	0.131118	0.100255	0.193677	0.135728	0.130967	0.271239	0.362727	0.0570149	0.0578481	0.0802226	0.0638466	0.0994934	0.0902793	0.109536	0.298616	0.0640687	0.109842	0.0505848	0.0233112	0.56985	0.036553	0.0232902	0.0294536	0.206821	0.0202743	0.0718973	0.0789154	0.0315207	0.0986946	0.049656	0.0878609	0.132667	0.12875	0.105772	0.113974	0.120005	0.128218	0.106891	0.126548	0.104712	0.134739	0.155007	0.261475	0.517415	0.0342504	0.186092
Bacillales Family X. Incertae Sedis	0.00404555	0.00404261	0.00406566	0.00405071	0.00507007	0.00405158	0.00304575	0.00303625	0.00406417	0.00305437	0.00304463	0.00304643	0.00405375	0.00304572	0.00304312	0.00304266	0.00202452	0.00305089	0.00305117	0.00202339	0.00304059	0.00304732	0.00304609	0.00303785	0.00203128	0.00202766	0.00202743	0.00202528	0.00202347	0.00305039	0.00305241	0.00304016	0.00408655	0.00408205	0.00306548	0.00406814	0.0040705	0.00406798	0.00305281	0.00305403	0.00404953	0.00406649	0.00405232	0.00405248	0.00304041	0.00405815	0.00201473	0.00404547
Alicyclobacillaceae	0.0192164	0.0192024	0.0213447	0.0232916	0.0223083	0.0232966	0.0172592	0.0161933	0.024385	0.0213806	0.0152232	0.0142167	0.0172284	0.0162438	0.0253593	0.0141991	0.00911033	0.0162714	0.0142388	0.0111286	0.015203	0.0121893	0.0142151	0.0141766	0.0121877	0.0101383	0.0121646	0.0101264	0.0101174	0.0193192	0.0142446	0.0141874	0.0265626	0.0214308	0.017371	0.0233918	0.016282	0.0172889	0.0172993	0.0173061	0.0222724	0.0203324	0.0212747	0.0212755	0.0253367	0.0284071	0.011081	0.0171933
Anoxybacillaceae	0.0161822	0.0454794	0.0172791	0.0172155	0.0243363	0.0202579	0.0182745	0.0192296	0.0335294	0.0203625	0.0385654	0.0162476	0.0243225	0.0233505	0.0750637	0.0121706	0.0101226	0.0233901	0.0213582	0.010117	0.0182436	0.0132051	0.0192919	0.0162019	0.0172659	0.0131798	0.014192	0.0101264	0.0111291	0.0223695	0.0193319	0.018241	0.011238	0.0142872	0.0194147	0.0111874	0.0213701	0.0223739	0.0193345	0.0193422	0.0273343	0.0264322	0.0243139	0.0233018	0.0222963	0.0213053	0.0120884	0.0252842
Staphylococcaceae	0.0273075	0.0555859	0.0376074	0.031393	0.0517147	0.03849	0.0416252	0.0425075	0.0203209	0.0183262	0.0243571	0.0223405	0.0152016	0.0223353	0.0253593	0.0344835	0.0202452	0.0183053	0.01729	0.0182105	0.0202706	0.0264101	0.011169	0.013164	0.0182815	0.0182489	0.0324389	0.0151896	0.0202347	0.0142352	0.0111922	0.0152008	0.0214544	0.0295949	0.0265675	0.029494	0.0295111	0.0284758	0.0264577	0.0285042	0.0516315	0.0345651	0.0496409	0.017223	0.0577677	0.0466688	0.011081	0.0445002
Thermoactinomycetaceae	0.00606833	0.00606391	0.00609849	0.00607607	0.00608408	0.00709026	0.00507625	0.00708459	0.00508022	0.00407249	0.00608927	0.00507738	0.0192553	0.00507619	0.00811499	0.0050711	0.00404903	0.00610178	0.00610234	0.00404678	0.00405412	0.00507887	0.00507681	0.00405047	0.011172	0.00506914	0.00506858	0.00405055	0.00303521	0.00711758	0.00508735	0.00506693	0.00408655	0.00510256	0.0040873	0.00406814	0.0040705	0.00406798	0.00407042	0.00407203	0.00607429	0.00508311	0.00607847	0.00607872	0.00608081	0.00507269	0.00302209	0.00505684
Listeriaceae	0.00404555	0.00909587	0.00406566	0.00303804	0.00608408	0.00405158	0.004061	0.0101208	0.00203209	0.00203625	0.00202976	0.00304643	0.00506719	0.00203048	0.00202875	0.00202844	0.00202452	0.00406785	0.00203411	0.00202339	0.00202706	0.00203155	0.00203072	0.00202523	0.00203128	0.00405531	0.00202743	0.00607583	0.00101174	0.00203359	0.00203494	0.00405355	0.00715147	0.00306154	0.00613096	0.00305111	0.0040705	0.00406798	0.00305281	0.00305403	0.00911143	0.00406649	0.00405232	0.0050656	0.00810775	0.00811631	0.00201473	0.00505684
Fictibacillaceae	0.00303416	0.00707457	0.00304925	0.00303804	0.00405605	0.00405158	0.00304575	0.00506042	0.00406417	0.00203625	0.00304463	0.00203095	0.00202688	0.00203048	0.00405749	0.00202844	0.00101226	0.00203393	0.00101706	0.0010117	0.00101353	0.00203155	0.00101536	0.00101262	0.00101564	0.00101383	0.00101372	0.00101264	0.00101174	0.0010168	0.00101747	0.00101339	0.00204328	0.00204102	0.00204365	0.00203407	0.00305288	0.00305098	0.00203521	0.00203602	0.00303714	0.00406649	0.00405232	0.00202624	0.00709428	0.00608723	0.00100736	0.00404547
Sporolactobacillaceae	0.00101139	0.0020213	0.00101642	0.00101268	0.00101401	0.00101289	0.00101525	0.00202417	0.00101604	0.00101812	0.00101488	0.00101548	0.00101344	0.00101524	0.00101437	0.00101422	0.00101226	0.00203393	0.00101706	0.0010117	0.00101353	0.00101577	0.00101536	0.00101262	0.00101564	0.00101383	0.00101372	0.00101264	0.00101174	0.0010168	0.00101747	0.00101339	0.00102164	0.00102051	0.00102183	0.00101704	0.00101763	0.00101699	0.0010176	0.00101801	0.00101238	0.00101662	0.00101308	0.00101312	0.00202694	0.00101454	0.00100736	0.00101137
Guptibacillaceae	0.00101139	0.00404261	0.00101642	0.00101268	0.00202803	0.00202579	0.0020305	0.00202417	0.00101604	0	0.00101488	0.00101548	0	0	0.00101437	0.00101422	0	0	0	0	0.00101353	0.00101577	0	0	0	0	0	0	0	0	0.00101747	0	0.00102164	0.00102051	0.00102183	0.00101704	0.00101763	0.00101699	0.0010176	0.00101801	0.00202476	0.00203324	0.00101308	0.00101312	0.00304041	0.00304362	0.00100736	0.00202274
Gemellaceae	0.00101139	0.00101065	0.00101642	0	0.00101401	0.00101289	0.00101525	0.00101208	0	0	0	0	0	0	0	0	0	0	0	0	0	0	0	0	0	0	0	0	0	0	0	0	0	0.00102051	0	0.00101704	0	0.00101699	0	0.00101801	0	0.00101662	0.00101308	0	0.00101347	0.00101454	0	0
Abyssicoccaceae	0	0	0	0	0	0	0	0	0	0	0	0	0	0	0	0	0	0	0	0	0	0	0	0	0	0	0	0	0	0	0	0	0	0	0	0	0	0	0	0	0	0	0	0	0	0	0	0
Enterococcaceae	0.0556264	0.0353728	0.024394	0.0172155	0.0354905	0.0202579	0.024366	0.0263142	0.0172727	0.0152718	0.0192827	0.0152321	0.016215	0.0162438	0.0152156	0.0202844	0.0111348	0.0142375	0.018307	0.013152	0.0121624	0.0152366	0.00913826	0.0141766	0.0152346	0.00608297	0.0131783	0.0081011	0.0111291	0.0142352	0.0122096	0.0121606	0.022476	0.0193897	0.0183929	0.0254259	0.0213701	0.0223739	0.0203521	0.0213782	0.0273343	0.0264322	0.0233008	0.017223	0.0304041	0.026378	0.011081	0.0202274
Lactobacillaceae	0.0303416	0.0343622	0.0325253	0.0303804	0.0365045	0.0324126	0.0294422	0.0313746	0.0314973	0.0244349	0.025372	0.0253869	0.0243225	0.025381	0.0253593	0.023327	0.0172084	0.026441	0.0294946	0.0192222	0.0253383	0.0233628	0.0203072	0.0222776	0.0223441	0.0172351	0.021288	0.0172148	0.0171995	0.0254199	0.0244193	0.0212811	0.0306491	0.0336769	0.0306548	0.02746	0.0305288	0.0294928	0.0305281	0.0305403	0.0313838	0.0345651	0.0344447	0.0303936	0.0293906	0.0294216	0.0181325	0.030341
Streptococcaceae	0.0151708	0.0222344	0.0213447	0.0131648	0.0263644	0.0202579	0.0192897	0.0273263	0.0152406	0.0142537	0.0142083	0.0162476	0.0131747	0.0131981	0.0131869	0.0131849	0.00809807	0.0162714	0.0122047	0.010117	0.0101353	0.0152366	0.00913826	0.0101262	0.011172	0.0101383	0.0121646	0.00708846	0.00809389	0.0162688	0.0101747	0.00912048	0.0163462	0.0193897	0.0183929	0.0193237	0.0152644	0.0162719	0.0193345	0.0173061	0.0172105	0.0193158	0.0182354	0.0141837	0.0202694	0.0223198	0.011081	0.0171933
Carnobacteriaceae	0.00809111	0.0101065	0.00813132	0.00607607	0.0111542	0.00810315	0.00913724	0.0101208	0.00406417	0.00305437	0.00304463	0.0040619	0.00304031	0.00304572	0.00304312	0.00304266	0.00202452	0.00305089	0.00305117	0.00202339	0.00202706	0.00203155	0.00203072	0.00202523	0.0050782	0.00202766	0.00202743	0.00202528	0.00202347	0.00203359	0.00305241	0.00202677	0.00408655	0.00408205	0.00510913	0.00406814	0.0040705	0.00508497	0.00407042	0.00509004	0.00708667	0.0121995	0.00911771	0.0141837	0.0131751	0.0121745	0.00604418	0.00707957
Aerococcaceae	0.00303416	0.00404261	0.00304925	0.00303804	0.00405605	0.00202579	0.00304575	0.00404834	0.00203209	0.00203625	0.00202976	0.00203095	0.00202688	0.00203048	0.00202875	0.00202844	0.00101226	0.00203393	0.00203411	0.00202339	0.00202706	0.00203155	0.00101536	0.00202523	0.00203128	0.00101383	0.00101372	0.00101264	0.00101174	0.00203359	0.00203494	0.00202677	0.00204328	0.00204102	0.00306548	0.00305111	0.00305288	0.00203399	0.00305281	0.00305403	0.00303714	0.00304987	0.00303924	0.00202624	0.00304041	0.00304362	0.00100736	0.00202274
Clostridiaceae	0.0465239	0.0505326	0.100625	0.0415198	0.0659109	0.0597608	0.0507625	0.0516163	0.022353	0.0193443	0.0243571	0.0233559	0.0182419	0.0172591	0.0192731	0.0202844	0.0131594	0.0172884	0.0162729	0.013152	0.0121624	0.0162524	0.0152304	0.013164	0.0172659	0.0101383	0.014192	0.0131643	0.0101174	0.015252	0.0142446	0.013174	0.0234977	0.0500051	0.0378076	0.0315281	0.040705	0.0244079	0.0244225	0.0285042	0.0546686	0.0579474	0.137779	0.0658528	0.064862	0.0476833	0.033243	0.0465229
Oscillospiraceae	0.0445011	0.0424474	0.0477715	0.0486086	0.0527287	0.0506447	0.0416252	0.0384592	0.0416578	0.0397068	0.0385654	0.0456964	0.0425644	0.0395943	0.0385462	0.0344835	0.0242942	0.0396616	0.0386481	0.0293392	0.0354736	0.0355521	0.0345223	0.0364542	0.0314849	0.0263595	0.0304115	0.0263286	0.0283286	0.0376215	0.0335765	0.0344552	0.048017	0.0510256	0.0459822	0.0478007	0.0447755	0.0457647	0.0447746	0.0468284	0.0496067	0.0508311	0.0486278	0.0466035	0.0385118	0.0415961	0.0261915	0.0455115
Clostridiales Family XVII. Incertae Sedis	0.0151708	0.0171811	0.0182955	0.0182282	0.0192663	0.0202579	0.016244	0.0151813	0.0172727	0.0142537	0.0142083	0.0132012	0.0172284	0.0172591	0.0152156	0.0141991	0.0111348	0.0172884	0.01729	0.013152	0.0162165	0.0142208	0.0152304	0.0141766	0.0162503	0.0131798	0.0152057	0.0121517	0.0121408	0.0193192	0.0162795	0.0152008	0.0183895	0.0224513	0.017371	0.0162726	0.0183173	0.0162719	0.0162817	0.0162881	0.0182229	0.0162659	0.0182354	0.017223	0.015202	0.0152181	0.0100736	0.0151705
Clostridiales Family XVI. Incertae Sedis	0	0.00101065	0.00101642	0.00101268	0.00101401	0	0.00101525	0.00101208	0.00101604	0	0	0	0.00101344	0.00101524	0.00101437	0.00101422	0.00101226	0.00101696	0.00101706	0	0.00101353	0	0	0.00101262	0.00101564	0	0	0	0	0.0010168	0	0	0.00102164	0.00102051	0	0.00101704	0.00101763	0	0	0.00101801	0	0.00101662	0	0.00101312	0	0.00101454	0.00100736	0
Eubacteriales Family XII. Incertae Sedis	0.00101139	0	0.00101642	0	0.00101401	0.00101289	0.00101525	0.00101208	0	0	0.00101488	0.00101548	0	0	0	0	0	0	0	0	0	0	0	0	0	0	0	0	0	0	0	0	0	0.00102051	0	0.00101704	0	0.00101699	0.0010176	0	0.00101238	0	0.00101308	0	0	0	0	0.00101137
Symbiobacteriaceae	0.0111253	0.0121278	0.0132134	0.0141775	0.0131822	0.0151934	0.0111677	0.0101208	0.0132086	0.0101812	0.0101488	0.00913928	0.0131747	0.0111676	0.0111581	0.0101422	0.00708581	0.0111866	0.0101706	0.00809356	0.0111488	0.00914197	0.00913826	0.0101262	0.00914077	0.0070968	0.00810972	0.0081011	0.00708215	0.010168	0.0101747	0.0101339	0.0122597	0.0142872	0.0112401	0.0111874	0.0132291	0.0122039	0.0111937	0.0122161	0.0141733	0.0121995	0.01317	0.0131706	0.0111482	0.0121745	0.00705155	0.0121364
Desulfitobacteriaceae	0.00505694	0.00505326	0.00406566	0.00405071	0.00608408	0.00607736	0.00507625	0.00506042	0.00406417	0.00305437	0.00405951	0.0040619	0.00304031	0.00304572	0.00304312	0.00304266	0.00202452	0.00305089	0.00305117	0.00202339	0.00304059	0.00304732	0.00304609	0.00303785	0.00304692	0.00202766	0.00304115	0.00202528	0.00202347	0.00305039	0.00305241	0.00304016	0.00306491	0.00408205	0.0040873	0.00406814	0.0040705	0.00406798	0.00407042	0.00305403	0.00607429	0.00609973	0.0111439	0.00709184	0.00608081	0.00405815	0.00302209	0.00606821
Peptococcaceae	0.00404555	0.00404261	0.00406566	0.00506339	0.00507007	0.00506447	0.004061	0.00303625	0.00304813	0.00305437	0.00304463	0.0040619	0.00304031	0.00406095	0.00304312	0.00304266	0.00202452	0.00406785	0.00305117	0.00202339	0.00304059	0.00304732	0.00304609	0.00303785	0.00304692	0.00202766	0.00304115	0.00202528	0.00202347	0.00305039	0.00305241	0.00304016	0.00408655	0.00408205	0.0040873	0.00305111	0.0040705	0.00406798	0.00407042	0.00305403	0.00506191	0.00508311	0.00506539	0.0050656	0.00304041	0.00405815	0.00201473	0.00404547
Eubacteriaceae	0.00404555	0.00505326	0.00508208	0.00506339	0.00608408	0.00506447	0.004061	0.00506042	0.00406417	0.00407249	0.00405951	0.00507738	0.00405375	0.00406095	0.00405749	0.00304266	0.00202452	0.00406785	0.00406822	0.00303509	0.00304059	0.00304732	0.00304609	0.00303785	0.00304692	0.00304149	0.00304115	0.00303791	0.00202347	0.00305039	0.00305241	0.00304016	0.00510819	0.00510256	0.0040873	0.00508518	0.0040705	0.00406798	0.00407042	0.00509004	0.00506191	0.00609973	0.00607847	0.0050656	0.00405388	0.00405815	0.00302209	0.00505684
Butyricicoccaceae	0.00404555	0.00404261	0.00508208	0.00506339	0.00507007	0.00506447	0.004061	0.00404834	0.00406417	0.00407249	0.00405951	0.0040619	0.00405375	0.00406095	0.00405749	0.00405688	0.00202452	0.00406785	0.00406822	0.00303509	0.00405412	0.00304732	0.00304609	0.00405047	0.00406256	0.00202766	0.00304115	0.00303791	0.00303521	0.00406719	0.00406988	0.00405355	0.00510819	0.00510256	0.00510913	0.00508518	0.00508813	0.00508497	0.00407042	0.00509004	0.00506191	0.00508311	0.00506539	0.0050656	0.00405388	0.00405815	0.00302209	0.00404547
Acutalibacteraceae	0.00303416	0.00404261	0.00406566	0.00405071	0.00405605	0.00506447	0.00304575	0.00303625	0.00406417	0.00305437	0.00304463	0.0040619	0.00304031	0.00304572	0.00304312	0.00304266	0.00202452	0.00305089	0.00406822	0.00303509	0.00304059	0.00304732	0.00304609	0.00303785	0.00203128	0.00202766	0.00304115	0.00303791	0.00202347	0.00305039	0.00305241	0.00304016	0.00408655	0.00408205	0.0040873	0.00305111	0.00305288	0.00406798	0.00407042	0.00305403	0.00404953	0.00406649	0.00405232	0.00405248	0.00304041	0.00304362	0.00201473	0.00404547
Heliobacteriaceae	0.00202278	0.0020213	0.00203283	0.00202536	0.00202803	0.00202579	0.00101525	0.00202417	0.00203209	0.00101812	0.00202976	0.00101548	0.00202688	0.00101524	0.00101437	0.00101422	0.00101226	0.00203393	0.00101706	0.0010117	0.00202706	0.00101577	0.00101536	0.00101262	0.00101564	0.00101383	0.00101372	0.00101264	0.00101174	0.00203359	0.00101747	0.00101339	0.00204328	0.00204102	0.00204365	0.00203407	0.00203525	0.00203399	0.0010176	0.00203602	0.00202476	0.00203324	0.00202616	0.00202624	0.00202694	0.00101454	0.00100736	0.00202274
Aristaeellaceae	0.00101139	0.00101065	0.00101642	0.00101268	0.00101401	0.00202579	0.00101525	0.00101208	0.00101604	0.00101812	0.00101488	0.00203095	0.00101344	0.00101524	0.00101437	0.00101422	0.00101226	0.00101696	0.00101706	0.0010117	0.00101353	0.00101577	0.00101536	0.00101262	0.00101564	0.00101383	0.00101372	0.00101264	0.00101174	0.0010168	0.00101747	0.00101339	0.00204328	0.00102051	0.00102183	0.00101704	0.00101763	0.00101699	0.0010176	0.00101801	0.00101238	0.00101662	0.00101308	0.00101312	0.00101347	0.00101454	0.00100736	0.00101137
Syntrophomonadaceae	0.00101139	0.00101065	0.00101642	0.00101268	0.00101401	0.00101289	0.00101525	0.00101208	0.00101604	0.00101812	0	0.00101548	0.00101344	0	0.00101437	0	0	0.00101696	0.00101706	0	0.00101353	0	0	0	0	0	0	0	0	0	0.00101747	0	0.00102164	0.00102051	0	0.00101704	0.00101763	0.00101699	0.0010176	0.00101801	0.00101238	0.00101662	0.00101308	0.00101312	0.00101347	0.00101454	0	0.00101137
Desulfallaceae	0.00101139	0.00101065	0.00101642	0.00101268	0.00101401	0.00101289	0.00101525	0.00101208	0.00101604	0.00101812	0.00101488	0.00101548	0.00101344	0.00101524	0.00101437	0.00101422	0	0.00101696	0.00101706	0	0.00101353	0.00101577	0.00101536	0.00101262	0	0.00101383	0	0	0	0	0.00101747	0	0.00102164	0.00102051	0.00102183	0.00101704	0.00101763	0.00101699	0.0010176	0.00101801	0.00101238	0.00101662	0.00101308	0.00101312	0.00101347	0.00101454	0	0.00101137
Proteinivoracaceae	0	0.00101065	0	0	0	0	0	0	0	0	0	0	0	0	0	0	0	0	0	0	0	0	0	0	0	0	0	0	0	0	0	0	0	0	0	0	0	0	0	0	0	0	0	0	0	0	0	0
Thermincolaceae	0	0	0	0	0	0	0	0	0	0	0	0	0	0	0	0	0	0	0	0	0	0	0	0	0	0	0	0	0	0	0	0	0	0	0	0	0	0	0	0	0	0.00101662	0	0	0	0	0	0
Desulfotomaculaceae	0	0	0	0	0	0	0	0	0	0	0	0	0	0	0	0	0	0	0	0	0	0	0	0	0	0	0	0	0	0	0	0	0	0	0	0	0	0	0	0	0	0	0	0	0	0	0	0
Peptostreptococcaceae	0.0323644	0.049522	0.0508208	0.0344311	0.0679389	0.0506447	0.0639607	0.0495921	0.0101604	0.00407249	0.00405951	0.00913928	0.0101344	0.00406095	0.00405749	0.00608532	0.00202452	0.00406785	0.00406822	0.00303509	0.00202706	0.00304732	0.00203072	0.00202523	0.00406256	0.00202766	0.00304115	0.00303791	0.00202347	0.00305039	0.00305241	0.00202677	0.0153246	0.0153077	0.076637	0.0355962	0.0295111	0.0172889	0.0345986	0.0285042	0.0253095	0.0498145	0.0303924	0.0577478	0.0760102	0.0629014	0.0413019	0.0252842
Anaerovoracaceae	0.00202278	0.0020213	0.00203283	0.00202536	0.00202803	0.00202579	0.0020305	0.00202417	0.00203209	0.00203625	0.00202976	0.00203095	0.00202688	0.00101524	0.00202875	0.00101422	0.00101226	0.00203393	0.00101706	0.0010117	0.00202706	0.00101577	0.00101536	0.00101262	0.00101564	0.00101383	0.00101372	0.00101264	0.00101174	0.0010168	0.00101747	0.00101339	0.00204328	0.00204102	0.00204365	0.00101704	0.00203525	0.00203399	0.00203521	0.00203602	0.00202476	0.00304987	0.00202616	0.00202624	0.00202694	0.00202908	0.00100736	0.00202274
Natronincolaceae	0.00101139	0.00101065	0.00101642	0.00101268	0.00101401	0.00101289	0.00101525	0.00101208	0.00101604	0	0	0.00101548	0	0	0	0	0	0	0	0	0	0	0	0	0	0	0	0	0	0	0	0	0.00102164	0.00102051	0.00204365	0.00101704	0.00101763	0.00101699	0.0010176	0.00101801	0.00101238	0.00101662	0.00101308	0.00101312	0.00101347	0.00101454	0	0.00101137
Peptoclostridiaceae	0	0	0	0	0	0	0	0	0	0	0	0	0	0	0	0	0	0	0	0	0	0	0	0	0	0	0	0	0	0	0	0	0	0	0	0	0	0	0	0	0	0	0	0	0	0	0	0
Thermotaleaceae	0	0	0	0	0	0	0	0	0	0	0	0	0	0	0	0	0	0	0	0	0	0	0	0	0	0	0	0	0	0	0	0	0	0	0	0	0	0	0	0	0	0	0	0	0	0	0	0
Filifactoraceae	0	0	0	0	0.00101401	0	0	0.00101208	0	0	0	0	0	0	0	0	0	0	0	0	0	0	0	0	0	0	0	0	0	0	0	0	0	0	0	0	0	0	0	0	0	0.00101662	0	0	0	0	0	0
Caminicellaceae	0	0	0	0	0	0	0	0	0	0	0	0	0	0	0	0	0	0	0	0	0	0	0	0	0	0	0	0	0	0	0	0	0	0	0	0	0	0	0	0	0	0	0	0	0	0	0	0
Lachnospiraceae	0.0303416	0.0343622	0.0345581	0.031393	0.0415746	0.03849	0.0335032	0.0313746	0.0254011	0.0234168	0.0233422	0.0365571	0.0243225	0.0274114	0.0233306	0.0223128	0.0161961	0.0254241	0.0223752	0.0161871	0.0202706	0.0192997	0.0192919	0.0192397	0.0182815	0.0152074	0.0182469	0.0151896	0.0161878	0.0223695	0.0223843	0.0202677	0.0296275	0.0316359	0.0326984	0.029494	0.0284935	0.0294928	0.0284929	0.0315583	0.0323962	0.0355818	0.0395101	0.0354592	0.0334445	0.0314507	0.0181325	0.030341
Cellulosilyticaceae	0.00101139	0.00101065	0.00101642	0.00101268	0.00202803	0.00101289	0.00101525	0.00101208	0	0	0	0	0	0	0	0	0	0	0	0	0	0	0	0	0	0	0	0	0	0	0	0	0	0	0.00102183	0	0.00101763	0	0	0	0	0.00101662	0.00101308	0.00101312	0.00202694	0.00202908	0	0.00101137
Vallitaleaceae	0.00101139	0.00101065	0	0	0.00101401	0.00101289	0.00101525	0.00101208	0	0	0	0.00101548	0	0	0	0	0	0	0	0	0	0	0	0	0	0	0	0	0	0	0	0	0	0	0.00102183	0.00101704	0	0	0	0	0.00101238	0	0.00101308	0.00101312	0.00101347	0.00101454	0	0
Defluviitaleaceae	0	0	0	0	0	0	0	0	0	0	0	0	0	0	0	0	0	0	0	0	0	0	0	0	0	0	0	0	0	0	0	0	0	0	0	0	0	0	0	0	0	0	0	0	0	0	0	0
Anaerotignaceae	0	0	0	0	0	0	0	0	0	0	0	0.00101548	0	0	0	0	0	0	0	0	0	0	0	0	0	0	0	0	0	0	0	0	0	0	0	0	0	0	0	0	0	0	0	0	0	0	0	0
Thermoanaerobacteraceae	0.00505694	0.00606391	0.00609849	0.00607607	0.00608408	0.00607736	0.00507625	0.00506042	0.00609626	0.00407249	0.00507439	0.00507738	0.00506719	0.00507619	0.00507187	0.00405688	0.00303678	0.00508481	0.00508528	0.00404678	0.00405412	0.0040631	0.00406145	0.00405047	0.00406256	0.00304149	0.00304115	0.00303791	0.00303521	0.00508399	0.00406988	0.00405355	0.00510819	0.00612307	0.00613096	0.00508518	0.00508813	0.00508497	0.00508802	0.00509004	0.00607429	0.00609973	0.00607847	0.00607872	0.00506735	0.00608723	0.00302209	0.00606821
Candidatus Desulforudaceae	0.00202278	0.00303196	0.00304925	0.00303804	0.00304204	0.00303868	0.00304575	0.00202417	0.00304813	0.00203625	0.00202976	0.00203095	0.00304031	0.00203048	0.00202875	0.00202844	0.00202452	0.00305089	0.00305117	0.00202339	0.00202706	0.00203155	0.00203072	0.00202523	0.00203128	0.00101383	0.00202743	0.00202528	0.00202347	0.00203359	0.00203494	0.00202677	0.00306491	0.00306154	0.00204365	0.00305111	0.00305288	0.00305098	0.00203521	0.00305403	0.00303714	0.00304987	0.00303924	0.00303936	0.00304041	0.00202908	0.00201473	0.0030341
Thermoanaerobacterales Family IV. Incertae Sedis	0	0	0.00101642	0	0.00101401	0.00101289	0	0	0.00101604	0	0	0	0	0	0	0	0	0	0	0	0	0	0	0	0	0	0	0	0	0	0.00101747	0	0	0.00102051	0.00102183	0.00101704	0	0	0	0	0	0	0	0	0	0	0	0
Neomoorellaceae	0.00404555	0.00404261	0.00508208	0.00506339	0.00507007	0.00506447	0.004061	0.00303625	0.00406417	0.00407249	0.00405951	0.00304643	0.00405375	0.00406095	0.00304312	0.00405688	0.00202452	0.00406785	0.00305117	0.00303509	0.00304059	0.00304732	0.00406145	0.00303785	0.00304692	0.00202766	0.00304115	0.00202528	0.00202347	0.00305039	0.00406988	0.00304016	0.00408655	0.00510256	0.0040873	0.00406814	0.0040705	0.00406798	0.00407042	0.00407203	0.00506191	0.00508311	0.00506539	0.0050656	0.00405388	0.00405815	0.00302209	0.00404547
Zhaonellaceae	0	0	0	0	0	0	0	0	0	0	0	0	0	0	0	0	0	0	0	0	0	0	0	0	0	0	0	0	0	0	0	0	0	0	0	0	0	0	0	0	0	0	0	0	0	0	0	0
Desulfitibacteraceae	0	0	0	0	0	0	0	0	0	0	0	0	0	0	0	0	0	0	0	0	0	0	0	0	0	0	0	0	0	0	0	0	0	0	0	0	0	0	0	0	0	0	0	0	0	0	0	0
Halanaerobiaceae	0.00101139	0.00101065	0	0	0	0.00101289	0	0.00101208	0	0	0	0	0	0	0	0	0	0	0.00101706	0	0.00101353	0	0.00101536	0.00101262	0	0	0	0	0	0	0	0	0.00102164	0	0.00102183	0	0	0.00101699	0	0	0.00101238	0.00101662	0.00101308	0	0	0.00101454	0	0.00101137
Halobacteroidaceae	0	0	0	0	0	0.00101289	0.00101525	0.00101208	0.00101604	0	0	0	0	0	0	0.00101422	0	0.00101696	0	0	0	0	0	0	0	0	0	0	0	0.0010168	0	0	0.00102164	0	0	0.00101704	0.00101763	0.00101699	0.0010176	0.00101801	0	0.00101662	0	0.00101312	0.00101347	0.00101454	0	0.00101137
Halothermotrichaceae	0	0	0	0	0	0	0	0	0	0	0	0	0	0	0	0	0	0	0	0	0	0	0	0	0	0	0	0	0	0	0	0	0	0	0	0	0	0	0	0	0	0	0	0	0	0	0	0
Christensenellaceae	0.00202278	0.0020213	0.00203283	0.00202536	0.00202803	0.00202579	0.0020305	0.00101208	0.00203209	0.00101812	0.00101488	0.00203095	0.00202688	0.00101524	0.00101437	0.00101422	0.00101226	0.00203393	0.00101706	0.0010117	0.00101353	0.00203155	0.00203072	0.00202523	0.00101564	0.00101383	0.00101372	0.00101264	0.00101174	0.00203359	0.00101747	0.00101339	0.00204328	0.00204102	0.00204365	0.00203407	0.00203525	0.00203399	0.00203521	0.00203602	0.00202476	0.00203324	0.00202616	0.00202624	0.00101347	0.00101454	0.00100736	0.00202274
Thermosediminibacteraceae	0	0	0	0	0	0	0	0	0	0	0	0	0	0	0.00101437	0	0	0	0	0	0	0	0	0	0	0	0	0	0	0	0	0	0	0	0	0	0	0	0	0	0	0	0	0	0	0	0	0
Tepidanaerobacteraceae	0	0	0	0	0.00101401	0.00101289	0	0	0	0	0	0	0	0	0	0	0	0	0	0	0	0	0	0	0	0	0	0	0	0	0	0	0	0	0	0	0	0	0	0	0	0	0	0	0	0	0	0.00101137
Natranaerofabaceae	0	0	0	0	0	0	0	0	0	0	0	0	0	0	0	0	0	0	0	0	0	0	0	0	0	0	0	0	0	0	0	0	0	0	0	0	0	0	0	0	0	0	0	0	0	0	0	0
Koleobacteraceae	0	0	0	0	0	0	0	0	0	0	0	0	0	0	0	0	0	0	0	0	0	0	0	0	0	0	0	0	0	0	0	0	0	0	0	0	0	0	0	0	0	0	0	0	0	0	0	0
Monoglobaceae	0	0	0	0	0	0	0	0	0	0	0	0	0	0	0	0	0	0	0	0	0	0	0	0	0	0	0	0	0	0	0	0	0	0	0	0	0	0	0	0	0	0	0	0	0	0	0	0
Selenomonadaceae	0.018205	0.0181917	0.0193119	0.0202536	0.0212943	0.0202579	0.0172592	0.0141692	0.0172727	0.0152718	0.0142083	0.0142167	0.0182419	0.0162438	0.0142012	0.0141991	0.0101226	0.0172884	0.0152558	0.0111286	0.0141894	0.0132051	0.0131997	0.0151893	0.011172	0.0101383	0.0121646	0.0101264	0.0111291	0.015252	0.0142446	0.0141874	0.0194111	0.0204102	0.0183929	0.0172896	0.0193349	0.0183059	0.0172993	0.0183242	0.0202476	0.0193158	0.0192485	0.0182362	0.015202	0.0142035	0.011081	0.0171933
Sporomusaceae	0.00505694	0.00606391	0.00508208	0.00506339	0.00608408	0.00709026	0.004061	0.00506042	0.00406417	0.00407249	0.00405951	0.00507738	0.00405375	0.00406095	0.00405749	0.00405688	0.00303678	0.00406785	0.00406822	0.00303509	0.00304059	0.00304732	0.00406145	0.00303785	0.00304692	0.00304149	0.00304115	0.00202528	0.00202347	0.00406719	0.00406988	0.00405355	0.00408655	0.00510256	0.0040873	0.00508518	0.00508813	0.00508497	0.00407042	0.00407203	0.00607429	0.00609973	0.00709155	0.00709184	0.00608081	0.00507269	0.00402946	0.00606821
Veillonellaceae	0.00707972	0.00606391	0.00711491	0.00708875	0.0070981	0.00709026	0.00609149	0.00607251	0.0071123	0.00610874	0.00608927	0.00609286	0.00709407	0.00609143	0.00608624	0.0050711	0.00404903	0.00610178	0.00610234	0.00404678	0.00506765	0.00507887	0.00507681	0.00506309	0.00406256	0.00405531	0.00506858	0.00405055	0.00404694	0.00610078	0.00508735	0.00506693	0.00715147	0.00714359	0.00715278	0.00711925	0.00712338	0.00711896	0.00610563	0.00712606	0.00809905	0.00813297	0.00709155	0.00709184	0.00506735	0.00507269	0.00402946	0.00707957
Acidaminococcaceae	0.00202278	0.0020213	0.00203283	0.00202536	0.00202803	0.00202579	0.0020305	0.00202417	0.00203209	0.00203625	0.00202976	0.00203095	0.00202688	0.00203048	0.00202875	0.00202844	0.00101226	0.00203393	0.00203411	0.0010117	0.00202706	0.00101577	0.00203072	0.00202523	0.00101564	0.00101383	0.00202743	0.00101264	0.00101174	0.00203359	0.00203494	0.00101339	0.00306491	0.00204102	0.00204365	0.00203407	0.00203525	0.00203399	0.00203521	0.00203602	0.00202476	0.00203324	0.00202616	0.00202624	0.00101347	0.00202908	0.00100736	0.00202274
Geochordaceae	0.00910249	0.00909587	0.0101642	0.0111395	0.0111542	0.0101289	0.00913724	0.00809667	0.0101604	0.00814498	0.00811902	0.00710833	0.0101344	0.00913715	0.00811499	0.00811375	0.00607355	0.0081357	0.0091535	0.00708187	0.00810825	0.00711042	0.00710754	0.00810094	0.00710949	0.00608297	0.00608229	0.00607583	0.00607042	0.00813438	0.00813976	0.00810709	0.0102164	0.0122461	0.0102183	0.0101704	0.0101763	0.0101699	0.00915844	0.00916208	0.0101238	0.0101662	0.0101308	0.0101312	0.00810775	0.00913085	0.00503682	0.00809094
Limnochordaceae	0.00404555	0.00505326	0.00508208	0.00607607	0.00608408	0.00607736	0.00507625	0.00404834	0.00508022	0.00407249	0.00405951	0.0040619	0.00608063	0.00507619	0.00405749	0.00405688	0.00303678	0.00508481	0.00406822	0.00303509	0.00405412	0.0040631	0.00406145	0.00405047	0.00406256	0.00304149	0.00405486	0.00303791	0.00303521	0.00406719	0.00406988	0.00405355	0.00612983	0.00612307	0.0040873	0.00406814	0.00508813	0.00508497	0.00407042	0.00509004	0.00607429	0.00508311	0.00506539	0.0050656	0.00506735	0.00405815	0.00302209	0.00505684
Turicibacteraceae	0.0101139	0.00909587	0.0132134	0.0111395	0.0223083	0.0151934	0.012183	0.0101208	0.00101604	0.00101812	0.00101488	0.00101548	0.00101344	0.00101524	0.00101437	0.00101422	0	0.00101696	0	0	0.00101353	0.00101577	0.00101536	0	0.00101564	0	0.00101372	0	0	0.0010168	0.00101747	0	0.00408655	0.00306154	0.0153274	0.00813628	0.00610575	0.00406798	0.00814084	0.00610805	0.00202476	0.00508311	0.00506539	0.00810496	0.00608081	0.00710177	0.00604418	0.00404547
Erysipelotrichaceae	0.00303416	0.00404261	0.00406566	0.00405071	0.00405605	0.00405158	0.004061	0.00404834	0.00304813	0.00203625	0.00304463	0.0040619	0.00304031	0.00203048	0.00202875	0.00202844	0.00202452	0.00305089	0.00305117	0.00202339	0.00202706	0.00304732	0.00304609	0.00202523	0.00203128	0.00202766	0.00304115	0.00202528	0.00202347	0.00305039	0.00203494	0.00304016	0.00306491	0.00306154	0.0040873	0.00406814	0.0040705	0.00406798	0.00305281	0.00305403	0.00404953	0.00508311	0.00303924	0.00405248	0.00405388	0.00304362	0.00201473	0.0030341
Coprobacillaceae	0.00101139	0.00101065	0.00101642	0.00101268	0.00101401	0.00101289	0.00101525	0.00101208	0.00101604	0.00101812	0.00101488	0.00101548	0.00101344	0.00101524	0.00101437	0.00101422	0	0	0.00101706	0	0	0.00101577	0.00101536	0	0	0	0.00101372	0	0	0.0010168	0.00101747	0.00101339	0.00102164	0.00102051	0.00204365	0.00101704	0.00101763	0.00101699	0.0010176	0.00101801	0.00101238	0.00101662	0.00101308	0.00101312	0.00101347	0.00101454	0	0.00101137
Peptoniphilaceae	0.00404555	0.00505326	0.00406566	0.00405071	0.00507007	0.00506447	0.004061	0.00404834	0.00406417	0.00305437	0.00304463	0.0040619	0.00304031	0.00304572	0.00304312	0.00304266	0.00202452	0.00305089	0.00305117	0.00202339	0.00202706	0.00203155	0.00203072	0.00202523	0.00304692	0.00202766	0.00304115	0.00202528	0.00202347	0.00305039	0.00305241	0.00304016	0.00408655	0.00408205	0.0040873	0.00406814	0.0040705	0.00406798	0.00305281	0.00407203	0.00404953	0.00406649	0.00405232	0.00303936	0.00405388	0.00405815	0.00201473	0.00404547
Tissierellaceae	0.00101139	0.00101065	0.00101642	0.00101268	0.00101401	0.00101289	0.00101525	0.00101208	0.00101604	0	0	0.00101548	0.00101344	0	0	0.00101422	0	0	0	0	0	0	0	0	0.00101564	0	0	0	0	0.0010168	0	0.00101339	0.00102164	0.00102051	0.00102183	0.00101704	0.00101763	0.00101699	0.0010176	0.00101801	0.00101238	0.00101662	0.00202616	0.00101312	0.00202694	0.00101454	0.00100736	0.00101137
Gottschalkiaceae	0	0.00101065	0	0.00101268	0	0.00101289	0	0	0	0	0	0	0	0	0	0	0	0	0	0	0	0	0	0	0	0	0	0	0	0	0	0	0	0	0	0	0	0	0	0	0	0	0	0	0	0	0	0.00101137
Tepidimicrobiaceae	0	0	0	0	0	0	0	0	0	0	0	0	0	0	0	0	0	0	0	0	0	0	0	0	0	0	0	0	0	0	0	0	0	0	0	0	0	0	0	0	0	0	0.00101308	0	0	0	0	0
Thermohalobacteraceae	0	0.0020213	0	0.00202536	0.00202803	0.00202579	0.0020305	0.00202417	0	0	0	0	0	0	0	0.00101422	0	0.00101696	0	0	0	0	0	0	0	0	0	0	0	0	0	0	0	0	0	0	0	0	0	0	0.00202476	0	0.00303924	0.00202624	0.00304041	0.00202908	0	0
Acidilutibacteraceae	0	0	0	0	0	0	0	0	0	0	0	0	0	0	0	0	0	0	0	0	0	0	0	0	0	0	0	0	0	0	0	0.00101339	0	0	0.00204365	0.00101704	0.00101763	0.00203399	0	0.00203602	0	0	0	0	0	0	0	0
Sporanaerobacteraceae	0.00303416	0	0.00203283	0	0	0	0	0	0	0	0.00101488	0.00101548	0	0	0	0	0	0	0	0	0	0	0	0	0	0	0	0	0	0	0	0	0.00102164	0	0	0	0	0	0.0010176	0	0	0.00203324	0	0	0	0	0	0.00202274
Caldicellulosiruptoraceae	0.00202278	0.0020213	0.00101642	0.00101268	0.00202803	0.00101289	0.00101525	0.00101208	0.00101604	0.00101812	0.00101488	0.00101548	0.00101344	0.00101524	0.00101437	0.00101422	0.00101226	0.00101696	0.00101706	0.0010117	0.00101353	0.00101577	0.00101536	0.00101262	0.00101564	0.00101383	0.00101372	0.00101264	0.00101174	0.0010168	0.00101747	0.00101339	0.00102164	0.00204102	0.00102183	0.00101704	0.00101763	0.00203399	0.0010176	0.00101801	0.00101238	0.00101662	0.00101308	0.00101312	0.00101347	0.00101454	0.00100736	0.00101137
Dethiobacteraceae	0	0	0	0	0	0.00101289	0	0.00101208	0	0	0	0	0	0	0	0	0	0	0	0	0	0	0	0	0	0	0	0	0	0.0010168	0	0	0	0	0	0	0.00101763	0	0	0.00101801	0.00101238	0	0	0.00101312	0	0	0	0.00101137
Synechococcaceae	0.0434897	0.043458	0.0457387	0.0496213	0.0507007	0.0486189	0.04061	0.0374471	0.0416578	0.0386887	0.0385654	0.0375726	0.0476316	0.0395943	0.0375318	0.0375261	0.0263187	0.0386446	0.0406822	0.0404678	0.0385142	0.0365679	0.036553	0.0364542	0.0314849	0.0273734	0.0334526	0.0283539	0.0283286	0.0376215	0.0376464	0.0354685	0.0459737	0.0510256	0.0429167	0.0457666	0.0447755	0.0498327	0.0427394	0.0437744	0.0526438	0.0498145	0.0486278	0.050656	0.0405388	0.039567	0.0282062	0.0455115
Prochlorococcaceae	0.013148	0.0131385	0.0142298	0.0131648	0.0141962	0.0151934	0.012183	0.0101208	0.0121925	0.0111993	0.0111637	0.0111702	0.0131747	0.0131981	0.0111581	0.0111564	0.00809807	0.0122036	0.0122047	0.010117	0.0111488	0.0111735	0.011169	0.0111388	0.0101564	0.00811063	0.0121646	0.00911374	0.00910563	0.0111848	0.0111922	0.0111473	0.0143029	0.0153077	0.0143056	0.0142385	0.0142468	0.0142379	0.0122113	0.0122161	0.0151857	0.0152493	0.0141831	0.0151968	0.0121616	0.0121745	0.00705155	0.0131478
Merismopediaceae	0.00101139	0.0020213	0.00203283	0.00202536	0.00202803	0.00101289	0.0020305	0.00202417	0.00203209	0.00101812	0.00202976	0.00101548	0.00202688	0.00101524	0.00101437	0.00101422	0.00101226	0.00203393	0.00101706	0.0010117	0.00101353	0.00101577	0.00101536	0.00101262	0.00101564	0.00101383	0.00101372	0	0.00101174	0.00203359	0.00101747	0.00101339	0.00204328	0.00204102	0.00204365	0.00101704	0.00203525	0.00203399	0.0010176	0.00203602	0.00202476	0.00203324	0.00202616	0.00202624	0.00101347	0.00202908	0.00100736	0.00202274
Nostocaceae	0.0202278	0.0252663	0.0223611	0.0222789	0.0263644	0.0313997	0.0223355	0.0232779	0.0558824	0.0254531	0.0192827	0.0121857	0.0233091	0.0274114	0.0294168	0.0253555	0.00506129	0.0111866	0.0101706	0.00809356	0.0101353	0.00914197	0.0101536	0.00911355	0.00914077	0.0070968	0.00810972	0.00607583	0.00708215	0.00915118	0.0101747	0.0101339	0.0143029	0.0255128	0.0112401	0.0111874	0.0122115	0.0132209	0.0111937	0.0132341	0.0394829	0.0274488	0.0739548	0.0243149	0.0162155	0.0182617	0.0120884	0.0182046
Aphanizomenonaceae	0.00202278	0.0020213	0.00304925	0.00202536	0.00202803	0.00202579	0.0020305	0.00202417	0.00203209	0.00203625	0.00202976	0.00203095	0.00202688	0.00203048	0.00202875	0.00202844	0.00101226	0.00203393	0.00203411	0.0010117	0.00202706	0.00101577	0.00203072	0.00101262	0.00101564	0.00101383	0.00101372	0.00101264	0.00101174	0.00203359	0.00203494	0.00202677	0.00306491	0.00204102	0.00204365	0.00203407	0.00203525	0.00203399	0.00203521	0.00203602	0.00303714	0.00304987	0.00607847	0.00303936	0.00304041	0.00202908	0.00201473	0.00202274
Nodulariaceae	0.00101139	0.00101065	0.00101642	0.00101268	0.00202803	0.00101289	0.00101525	0.00101208	0.00101604	0.00101812	0.00202976	0.00101548	0.00101344	0.00101524	0.00101437	0.00101422	0.00101226	0.00101696	0.00101706	0.0010117	0.00101353	0.00101577	0.00101536	0.00101262	0.00101564	0.00101383	0.00101372	0.00101264	0.00101174	0.0010168	0.00101747	0.00101339	0.00204328	0.00102051	0.00102183	0.00101704	0.00101763	0.00101699	0.0010176	0.00101801	0.00202476	0.00203324	0.00202616	0.00202624	0.00101347	0.00101454	0.00100736	0.00202274
Calotrichaceae	0.00101139	0.00101065	0.00101642	0.00101268	0.00101401	0.00101289	0.00101525	0.00101208	0.00101604	0.00101812	0.00101488	0.00101548	0.00101344	0.00101524	0.00101437	0.00101422	0	0.00101696	0.00101706	0.0010117	0.00101353	0.00101577	0.00101536	0.00101262	0.00101564	0.00101383	0.00101372	0.00101264	0.00101174	0.0010168	0.00101747	0.00101339	0.00102164	0.00102051	0.00102183	0.00101704	0.00101763	0.00101699	0.0010176	0.00101801	0.00202476	0.00101662	0.00202616	0.00101312	0.00101347	0.00101454	0.00100736	0.00101137
Hapalosiphonaceae	0.00101139	0.00101065	0.00101642	0.00101268	0.00101401	0.00101289	0.00101525	0.00101208	0.00101604	0.00101812	0.00101488	0.00101548	0.00101344	0.00101524	0.00101437	0.00101422	0	0.00101696	0.00101706	0	0.00101353	0.00101577	0.00101536	0.00101262	0	0	0	0	0	0.0010168	0.00101747	0.00101339	0.00102164	0.00102051	0.00102183	0.00101704	0.00101763	0.00101699	0.0010176	0.00101801	0.00101238	0.00101662	0.00101308	0.00101312	0.00101347	0.00101454	0.00100736	0.00101137
Tolypothrichaceae	0	0.00101065	0.00101642	0.00101268	0.00101401	0.00101289	0.00101525	0.00101208	0.00101604	0.00101812	0.00101488	0.00101548	0.00101344	0.00101524	0.00101437	0.00101422	0	0.00101696	0.00101706	0	0.00101353	0	0.00101536	0.00101262	0.00101564	0	0	0	0	0.0010168	0	0	0.00102164	0.00102051	0.00102183	0.00101704	0.00101763	0.00101699	0.0010176	0.00101801	0.00101238	0.00101662	0.00101308	0.00101312	0.00101347	0.00101454	0	0.00101137
Chlorogloeopsidaceae	0	0.00101065	0	0.00101268	0.00101401	0	0.00101525	0	0	0	0	0	0.00101344	0	0	0	0	0	0	0	0	0	0	0	0	0	0	0	0	0	0	0	0	0	0	0	0.00101763	0	0	0	0	0.00101662	0.00101308	0.00101312	0	0	0	0
Scytonemataceae	0	0	0	0	0	0	0	0	0	0	0	0	0	0	0	0	0	0	0	0	0	0	0	0	0	0	0	0	0	0	0	0	0	0	0	0	0	0	0	0	0	0	0.00101308	0	0	0	0	0
Rivulariaceae	0	0	0	0	0	0	0	0	0	0	0	0	0	0	0	0	0	0	0	0	0	0	0	0	0	0	0	0	0	0	0	0	0	0	0	0	0	0	0	0	0	0	0	0	0	0	0	0
Oscillatoriaceae	0.00404555	0.00404261	0.00508208	0.00506339	0.00405605	0.00405158	0.00609149	0.00303625	0.00304813	0.00305437	0.00304463	0.00304643	0.00304031	0.00304572	0.00304312	0.00304266	0.00202452	0.00406785	0.00508528	0.00303509	0.00304059	0.0040631	0.00913826	0.00303785	0.00203128	0.00202766	0.00304115	0.00202528	0.00202347	0.00305039	0.00406988	0.00304016	0.00408655	0.00510256	0.00306548	0.00406814	0.0040705	0.00406798	0.00305281	0.00305403	0.00506191	0.00508311	0.00506539	0.00607872	0.00304041	0.00405815	0.00201473	0.00404547
Microcoleaceae	0.00202278	0.0020213	0.00406566	0.00405071	0.00304204	0.00202579	0.00609149	0.00202417	0.00203209	0.00203625	0.00202976	0.00203095	0.00202688	0.00203048	0.00202875	0.00202844	0.00101226	0.00203393	0.00610234	0.0010117	0.00202706	0.00203155	0.0131997	0.00202523	0.00101564	0.00101383	0.00202743	0.00101264	0.00101174	0.00203359	0.00203494	0.00202677	0.00204328	0.00306154	0.00204365	0.00203407	0.00203525	0.00203399	0.00203521	0.00203602	0.00303714	0.00304987	0.00303924	0.00405248	0.00304041	0.00202908	0.00100736	0.00202274
Sirenicapillariaceae	0.00101139	0.00101065	0.00101642	0.00101268	0.00101401	0.00101289	0.00101525	0.00101208	0.00101604	0.00101812	0.00101488	0.00101548	0.00101344	0.00101524	0.00101437	0.00101422	0	0.00101696	0.00101706	0.0010117	0.00101353	0.00101577	0.00101536	0.00101262	0.00101564	0.00101383	0.00101372	0.00101264	0.00101174	0.0010168	0.00101747	0.00101339	0.00102164	0.00102051	0.00102183	0.00101704	0.00101763	0.00101699	0.0010176	0.00101801	0.00101238	0.00101662	0.00101308	0.00101312	0.00101347	0.00101454	0.00100736	0.00101137
Geminocystaceae	0.00202278	0.0020213	0.00203283	0.00202536	0.00202803	0.00202579	0.0020305	0.00202417	0.00203209	0.00203625	0.00202976	0.00203095	0.00202688	0.00203048	0.00202875	0.00202844	0.00101226	0.00203393	0.00203411	0.0010117	0.00101353	0.00101577	0.00101536	0.00101262	0.00101564	0.00101383	0.00101372	0.00101264	0.00101174	0.00203359	0.00203494	0.00101339	0.00204328	0.00204102	0.00204365	0.00203407	0.00203525	0.00203399	0.00203521	0.00203602	0.00202476	0.00203324	0.00202616	0.00202624	0.00202694	0.00202908	0.00100736	0.00202274
Microcystaceae	0.00202278	0.0020213	0.00203283	0.00202536	0.00202803	0.00202579	0.0020305	0.00202417	0.00203209	0.00203625	0.00202976	0.00203095	0.00101344	0.00203048	0.00202875	0.00202844	0.00101226	0.00203393	0.00203411	0.00202339	0.00202706	0.00203155	0.00203072	0.00202523	0.00304692	0.00101383	0.00202743	0.00202528	0.00202347	0.00203359	0.00203494	0.00101339	0.00204328	0.00204102	0.00204365	0.00203407	0.00203525	0.00203399	0.00203521	0.00203602	0.00202476	0.00203324	0.00202616	0.00202624	0.00202694	0.00202908	0.00100736	0.00202274
Aphanothecaceae	0.00101139	0.00101065	0.00101642	0.00101268	0.00101401	0.00202579	0.00101525	0.00101208	0.00101604	0.00101812	0.00101488	0.00101548	0.00101344	0.00101524	0.00101437	0.00101422	0	0.00101696	0.00101706	0.0010117	0.00101353	0.00101577	0.00101536	0.00101262	0.00101564	0.00101383	0.00101372	0.00101264	0.00101174	0.0010168	0.00101747	0.00101339	0.00102164	0.00102051	0.00102183	0.00101704	0.00101763	0.00101699	0.0010176	0.00101801	0.00101238	0.00101662	0.00101308	0.00202624	0.00101347	0.00101454	0.00100736	0.00101137
Chroococcaceae	0.00101139	0.00101065	0.00101642	0.00101268	0.00101401	0.00101289	0	0	0.00101604	0	0.00101488	0	0	0.00101524	0	0	0	0.00101696	0	0	0.00101353	0	0.00101536	0	0	0	0	0	0	0.0010168	0.00101747	0	0.00102164	0.00102051	0	0.00101704	0.00101763	0.00101699	0.0010176	0.00101801	0.00101238	0.00101662	0.00101308	0.00101312	0.00101347	0	0	0.00101137
Halothecacae	0	0	0	0	0	0	0	0	0	0	0	0	0	0	0	0	0	0	0	0	0	0	0	0	0	0	0	0	0	0	0	0	0	0	0	0	0	0	0	0	0	0	0	0	0	0	0	0
Leptolyngbyaceae	0.013148	0.0141491	0.0142298	0.0151902	0.0141962	0.0141805	0.0111677	0.0101208	0.0132086	0.0122175	0.0121785	0.0101548	0.0121613	0.0152286	0.0121725	0.0101422	0.00607355	0.0111866	0.0122047	0.00809356	0.0111488	0.0101577	0.0101536	0.0111388	0.00812513	0.00811063	0.00912344	0.00607583	0.00708215	0.0111848	0.0122096	0.0111473	0.0143029	0.0142872	0.0112401	0.0122044	0.0142468	0.0122039	0.0132289	0.0132341	0.013161	0.0132161	0.0121569	0.0141837	0.0101347	0.0101454	0.00705155	0.0121364
Trichocoleusaceae	0.00101139	0.00101065	0.00101642	0.00101268	0.00101401	0.00101289	0.00101525	0.00101208	0.00101604	0.00101812	0.00101488	0.00101548	0.00101344	0.00101524	0.00101437	0.00101422	0	0.00101696	0.00101706	0.0010117	0.00101353	0.00101577	0.00101536	0.00101262	0.00101564	0	0.00101372	0	0.00101174	0.0010168	0.00101747	0.00101339	0.00102164	0.00102051	0.00102183	0.00101704	0.00101763	0.00101699	0.0010176	0.00101801	0.00101238	0.00101662	0.00101308	0.00101312	0.00101347	0.00101454	0.00100736	0.00101137
Gloeobacteraceae	0.00809111	0.00909587	0.00914774	0.0101268	0.00912612	0.0101289	0.00812199	0.00809667	0.00914439	0.00814498	0.00710415	0.00710833	0.00810751	0.00812191	0.00710062	0.00811375	0.00506129	0.0081357	0.0091535	0.00607017	0.00810825	0.00711042	0.0081229	0.00708832	0.00609385	0.00506914	0.00709601	0.00506319	0.00505868	0.00711758	0.00813976	0.00709371	0.00919474	0.0112256	0.00919644	0.00915332	0.00915863	0.00915295	0.00814084	0.00814407	0.0111362	0.0101662	0.0101308	0.0101312	0.00810775	0.00811631	0.00604418	0.00910231
Anthocerotibacteraceae	0.00101139	0.00101065	0.00101642	0.00101268	0.00101401	0.00101289	0.00101525	0.00101208	0.00101604	0.00101812	0.00101488	0.00101548	0.00101344	0.00101524	0.00101437	0.00101422	0	0.00101696	0.00101706	0.0010117	0.00101353	0.00101577	0.00101536	0.00101262	0	0	0.00101372	0	0	0.0010168	0.00101747	0.00101339	0.00102164	0.00102051	0.00102183	0.00101704	0.00101763	0.00101699	0.0010176	0.00101801	0.00101238	0.00101662	0.00101308	0.00101312	0.00101347	0.00101454	0	0.00101137
Oculatellaceae	0.00303416	0.00404261	0.00406566	0.00405071	0.00405605	0.00405158	0.00304575	0.00303625	0.00304813	0.00305437	0.00304463	0.00203095	0.00304031	0.00304572	0.00304312	0.00304266	0.00202452	0.00305089	0.00305117	0.00202339	0.00304059	0.00304732	0.00304609	0.00303785	0.00203128	0.00202766	0.00202743	0.00202528	0.00202347	0.00305039	0.00305241	0.00304016	0.00408655	0.00408205	0.0040873	0.00406814	0.00305288	0.00406798	0.00407042	0.00305403	0.00404953	0.00406649	0.00405232	0.00405248	0.00304041	0.00304362	0.00201473	0.0030341
Nodosilineaceae	0.00202278	0.0020213	0.00304925	0.00303804	0.00202803	0.00303868	0.0020305	0.00202417	0.00203209	0.00203625	0.00202976	0.00101548	0.00202688	0.00203048	0.00202875	0.00202844	0.00101226	0.00203393	0.00203411	0.0010117	0.00202706	0.00203155	0.00203072	0.00202523	0.00101564	0.00101383	0.00202743	0.00101264	0.00101174	0.00203359	0.00203494	0.00202677	0.00204328	0.00306154	0.00204365	0.00203407	0.00203525	0.00203399	0.00203521	0.00203602	0.00303714	0.00304987	0.00303924	0.00303936	0.00202694	0.00202908	0.00201473	0.00202274
Cymatolegaceae	0	0	0	0	0	0	0	0	0	0	0	0	0	0	0	0	0	0	0	0	0	0	0	0	0	0	0	0	0	0	0	0	0	0	0	0	0	0	0	0	0	0	0	0	0	0	0	0
Thermosynechococcaceae	0.00202278	0.0020213	0.00203283	0.00202536	0.00202803	0.00202579	0.00101525	0.00101208	0.00203209	0.00203625	0.00101488	0.00203095	0.00101344	0.00203048	0.00101437	0.00101422	0.00101226	0.00203393	0.00203411	0.0010117	0.00101353	0.00101577	0.00304609	0.00202523	0.00203128	0.00101383	0.00101372	0.00101264	0.00101174	0.0010168	0.00203494	0.00101339	0.00204328	0.00204102	0.00204365	0.00101704	0.00203525	0.00203399	0.00203521	0.00101801	0.00202476	0.00203324	0.00202616	0.00202624	0.00101347	0.00202908	0.00100736	0.00202274
Acaryochloridaceae	0.00101139	0.00101065	0.00101642	0.00101268	0.00101401	0.00101289	0.00101525	0.00101208	0.00101604	0.00101812	0.00101488	0.00101548	0	0.00101524	0.00101437	0.00101422	0	0.00101696	0.00101706	0.0010117	0.00101353	0.00101577	0.00101536	0.00101262	0.00101564	0	0.00101372	0	0	0.0010168	0.00101747	0.00101339	0.00102164	0.00102051	0.00102183	0.00101704	0.00101763	0.00101699	0.0010176	0.00101801	0.00101238	0.00101662	0.00101308	0.00101312	0.00101347	0.00101454	0	0.00101137
Geitlerinemataceae	0.00202278	0.0020213	0.00203283	0.00202536	0.00202803	0.00202579	0.0020305	0.00101208	0.00203209	0.00101812	0.00101488	0.00101548	0.00202688	0.00203048	0.00202875	0.00101422	0.00101226	0.00203393	0.00203411	0.0010117	0.00202706	0.00101577	0.00203072	0.00101262	0.00101564	0.00101383	0.00202743	0.00101264	0.00101174	0.00203359	0.00203494	0.00202677	0.00204328	0.00204102	0.00204365	0.00203407	0.00203525	0.00203399	0.00203521	0.00203602	0.00202476	0.00203324	0.00202616	0.00202624	0.00202694	0.00101454	0.00100736	0.00202274
Pseudanabaenaceae	0.00101139	0.00101065	0.00101642	0.00101268	0.00101401	0.00101289	0.00101525	0.00101208	0.00101604	0.00101812	0.00101488	0.00101548	0.00101344	0.00101524	0.00101437	0.00101422	0	0.00101696	0.00101706	0	0.00101353	0.00101577	0.00101536	0.00101262	0.00101564	0	0.00101372	0	0.00101174	0.0010168	0.00101747	0	0.00102164	0.00102051	0.00102183	0.00101704	0.00101763	0.00101699	0.0010176	0.00101801	0.00101238	0.00101662	0.00101308	0.00101312	0.00101347	0.00101454	0.00100736	0.00101137
Thalassoporaceae	0	0	0	0	0	0	0	0	0	0	0	0	0	0	0	0	0	0	0	0	0	0	0	0	0	0	0	0	0	0	0	0	0	0	0	0	0	0	0	0	0	0	0	0	0	0	0	0
Chroococcidiopsidaceae	0.00101139	0.00101065	0.00101642	0.00101268	0.00101401	0.00202579	0.00101525	0.00101208	0.00101604	0.00101812	0.00101488	0.00101548	0.00101344	0.00203048	0.00101437	0.00101422	0.00101226	0.00101696	0.00101706	0.0010117	0.00101353	0.00101577	0.00101536	0.00101262	0.00101564	0.00101383	0.00101372	0.00101264	0.00101174	0.0010168	0.00101747	0.00101339	0.00204328	0.00204102	0.00102183	0.00101704	0.00203525	0.00101699	0.0010176	0.00101801	0.00202476	0.00203324	0.00202616	0.00202624	0.00101347	0.00101454	0.00100736	0.00101137
Coleofasciculaceae	0.00101139	0.00101065	0.00101642	0.00101268	0.00101401	0.00101289	0.00101525	0.00101208	0.00101604	0.00101812	0.00101488	0.00101548	0.00101344	0.00101524	0.00101437	0.00101422	0	0.00101696	0.00101706	0.0010117	0.00101353	0.00101577	0.00101536	0.00101262	0.00101564	0.00101383	0.00101372	0.00101264	0.00101174	0.0010168	0.00101747	0.00101339	0.00102164	0.00102051	0.00102183	0.00101704	0.00101763	0.00101699	0.0010176	0.00101801	0.00101238	0.00101662	0.00101308	0.00101312	0.00101347	0.00101454	0.00100736	0.00101137
Chamaesiphonaceae	0.00101139	0.00101065	0.00101642	0.00101268	0.00101401	0.00101289	0.00101525	0.00101208	0.00101604	0	0.00101488	0	0.00101344	0.00101524	0	0.00101422	0	0	0.00101706	0	0	0	0.00101536	0	0	0	0	0	0	0.0010168	0.00101747	0.00101339	0	0.00102051	0	0	0	0.00101699	0.0010176	0	0.00101238	0.00101662	0.00101308	0.00101312	0.00101347	0.00101454	0	0.00101137
Gomontiellaceae	0	0	0	0	0	0	0	0	0	0	0	0	0	0	0	0	0	0	0	0	0	0	0	0	0	0	0	0	0	0	0	0	0	0	0	0	0	0	0	0	0	0	0	0	0	0	0	0
Hyellaceae	0.00101139	0.00101065	0.00101642	0.00101268	0.00101401	0.00101289	0.00101525	0.00101208	0.00101604	0.00101812	0.00101488	0.00101548	0.00101344	0.00101524	0.00101437	0	0	0.00101696	0.00101706	0	0.00101353	0	0.00101536	0	0.00101564	0	0	0	0	0.0010168	0.00101747	0.00101339	0.00102164	0.00102051	0.00102183	0.00101704	0	0.00101699	0.0010176	0.00101801	0.00101238	0.00101662	0.00101308	0.00101312	0.00101347	0	0	0.00101137
Dermocarpellaceae	0	0	0	0	0	0	0	0	0	0	0	0	0	0	0	0	0	0	0	0	0	0	0	0	0	0	0	0	0	0	0	0	0	0	0	0	0	0	0	0	0	0	0	0	0	0	0	0
Desertifilaceae	0	0.00101065	0.00101642	0	0	0.00101289	0	0	0.00101604	0.00101812	0.00101488	0	0	0	0	0	0	0.00101696	0	0	0	0	0	0	0	0	0	0	0	0	0.00101747	0	0.00102164	0.00102051	0.00102183	0.00101704	0	0.00101699	0.0010176	0.00101801	0.00101238	0	0.00101308	0.00101312	0	0.00101454	0	0
Gloeomargaritaceae	0	0	0	0	0.00101401	0.00101289	0	0	0	0	0	0	0	0	0	0	0	0	0	0	0	0	0	0	0	0	0	0	0	0	0	0	0	0	0	0	0	0	0	0	0.00101238	0.00101662	0.00101308	0.00101312	0	0	0	0
Tepidiformaceae	0.0141594	0.0131385	0.0152462	0.0172155	0.0162242	0.0172192	0.0131982	0.0111329	0.0132086	0.0111993	0.0101488	0.0101548	0.0131747	0.0121829	0.0121725	0.0101422	0.00809807	0.0111866	0.0122047	0.00910526	0.0121624	0.0101577	0.0121843	0.0101262	0.00914077	0.0070968	0.0101372	0.0081011	0.00809389	0.0111848	0.0111922	0.0111473	0.0143029	0.0153077	0.0122619	0.0142385	0.0132291	0.0132209	0.0132289	0.0132341	0.0151857	0.0121995	0.0141831	0.0151968	0.0121616	0.0121745	0.00805891	0.0131478
Roseiflexaceae	0.00809111	0.00808522	0.00914774	0.0101268	0.0101401	0.0101289	0.00710674	0.00708459	0.00812835	0.00712686	0.00710415	0.00609286	0.00810751	0.00812191	0.00710062	0.00608532	0.00404903	0.00711874	0.00813645	0.00607017	0.00810825	0.00711042	0.0081229	0.00708832	0.00609385	0.00405531	0.00608229	0.00506319	0.00505868	0.00813438	0.00712229	0.00810709	0.011238	0.0102051	0.00919644	0.00813628	0.008141	0.00915295	0.00712323	0.00916208	0.00911143	0.0091496	0.00911771	0.00810496	0.00709428	0.00710177	0.00503682	0.00707957
Chloroflexaceae	0.00303416	0.00303196	0.00304925	0.00405071	0.00405605	0.00303868	0.00304575	0.00303625	0.00304813	0.00203625	0.00304463	0.00203095	0.00304031	0.00304572	0.00304312	0.00202844	0.00202452	0.00305089	0.00305117	0.00202339	0.00202706	0.00203155	0.00304609	0.00202523	0.00203128	0.00202766	0.00202743	0.00202528	0.00202347	0.00305039	0.00203494	0.00304016	0.00408655	0.00408205	0.00306548	0.00305111	0.00305288	0.00305098	0.00305281	0.00305403	0.00303714	0.00304987	0.00303924	0.00303936	0.00304041	0.00304362	0.00201473	0.0030341
Candidatus Thermobaculaceae	0.00202278	0.00101065	0.00203283	0.00202536	0.00202803	0.00202579	0.0020305	0.00101208	0.00101604	0.00101812	0.00101488	0.00101548	0.00202688	0.00203048	0.00101437	0.00101422	0.00202452	0.00101696	0.00101706	0.0010117	0.00101353	0.00203155	0.00101536	0.00202523	0.00203128	0.00101383	0.00101372	0.00101264	0.00101174	0.0010168	0.00203494	0.00101339	0.00204328	0.00204102	0.00204365	0.00203407	0.00203525	0.00203399	0.00203521	0.00203602	0.00202476	0.00101662	0.00202616	0.00101312	0.00101347	0.00101454	0.00100736	0.00101137
Candidatus Chloroheliaceae	0.00202278	0.00101065	0.00101642	0.00101268	0.00202803	0.00202579	0.0020305	0.00101208	0.00101604	0.00101812	0.00101488	0.00101548	0.00101344	0.00101524	0.00101437	0.00101422	0.00202452	0.00101696	0.00101706	0.0010117	0.00101353	0.00101577	0.00101536	0.00202523	0.00101564	0.00101383	0.00101372	0.00101264	0.00101174	0.0010168	0.00101747	0.00101339	0.00102164	0.00102051	0.00102183	0.00101704	0.00101763	0.00101699	0.0010176	0.00101801	0.00202476	0.00203324	0.00101308	0.00202624	0.00101347	0.00101454	0.00100736	0.00101137
Candidatus Promineifilaceae	0.0101139	0.0111172	0.0111806	0.0121521	0.0121682	0.0121547	0.00913724	0.00910876	0.0101604	0.0091631	0.0091339	0.00812381	0.0101344	0.00913715	0.00912936	0.00811375	0.00607355	0.0081357	0.0091535	0.00708187	0.00912178	0.0081262	0.00913826	0.00810094	0.00710949	0.00608297	0.00709601	0.00607583	0.00607042	0.00813438	0.00813976	0.00810709	0.0102164	0.0112256	0.0102183	0.0101704	0.00915863	0.0101699	0.00915844	0.00916208	0.0121486	0.0111828	0.0121569	0.0121574	0.0101347	0.00913085	0.00604418	0.0101137
Dehalococcoidaceae	0.00404555	0.00404261	0.00508208	0.00405071	0.00507007	0.00506447	0.004061	0.00303625	0.00406417	0.00305437	0.00304463	0.00304643	0.00405375	0.00406095	0.00405749	0.00304266	0.00202452	0.00305089	0.00406822	0.00303509	0.00405412	0.00304732	0.00304609	0.00303785	0.00304692	0.00202766	0.00304115	0.00202528	0.00202347	0.00305039	0.00305241	0.00304016	0.00408655	0.00408205	0.00306548	0.00406814	0.0040705	0.00406798	0.00407042	0.00407203	0.00506191	0.00508311	0.00506539	0.0050656	0.00405388	0.00405815	0.00302209	0.00404547
Candidatus Lucifugimonadaceae	0	0.00101065	0	0.00101268	0.00101401	0	0.00101525	0	0.00101604	0	0.00101488	0	0.00101344	0	0.00101437	0	0	0	0	0	0	0	0	0	0	0	0	0	0	0	0	0	0.00102164	0	0.00102183	0	0.00101763	0.00101699	0.0010176	0.00101801	0.00101238	0	0.00101308	0.00101312	0	0	0	0.00101137
Caldilineaceae	0.00404555	0.00404261	0.00406566	0.00506339	0.00507007	0.00506447	0.004061	0.00303625	0.00406417	0.00305437	0.00304463	0.00304643	0.00405375	0.00304572	0.00304312	0.00304266	0.00202452	0.00305089	0.00406822	0.00303509	0.00405412	0.00304732	0.00406145	0.00303785	0.00304692	0.00202766	0.00304115	0.00202528	0.00303521	0.00406719	0.00305241	0.00304016	0.00408655	0.00408205	0.00306548	0.00406814	0.00305288	0.00406798	0.00407042	0.00407203	0.00506191	0.00406649	0.00405232	0.0050656	0.00405388	0.00405815	0.00201473	0.00404547
Thermoflexaceae	0.00303416	0.00404261	0.00406566	0.00405071	0.00405605	0.00405158	0.00304575	0.00303625	0.00304813	0.00305437	0.00304463	0.00304643	0.00405375	0.00304572	0.00304312	0.00304266	0.00202452	0.00305089	0.00305117	0.00202339	0.00304059	0.00304732	0.00304609	0.00202523	0.00203128	0.00202766	0.00304115	0.00202528	0.00202347	0.00305039	0.00305241	0.00304016	0.00306491	0.00408205	0.00306548	0.00406814	0.00305288	0.00406798	0.00305281	0.00305403	0.00404953	0.00406649	0.00303924	0.00405248	0.00304041	0.00304362	0.00201473	0.0030341
Ktedonosporobacteraceae	0.00303416	0.00303196	0.00406566	0.00303804	0.00405605	0.00405158	0.004061	0.00303625	0.00203209	0.00203625	0.00202976	0.00304643	0.00202688	0.00304572	0.00202875	0.00202844	0.00202452	0.00305089	0.00203411	0.00202339	0.00202706	0.00203155	0.00203072	0.00202523	0.00203128	0.00101383	0.00202743	0.00101264	0.00101174	0.00203359	0.00203494	0.00202677	0.00306491	0.00306154	0.00306548	0.00305111	0.00305288	0.00305098	0.00305281	0.00305403	0.00303714	0.00304987	0.00405232	0.00303936	0.00202694	0.00202908	0.00201473	0.00404547
Anaerolineaceae	0.00303416	0.00303196	0.00304925	0.00303804	0.00304204	0.00303868	0.0020305	0.00202417	0.00203209	0.00203625	0.00202976	0.00203095	0.00202688	0.00203048	0.00202875	0.00202844	0.00101226	0.00203393	0.00203411	0.00202339	0.00202706	0.00203155	0.00304609	0.00202523	0.00203128	0.00101383	0.00202743	0.00202528	0.00101174	0.00203359	0.00203494	0.00202677	0.00204328	0.00306154	0.00204365	0.00305111	0.00203525	0.00305098	0.00305281	0.00203602	0.00303714	0.00304987	0.00303924	0.00303936	0.00202694	0.00202908	0.00100736	0.00202274
Phototrophicaceae	0.00101139	0.00101065	0.00101642	0.00101268	0.00101401	0.00101289	0.00101525	0.00101208	0.00101604	0.00101812	0.00101488	0.00101548	0.00101344	0.00101524	0.00101437	0.00101422	0	0.00101696	0.00101706	0.0010117	0.00101353	0.00101577	0.00101536	0.00101262	0	0	0.00101372	0	0.00101174	0.0010168	0.00101747	0.00101339	0.00102164	0.00102051	0.00102183	0.00101704	0.00101763	0.00101699	0.0010176	0.00101801	0.00101238	0.00101662	0.00101308	0.00101312	0.00101347	0.00101454	0.00100736	0.00101137
Capsulimonadaceae	0.00707972	0.00707457	0.00813132	0.00810143	0.00811211	0.00810315	0.00710674	0.00607251	0.0071123	0.00712686	0.00710415	0.00609286	0.00709407	0.00812191	0.00608624	0.00608532	0.00404903	0.00711874	0.00711939	0.00809356	0.00608118	0.00609465	0.00609217	0.0060757	0.0050782	0.00506914	0.00506858	0.00405055	0.00505868	0.00610078	0.00610482	0.00608032	0.00919474	0.0102051	0.0112401	0.00711925	0.00712338	0.00813595	0.0132289	0.00916208	0.00809905	0.0101662	0.00911771	0.0101312	0.00608081	0.00608723	0.00503682	0.00809094
Fimbriimonadaceae	0.00404555	0.00505326	0.00609849	0.00506339	0.00507007	0.00607736	0.004061	0.00404834	0.00508022	0.00509061	0.00507439	0.0040619	0.00405375	0.00609143	0.00405749	0.00405688	0.00202452	0.00508481	0.00508528	0.00303509	0.00405412	0.0040631	0.00406145	0.00405047	0.00304692	0.00304149	0.00304115	0.00303791	0.00303521	0.00406719	0.00406988	0.00405355	0.00510819	0.00714359	0.0040873	0.00406814	0.00508813	0.00508497	0.00407042	0.00407203	0.00506191	0.00508311	0.00506539	0.0050656	0.00405388	0.00304362	0.00302209	0.00404547
Chthonomonadaceae	0.00101139	0.00101065	0.00101642	0.00101268	0.00101401	0.00101289	0.00101525	0.00101208	0.00101604	0.00101812	0.00101488	0.00101548	0.00101344	0.00101524	0.00101437	0.00101422	0	0.00101696	0.00101706	0.0010117	0.00101353	0.00101577	0.00101536	0.00101262	0.00101564	0	0.00101372	0.00101264	0.00101174	0.0010168	0.00101747	0.00101339	0.00102164	0.00204102	0.00102183	0.00101704	0.00101763	0.00101699	0.0010176	0.00101801	0.00101238	0.00101662	0.00101308	0.00101312	0.00101347	0.00101454	0.00100736	0.00101137
Vulcanimicrobiaceae	0.00809111	0.00909587	0.0101642	0.0101268	0.00912612	0.00911605	0.00812199	0.00708459	0.0071123	0.00712686	0.00710415	0.00609286	0.00810751	0.00710667	0.00608624	0.00608532	0.00404903	0.00711874	0.00610234	0.00505848	0.00709471	0.00609465	0.00609217	0.0060757	0.00609385	0.00506914	0.00506858	0.00506319	0.00505868	0.00813438	0.00712229	0.00608032	0.00817311	0.00918461	0.00715278	0.00813628	0.008141	0.00813595	0.00814084	0.00814407	0.00911143	0.00813297	0.00911771	0.00911808	0.00709428	0.00710177	0.00503682	0.00809094
Spiroplasmataceae	0.00101139	0.0020213	0.00101642	0.00101268	0.00202803	0.00202579	0.0020305	0.00202417	0.00203209	0.00101812	0.00202976	0.00203095	0.00101344	0.00101524	0.00202875	0.00202844	0.00101226	0.00101696	0.00101706	0.0010117	0.00101353	0.00101577	0.00101536	0.00101262	0.00101564	0.00101383	0.00101372	0.00101264	0.00101174	0.0010168	0.00101747	0.00101339	0.00204328	0.00204102	0.00204365	0.00203407	0.00203525	0.00203399	0.0010176	0.00203602	0.00202476	0.00203324	0.00202616	0.00202624	0.00202694	0.00202908	0.00100736	0.00101137
Entomoplasmataceae	0	0	0	0	0	0	0	0	0	0	0	0	0	0	0	0	0	0	0	0	0	0	0	0	0	0	0	0	0	0	0	0	0	0	0	0	0	0	0	0	0	0.00101662	0	0	0	0	0	0
Mycoplasmataceae	0.00101139	0.00101065	0.00101642	0.00101268	0.00101401	0.00202579	0.00101525	0.00202417	0.00203209	0.00203625	0.00202976	0.00203095	0.00202688	0.00203048	0.00101437	0.00202844	0.00101226	0.00203393	0.00101706	0.0010117	0.00101353	0.00101577	0.00203072	0.00101262	0.00203128	0.00101383	0.00101372	0.00101264	0.00101174	0.0010168	0.00101747	0.00101339	0.00204328	0.00204102	0.00204365	0.00203407	0.00203525	0.00203399	0.0010176	0.00203602	0.00202476	0.00203324	0.00202616	0.00202624	0.00202694	0.00202908	0.00100736	0.00101137
Acholeplasmataceae	0.00101139	0.00101065	0.00101642	0.00101268	0.00101401	0.00101289	0.00101525	0.00101208	0.00101604	0	0.00101488	0.00101548	0	0.00101524	0.00101437	0	0	0.00101696	0.00101706	0	0	0	0.00101536	0	0.00101564	0	0	0	0	0	0	0	0.00102164	0.00102051	0.00102183	0.00101704	0.00101763	0.00101699	0.0010176	0.00101801	0.00101238	0.00101662	0.00101308	0.00101312	0.00101347	0.00101454	0	0
Candidatus Izemoplasmataceae	0	0	0	0	0	0	0	0	0	0	0	0	0	0	0	0	0	0	0	0	0	0	0	0	0	0	0	0	0	0	0	0	0	0	0	0	0	0	0	0	0	0	0	0	0	0	0	0
Metamycoplasmataceae	0.00101139	0.0020213	0.00203283	0.00101268	0.00202803	0.00202579	0.0020305	0.00202417	0.00203209	0.00203625	0.00202976	0.00203095	0.00101344	0.00101524	0.00202875	0.00202844	0.00101226	0.00203393	0.00203411	0.0010117	0.00101353	0.00203155	0.00203072	0.00101262	0.00203128	0.00101383	0.00101372	0.00101264	0.00101174	0.0010168	0.00203494	0.00101339	0.00204328	0.00204102	0.00204365	0.00203407	0.00203525	0.00203399	0.00203521	0.00203602	0.00202476	0.00203324	0.00303924	0.00202624	0.00202694	0.00202908	0.00100736	0.00101137
Mycoplasmoidaceae	0	0	0	0	0	0	0	0	0	0	0	0	0	0	0	0	0	0	0	0	0	0	0	0	0	0	0	0	0	0	0	0	0	0	0	0	0	0	0	0	0	0	0	0	0	0	0	0
Nitrobacteraceae	8.02132	8.69262	9.45063	9.61437	9.66659	8.51945	8.42758	7.22122	9.05803	10.5549	8.93905	11.1621	8.15514	8.37775	7.59157	8.89369	5.69193	9.53606	6.47153	6.39088	6.80383	6.77928	6.57143	7.92069	5.57688	7.07551	7.21765	4.78674	5.60198	7.29349	7.62288	7.33793	8.47245	9.39382	7.88339	7.62878	7.76855	7.49931	8.57434	7.03749	10.8375	13.4123	13.8204	12.5819	11.1482	10.5776	50.0892	10.0985
Rhizobiaceae	2.20786	1.88891	1.84174	1.90181	1.7005	1.86778	1.90359	2.18509	1.91727	2.15435	2.04295	1.53134	1.42084	1.399	1.48301	2.94732	1.54369	2.08579	1.76968	2.2409	1.86591	1.71768	2.25207	1.96853	2.48324	2.19494	1.79935	1.77313	2.13173	2.10375	2.36562	1.97306	1.72453	1.33279	1.44895	1.54386	1.8185	1.80415	1.32187	1.93523	4.45752	2.10949	2.43544	2.43554	3.56437	3.78626	3.20946	15.6003
Phyllobacteriaceae	1.87815	1.95864	1.50023	1.56256	1.60518	1.39374	1.70054	1.75091	2.01177	1.84891	2.30682	1.55266	1.7644	1.87921	1.75588	1.44526	3.12484	2.59732	2.30668	3.08264	2.17808	2.60851	2.28964	3.53302	2.12675	4.2378	2.62958	2.49818	2.7327	3.17241	3.19079	3.32594	1.59478	1.32565	1.57668	1.67099	1.16111	1.436	1.48774	1.60845	1.64512	1.63981	1.46289	1.56628	1.93877	2.64186	0.902598	1.44626
Methylobacteriaceae	0.716063	0.640754	0.795853	0.715964	0.726034	0.733335	0.679202	0.69429	0.942888	0.924455	0.845393	0.698647	0.865476	0.805084	0.897721	0.825575	0.553705	0.641704	0.893992	0.71628	0.90711	0.778084	0.81229	0.678454	0.656104	0.712722	0.806918	0.724036	0.755767	0.738195	0.736648	0.748893	0.881674	0.788856	0.756151	0.885838	0.971832	0.941736	0.733693	0.798119	0.757261	0.811264	0.858078	0.881414	0.702334	0.756846	0.458351	0.677616
Reyranellaceae	0.443999	0.672084	0.518372	0.522542	0.526273	0.428454	0.368535	0.394713	0.55476	0.339035	0.58051	0.467119	0.368892	0.367516	0.356045	0.447271	0.214599	0.451532	0.415976	0.467403	0.35879	0.477414	0.382792	0.419224	0.236644	0.5059	0.636613	0.351385	0.539255	0.367064	0.428355	0.234092	0.429088	0.461272	0.393403	0.48716	0.309358	0.524769	0.430447	0.423492	1.09135	1.0949	0.995857	0.946254	0.931378	0.987146	0.433166	0.766617
Devosiaceae	0.420738	0.425485	0.341515	0.291651	0.306232	0.278546	0.506609	0.743882	0.293637	0.316636	0.362311	0.27824	0.257413	0.245688	0.314456	0.272825	0.353278	0.345767	0.443436	0.424912	0.357776	0.437799	0.449806	0.473905	0.676417	0.540371	0.391294	0.424295	0.55342	0.392484	0.394778	0.486426	0.290145	0.271456	0.292242	0.363082	0.223878	0.324421	0.311387	0.271808	0.278405	0.554059	0.25023	0.309002	0.40032	0.394655	0.268966	0.260933
Xanthobacteraceae	0.38635	0.409314	0.414697	0.418236	0.43197	0.405158	0.442649	0.381556	0.401337	0.453065	0.427264	0.382834	0.436792	0.385791	0.281996	0.382361	0.242942	0.627466	0.318339	0.329813	0.290883	0.326064	0.299532	0.395933	0.284379	0.297052	0.39028	0.221768	0.386483	0.35893	0.32966	0.299963	0.336119	0.390856	0.33005	0.370201	0.298164	0.360016	0.326651	0.316601	0.59933	0.715702	0.67775	0.718302	0.502681	0.519444	0.314298	0.565355
Boseaceae	0.369157	0.41841	0.311023	0.327095	0.304204	0.342358	0.322849	0.488837	0.304813	0.310527	0.331865	0.305658	0.315179	0.215231	0.332715	0.367147	0.269261	0.229834	0.303083	0.435029	0.284802	0.41342	0.29547	0.290621	0.413366	0.453181	0.422719	0.355436	0.403683	0.326392	0.32559	0.292869	0.222717	0.202061	0.213562	0.264429	0.218789	0.23696	0.198433	0.231088	0.306752	0.344635	0.560233	0.326225	0.459101	0.600607	0.181325	0.320604
Stappiaceae	0.183061	0.345643	0.212431	0.216713	0.379241	0.214734	0.191882	0.173066	0.19	0.17919	0.160351	0.163492	0.180392	0.166499	0.157228	0.16836	0.114385	0.317292	0.313253	0.144672	0.170273	0.159477	0.166519	0.163031	0.148284	0.123687	0.169291	0.13063	0.141643	0.304022	0.298119	0.159102	0.189003	0.208185	0.334137	0.21968	0.171979	0.204416	0.177063	0.316601	0.254108	0.274488	0.285688	0.29887	0.200667	0.214068	0.120884	0.217444
Hyphomicrobiaceae	0.132492	0.159683	0.158561	0.175193	0.176438	0.190424	0.145181	0.144728	0.109733	0.20057	0.0943837	0.197002	0.0942498	0.0873105	0.0872361	0.092294	0.149814	0.123053	0.122047	0.0890292	0.106421	0.0975144	0.107628	0.095186	0.180784	0.064885	0.0932618	0.0708846	0.0829624	0.110831	0.0986946	0.105392	0.100121	0.114297	0.161449	0.330536	0.0844629	0.259333	0.217767	0.112999	0.501129	0.31007	0.30595	0.353579	0.395253	0.455528	0.155134	0.447025
Aurantimonadaceae	0.15272	0.159683	0.173807	0.312918	0.177452	0.30083	0.273102	0.148776	0.297701	0.154755	0.139038	0.136074	0.158096	0.23249	0.143027	0.143005	0.108312	0.155595	0.15561	0.133544	0.267572	0.140177	0.263994	0.144804	0.141174	0.205807	0.149016	0.120504	0.134561	0.145402	0.145498	0.140861	0.278907	0.171446	0.16247	0.189169	0.149591	0.170855	0.151623	0.157791	0.197414	0.206374	0.21072	0.217821	0.161142	0.17653	0.0956996	0.166876
Methylocystaceae	0.238688	0.134417	0.286629	0.147851	0.15413	0.15396	0.131982	0.21355	0.124973	0.13032	0.205005	0.10764	0.217889	0.117768	0.18563	0.217043	0.086042	0.150511	0.118996	0.096111	0.115542	0.109704	0.109659	0.231889	0.109689	0.0902307	0.118605	0.163035	0.0859976	0.122016	0.126166	0.229025	0.119532	0.266354	0.115466	0.112891	0.204543	0.115937	0.108884	0.108927	0.189315	0.220607	0.241113	0.510612	0.146953	0.164355	0.111817	0.183058
Beijerinckiaceae	0.0707972	0.0788309	0.0863953	0.0840523	0.0912612	0.0881218	0.0781742	0.0647734	0.070107	0.0794136	0.0578481	0.0609286	0.0668869	0.0670058	0.0507187	0.0689669	0.0496007	0.0935606	0.0681428	0.0536198	0.0638524	0.062978	0.0619371	0.068858	0.065001	0.0547467	0.0709601	0.047594	0.0465399	0.0732094	0.0752928	0.0668835	0.0653849	0.0785794	0.0592659	0.057971	0.0580046	0.0569517	0.0569859	0.0570085	0.111362	0.131144	0.142844	0.151968	0.0871583	0.0963811	0.0644713	0.107205
Phreatobacteraceae	0.0505694	0.0555859	0.0569192	0.059748	0.0618548	0.057735	0.0517777	0.04858	0.0609626	0.0539605	0.0487141	0.0487428	0.057766	0.046701	0.0486899	0.0527394	0.035429	0.0528821	0.0518699	0.0424912	0.0506765	0.0477414	0.0487374	0.0486056	0.0416413	0.0375117	0.0466309	0.0374676	0.0424929	0.0477895	0.0508735	0.0466158	0.0551685	0.0581692	0.0551786	0.0640732	0.0518989	0.0589857	0.0498626	0.0549725	0.0759286	0.0772633	0.0830725	0.084089	0.0638485	0.0679741	0.0402946	0.0637162
Alsobacteraceae	0.0414669	0.0323409	0.0548864	0.0425325	0.0415746	0.0445673	0.0375642	0.047568	0.0589305	0.0641417	0.0395802	0.0396036	0.0526988	0.0538077	0.0608624	0.0456399	0.0496007	0.0437294	0.0671257	0.0424912	0.0516901	0.0487572	0.0578757	0.0394921	0.0477351	0.0435946	0.0608229	0.0394929	0.0354108	0.0427055	0.0468036	0.0587764	0.0337141	0.0285743	0.029633	0.0325451	0.032564	0.0335608	0.0305281	0.0305403	0.0394829	0.0426981	0.0466016	0.0445773	0.032431	0.0385525	0.0201473	0.0343865
Ahrensiaceae	0.0455125	0.04649	0.0498043	0.0506339	0.0517147	0.0506447	0.044671	0.0414955	0.0457219	0.0386887	0.0385654	0.0385881	0.041551	0.0375638	0.0385462	0.0395546	0.0283432	0.0427124	0.0427164	0.036421	0.0415548	0.0396152	0.0395991	0.0415173	0.0375787	0.0304149	0.0405486	0.033417	0.0364225	0.0427055	0.0406988	0.0385087	0.0439304	0.0489846	0.047004	0.0518688	0.0417226	0.0477987	0.0427394	0.0447924	0.0587181	0.0599807	0.0617978	0.0648397	0.0466196	0.0507269	0.0271988	0.049557
Parvibaculaceae	0.049558	0.0545752	0.0579357	0.0627861	0.0638829	0.0607736	0.0568539	0.0465559	0.0528343	0.0519243	0.0446546	0.0456964	0.0456047	0.0436553	0.0426037	0.0446257	0.0303678	0.0579669	0.0488187	0.036421	0.0456089	0.0426625	0.0446759	0.0445552	0.0385944	0.0304149	0.0466309	0.0324044	0.0374342	0.0498231	0.0457861	0.044589	0.0541468	0.0602102	0.0541568	0.058988	0.0468108	0.0549177	0.0508802	0.0509004	0.0749162	0.0792965	0.0820594	0.0861152	0.0557408	0.0568141	0.0372725	0.0606821
Brucellaceae	0.0637175	0.0828735	0.0731819	0.0668368	0.0811211	0.0648252	0.0730979	0.131571	0.0640107	0.0702505	0.0629224	0.0609286	0.0608063	0.0527924	0.0486899	0.0557821	0.0526374	0.0671196	0.0620404	0.0607017	0.0557442	0.0619623	0.0558449	0.0708832	0.114767	0.0892169	0.0648778	0.0536698	0.0698098	0.0660918	0.0620657	0.0962717	0.0633416	0.0653128	0.0643751	0.0722095	0.0529165	0.0640706	0.0590211	0.0671886	0.105288	0.115895	0.0932033	0.128666	0.0658755	0.0821776	0.0433166	0.0829322
Amorphaceae	0.0343872	0.0353728	0.0386238	0.0394945	0.0405605	0.0405158	0.0355337	0.0313746	0.0396257	0.0346162	0.0324761	0.0314798	0.0364838	0.0335029	0.03246	0.0334692	0.0232819	0.0345767	0.0345799	0.0283275	0.03446	0.0325048	0.0314762	0.0324038	0.0284379	0.0243319	0.0314252	0.0263286	0.0273169	0.0325375	0.032559	0.0304016	0.0378006	0.0398	0.0398512	0.0406814	0.0366345	0.0396628	0.0345986	0.0366483	0.0445448	0.0447314	0.0466016	0.0466035	0.0364849	0.0385525	0.022162	0.0364092
Kaistiaceae	0.0353986	0.0454794	0.0447223	0.0435452	0.0446166	0.0415287	0.0355337	0.035423	0.0335294	0.033598	0.0294315	0.0314798	0.03243	0.0304572	0.0294168	0.0365119	0.0445394	0.0355937	0.0345799	0.0394561	0.0314194	0.0477414	0.0324916	0.0374668	0.0304692	0.0304149	0.0516995	0.033417	0.034399	0.0335543	0.0427337	0.031415	0.0316708	0.0357179	0.0347421	0.0366133	0.0295111	0.0366118	0.0345986	0.0325763	0.0485943	0.0508311	0.0476147	0.0526822	0.0445926	0.0608723	0.0241767	0.049557
Pleomorphomonadaceae	0.0394441	0.0404261	0.0447223	0.0465832	0.0476586	0.0445673	0.0416252	0.036435	0.0426738	0.0397068	0.0355207	0.0345262	0.0395241	0.0365486	0.0344887	0.0365119	0.0253065	0.0427124	0.0396652	0.0313626	0.0375006	0.0365679	0.0375684	0.0364542	0.0335161	0.0273734	0.0385212	0.0283539	0.0313638	0.0376215	0.0356114	0.0354685	0.0418872	0.0449025	0.0418949	0.0478007	0.0376521	0.0457647	0.0396866	0.0417384	0.0546686	0.0599807	0.0597717	0.0648397	0.0435792	0.0446397	0.0251841	0.0445002
Blastochloridaceae	0.0303416	0.0333515	0.0376074	0.0374691	0.0395465	0.03849	0.032488	0.0283384	0.0325134	0.0295256	0.025372	0.0253869	0.0304031	0.0284267	0.0253593	0.0294124	0.0192329	0.0294919	0.0274605	0.023269	0.0273653	0.0243786	0.0263994	0.026328	0.0233597	0.0192627	0.0253429	0.0192401	0.0212465	0.0274535	0.0264542	0.0243213	0.0326924	0.0346974	0.029633	0.0355962	0.0274759	0.0315268	0.0284929	0.0305403	0.0496067	0.0528643	0.0597717	0.0628134	0.0374984	0.0415961	0.0261915	0.0434888
Chelatococcaceae	0.0283189	0.0303196	0.0315089	0.0324057	0.0344765	0.0334255	0.028427	0.0263142	0.0325134	0.0305437	0.0263868	0.0264024	0.03243	0.0263962	0.0284025	0.0283981	0.0202452	0.028475	0.0315287	0.0242807	0.0293924	0.0264101	0.0284301	0.026328	0.0233597	0.0202766	0.028384	0.022278	0.0252934	0.0284703	0.0284892	0.0263481	0.0337141	0.0336769	0.0306548	0.0355962	0.0295111	0.0335608	0.0284929	0.0295222	0.0404953	0.0416815	0.0455885	0.0455904	0.0334445	0.0365234	0.0211546	0.0353979
Salinarimonadaceae	0.0212392	0.0212237	0.0233775	0.0232916	0.0243363	0.0232966	0.020305	0.0182175	0.0254011	0.0223987	0.0202976	0.019294	0.025336	0.0223353	0.0233306	0.0212986	0.0141716	0.0203393	0.0223752	0.0182105	0.0233112	0.0192997	0.0203072	0.0192397	0.0172659	0.0141936	0.0202743	0.0162022	0.0182113	0.0203359	0.0203494	0.0202677	0.0245193	0.0234718	0.0245238	0.02746	0.024423	0.0264418	0.0223873	0.0234142	0.0283467	0.029482	0.0303924	0.0314067	0.0222963	0.0243489	0.0141031	0.0222501
Terrirubraceae	0.0171936	0.0171811	0.0193119	0.0202536	0.0192663	0.019245	0.016244	0.0161933	0.0182888	0.01629	0.0152232	0.0152321	0.0182419	0.0142133	0.0142012	0.0152133	0.0111348	0.0172884	0.01729	0.0151754	0.0162165	0.0162524	0.0182765	0.0172145	0.014219	0.0131798	0.0172332	0.0121517	0.0161878	0.0162688	0.017297	0.0172276	0.0173679	0.0193897	0.017371	0.0213577	0.0152644	0.0193229	0.0152641	0.0173061	0.0253095	0.0284654	0.0283662	0.0293805	0.0202694	0.0233344	0.0161178	0.0222501
Ancalomicrobiaceae	0.0192164	0.0212237	0.0223611	0.0222789	0.0223083	0.0222837	0.020305	0.0172054	0.0213369	0.0193443	0.0172529	0.0162476	0.0202688	0.0172591	0.0172444	0.0182559	0.0121471	0.0193223	0.0193241	0.0141637	0.0182436	0.0162524	0.0172612	0.0162019	0.0152346	0.0131798	0.0172332	0.0131643	0.0141643	0.0172856	0.017297	0.0162142	0.0204328	0.0214308	0.0194147	0.0223748	0.0193349	0.0203399	0.0183169	0.0193422	0.0273343	0.029482	0.0303924	0.0314067	0.0222963	0.0243489	0.0151105	0.0232615
Methylopilaceae	0.0171936	0.0171811	0.0193119	0.0192409	0.0192663	0.0182321	0.0172592	0.0151813	0.0203209	0.0193443	0.0182678	0.0162476	0.0182419	0.0152286	0.0172444	0.0182559	0.0121471	0.0172884	0.018307	0.0182105	0.0192571	0.0162524	0.0162458	0.0182271	0.0223441	0.0223042	0.0172332	0.0172148	0.0202347	0.0172856	0.017297	0.0172276	0.0183895	0.0193897	0.0183929	0.0193237	0.0183173	0.0193229	0.0172993	0.0173061	0.0232848	0.0233823	0.0243139	0.0263411	0.0202694	0.0223198	0.0141031	0.019216
Lichenihabitantaceae	0.013148	0.0141491	0.0152462	0.0151902	0.0152102	0.0151934	0.0142135	0.012145	0.0121925	0.0142537	0.0111637	0.0121857	0.0121613	0.0121829	0.0101437	0.0121706	0.00911033	0.0152544	0.0122047	0.010117	0.0121624	0.0121893	0.011169	0.0121514	0.011172	0.0101383	0.0131783	0.00911374	0.00910563	0.0132184	0.0132271	0.0121606	0.0132813	0.0153077	0.0122619	0.0132215	0.0122115	0.0132209	0.0122113	0.0122161	0.0182229	0.0203324	0.0222877	0.0243149	0.015202	0.0152181	0.011081	0.0171933
Aestuariivirgaceae	0.00809111	0.0101065	0.0101642	0.00911411	0.0101401	0.0111418	0.00812199	0.00809667	0.0132086	0.0142537	0.0121785	0.0243714	0.0141881	0.0101524	0.0111581	0.0141991	0.00708581	0.0101696	0.018307	0.010117	0.0141894	0.0132051	0.0152304	0.0121514	0.00812513	0.0101383	0.021288	0.00708846	0.0121408	0.0122016	0.0142446	0.0141874	0.0153246	0.0112256	0.017371	0.0183066	0.0101763	0.0152549	0.0132289	0.0152701	0.0161981	0.0152493	0.01317	0.0182362	0.0101347	0.0121745	0.00805891	0.0171933
Rhodoligotrophaceae	0.00707972	0.00808522	0.00813132	0.00911411	0.00912612	0.00911605	0.00812199	0.00607251	0.0071123	0.00712686	0.00608927	0.00609286	0.00608063	0.00609143	0.00507187	0.00608532	0.00404903	0.00711874	0.00610234	0.00607017	0.00608118	0.00609465	0.00609217	0.0060757	0.00609385	0.00506914	0.00608229	0.00405055	0.00505868	0.00711758	0.00712229	0.00608032	0.00715147	0.0081641	0.00715278	0.00711925	0.00712338	0.00711896	0.00610563	0.00712606	0.00911143	0.0091496	0.0111439	0.0111443	0.00709428	0.00811631	0.00503682	0.00809094
Afifellaceae	0.00809111	0.00909587	0.00914774	0.0101268	0.00912612	0.00911605	0.00812199	0.00809667	0.00812835	0.00712686	0.00710415	0.00710833	0.00810751	0.00710667	0.00710062	0.00709954	0.00506129	0.0081357	0.00813645	0.00607017	0.00709471	0.00711042	0.00710754	0.00708832	0.00609385	0.00506914	0.00709601	0.00506319	0.00607042	0.00711758	0.00813976	0.00608032	0.00817311	0.00918461	0.00817461	0.00915332	0.00712338	0.00813595	0.00712323	0.00814407	0.0111362	0.0111828	0.0121569	0.0131706	0.00810775	0.0101454	0.00503682	0.00910231
Cohaesibacteraceae	0.00505694	0.00606391	0.00609849	0.00607607	0.00608408	0.00506447	0.00507625	0.00506042	0.00508022	0.00407249	0.00405951	0.0040619	0.00405375	0.00406095	0.00405749	0.00405688	0.00303678	0.00508481	0.00508528	0.00404678	0.00506765	0.0040631	0.00507681	0.00506309	0.0050782	0.00405531	0.00405486	0.00303791	0.00404694	0.00406719	0.00508735	0.00405355	0.00510819	0.00510256	0.00510913	0.00508518	0.0040705	0.00508497	0.00508802	0.00407203	0.00708667	0.00711635	0.00810463	0.00911808	0.00608081	0.00608723	0.00402946	0.00606821
Bartonellaceae	0.00404555	0.00404261	0.00508208	0.00405071	0.00507007	0.00405158	0.004061	0.00404834	0.00406417	0.00407249	0.00405951	0.0040619	0.00304031	0.00304572	0.00304312	0.00405688	0.00303678	0.00406785	0.00406822	0.00303509	0.00304059	0.00304732	0.00304609	0.00303785	0.00406256	0.00405531	0.00405486	0.00303791	0.00303521	0.00406719	0.00406988	0.00304016	0.00408655	0.00408205	0.00306548	0.00406814	0.00305288	0.00406798	0.00305281	0.00407203	0.00506191	0.00508311	0.00506539	0.00607872	0.00405388	0.00405815	0.00201473	0.00505684
Salaquimonadaceae	0.00202278	0.0020213	0.00203283	0.00303804	0.00304204	0.00303868	0.0020305	0.00202417	0.00203209	0.00203625	0.00202976	0.00203095	0.00202688	0.00203048	0.00202875	0.00202844	0.00101226	0.00203393	0.00203411	0.00202339	0.00202706	0.00203155	0.00203072	0.00202523	0.00203128	0.00202766	0.00202743	0.00202528	0.00202347	0.00203359	0.00203494	0.00202677	0.00204328	0.00204102	0.00204365	0.00203407	0.00203525	0.00203399	0.00203521	0.00203602	0.00303714	0.00406649	0.00405232	0.00405248	0.00304041	0.00304362	0.00201473	0.0030341
Coralliovaceae	0.00101139	0.0020213	0.00203283	0.00202536	0.00202803	0.00101289	0.00101525	0.00101208	0.00101604	0.00101812	0.00101488	0.00101548	0.00101344	0.00101524	0.00101437	0.00101422	0.00101226	0.00203393	0.00203411	0.0010117	0.00101353	0.00101577	0.00101536	0.00101262	0.00101564	0.00101383	0.00101372	0.00101264	0.00101174	0.0010168	0.00101747	0.00101339	0.00204328	0.00102051	0.00102183	0.00203407	0.00101763	0.00101699	0.0010176	0.00101801	0.00202476	0.00203324	0.00202616	0.00202624	0.00202694	0.00202908	0.00100736	0.00202274
Sphingomonadaceae	1.75172	1.63422	1.44229	1.34788	1.35472	1.45654	1.79699	1.86426	1.63786	1.63001	1.7192	1.13124	1.40057	1.87819	1.75081	1.22011	1.8666	1.53663	1.8785	1.75529	1.69766	1.77659	1.92005	2.03941	2.45684	1.68296	1.42528	1.98781	1.32436	2.00818	1.99831	2.32876	1.37206	1.36749	1.6104	1.36995	1.47047	1.48074	1.39412	1.39264	1.13083	1.15285	1.20252	1.44268	1.31548	1.07947	0.66486	1.10644
Erythrobacteraceae	0.371179	0.378995	0.340499	0.329121	0.345779	0.358565	0.432496	0.503006	0.330214	0.307473	0.322731	0.246761	0.28579	0.300511	0.338801	0.264711	0.265212	0.286784	0.307151	0.272146	0.286829	0.295591	0.309686	0.311886	0.353443	0.243319	0.247347	0.289614	0.227641	0.316224	0.309311	0.332391	0.268691	0.270436	0.297351	0.305111	0.290023	0.294928	0.280859	0.29115	0.269293	0.283637	0.290754	0.293805	0.257421	0.250591	0.158156	0.262956
Sphingopyxidaceae	0.24071	0.291068	0.208365	0.194434	0.193677	0.203592	0.246706	0.319819	0.200161	0.183262	0.197901	0.151306	0.184446	0.195941	0.190702	0.16836	0.171072	0.18407	0.206462	0.188175	0.198652	0.202139	0.19495	0.231889	0.269145	0.288941	0.171318	0.250122	0.204371	0.233863	0.219774	0.230039	0.179808	0.17961	0.193125	0.194254	0.191314	0.193229	0.175028	0.178152	0.173117	0.181975	0.178302	0.182362	0.204721	0.288129	0.103758	0.158785
Sphingobiaceae	0.280155	0.281972	0.275448	0.25722	0.274798	0.267404	0.279193	0.279335	0.305829	0.292201	0.308523	0.228482	0.271601	0.288328	0.272867	0.245441	0.221685	0.279665	0.271554	0.23269	0.260477	0.264101	0.247748	0.303785	0.291489	0.241291	0.237209	0.236957	0.217523	0.289787	0.280822	0.289829	0.266648	0.262272	0.276915	0.259344	0.276794	0.266452	0.253384	0.252466	0.257145	0.278554	0.286701	0.279621	0.240192	0.25262	0.155134	0.245762
Sphingosinicellaceae	0.0768655	0.0768096	0.0772475	0.0789889	0.0780791	0.0779928	0.0751284	0.071858	0.0802674	0.0733048	0.0710415	0.0609286	0.0729675	0.0812191	0.0750637	0.0618674	0.0597232	0.0752553	0.0844157	0.0627251	0.0739877	0.0711042	0.0751368	0.0749337	0.0761731	0.0567744	0.0658915	0.0627835	0.0607042	0.0864278	0.0773277	0.0841111	0.0827527	0.085723	0.0899207	0.087465	0.0885334	0.0894955	0.0793732	0.0804227	0.076941	0.0772633	0.0850986	0.0800365	0.0628351	0.0608723	0.0413019	0.0647275
Rhizorhabdaceae	0.0849566	0.0707457	0.0731819	0.0729129	0.073009	0.0709026	0.0700522	0.071858	0.0833156	0.0702505	0.0903242	0.0578821	0.0760079	0.0791886	0.0750637	0.0618674	0.0607355	0.0722044	0.0833986	0.0607017	0.0689201	0.081262	0.0710754	0.0941734	0.0751574	0.0567744	0.0719738	0.0617709	0.072845	0.085411	0.0885199	0.0830977	0.0807094	0.0724564	0.0919644	0.0793288	0.0864981	0.0986484	0.0763203	0.0743146	0.0617553	0.0609973	0.0729417	0.0688922	0.0608081	0.0537705	0.0352577	0.0596707
Sphingomicrobiaceae	0.0333758	0.0313302	0.0274432	0.0273423	0.0253503	0.028361	0.0304575	0.036435	0.0335294	0.0264712	0.0314612	0.0203095	0.0273628	0.0375638	0.0355031	0.0212986	0.03138	0.026441	0.0376311	0.0293392	0.03446	0.0345363	0.0385838	0.0354416	0.0436726	0.0253457	0.0273703	0.0354423	0.0273169	0.0416887	0.0386639	0.0466158	0.0286059	0.0285743	0.0388294	0.0386473	0.0447755	0.0406798	0.033581	0.0315583	0.0182229	0.0193158	0.0192485	0.0192493	0.017229	0.0162326	0.011081	0.0171933
Sphingorhabdaceae	0.0262961	0.0282983	0.0264268	0.025317	0.0273784	0.0263352	0.0274117	0.0293504	0.0274332	0.0264712	0.0263868	0.0223405	0.0233091	0.0284267	0.0253593	0.0223128	0.0212574	0.026441	0.0264435	0.0222573	0.0243247	0.0253944	0.0253841	0.0253154	0.0284379	0.0212904	0.0233155	0.022278	0.0202347	0.0274535	0.0284892	0.0283748	0.0245193	0.0244923	0.0275893	0.0254259	0.0264583	0.0264418	0.0244225	0.0244322	0.0253095	0.0274488	0.0273531	0.0273542	0.0222963	0.0213053	0.0141031	0.0232615
Blastomonadaceae	0.0151708	0.0151598	0.0142298	0.0131648	0.0141962	0.0141805	0.0142135	0.0131571	0.0142246	0.0132356	0.0142083	0.0121857	0.0131747	0.0142133	0.0131869	0.0111564	0.0111348	0.0132205	0.0152558	0.0121403	0.0121624	0.0142208	0.0142151	0.0141766	0.0152346	0.0111521	0.0111509	0.011139	0.0111291	0.0132184	0.0142446	0.0141874	0.0132813	0.0142872	0.0143056	0.0142385	0.0152644	0.0132209	0.0132289	0.0132341	0.013161	0.0142327	0.0151962	0.0141837	0.0121616	0.0121745	0.00805891	0.0121364
Parasphingopyxidaceae	0.00707972	0.00808522	0.00711491	0.00810143	0.0070981	0.00709026	0.00710674	0.00708459	0.00812835	0.00610874	0.00710415	0.00609286	0.00709407	0.00812191	0.00811499	0.0050711	0.00607355	0.00711874	0.00813645	0.00607017	0.00709471	0.00711042	0.0081229	0.00708832	0.00812513	0.00608297	0.00608229	0.00607583	0.00607042	0.00813438	0.00813976	0.00810709	0.00715147	0.00714359	0.00817461	0.00813628	0.00915863	0.00813595	0.00610563	0.00712606	0.00708667	0.00711635	0.00709155	0.00709184	0.00608081	0.00507269	0.00402946	0.00606821
Aquisediminimonadaceae	0.00202278	0.0020213	0.00203283	0.00202536	0.00202803	0.00202579	0.0020305	0.00202417	0.00203209	0.00203625	0.00202976	0.00203095	0.00202688	0.00203048	0.00202875	0.00202844	0.00202452	0.00203393	0.00203411	0.00202339	0.00202706	0.00203155	0.00203072	0.00202523	0.00203128	0.00101383	0.00202743	0.00202528	0.00101174	0.00203359	0.00203494	0.00202677	0.00204328	0.00204102	0.00204365	0.00101704	0.00203525	0.00203399	0.00203521	0.00203602	0.00202476	0.00203324	0.00202616	0.00303936	0.00202694	0.00202908	0.00100736	0.00202274
Zymomonadaceae	0.00101139	0.00101065	0.00101642	0.00101268	0.00101401	0.00101289	0.00101525	0.00101208	0.00101604	0.00101812	0.00101488	0.00101548	0.00101344	0.00101524	0.00101437	0.00101422	0.00101226	0.00101696	0.00101706	0.0010117	0.00101353	0.00101577	0.00101536	0.00101262	0.00101564	0.00101383	0.00101372	0.00101264	0.00101174	0.0010168	0.00101747	0.00101339	0.00102164	0.00102051	0.00102183	0.00101704	0.00101763	0.00101699	0.0010176	0.00101801	0.00101238	0.00101662	0.00101308	0.00101312	0.00101347	0.00101454	0.00100736	0.00101137
Paracoccaceae	0.521876	0.529582	0.571225	0.601531	0.594212	0.572285	0.515747	0.511103	0.585241	0.527387	0.521647	0.548357	0.564485	0.481223	0.588337	0.524351	0.377572	0.505431	0.525818	0.476508	0.593929	0.514998	0.491435	0.477955	0.452976	0.372075	0.550448	0.465813	0.478551	0.521617	0.508735	0.462104	0.534317	0.542913	0.556895	0.592932	0.52713	0.585789	0.528137	0.571103	0.634763	0.632339	0.616965	0.658528	0.510788	0.569156	0.31732	0.538048
Roseobacteraceae	0.398487	0.408304	0.439091	0.456718	0.456306	0.442635	0.395947	0.375483	0.427754	0.39605	0.377535	0.386896	0.409429	0.372593	0.403721	0.378304	0.275334	0.390514	0.391567	0.338918	0.414534	0.373805	0.364515	0.353403	0.335161	0.277789	0.389267	0.323031	0.332861	0.382316	0.375446	0.350632	0.406612	0.425554	0.417927	0.439359	0.393821	0.438324	0.400936	0.426546	0.492017	0.493062	0.482226	0.515678	0.390186	0.421033	0.257885	0.423763
Caulobacteraceae	0.716063	0.825703	0.62103	0.59748	0.623618	0.608749	0.725903	0.738822	0.631979	0.716758	0.728682	0.670214	0.605023	0.592899	0.615725	0.594333	0.441345	0.736281	0.651933	0.642426	0.638524	0.602355	0.709738	0.652125	0.605322	0.678251	0.626476	0.540749	0.58276	0.655834	0.66746	0.712411	0.737623	0.57863	0.613096	0.613272	0.539341	0.699692	0.609545	0.597571	0.598317	0.631322	0.6352	0.654475	0.762129	0.740613	0.355599	0.555241
Azospirillaceae	0.294314	0.289047	0.319154	0.329121	0.321442	0.323113	0.282239	0.278323	0.456203	0.339035	0.399862	0.279256	0.368892	0.340105	0.438209	0.326579	0.242942	0.324411	0.342748	0.294403	0.378047	0.282385	0.341162	0.322012	0.323989	0.223042	0.280799	0.256197	0.261028	0.341644	0.331695	0.413462	0.339184	0.332687	0.308592	0.308162	0.338869	0.345778	0.300193	0.323727	0.349272	0.365984	0.383957	0.388025	0.283771	0.300303	0.184348	0.305433
Rhodospirillaceae	0.0748427	0.0879267	0.0884281	0.0962045	0.0932893	0.109393	0.0771589	0.071858	0.0812835	0.0794136	0.075101	0.0710833	0.073981	0.0751277	0.0699918	0.0730238	0.0506129	0.0844079	0.0742451	0.0607017	0.0739877	0.0670411	0.0710754	0.068858	0.065001	0.0527191	0.0709601	0.0516445	0.0566572	0.0732094	0.0702054	0.0729639	0.0817311	0.0887846	0.076637	0.0803458	0.0712338	0.0844105	0.0763203	0.0743146	0.13161	0.164693	0.182354	0.189453	0.104387	0.135948	0.0735376	0.129455
Dongiaceae	0.0394441	0.0424474	0.0457387	0.0445579	0.0466446	0.0415287	0.0395947	0.0333988	0.0386096	0.0346162	0.0365356	0.0324952	0.03243	0.0345181	0.0314456	0.0334692	0.0242942	0.0437294	0.0345799	0.0283275	0.0334465	0.031489	0.033507	0.034429	0.0304692	0.0243319	0.03548	0.0232907	0.0283286	0.0355879	0.0356114	0.0354685	0.0378006	0.0469436	0.0367857	0.0376303	0.032564	0.0386458	0.0356162	0.0366483	0.0536562	0.0579474	0.063824	0.0618003	0.0445926	0.0436251	0.0302209	0.0465229
Thalassobaculaceae	0.0343872	0.0343622	0.0386238	0.0405071	0.0415746	0.0405158	0.0335032	0.0303625	0.0386096	0.0346162	0.0345059	0.0335107	0.0354703	0.0345181	0.0334743	0.032455	0.0242942	0.0386446	0.0345799	0.0283275	0.0354736	0.0325048	0.033507	0.0324038	0.0304692	0.0253457	0.0334526	0.0243033	0.0273169	0.0335543	0.034594	0.0334418	0.0388223	0.0408205	0.0378076	0.0406814	0.0356169	0.0406798	0.0345986	0.0366483	0.0475819	0.0447314	0.0486278	0.0486298	0.0374984	0.0375379	0.0231694	0.038432
Rhodovibrionaceae	0.0273075	0.0272876	0.0304925	0.0303804	0.0314344	0.0293739	0.0263965	0.0232779	0.0304813	0.0264712	0.025372	0.0233559	0.025336	0.025381	0.024345	0.0253555	0.0182207	0.0294919	0.0274605	0.0212456	0.0263518	0.0243786	0.0243687	0.0243028	0.0223441	0.0192627	0.0243292	0.0192401	0.0212465	0.0264367	0.0254367	0.0253347	0.0286059	0.0306154	0.0286111	0.028477	0.0254406	0.0294928	0.0264577	0.0274862	0.0374581	0.0386316	0.0405232	0.0395117	0.0293906	0.0304362	0.0191399	0.0313524
Stellaceae	0.0192164	0.020213	0.0223611	0.0222789	0.0233223	0.0232966	0.0192897	0.0172054	0.0213369	0.0193443	0.0192827	0.0172631	0.0202688	0.0182743	0.0182587	0.0182559	0.0141716	0.0223732	0.0203411	0.0171988	0.0192571	0.0172682	0.0192919	0.0182271	0.0182815	0.0141936	0.0192606	0.0141769	0.015176	0.0203359	0.0193319	0.0192543	0.0214544	0.0234718	0.0204365	0.0233918	0.0203525	0.0223739	0.0183169	0.0203602	0.0263219	0.0284654	0.0283662	0.0283674	0.0212828	0.0233344	0.0141031	0.0232615
Thalassospiraceae	0.0141594	0.0151598	0.0172791	0.0162029	0.0172382	0.0172192	0.0152287	0.0141692	0.0152406	0.0152718	0.0142083	0.0142167	0.0131747	0.0142133	0.0121725	0.0131849	0.0101226	0.0172884	0.0142388	0.0121403	0.0131759	0.0132051	0.0121843	0.0141766	0.0132033	0.0111521	0.0131783	0.00911374	0.0111291	0.0294871	0.0132271	0.013174	0.0143029	0.0163282	0.0143056	0.0142385	0.0132291	0.0142379	0.0142465	0.0142521	0.0192352	0.0213491	0.0233008	0.0222886	0.015202	0.0162326	0.011081	0.019216
Zavarziniaceae	0.0101139	0.0101065	0.012197	0.0121521	0.0121682	0.0111418	0.0101525	0.00910876	0.0101604	0.0101812	0.0101488	0.0101548	0.0101344	0.0101524	0.0101437	0.00912797	0.00708581	0.0111866	0.0101706	0.00809356	0.0101353	0.00914197	0.0081229	0.00911355	0.00812513	0.0070968	0.0101372	0.00708846	0.00809389	0.00915118	0.0101747	0.00912048	0.011238	0.0122461	0.0112401	0.0111874	0.0101763	0.0111869	0.010176	0.0101801	0.013161	0.0142327	0.0141831	0.0141837	0.0121616	0.0111599	0.00805891	0.0121364
Novispirillaceae	0.00910249	0.0101065	0.0101642	0.0101268	0.0101401	0.0101289	0.0101525	0.00809667	0.0101604	0.0091631	0.0091339	0.00812381	0.00912094	0.0101524	0.00811499	0.00912797	0.00607355	0.0101696	0.0101706	0.00708187	0.00912178	0.0081262	0.00913826	0.00911355	0.00914077	0.0070968	0.00912344	0.00607583	0.00708215	0.010168	0.00915723	0.00912048	0.0102164	0.0112256	0.0102183	0.0101704	0.00915863	0.0101699	0.010176	0.0101801	0.0121486	0.0121995	0.01317	0.0131706	0.0101347	0.0101454	0.00604418	0.0101137
Aestuariispiraceae	0.00606833	0.00606391	0.00609849	0.00607607	0.00608408	0.00709026	0.00609149	0.00506042	0.00609626	0.00610874	0.00507439	0.00507738	0.00608063	0.00507619	0.00507187	0.0050711	0.00404903	0.00610178	0.00610234	0.00505848	0.00506765	0.00507887	0.00507681	0.00506309	0.0050782	0.00405531	0.00506858	0.00405055	0.00404694	0.00508399	0.00610482	0.00506693	0.00612983	0.00714359	0.00613096	0.00610221	0.00508813	0.00610196	0.00508802	0.00610805	0.00809905	0.00711635	0.00810463	0.00810496	0.00608081	0.00608723	0.00402946	0.00606821
Magnetospirillaceae	0.00809111	0.00909587	0.00914774	0.00911411	0.0101401	0.0101289	0.00812199	0.00809667	0.00914439	0.00814498	0.00811902	0.00812381	0.00912094	0.00812191	0.00811499	0.00811375	0.00607355	0.00915267	0.00813645	0.00607017	0.00912178	0.00711042	0.0081229	0.00708832	0.00710949	0.00608297	0.00709601	0.00506319	0.00607042	0.00813438	0.00813976	0.00810709	0.00919474	0.0112256	0.00817461	0.00915332	0.008141	0.00915295	0.00814084	0.00916208	0.0121486	0.0142327	0.01317	0.0141837	0.0101347	0.0101454	0.00604418	0.0101137
Magnetovibrionaceae	0.00202278	0.00303196	0.00304925	0.00303804	0.00304204	0.00303868	0.0020305	0.00202417	0.00304813	0.00203625	0.00202976	0.00203095	0.00202688	0.00203048	0.00202875	0.00202844	0.00101226	0.00305089	0.00203411	0.00202339	0.00202706	0.00203155	0.00203072	0.00202523	0.00203128	0.00101383	0.00202743	0.00101264	0.00202347	0.00203359	0.00203494	0.00202677	0.00204328	0.00204102	0.00204365	0.00305111	0.00203525	0.00203399	0.00203521	0.00305403	0.00303714	0.00304987	0.00303924	0.00405248	0.00202694	0.00202908	0.00201473	0.00202274
Terasakiellaceae	0.00101139	0.00101065	0.00101642	0.00101268	0.00101401	0.00101289	0.00101525	0.00101208	0.00101604	0.00101812	0.00101488	0.00101548	0.00101344	0.00101524	0	0.00101422	0	0.00101696	0.00101706	0.0010117	0.00101353	0.00101577	0.00101536	0.00101262	0.00101564	0.00101383	0.00101372	0	0.00101174	0.0010168	0.00101747	0.00101339	0.00102164	0.00102051	0.00102183	0.00101704	0.00101763	0.00101699	0.0010176	0.00101801	0.00101238	0.00101662	0.00101308	0.00101312	0.00101347	0.00101454	0.00100736	0.00101137
Roseomonadaceae	0.264984	0.238514	0.287645	0.277474	0.268714	0.27652	0.26295	0.273263	0.358663	0.39605	0.317657	0.285349	0.343556	0.368532	0.34083	0.337735	0.262175	0.319326	0.379362	0.278216	0.368925	0.323016	0.344208	0.299735	0.321958	0.24636	0.352773	0.2724	0.256981	0.294871	0.336783	0.350632	0.329989	0.307174	0.289177	0.303077	0.412138	0.330523	0.298158	0.319655	0.274355	0.29787	0.29278	0.313054	0.226004	0.272911	0.146068	0.248796
Acetobacteraceae	0.197221	0.204152	0.232759	0.231903	0.242349	0.225875	0.215233	0.182175	0.200161	0.257585	0.181663	0.187863	0.19458	0.222337	0.164329	0.191687	0.157912	0.328479	0.213582	0.16693	0.18649	0.196045	0.183781	0.201511	0.2143	0.160185	0.210853	0.139744	0.137596	0.211494	0.212651	0.202677	0.207393	0.257169	0.197212	0.172896	0.208613	0.195263	0.196398	0.18935	0.265244	0.309053	0.302911	0.328251	0.192559	0.220155	0.142038	0.228569
Acidocellaceae	0.0293303	0.0303196	0.0345581	0.0334184	0.0365045	0.0354513	0.0304575	0.0273263	0.0294653	0.033598	0.0243571	0.0264024	0.0283763	0.0314724	0.0223162	0.0283981	0.0222697	0.0447464	0.0294946	0.0242807	0.0293924	0.0274259	0.0263994	0.0293659	0.0325005	0.0223042	0.0304115	0.0212654	0.0222582	0.0315207	0.032559	0.0304016	0.0286059	0.0346974	0.0265675	0.0244088	0.0284935	0.0264418	0.0264577	0.0264682	0.0384705	0.0447314	0.0455885	0.0496429	0.0293906	0.0334798	0.022162	0.0353979
Elioraeaceae	0.0101139	0.00909587	0.0101642	0.0111395	0.0111542	0.0111418	0.00913724	0.00809667	0.0101604	0.0101812	0.00811902	0.00812381	0.0101344	0.0101524	0.00912936	0.00912797	0.00708581	0.0111866	0.0091535	0.00809356	0.00912178	0.00914197	0.0081229	0.00911355	0.00914077	0.00608297	0.00810972	0.00708846	0.00708215	0.00915118	0.0101747	0.00912048	0.0102164	0.0122461	0.00919644	0.00915332	0.0101763	0.0101699	0.00915844	0.00916208	0.0121486	0.0142327	0.0121569	0.0131706	0.00912122	0.00913085	0.00705155	0.011125
Geminicoccaceae	0.0798997	0.0808522	0.0914774	0.0941791	0.0973453	0.0921734	0.0802047	0.071858	0.0924599	0.0895948	0.0791605	0.0751452	0.0851288	0.0852801	0.0821643	0.0801233	0.0597232	0.0894927	0.0854327	0.0667719	0.0810825	0.0751673	0.0751368	0.0799968	0.0721105	0.0598159	0.0800835	0.0597456	0.0647511	0.0823606	0.0793627	0.0800576	0.0929691	0.102051	0.0858334	0.0925502	0.089551	0.0935634	0.087514	0.0885667	0.103263	0.109795	0.112452	0.109417	0.0790506	0.0811631	0.0483535	0.0869776
Maricaulaceae	0.0404555	0.0394154	0.041673	0.0455705	0.0456306	0.0455802	0.0395947	0.0344109	0.0386096	0.0376705	0.0355207	0.0355417	0.0374972	0.0365486	0.0334743	0.0334692	0.0242942	0.0406785	0.0376311	0.0293392	0.0364871	0.0335206	0.033507	0.0334164	0.0304692	0.0253457	0.0334526	0.0243033	0.0283286	0.0335543	0.034594	0.0344552	0.0408655	0.0449025	0.0418949	0.0406814	0.0366345	0.0416968	0.038669	0.0397023	0.0475819	0.0508311	0.051667	0.0547085	0.0385118	0.0385525	0.0241767	0.0424774
Robiginitomaculaceae	0.00303416	0.00303196	0.00304925	0.00303804	0.00304204	0.00303868	0.00304575	0.00303625	0.00304813	0.00305437	0.00304463	0.00203095	0.00304031	0.00304572	0.00202875	0.00202844	0.00202452	0.00305089	0.00203411	0.00202339	0.00202706	0.00203155	0.00304609	0.00202523	0.00203128	0.00202766	0.00202743	0.00202528	0.00202347	0.00203359	0.00203494	0.00304016	0.00306491	0.00306154	0.00204365	0.00305111	0.00305288	0.00305098	0.00203521	0.00305403	0.00404953	0.00406649	0.00405232	0.00405248	0.00304041	0.00304362	0.00201473	0.0030341
Hyphomonadaceae	0.0171936	0.0192024	0.0193119	0.0202536	0.0212943	0.0202579	0.0182745	0.0161933	0.0162567	0.01629	0.0152232	0.0152321	0.016215	0.0152286	0.0152156	0.0141991	0.0101226	0.0172884	0.0162729	0.0151754	0.0182436	0.0182839	0.0152304	0.0151893	0.014219	0.0121659	0.0152057	0.0121517	0.0131526	0.0162688	0.017297	0.0162142	0.0173679	0.0193897	0.0183929	0.0193237	0.016282	0.0183059	0.0172993	0.0173061	0.0242972	0.0264322	0.0233008	0.025328	0.017229	0.0192762	0.0130957	0.0202274
Minwuiaceae	0.0141594	0.0151598	0.0172791	0.0172155	0.0172382	0.0172192	0.0142135	0.0131571	0.0152406	0.0142537	0.0131934	0.0132012	0.0141881	0.0142133	0.0131869	0.0131849	0.00911033	0.0162714	0.0142388	0.0111286	0.0141894	0.0132051	0.0131997	0.013164	0.0121877	0.0101383	0.0131783	0.00911374	0.0121408	0.0142352	0.0142446	0.013174	0.0153246	0.0163282	0.0153274	0.0162726	0.0132291	0.0162719	0.0132289	0.0142521	0.0192352	0.0203324	0.0212747	0.0202624	0.0162155	0.0162326	0.011081	0.0171933
Parvularculaceae	0.0141594	0.0151598	0.0162626	0.0162029	0.0162242	0.0162063	0.0142135	0.0131571	0.0142246	0.0132356	0.0121785	0.0121857	0.0131747	0.0131981	0.0121725	0.0121706	0.00911033	0.0152544	0.0132217	0.0111286	0.0121624	0.0121893	0.0131997	0.0121514	0.011172	0.00912446	0.0121646	0.00911374	0.0111291	0.0122016	0.0122096	0.013174	0.0153246	0.0173487	0.0143056	0.0142385	0.0142468	0.0152549	0.0142465	0.0142521	0.0182229	0.0193158	0.0192485	0.0202624	0.0141886	0.0152181	0.0100736	0.0161819
Rickettsiaceae	0.00303416	0.00303196	0.00304925	0.00303804	0.00304204	0.00303868	0.00304575	0.00303625	0.00304813	0.00305437	0.00405951	0.00304643	0.00202688	0.00304572	0.00304312	0.00304266	0.00202452	0.00305089	0.00305117	0.00303509	0.00304059	0.00304732	0.00304609	0.00303785	0.00304692	0.00304149	0.00304115	0.00303791	0.00303521	0.00305039	0.00305241	0.00202677	0.00408655	0.00306154	0.0040873	0.00305111	0.00305288	0.00305098	0.00305281	0.00305403	0.00303714	0.00304987	0.00303924	0.00303936	0.00304041	0.00304362	0.00100736	0.0030341
Anaplasmataceae	0.00202278	0.00303196	0.00203283	0.00202536	0.00202803	0.00303868	0.0020305	0.00303625	0.00304813	0.00203625	0.00304463	0.00304643	0.00202688	0.00203048	0.00202875	0.00304266	0.00101226	0.00203393	0.00203411	0.00202339	0.00202706	0.00203155	0.00203072	0.00202523	0.00203128	0.00202766	0.00202743	0.00202528	0.00202347	0.00203359	0.00305241	0.00202677	0.00204328	0.00306154	0.00306548	0.00305111	0.00305288	0.00305098	0.00203521	0.00305403	0.00303714	0.00304987	0.00202616	0.00303936	0.00202694	0.00202908	0.00100736	0.00202274
Candidatus Midichloriaceae	0	0	0	0	0.00101401	0	0	0.00101208	0	0.00101812	0.00101488	0.00101548	0	0	0	0	0	0	0	0	0	0	0	0	0	0	0	0	0	0	0	0	0	0.00102051	0	0	0	0	0	0	0.00101238	0.00101662	0.00101308	0.00101312	0.00101347	0.00101454	0	0
Radicibacteraceae	0.00606833	0.00606391	0.00609849	0.00607607	0.00608408	0.00709026	0.00609149	0.00607251	0.00609626	0.00509061	0.00608927	0.00507738	0.00506719	0.00507619	0.00507187	0.0050711	0.00404903	0.00610178	0.00610234	0.00404678	0.00506765	0.00507887	0.00507681	0.0060757	0.0050782	0.00405531	0.00506858	0.00405055	0.00404694	0.00508399	0.00508735	0.00506693	0.00612983	0.00612307	0.00510913	0.00610221	0.00508813	0.00610196	0.00508802	0.00610805	0.00708667	0.00711635	0.00709155	0.00810496	0.00608081	0.00608723	0.00402946	0.00606821
Temperatibacteraceae	0.00303416	0.00303196	0.00304925	0.00303804	0.00304204	0.00303868	0.00304575	0.00202417	0.00304813	0.00203625	0.00202976	0.00203095	0.00202688	0.00203048	0.00202875	0.00202844	0.00202452	0.00203393	0.00203411	0.00202339	0.00202706	0.00203155	0.00203072	0.00202523	0.00203128	0.00202766	0.00202743	0.00202528	0.00202347	0.00203359	0.00203494	0.00202677	0.00306491	0.00306154	0.00306548	0.00305111	0.00203525	0.00305098	0.00203521	0.00305403	0.00303714	0.00304987	0.00303924	0.00405248	0.00304041	0.00304362	0.00201473	0.0030341
Kordiimonadaceae	0.00202278	0.0020213	0.00203283	0.00202536	0.00202803	0.00202579	0.0020305	0.00202417	0.00203209	0.00203625	0.00202976	0.00203095	0.00101344	0.00101524	0.00101437	0.00101422	0.00101226	0.00203393	0.00203411	0.0010117	0.00202706	0.00101577	0.00101536	0.00101262	0.00101564	0.00101383	0.00101372	0.00101264	0.00101174	0.00203359	0.00203494	0.00202677	0.00204328	0.00204102	0.00204365	0.00101704	0.00101763	0.00203399	0.0010176	0.00101801	0.00202476	0.00203324	0.00202616	0.00202624	0.00202694	0.00202908	0.00100736	0.00202274
Emcibacteraceae	0.00404555	0.00404261	0.00406566	0.00506339	0.00507007	0.00405158	0.00304575	0.00404834	0.00406417	0.00407249	0.00405951	0.0040619	0.00405375	0.00406095	0.00405749	0.00304266	0.00202452	0.00508481	0.00305117	0.00303509	0.00304059	0.00304732	0.00304609	0.00303785	0.00406256	0.00304149	0.00304115	0.00202528	0.00303521	0.00406719	0.00305241	0.00304016	0.00408655	0.00510256	0.0040873	0.00406814	0.0040705	0.00406798	0.00407042	0.00305403	0.00506191	0.00609973	0.00607847	0.00607872	0.00405388	0.00405815	0.00302209	0.00404547
Holosporaceae	0.00101139	0.00101065	0.00101642	0.00101268	0.00101401	0.00101289	0.00101525	0.00101208	0.00101604	0.00101812	0.00101488	0.00101548	0.00101344	0.00101524	0.00101437	0.00101422	0	0.00101696	0.00101706	0	0.00101353	0	0.00101536	0.00101262	0	0	0.00101372	0	0	0.0010168	0.00101747	0.00101339	0.00102164	0.00102051	0.00102183	0.00101704	0.00101763	0.00101699	0.0010176	0.00101801	0.00101238	0.00101662	0.00101308	0.00101312	0.00101347	0.00101454	0.00100736	0.00101137
Candidatus Paracaedibacteraceae	0.00101139	0	0.00101642	0.00101268	0.00101401	0.00101289	0.00101525	0.00101208	0.00101604	0.00101812	0.00101488	0.00101548	0	0.00101524	0.00101437	0	0	0	0	0	0	0	0.00101536	0	0	0	0	0	0	0.0010168	0	0	0.00102164	0.00102051	0.00102183	0	0	0	0	0	0.00101238	0.00101662	0.00101308	0.00101312	0	0.00101454	0	0
Candidatus Nucleicultricaceae	0	0	0	0	0	0	0	0	0	0	0	0	0	0	0	0	0	0.00101696	0	0	0	0	0	0	0.00101564	0	0	0	0	0	0	0	0	0	0	0	0	0	0	0	0	0	0	0	0	0	0	0
Candidatus Pelagibacteraceae	0.00101139	0.0020213	0.00101642	0.00101268	0.00202803	0.00101289	0.0020305	0.00202417	0.00101604	0.00101812	0.00202976	0.00101548	0.00101344	0.00101524	0.00101437	0.00101422	0.00101226	0.00101696	0.00101706	0.0010117	0.00101353	0.00101577	0.00101536	0.00101262	0.00101564	0.00101383	0.00101372	0.00101264	0.00101174	0.0010168	0.00101747	0.00101339	0.00204328	0.00102051	0.00102183	0.00101704	0.00101763	0.00203399	0.0010176	0.00203602	0.00202476	0.00203324	0.00202616	0.00202624	0.00101347	0.00202908	0.00100736	0.00101137
Sneathiellaceae	0.00101139	0.00101065	0.00101642	0.00101268	0.00202803	0.00202579	0.00101525	0.00101208	0.00101604	0.00101812	0.00101488	0.00101548	0.00101344	0.00101524	0.00101437	0.00101422	0.00101226	0.00101696	0.00101706	0.0010117	0.00101353	0.00101577	0.00101536	0.00101262	0.00101564	0.00101383	0.00101372	0.00101264	0.00101174	0.0010168	0.00101747	0.00101339	0.00102164	0.00102051	0.00102183	0.00101704	0.00101763	0.00101699	0.0010176	0.00101801	0.00101238	0.00203324	0.00101308	0.00202624	0.00101347	0.00101454	0.00100736	0.00101137
Candidatus Puniceispirillaceae	0.00101139	0.00101065	0.00101642	0.00101268	0.00101401	0.00101289	0.00101525	0.00101208	0.00101604	0.00101812	0.00101488	0.00101548	0.00101344	0.00101524	0	0.00101422	0	0.00101696	0.00101706	0.0010117	0.00101353	0.00101577	0	0.00101262	0.00101564	0	0.00101372	0.00101264	0	0.0010168	0.00101747	0.00101339	0.00102164	0.00102051	0.00102183	0.00101704	0	0.00101699	0.0010176	0.00101801	0.00101238	0.00101662	0.00101308	0.00101312	0.00101347	0.00101454	0.00100736	0.00101137
Candidatus Levibacteraceae	0	0	0	0	0	0	0	0	0	0	0	0	0	0	0	0	0	0	0	0	0	0	0	0	0	0	0	0	0	0	0	0	0	0	0	0	0	0	0	0	0	0	0	0	0	0	0	0
Comamonadaceae	4.04555	4.68538	3.87457	3.12513	3.61394	3.24835	2.76554	4.04024	3.44845	3.45754	3.46784	3.24952	3.17814	2.67718	3.24295	3.23942	1.99719	3.10072	3.4702	3.10085	2.73045	3.19461	2.73945	2.74318	2.37152	3.13983	3.91801	2.19742	2.94921	3.24257	2.75734	2.4149	2.9934	2.30942	3.08081	3.03992	2.72317	2.88826	2.94698	3.14157	3.17382	3.37112	2.76976	2.96743	3.07588	3.81872	1.83642	3.20199
Burkholderiaceae	2.18662	2.43769	2.62642	5.15251	2.52185	3.37395	2.17365	1.83187	2.13369	2.30198	2.02367	3.33482	1.92148	1.9655	1.80051	1.83067	1.569	2.39088	1.77476	1.58229	2.91491	1.63845	4.09597	1.6374	1.89722	1.41024	1.69595	2.55488	1.34662	1.73872	3.63644	3.44754	2.4458	4.16471	2.32772	2.17137	2.21537	3.55846	2.34151	2.4025	3.62635	2.64423	2.51953	5.58026	4.55757	2.98071	1.36699	2.41515
Sphaerotilaceae	1.0124	1.17943	1.14347	1.06736	1.07891	1.0058	0.750269	0.824849	1.24059	1.2472	1.20973	0.878387	1.09147	0.931989	1.01742	0.973651	0.386683	0.889843	0.942811	0.683906	0.805757	0.658222	0.741215	0.757438	0.713996	0.575855	0.829219	0.413156	0.565561	0.864278	0.720369	0.774228	1.08702	0.820492	1.13934	0.992626	0.892457	1.04242	1.01964	1.05466	1.00023	0.985106	0.947229	1.0273	0.842193	0.778151	0.60744	0.942595
Oxalobacteraceae	0.858669	1.26837	0.87615	0.744319	0.962299	0.78398	0.85484	0.860272	0.743744	0.760538	0.776382	0.57679	0.733729	0.676149	0.716148	0.643015	0.893824	0.645771	0.718042	0.647485	0.619267	0.638922	0.677247	0.631873	0.882592	0.559633	0.571736	0.559989	0.538244	0.694473	0.555539	0.776254	0.687563	0.681702	0.709147	0.691584	0.616681	0.705794	0.604457	0.684102	0.725877	0.738067	0.724351	0.722354	0.688145	0.714235	0.373732	0.644241
Alcaligenaceae	0.731234	1.07331	0.841592	0.944829	0.87408	0.869063	0.781742	0.666964	0.83722	0.872531	0.771307	0.696616	0.857369	0.705591	0.958583	0.788048	0.530423	0.740349	0.867549	0.59083	0.921299	0.784178	0.638663	0.892116	0.924233	0.512997	1.17287	0.543786	0.516997	0.706674	0.618622	0.679983	0.846938	0.85723	0.882858	0.944826	0.758131	0.864445	1.0349	0.816443	1.11767	0.970874	0.950268	0.936123	0.762129	0.751773	0.480513	0.816174
Sutterellaceae	0.00606833	0.00707457	0.00711491	0.00708875	0.0070981	0.00709026	0.00609149	0.00506042	0.00609626	0.00610874	0.00507439	0.00507738	0.00608063	0.00609143	0.00608624	0.0050711	0.00303678	0.00610178	0.00610234	0.00404678	0.00506765	0.0040631	0.00507681	0.00506309	0.00406256	0.00304149	0.00506858	0.00303791	0.00303521	0.00508399	0.00508735	0.00405355	0.00715147	0.00714359	0.00715278	0.00711925	0.00610575	0.00711896	0.00610563	0.00712606	0.0101238	0.0091496	0.00911771	0.0101312	0.00810775	0.00811631	0.00503682	0.00910231
Zoogloeaceae	0.198232	0.212237	0.21548	0.223802	0.234237	0.220811	0.179699	0.168006	0.215401	0.19548	0.175574	0.1706	0.204715	0.187819	0.186645	0.173432	0.112361	0.185087	0.185104	0.140626	0.171287	0.158461	0.156366	0.17012	0.134065	0.121659	0.157126	0.110378	0.132537	0.178956	0.161778	0.160115	0.228847	0.223492	0.236042	0.24002	0.203525	0.234926	0.206574	0.222944	0.270306	0.293804	0.284675	0.274555	0.194586	0.214068	0.142038	0.237671
Rhodocyclaceae	0.0879908	0.0970226	0.0914774	0.101268	0.0953173	0.0962249	0.0791894	0.0738822	0.0894118	0.091631	0.0761159	0.0741297	0.0841154	0.0802039	0.0781068	0.0730238	0.0465639	0.0783061	0.0752621	0.05969	0.0780419	0.07212	0.0690446	0.0678454	0.0619541	0.0517053	0.0669052	0.0486066	0.0526103	0.0732094	0.069188	0.0729639	0.0939907	0.0979692	0.0960517	0.103738	0.0864981	0.0976314	0.0854788	0.0916208	0.120473	0.129111	0.121569	0.124614	0.0912122	0.0973957	0.0614492	0.107205
Azonexaceae	0.0505694	0.0596285	0.0569192	0.0587354	0.0598268	0.0597608	0.048732	0.0445317	0.0589305	0.049888	0.0608927	0.0497583	0.0526988	0.046701	0.0456468	0.0466541	0.0293555	0.0467803	0.0457675	0.036421	0.0425683	0.0396152	0.0426452	0.0415173	0.0345318	0.0314287	0.0415623	0.0283539	0.0323756	0.0447391	0.0396813	0.0415489	0.0551685	0.0561282	0.0582441	0.0600051	0.0518989	0.0569517	0.0508802	0.0549725	0.0759286	0.083363	0.0810463	0.0891546	0.0567543	0.0588432	0.0392872	0.0890004
Fluviibacteraceae	0.00101139	0.00101065	0.00203283	0.00202536	0.00202803	0.00202579	0.00101525	0.00101208	0.00101604	0.00101812	0.00101488	0.00101548	0.00101344	0.00101524	0.00101437	0.00101422	0.00101226	0.00101696	0.00101706	0.0010117	0.00101353	0.00101577	0.00101536	0.00101262	0.00101564	0.00101383	0.00101372	0.00101264	0.00101174	0.0010168	0.00101747	0.00101339	0.00204328	0.00102051	0.00204365	0.00101704	0.00101763	0.00101699	0.0010176	0.00203602	0.00202476	0.00203324	0.00202616	0.00202624	0.00101347	0.00101454	0.00100736	0.00202274
Nitrosomonadaceae	0.0627061	0.224365	0.0935102	0.085065	0.124724	0.0688768	0.0913724	0.184199	0.159519	0.0865404	0.091339	0.0710833	0.170258	0.0741124	0.3317	0.102436	0.286469	0.0518651	0.0956033	0.128485	0.099326	0.123925	0.106613	0.0577192	0.179768	0.0922584	0.0334526	0.12658	0.0809389	0.170822	0.0661355	0.124647	0.0173679	0.0163282	0.0194147	0.02746	0.0305288	0.0193229	0.0162817	0.0234142	0.0273343	0.0325319	0.0233008	0.0273542	0.0354714	0.0831921	0.0120884	0.0273069
Usitatibacteraceae	0.0485466	0.069735	0.0518372	0.0688622	0.0547567	0.0567221	0.0294422	0.036435	0.0508022	0.041743	0.0395802	0.0558512	0.0537122	0.046701	0.0557906	0.0385403	0.0172084	0.0366107	0.0467846	0.0323742	0.0466224	0.0325048	0.0426452	0.0374668	0.0243754	0.0273734	0.0375075	0.0172148	0.0283286	0.0376215	0.0406988	0.0435756	0.0878609	0.0622513	0.0817461	0.102721	0.0691985	0.0894955	0.0681795	0.0834767	0.0830153	0.0762466	0.0628109	0.0607872	0.0689159	0.0710177	0.0352577	0.0758526
Sterolibacteriaceae	0.0485466	0.0545752	0.0528536	0.0587354	0.0557708	0.057735	0.0456862	0.0414955	0.0518182	0.0478518	0.0426249	0.0416345	0.0496585	0.0456857	0.0436181	0.041583	0.0253065	0.0457633	0.0447505	0.0333859	0.0415548	0.0375837	0.0395991	0.0394921	0.0325005	0.0283872	0.0375075	0.0273412	0.0313638	0.0427055	0.0376464	0.0385087	0.0561901	0.0561282	0.0582441	0.0610221	0.048846	0.0600026	0.0518978	0.0559905	0.0779534	0.0864129	0.0800332	0.0820627	0.0547273	0.0578287	0.0392872	0.0718071
Thiobacillaceae	0.0262961	0.0323409	0.0284596	0.0303804	0.0283924	0.0293739	0.024366	0.0232779	0.0264171	0.0234168	0.0233422	0.0233559	0.0263494	0.025381	0.024345	0.0212986	0.0141716	0.0233901	0.0244093	0.0182105	0.0233112	0.0203155	0.022338	0.0222776	0.0192972	0.0152074	0.0223017	0.0141769	0.0161878	0.0223695	0.0213669	0.0212811	0.0296275	0.0306154	0.0306548	0.0335622	0.0274759	0.0335608	0.0274753	0.0295222	0.0404953	0.0416815	0.0395101	0.0395117	0.0304041	0.0314507	0.0191399	0.0364092
Gallionellaceae	0.018205	0.023245	0.0213447	0.0232916	0.0233223	0.0222837	0.0172592	0.0182175	0.0193048	0.0183262	0.0172529	0.0172631	0.0192553	0.0172591	0.0182587	0.0152133	0.0111348	0.0183053	0.01729	0.0141637	0.01723	0.0142208	0.0162458	0.0141766	0.014219	0.0101383	0.014192	0.011139	0.0131526	0.0172856	0.0162795	0.0162142	0.0204328	0.0214308	0.0224802	0.0233918	0.0183173	0.0244079	0.0193345	0.0213782	0.0404953	0.0589641	0.0729417	0.106378	0.0283771	0.0314507	0.0161178	0.038432
Sulfuricellaceae	0.013148	0.0171811	0.0152462	0.0162029	0.0162242	0.0151934	0.012183	0.012145	0.0142246	0.0132356	0.0121785	0.0111702	0.0141881	0.0131981	0.0131869	0.0111564	0.00809807	0.0132205	0.0111876	0.00910526	0.0111488	0.0101577	0.011169	0.0101262	0.0101564	0.0070968	0.0101372	0.00708846	0.00809389	0.0122016	0.0101747	0.0111473	0.0143029	0.0153077	0.0163492	0.0152555	0.0132291	0.0162719	0.0132289	0.0142521	0.0222724	0.0243989	0.0222877	0.0233018	0.0162155	0.0202908	0.0100736	0.0212387
Methylophilaceae	0.00809111	0.00808522	0.00813132	0.00810143	0.00811211	0.00810315	0.00812199	0.00809667	0.00812835	0.0091631	0.0091339	0.00609286	0.00608063	0.00609143	0.00608624	0.00811375	0.00404903	0.00711874	0.00610234	0.00505848	0.00506765	0.00507887	0.00609217	0.00506309	0.00609385	0.00405531	0.00506858	0.00405055	0.00404694	0.00610078	0.00508735	0.00506693	0.00817311	0.00714359	0.00817461	0.00711925	0.00610575	0.00813595	0.00610563	0.00712606	0.00911143	0.0101662	0.0101308	0.0121574	0.00709428	0.0101454	0.00503682	0.0101137
Chromobacteriaceae	0.07282	0.0808522	0.0802968	0.0860777	0.0831491	0.0840702	0.0690369	0.0678096	0.0792514	0.0722867	0.0710415	0.0680369	0.0749944	0.0730972	0.0689774	0.06491	0.0475761	0.0722044	0.0701769	0.0576666	0.0699336	0.0609465	0.0649832	0.0648075	0.0568759	0.0486638	0.0628504	0.047594	0.0515985	0.0681254	0.0630831	0.0658701	0.0807094	0.0867435	0.0827679	0.0844139	0.0773395	0.0844105	0.0763203	0.0794047	0.0992134	0.102679	0.101308	0.102325	0.0770236	0.079134	0.0533903	0.0900117
Chitinibacteraceae	0.0515808	0.0576072	0.0559028	0.0607607	0.0598268	0.057735	0.048732	0.0465559	0.0548663	0.0509061	0.0507439	0.0456964	0.0526988	0.0507619	0.0476756	0.0466541	0.03138	0.0488142	0.0498357	0.0384444	0.0476359	0.0426625	0.0436606	0.0435425	0.0385944	0.0334563	0.0425761	0.0303791	0.0354108	0.0457559	0.0427337	0.0435756	0.0561901	0.0581692	0.0602877	0.0600051	0.0529165	0.0589857	0.0518978	0.0570085	0.0708667	0.0742134	0.0699024	0.0719315	0.0567543	0.0578287	0.0372725	0.0637162
Neisseriaceae	0.0374214	0.0424474	0.0437058	0.0435452	0.0446166	0.0455802	0.0375642	0.0344109	0.0386096	0.0376705	0.0355207	0.0345262	0.0364838	0.0345181	0.0334743	0.032455	0.0222697	0.0376276	0.035597	0.0293392	0.0334465	0.031489	0.0324916	0.0303785	0.0284379	0.0233181	0.0304115	0.0243033	0.0252934	0.0345711	0.0315416	0.0324284	0.0429088	0.043882	0.0429167	0.0416984	0.0366345	0.0437307	0.0396866	0.0427564	0.0516315	0.0569308	0.051667	0.0536954	0.0385118	0.0405815	0.0271988	0.0475343
Aquaspirillaceae	0.0242733	0.026277	0.0254104	0.0273423	0.0283924	0.0273481	0.0213202	0.0202417	0.0264171	0.0223987	0.0213124	0.0203095	0.0243225	0.0223353	0.0223162	0.0192702	0.0182207	0.0233901	0.0223752	0.0171988	0.0192571	0.0182839	0.0192919	0.0192397	0.0162503	0.0182489	0.0182469	0.0131643	0.015176	0.0213527	0.0193319	0.0192543	0.025541	0.0285743	0.0275893	0.028477	0.0254406	0.0264418	0.0254401	0.0254502	0.0364457	0.0416815	0.0395101	0.0395117	0.0263502	0.0304362	0.0181325	0.0343865
Casimicrobiaceae	0.018205	0.020213	0.0193119	0.0212663	0.0212943	0.0202579	0.016244	0.0141692	0.0203209	0.0183262	0.016238	0.0172631	0.0192553	0.0172591	0.0182587	0.0162275	0.00506129	0.0183053	0.018307	0.0121403	0.01723	0.0142208	0.0142151	0.0151893	0.0132033	0.00608297	0.0152057	0.00911374	0.0111291	0.0162688	0.0142446	0.0141874	0.0204328	0.0193897	0.0214584	0.0223748	0.0183173	0.0213569	0.0193345	0.0203602	0.0283467	0.0304987	0.0283662	0.0273542	0.0202694	0.0202908	0.0141031	0.0242728
Ferrovaceae	0.00101139	0.00101065	0.00101642	0.00101268	0.00101401	0.00101289	0.00101525	0.00101208	0.00101604	0.00101812	0.00101488	0.00101548	0.00101344	0.00101524	0.00101437	0.00101422	0.00101226	0.00101696	0.00101706	0.0010117	0.00101353	0.00101577	0.00101536	0.00101262	0.00101564	0.00101383	0.00101372	0.00101264	0.00101174	0.0010168	0.00101747	0.00101339	0.00102164	0.00102051	0.00102183	0.00101704	0.00101763	0.00101699	0.0010176	0.00101801	0.00202476	0.00203324	0.00202616	0.00202624	0.00101347	0.00101454	0.00100736	0.00202274
Lysobacteraceae	2.20786	3.06531	1.71469	1.74282	2.12334	1.80498	2.11882	2.80651	1.53423	2.54225	6.38155	1.43081	1.67217	1.61017	1.55301	5.71918	2.19761	1.51324	1.49507	3.24653	2.40207	1.5328	2.39626	2.08599	3.37599	2.2436	4.14204	2.24198	3.07568	2.43523	2.33001	1.72782	1.44562	1.26544	1.59201	1.42283	1.63024	1.48888	1.43584	1.44964	1.71902	2.24165	1.99678	1.61593	1.99856	2.3375	1.04967	1.68089
Rhodanobacteraceae	0.453102	0.625594	0.421812	0.476972	0.450222	0.466944	0.75433	0.84509	0.387113	0.534514	0.54296	0.56562	0.406389	0.409141	0.34083	0.420901	2.33022	0.748485	0.320373	0.857918	0.316222	0.491635	0.289378	0.51441	0.820638	0.8871	0.949851	0.876944	0.541279	0.400618	0.331695	0.480345	0.315686	0.369425	0.300417	0.289855	0.293076	0.302047	0.31851	0.306421	0.421151	0.467646	0.440689	0.494403	0.401334	0.352045	0.266951	0.439945
Marinicellaceae	0	0	0	0	0	0	0	0	0	0	0	0	0	0	0	0	0	0	0	0	0	0	0	0	0	0	0	0	0	0	0	0	0	0	0	0	0	0	0	0	0	0	0	0	0	0	0	0
Pseudomonadaceae	2.02884	2.10014	1.98506	1.84814	2.09394	2.74798	1.70866	1.98773	2.32268	1.72266	1.87144	3.36224	2.1191	1.99697	1.67169	4.12686	1.63682	2.03494	2.27719	1.64603	2.11017	1.63845	1.57381	1.59588	1.89519	1.53798	1.61992	1.18175	1.83124	1.67365	1.68188	1.514	1.90025	1.97571	1.85768	1.93644	1.8531	1.80516	1.86629	1.86805	2.19181	2.24572	2.12544	2.18125	1.9114	1.76022	1.18667	1.96205
Marinobacteraceae	0.0323644	0.0363835	0.0355745	0.0374691	0.0395465	0.0354513	0.032488	0.0283384	0.0325134	0.0305437	0.0294315	0.0284333	0.03243	0.0284267	0.0284025	0.0273839	0.0192329	0.0325428	0.0294946	0.023269	0.032433	0.0264101	0.0253841	0.0283533	0.0243754	0.0202766	0.0253429	0.0192401	0.0222582	0.0284703	0.0274717	0.0273614	0.0337141	0.037759	0.0347421	0.0335622	0.0305288	0.0345778	0.0325633	0.0315583	0.0415076	0.0447314	0.0425493	0.0445773	0.0314175	0.0334798	0.022162	0.0353979
Pseudohongiellaceae	0.00101139	0.00101065	0.00101642	0.00101268	0.00101401	0.00101289	0.00101525	0.00101208	0.00101604	0.00101812	0.00101488	0.00101548	0.00101344	0.00101524	0.00101437	0.00101422	0	0.00101696	0.00101706	0.0010117	0.00101353	0.00101577	0	0.00101262	0.00101564	0	0.00101372	0	0	0.0010168	0.00101747	0.00101339	0.00102164	0.00102051	0.00102183	0.00101704	0.00101763	0.00101699	0.0010176	0.00101801	0.00101238	0.00101662	0.00101308	0.00101312	0.00101347	0.00101454	0	0.00101137
Ketobacteraceae	0.00101139	0.00101065	0.00101642	0.00101268	0.00101401	0.00101289	0	0.00101208	0.00101604	0.00101812	0	0	0	0.00101524	0	0	0	0	0.00101706	0	0	0	0	0.00101262	0	0	0	0	0	0	0	0	0.00102164	0.00102051	0.00102183	0	0.00101763	0.00101699	0	0.00101801	0.00101238	0.00101662	0.00101308	0.00101312	0	0.00101454	0	0.00101137
Candidatus Njordibacteraceae	0	0.00101065	0	0	0.00101401	0.00101289	0.00101525	0	0	0.00101812	0.00101488	0.00101548	0	0	0	0	0	0	0.00101706	0	0	0	0	0	0	0	0	0	0	0.0010168	0	0	0	0	0	0	0	0.00101699	0	0	0.00101238	0.00101662	0	0.00101312	0	0	0	0.00101137
Enterobacteriaceae	0.870805	0.862086	1.27763	1.01673	1.10933	1.00277	1.04165	0.761087	1.09225	1.01609	0.822051	1.09468	1.10161	3.51171	0.749622	0.709954	0.518276	0.944759	0.820764	0.660637	0.66589	0.794336	0.653893	0.891103	0.770871	0.560647	0.629517	0.46075	0.782072	0.856143	0.686792	0.671875	1.05024	1.21747	1.21802	1.10653	1.06952	0.898006	0.939249	0.916208	1.14298	1.39176	1.16099	0.950306	0.67193	0.868445	0.858274	1.19544
Erwiniaceae	0.140583	0.0798415	0.095543	0.0729129	0.076051	0.0810315	0.0741132	0.122462	0.070107	0.0885767	0.0943837	0.0690524	0.06486	0.0923867	0.0608624	0.10345	0.0607355	0.0752553	0.0854327	0.0799239	0.064866	0.0650096	0.0680293	0.0648075	0.100548	0.126729	0.096303	0.0556951	0.072845	0.070159	0.0610482	0.0638434	0.073558	0.0755179	0.0745933	0.0742436	0.0712338	0.0711896	0.0702147	0.0712606	0.0911143	0.105729	0.121569	0.0901677	0.0790506	0.0892794	0.0523829	0.076864
Yersiniaceae	0.0970933	0.0980333	0.105707	0.11342	0.120668	0.0982507	0.0913724	0.0870392	0.0924599	0.103849	0.0903242	0.0842845	0.103371	0.145179	0.0811499	0.0780949	0.250028	0.0915267	0.0844157	0.0738537	0.0810825	0.0771989	0.0771675	0.0810094	0.431647	0.119632	0.0942755	0.131643	0.0617159	0.135234	0.0834325	0.0881647	0.144051	0.105113	0.0991171	0.100686	0.0936215	0.102716	0.0936196	0.151683	0.123511	0.137244	0.127648	0.124614	0.0881718	0.15421	0.0584271	0.263967
Pectobacteriaceae	0.0303416	0.0313302	0.0335417	0.0405071	0.0354905	0.047606	0.028427	0.0333988	0.0314973	0.0305437	0.0324761	0.0284333	0.0293897	0.0324876	0.0273881	0.0273839	0.0202452	0.0315259	0.0294946	0.0222573	0.0263518	0.0243786	0.0243687	0.0273407	0.0243754	0.0202766	0.0243292	0.0182275	0.0212465	0.0274535	0.0254367	0.0273614	0.0316708	0.0346974	0.0306548	0.0325451	0.0305288	0.0335608	0.0295105	0.0315583	0.0455572	0.0498145	0.0415362	0.0405248	0.0435792	0.0324652	0.0201473	0.0333751
Bruguierivoracaceae	0.0101139	0.0101065	0.012197	0.0111395	0.0101401	0.0101289	0.00913724	0.00910876	0.0111765	0.0091631	0.0091339	0.00812381	0.00912094	0.00913715	0.00811499	0.00811375	0.00607355	0.00915267	0.00813645	0.0171988	0.00810825	0.00711042	0.0081229	0.00810094	0.00710949	0.00608297	0.00810972	0.00607583	0.00708215	0.0111848	0.00813976	0.00810709	0.0102164	0.0112256	0.00919644	0.00915332	0.0101763	0.0101699	0.00915844	0.00916208	0.0121486	0.0111828	0.0121569	0.0121574	0.00912122	0.0182617	0.00604418	0.00910231
Morganellaceae	0.0212392	0.0242557	0.0233775	0.0212663	0.0233223	0.0222837	0.0223355	0.0323867	0.022353	0.0234168	0.0182678	0.0182786	0.0182419	0.0223353	0.0172444	0.0182559	0.0151839	0.0203393	0.018307	0.0182105	0.0131759	0.0203155	0.0152304	0.0151893	0.0152346	0.0111521	0.0152057	0.011139	0.0141643	0.0162688	0.0132271	0.0152008	0.0234977	0.0214308	0.0214584	0.0396644	0.0203525	0.0193229	0.0193345	0.0213782	0.0242972	0.0508311	0.0303924	0.0233018	0.0192559	0.0202908	0.0151105	0.0283183
Hafniaceae	0.0151708	0.0141491	0.0172791	0.0162029	0.0172382	0.0172192	0.0142135	0.012145	0.0162567	0.0152718	0.0152232	0.0132012	0.0152016	0.0182743	0.0142012	0.0131849	0.0101226	0.0162714	0.0142388	0.0111286	0.0131759	0.0132051	0.0121843	0.013164	0.011172	0.0141936	0.0111509	0.0101264	0.0101174	0.015252	0.0142446	0.0121606	0.0153246	0.0204102	0.0153274	0.0162726	0.0152644	0.0162719	0.0152641	0.0152701	0.0182229	0.0193158	0.0212747	0.0182362	0.0121616	0.0152181	0.0100736	0.0151705
Gallaecimonadaceae	0.00707972	0.00707457	0.00609849	0.00708875	0.00811211	0.00709026	0.00609149	0.00607251	0.0071123	0.00610874	0.00608927	0.00609286	0.00608063	0.00609143	0.00608624	0.00608532	0.00404903	0.00610178	0.00610234	0.00505848	0.00608118	0.00609465	0.00609217	0.0060757	0.0050782	0.00506914	0.00506858	0.00506319	0.00505868	0.00610078	0.00610482	0.00608032	0.00715147	0.0081641	0.00715278	0.00711925	0.00712338	0.00711896	0.00712323	0.00712606	0.00809905	0.00813297	0.00810463	0.00810496	0.00608081	0.00608723	0.00402946	0.00707957
Budviciaceae	0.00202278	0.0020213	0.00203283	0.00202536	0.00202803	0.00202579	0.0020305	0.00202417	0.00203209	0.00203625	0.00202976	0.00203095	0.00202688	0.00203048	0.00202875	0.00202844	0.00101226	0.00203393	0.00203411	0.00202339	0.00202706	0.00203155	0.00203072	0.00202523	0.00203128	0.00101383	0.00202743	0.00101264	0.00101174	0.00203359	0.00203494	0.00202677	0.00204328	0.00204102	0.00204365	0.00305111	0.00203525	0.00203399	0.00203521	0.00203602	0.00303714	0.00304987	0.00303924	0.00303936	0.00202694	0.00202908	0.00100736	0.00202274
Halomonadaceae	0.192164	0.200109	0.210398	0.217726	0.218013	0.213721	0.185791	0.173066	0.199144	0.183262	0.177604	0.165523	0.192553	0.183758	0.176501	0.170389	0.130581	0.189155	0.189172	0.149731	0.179395	0.165571	0.170581	0.17012	0.149299	0.130784	0.163208	0.135693	0.143667	0.170822	0.170935	0.170249	0.209436	0.223492	0.207431	0.218663	0.20149	0.217637	0.192327	0.205638	0.238922	0.245006	0.241113	0.239096	0.184451	0.194791	0.123906	0.205308
Oceanospirillaceae	0.0242733	0.0272876	0.0264268	0.0273423	0.0304204	0.028361	0.024366	0.0232779	0.0254011	0.0234168	0.0243571	0.021325	0.0222956	0.0223353	0.0213018	0.0202844	0.0141716	0.0233901	0.0223752	0.0171988	0.0202706	0.0203155	0.0203072	0.0192397	0.0182815	0.0152074	0.0192606	0.0151896	0.0161878	0.0213527	0.0203494	0.0202677	0.0265626	0.0255128	0.0275893	0.0254259	0.0234054	0.0264418	0.0234049	0.0244322	0.0323962	0.0355818	0.0324185	0.0344461	0.0243233	0.0253635	0.0171252	0.0273069
Alcanivoracaceae	0.0202278	0.020213	0.0213447	0.0232916	0.0233223	0.0222837	0.0192897	0.0172054	0.0193048	0.0183262	0.0172529	0.0172631	0.0182419	0.0182743	0.0172444	0.0162275	0.0131594	0.0203393	0.018307	0.0141637	0.01723	0.0162524	0.0162458	0.0172145	0.0152346	0.0121659	0.0162194	0.0131643	0.0141643	0.0172856	0.0162795	0.0162142	0.022476	0.0234718	0.0224802	0.0233918	0.0193349	0.0213569	0.0203521	0.0213782	0.0253095	0.0254155	0.025327	0.0243149	0.0182424	0.0192762	0.0130957	0.0212387
Hahellaceae	0.00707972	0.00707457	0.00711491	0.00810143	0.00811211	0.00810315	0.00609149	0.00607251	0.0071123	0.00712686	0.00608927	0.00609286	0.00709407	0.00609143	0.00608624	0.00608532	0.00404903	0.00711874	0.00711939	0.00505848	0.00608118	0.00507887	0.00609217	0.0060757	0.0050782	0.00405531	0.00506858	0.00405055	0.00505868	0.00610078	0.00610482	0.00506693	0.00817311	0.0081641	0.00715278	0.00711925	0.00712338	0.00813595	0.00712323	0.00712606	0.0101238	0.0091496	0.00911771	0.0101312	0.00608081	0.00710177	0.00402946	0.00707957
Saccharospirillaceae	0.00303416	0.00404261	0.00406566	0.00303804	0.00405605	0.00405158	0.00304575	0.00303625	0.00304813	0.00305437	0.00304463	0.00304643	0.00304031	0.00304572	0.00304312	0.00304266	0.00202452	0.00305089	0.00305117	0.00202339	0.00304059	0.00203155	0.00203072	0.00202523	0.00203128	0.00202766	0.00202743	0.00202528	0.00202347	0.00305039	0.00305241	0.00304016	0.00306491	0.00306154	0.00306548	0.00305111	0.00305288	0.00305098	0.00305281	0.00305403	0.00404953	0.00406649	0.00405232	0.00405248	0.00304041	0.00304362	0.00201473	0.00404547
Endozoicomonadaceae	0.00303416	0.00303196	0.00304925	0.00405071	0.00304204	0.00405158	0.00304575	0.00303625	0.00304813	0.00305437	0.00304463	0.00304643	0.00304031	0.00304572	0.00202875	0.00304266	0.00202452	0.00305089	0.00305117	0.00202339	0.00304059	0.00203155	0.00203072	0.00303785	0.00203128	0.00202766	0.00202743	0.00202528	0.00202347	0.00305039	0.00203494	0.00304016	0.00306491	0.00306154	0.00306548	0.00305111	0.00305288	0.00305098	0.00305281	0.00305403	0.00404953	0.00406649	0.00405232	0.0050656	0.00304041	0.00405815	0.00201473	0.00404547
Balneatrichaceae	0.00101139	0.00101065	0.00101642	0.00101268	0.00101401	0.00101289	0.00101525	0.00101208	0.00101604	0.00101812	0.00101488	0.00101548	0.00101344	0.00101524	0.00101437	0.00101422	0.00101226	0.00101696	0.00101706	0.0010117	0.00101353	0.00101577	0.00101536	0.00101262	0.00101564	0.00101383	0.00101372	0.00101264	0.00101174	0.0010168	0.00101747	0.00101339	0.00102164	0.00102051	0.00102183	0.00101704	0.00101763	0.00101699	0.0010176	0.00101801	0.00202476	0.00203324	0.00202616	0.00202624	0.00101347	0.00101454	0.00100736	0.00101137
Litorivicinaceae	0.00101139	0.00101065	0.00101642	0.00101268	0.00101401	0.00101289	0.00101525	0.00101208	0.00101604	0.00101812	0.00101488	0.00101548	0.00101344	0.00101524	0.00101437	0.00101422	0.00101226	0.00101696	0.00101706	0.0010117	0.00101353	0.00101577	0.00101536	0.00101262	0.00101564	0.00101383	0.00101372	0.00101264	0.00101174	0.0010168	0.00101747	0.00101339	0.00102164	0.00102051	0.00102183	0.00101704	0.00101763	0.00101699	0.0010176	0.00101801	0.00101238	0.00101662	0.00101308	0.00101312	0.00101347	0.00101454	0.00100736	0.00101137
Pleioneaceae	0	0.00101065	0	0	0.00101401	0.00101289	0.00101525	0.00101208	0	0	0	0	0	0	0	0	0	0	0	0	0	0	0	0	0	0	0	0	0	0	0	0	0	0	0	0	0	0	0	0	0.00101238	0.00101662	0	0.00101312	0	0	0	0
Oleiphilaceae	0	0.00101065	0	0	0.00101401	0.00101289	0	0.00101208	0	0	0	0	0	0	0	0	0	0	0	0	0	0	0	0	0	0	0	0	0	0	0	0	0	0.00102051	0	0.00101704	0	0	0	0	0.00101238	0.00101662	0	0.00101312	0	0	0	0.00101137
Zooshikellaceae	0	0	0	0	0	0	0	0	0	0	0	0	0	0	0	0	0	0	0	0	0	0	0	0	0	0	0	0	0	0	0	0	0	0	0	0	0	0	0	0	0	0	0	0	0	0	0	0
Ectothiorhodospiraceae	0.0667516	0.0778202	0.0741983	0.0810143	0.076051	0.0759671	0.0639607	0.059713	0.0670589	0.0590511	0.0588629	0.0558512	0.0638466	0.0609143	0.0578193	0.0557821	0.0394781	0.0630517	0.0620404	0.0485614	0.0597983	0.0548518	0.0558449	0.0556939	0.0467195	0.0405531	0.0527132	0.0384802	0.0445164	0.0579575	0.0559608	0.0557363	0.073558	0.0775589	0.0745933	0.0783117	0.0661456	0.0752576	0.0651267	0.0712606	0.0911143	0.0996289	0.0952294	0.093207	0.0689159	0.0720322	0.0483535	0.076864
Chromatiaceae	0.0637175	0.0707457	0.0721655	0.0769636	0.076051	0.0739413	0.0609149	0.0617371	0.0640107	0.0610874	0.0558183	0.0558512	0.0608063	0.0588838	0.0557906	0.0557821	0.0364413	0.0610178	0.0589892	0.0445146	0.0567577	0.0518045	0.0527988	0.0536687	0.0446882	0.0395393	0.0486583	0.0384802	0.0424929	0.0549071	0.051891	0.0526961	0.0684498	0.0734769	0.0684624	0.0701754	0.0641104	0.0681386	0.0620739	0.0661706	0.0880772	0.0925126	0.090164	0.0911808	0.064862	0.0710177	0.0463387	0.0758526
Sedimenticolaceae	0.0121367	0.0141491	0.0132134	0.0141775	0.0152102	0.0141805	0.0111677	0.0111329	0.0111765	0.0111993	0.0111637	0.0101548	0.0111478	0.0101524	0.0101437	0.00912797	0.00708581	0.0111866	0.0111876	0.00809356	0.0101353	0.00914197	0.0101536	0.0101262	0.00812513	0.0070968	0.00912344	0.00708846	0.00809389	0.0111848	0.0101747	0.0101339	0.0122597	0.0132667	0.0132837	0.0132215	0.0111939	0.0122039	0.0122113	0.0122161	0.0161981	0.0182992	0.0172223	0.0182362	0.0121616	0.013189	0.00906627	0.0151705
Thioalkalibacteraceae	0.0101139	0.0101065	0.0111806	0.0111395	0.0111542	0.0111418	0.00913724	0.00910876	0.00914439	0.00814498	0.00811902	0.00812381	0.00912094	0.00812191	0.00912936	0.00709954	0.00506129	0.00915267	0.00813645	0.00708187	0.00810825	0.00711042	0.0081229	0.00810094	0.00710949	0.00506914	0.00709601	0.00607583	0.00708215	0.00813438	0.00813976	0.00810709	0.0102164	0.0112256	0.0102183	0.0111874	0.0101763	0.0111869	0.00915844	0.0101801	0.0121486	0.0121995	0.01317	0.0121574	0.00912122	0.0101454	0.00604418	0.0101137
Wenzhouxiangellaceae	0.00707972	0.00808522	0.00813132	0.0101268	0.00912612	0.00911605	0.00710674	0.00607251	0.0071123	0.00712686	0.00608927	0.00710833	0.00709407	0.00710667	0.00710062	0.00608532	0.00404903	0.00711874	0.00711939	0.00505848	0.00709471	0.00711042	0.00609217	0.0060757	0.0050782	0.00405531	0.00608229	0.00405055	0.00505868	0.00610078	0.00610482	0.00608032	0.00817311	0.0081641	0.00817461	0.00813628	0.00712338	0.00813595	0.00712323	0.00814407	0.00911143	0.0101662	0.0101308	0.00911808	0.00709428	0.00811631	0.00503682	0.00809094
Halothiobacillaceae	0.00404555	0.00404261	0.00406566	0.00506339	0.00405605	0.00506447	0.00304575	0.00303625	0.00406417	0.00305437	0.00304463	0.00304643	0.00405375	0.00304572	0.00304312	0.00304266	0.00202452	0.00406785	0.00305117	0.00303509	0.00304059	0.00304732	0.00304609	0.00303785	0.00304692	0.00202766	0.00304115	0.00202528	0.00303521	0.00305039	0.00305241	0.00304016	0.00408655	0.00510256	0.00510913	0.00406814	0.0040705	0.00508497	0.00407042	0.00407203	0.00506191	0.00609973	0.00607847	0.0050656	0.00405388	0.00405815	0.00302209	0.00505684
Granulosicoccaceae	0.00202278	0.0020213	0.00203283	0.00202536	0.00202803	0.00202579	0.0020305	0.00202417	0.00203209	0.00203625	0.00202976	0.00203095	0.00202688	0.00203048	0.00202875	0.00202844	0.00101226	0.00203393	0.00203411	0.00202339	0.00202706	0.00101577	0.00203072	0.00101262	0.00101564	0.00101383	0.00202743	0.00101264	0.00101174	0.00203359	0.00203494	0.00202677	0.00204328	0.00204102	0.00204365	0.00203407	0.00203525	0.00203399	0.00203521	0.00203602	0.00303714	0.00304987	0.00303924	0.00303936	0.00202694	0.00202908	0.00100736	0.00202274
Methylococcaceae	0.085968	0.09298	0.0965594	0.100255	0.103429	0.100277	0.0812199	0.0748942	0.0853476	0.0834861	0.0761159	0.0731143	0.0810751	0.0781734	0.0730349	0.0730238	0.0485884	0.083391	0.0752621	0.0607017	0.0729742	0.0660254	0.0680293	0.0698706	0.0609385	0.0496776	0.0658915	0.047594	0.053622	0.0721926	0.0702054	0.0699237	0.0909258	0.0989897	0.0868552	0.0925502	0.08141	0.0915295	0.0803908	0.0875487	0.116424	0.123011	0.123596	0.12664	0.0871583	0.0933375	0.0634639	0.102148
Methylothermaceae	0.00505694	0.00505326	0.00508208	0.00607607	0.00608408	0.00506447	0.004061	0.00404834	0.00508022	0.00407249	0.00405951	0.0040619	0.00405375	0.00406095	0.00405749	0.00405688	0.00202452	0.00508481	0.00406822	0.00404678	0.00506765	0.0040631	0.00406145	0.00405047	0.00304692	0.00304149	0.00304115	0.00202528	0.00303521	0.00406719	0.00406988	0.00405355	0.00510819	0.00510256	0.00510913	0.00508518	0.00508813	0.00610196	0.00508802	0.00509004	0.00607429	0.00711635	0.00709155	0.00709184	0.00506735	0.00507269	0.00302209	0.00505684
Moraxellaceae	0.156765	0.0677137	0.0437058	0.0354438	0.0466446	0.03849	0.0517777	0.138656	0.0396257	0.0366524	0.066982	1.27442	0.0699272	0.0558381	0.03246	0.0344835	0.0212574	0.0366107	0.0345799	0.023269	0.0283789	0.0304732	0.0274148	0.0243028	0.0325005	0.041567	0.0243292	0.0212654	0.0232699	0.0305039	0.0305241	0.0263481	0.0398439	0.0408205	0.0388294	0.0376303	0.0386698	0.0416968	0.033581	0.0407203	0.0485943	0.053881	0.0435624	0.0445773	0.12263	0.039567	0.0271988	0.0445002
Aeromonadaceae	0.13148	0.136438	0.139249	0.144813	0.158186	0.14687	0.124876	0.132583	0.154439	0.131338	0.1228	0.114749	0.125666	0.116752	0.123754	0.122721	0.0819929	0.131188	0.123064	0.0940877	0.110475	0.112751	0.103567	0.111388	0.090392	0.0831339	0.101372	0.0789857	0.0910563	0.119982	0.105817	0.107419	0.144051	0.156138	0.138968	0.141368	0.131274	0.140345	0.131271	0.143539	0.147808	0.161643	0.162093	0.150955	0.106414	0.115657	0.0785744	0.127432
Succinivibrionaceae	0	0	0	0	0	0	0	0	0	0	0	0	0	0	0	0	0	0	0	0	0	0	0	0	0	0	0	0	0	0	0	0	0	0	0	0	0	0	0	0	0	0	0	0	0	0	0	0
Microbulbiferaceae	0.0283189	0.0313302	0.0304925	0.0324057	0.0324484	0.0313997	0.0274117	0.0253021	0.0274332	0.0264712	0.0263868	0.0243714	0.025336	0.025381	0.024345	0.023327	0.0172084	0.028475	0.0264435	0.0202339	0.0243247	0.0233628	0.0233533	0.0232902	0.0203128	0.0172351	0.0223017	0.0172148	0.019223	0.0244031	0.0234018	0.0233079	0.0286059	0.0336769	0.0286111	0.0315281	0.0274759	0.0315268	0.0295105	0.0285042	0.0354333	0.0365984	0.0374839	0.0364723	0.0273637	0.0284071	0.0191399	0.030341
Cellvibrionaceae	0.0151708	0.0212237	0.0162626	0.0151902	0.0233223	0.0182321	0.0223355	0.0212538	0.0162567	0.0132356	0.0202976	0.0132012	0.0111478	0.0101524	0.0111581	0.0172417	0.00708581	0.0122036	0.0132217	0.010117	0.0111488	0.0121893	0.011169	0.0111388	0.0121877	0.00811063	0.0131783	0.0081011	0.0101174	0.010168	0.0111922	0.0101339	0.0132813	0.0132667	0.0132837	0.0132215	0.0101763	0.0152549	0.0111937	0.0132341	0.0161981	0.0172826	0.0172223	0.017223	0.0121616	0.013189	0.00805891	0.0131478
Halieaceae	0.0101139	0.0111172	0.0101642	0.0111395	0.0111542	0.0111418	0.00913724	0.00910876	0.0101604	0.00814498	0.00811902	0.00812381	0.00810751	0.00913715	0.00811499	0.00811375	0.00506129	0.00915267	0.0091535	0.00708187	0.00810825	0.0081262	0.0081229	0.00810094	0.00710949	0.00608297	0.00709601	0.00506319	0.00607042	0.00813438	0.00712229	0.00709371	0.0102164	0.0102051	0.0102183	0.0101704	0.0101763	0.0101699	0.00915844	0.0101801	0.013161	0.0142327	0.01317	0.0131706	0.00912122	0.0101454	0.00805891	0.0121364
Spongiibacteraceae	0.00303416	0.00303196	0.00304925	0.00405071	0.00405605	0.00405158	0.00304575	0.00303625	0.00304813	0.00305437	0.00304463	0.00304643	0.00304031	0.00304572	0.00304312	0.00304266	0.00202452	0.00305089	0.00203411	0.00202339	0.00304059	0.00304732	0.00304609	0.00303785	0.00203128	0.00202766	0.00304115	0.00202528	0.00202347	0.00305039	0.00305241	0.00202677	0.00306491	0.00306154	0.00306548	0.00305111	0.00305288	0.00406798	0.00305281	0.00407203	0.00404953	0.00406649	0.00405232	0.0050656	0.00304041	0.00304362	0.00201473	0.0030341
Shewanellaceae	0.0222505	0.0242557	0.024394	0.0243043	0.0263644	0.0263352	0.0223355	0.0263142	0.022353	0.0213806	0.0213124	0.0203095	0.0192553	0.0203048	0.0192731	0.0182559	0.0131594	0.0203393	0.0193241	0.0161871	0.0182436	0.0172682	0.0243687	0.0162019	0.0152346	0.0131798	0.0172332	0.0131643	0.0141643	0.0183024	0.017297	0.018241	0.022476	0.0244923	0.023502	0.0233918	0.0274759	0.0244079	0.0213697	0.0223962	0.0273343	0.029482	0.0293793	0.0273542	0.0314175	0.026378	0.0141031	0.0293297
Alteromonadaceae	0.0141594	0.0151598	0.0162626	0.0172155	0.0182522	0.0162063	0.0152287	0.0131571	0.0132086	0.0132356	0.0142083	0.0121857	0.0121613	0.0131981	0.0131869	0.0121706	0.00809807	0.0132205	0.0132217	0.010117	0.0111488	0.0132051	0.0121843	0.0101262	0.0101564	0.00912446	0.0111509	0.00911374	0.0131526	0.0122016	0.0142446	0.0111473	0.0143029	0.0142872	0.0143056	0.0142385	0.0132291	0.0152549	0.0152641	0.0152701	0.0182229	0.0203324	0.0192485	0.0202624	0.0131751	0.013189	0.00906627	0.0182046
Pseudoalteromonadaceae	0.00809111	0.0101065	0.00914774	0.00810143	0.0101401	0.00911605	0.00812199	0.00910876	0.00812835	0.00814498	0.00811902	0.00710833	0.00709407	0.00710667	0.00710062	0.00709954	0.00404903	0.0081357	0.00711939	0.00505848	0.00709471	0.00609465	0.00609217	0.0060757	0.00609385	0.00506914	0.00608229	0.00506319	0.00505868	0.00610078	0.00712229	0.00608032	0.00817311	0.0081641	0.00817461	0.00813628	0.008141	0.00813595	0.00814084	0.00814407	0.0101238	0.0101662	0.00810463	0.0101312	0.00810775	0.00811631	0.00503682	0.00910231
Colwelliaceae	0.00505694	0.00606391	0.00508208	0.00506339	0.00608408	0.00607736	0.00507625	0.00506042	0.00508022	0.00509061	0.00507439	0.00507738	0.00405375	0.00406095	0.00507187	0.00405688	0.00303678	0.00508481	0.00508528	0.00303509	0.00405412	0.0040631	0.00406145	0.00405047	0.00406256	0.00304149	0.00405486	0.00303791	0.00303521	0.00406719	0.00406988	0.00405355	0.00510819	0.00612307	0.00510913	0.00508518	0.00508813	0.00508497	0.00508802	0.00509004	0.00607429	0.00609973	0.00607847	0.00607872	0.00506735	0.00507269	0.00402946	0.00505684
Ferrimonadaceae	0.00404555	0.00505326	0.00508208	0.00506339	0.00507007	0.00506447	0.00507625	0.00404834	0.00508022	0.00509061	0.00405951	0.0040619	0.00405375	0.00406095	0.00405749	0.00405688	0.00303678	0.00508481	0.00406822	0.00303509	0.00405412	0.0040631	0.00406145	0.00405047	0.00304692	0.00304149	0.00405486	0.00303791	0.00404694	0.00406719	0.00406988	0.00405355	0.00510819	0.00612307	0.00510913	0.00610221	0.00508813	0.00508497	0.00407042	0.00509004	0.00607429	0.00609973	0.00607847	0.00607872	0.00506735	0.00405815	0.00302209	0.00505684
Idiomarinaceae	0.00303416	0.00303196	0.00304925	0.00303804	0.00405605	0.00405158	0.00304575	0.00303625	0.00304813	0.00305437	0.00304463	0.00304643	0.00304031	0.00203048	0.00202875	0.00202844	0.00202452	0.00203393	0.00203411	0.00202339	0.00202706	0.00203155	0.00304609	0.00303785	0.00203128	0.00202766	0.00202743	0.00202528	0.00202347	0.00203359	0.00203494	0.00202677	0.00306491	0.00306154	0.00306548	0.00305111	0.00305288	0.00305098	0.00305281	0.00305403	0.00404953	0.00406649	0.00405232	0.00405248	0.00304041	0.00304362	0.00201473	0.0030341
Psychromonadaceae	0.00101139	0.00101065	0.00101642	0.00101268	0.00101401	0.00101289	0.00101525	0.00101208	0.00101604	0.00101812	0.00101488	0.00101548	0.00101344	0.00101524	0.00101437	0.00101422	0.00101226	0.00101696	0.00101706	0.0010117	0.00101353	0.00101577	0.00101536	0.00101262	0.00101564	0.00101383	0.00101372	0.00101264	0.00101174	0.0010168	0.00101747	0.00101339	0.00102164	0.00102051	0.00102183	0.00101704	0.00101763	0.00101699	0.0010176	0.00101801	0.00101238	0.00101662	0.00101308	0.00101312	0.00101347	0.00101454	0.00100736	0.00101137
Moritellaceae	0.00101139	0.00101065	0.00101642	0.00101268	0.00101401	0.00101289	0.00101525	0.00101208	0.00101604	0.00101812	0.00101488	0.00101548	0.00101344	0.00101524	0.00101437	0.00101422	0	0.00101696	0.00101706	0.0010117	0.00101353	0.00101577	0.00101536	0.00101262	0.00101564	0	0.00101372	0	0	0.0010168	0.00101747	0.00101339	0.00102164	0.00102051	0.00102183	0.00101704	0.00101763	0.00101699	0.0010176	0.00101801	0.00101238	0.00101662	0.00101308	0.00101312	0.00101347	0.00101454	0.00100736	0.00101137
Nevskiaceae	0.0445011	0.0485113	0.0508208	0.0637988	0.0547567	0.0536834	0.04061	0.0394713	0.046738	0.041743	0.0426249	0.0385881	0.041551	0.0406095	0.0405749	0.0365119	0.0242942	0.0406785	0.0406822	0.0323742	0.0405412	0.0355521	0.036553	0.0374668	0.0294536	0.0263595	0.0364938	0.0253159	0.0293403	0.0376215	0.0366289	0.0364819	0.0510819	0.0489846	0.053135	0.0508518	0.0417226	0.0539007	0.043757	0.0478464	0.0587181	0.0609973	0.0607847	0.0577478	0.0435792	0.0446397	0.0322356	0.0505684
Algiphilaceae	0.00707972	0.00808522	0.00813132	0.00911411	0.00811211	0.00810315	0.00710674	0.00607251	0.0071123	0.00712686	0.00608927	0.00609286	0.00608063	0.00710667	0.00608624	0.00608532	0.00404903	0.0081357	0.00711939	0.00505848	0.00709471	0.00609465	0.00609217	0.0060757	0.0050782	0.00405531	0.00608229	0.00506319	0.00505868	0.00711758	0.00610482	0.00608032	0.00919474	0.00918461	0.00919644	0.00915332	0.008141	0.00813595	0.00814084	0.00916208	0.0101238	0.0111828	0.0121569	0.0101312	0.00709428	0.00811631	0.00604418	0.00809094
Vibrionaceae	0.0465239	0.0515433	0.0498043	0.0617734	0.0557708	0.0516576	0.0507625	0.0445317	0.046738	0.0427611	0.0456695	0.0416345	0.0425644	0.0406095	0.0395606	0.0405688	0.0253065	0.0457633	0.0406822	0.0313626	0.0364871	0.0375837	0.0375684	0.0364542	0.0355474	0.0334563	0.0344663	0.0273412	0.0293403	0.0396551	0.0376464	0.0354685	0.048017	0.0520461	0.0500695	0.0528858	0.0427403	0.0528837	0.0447746	0.0478464	0.0587181	0.0640472	0.0617978	0.0648397	0.0466196	0.0446397	0.0292136	0.0546139
Acidiferrobacteraceae	0.0202278	0.023245	0.0233775	0.025317	0.0233223	0.0232966	0.0182745	0.0172054	0.0193048	0.0183262	0.0182678	0.0162476	0.0182419	0.0182743	0.01623	0.0162275	0.0111348	0.0193223	0.018307	0.013152	0.0162165	0.0142208	0.0162458	0.0162019	0.014219	0.0111521	0.0152057	0.0101264	0.0111291	0.0162688	0.0162795	0.0162142	0.022476	0.0234718	0.0224802	0.0233918	0.0203525	0.0244079	0.0193345	0.0213782	0.0273343	0.0284654	0.0283662	0.0283674	0.0202694	0.0213053	0.0141031	0.0242728
Legionellaceae	0.0141594	0.0181917	0.0111806	0.0101268	0.0182522	0.0121547	0.016244	0.0182175	0.0162567	0.0152718	0.0233422	0.0162476	0.0111478	0.0121829	0.00912936	0.0121706	0.00911033	0.0111866	0.00711939	0.00910526	0.0121624	0.0121893	0.011169	0.0151893	0.011172	0.00608297	0.0101372	0.0151896	0.0202347	0.0111848	0.015262	0.00810709	0.0102164	0.0112256	0.017371	0.0101704	0.00915863	0.0101699	0.010176	0.00916208	0.0222724	0.0162659	0.0141831	0.0192493	0.0141886	0.0111599	0.00805891	0.0151705
Coxiellaceae	0.00606833	0.00505326	0.00406566	0.00405071	0.00507007	0.00405158	0.00507625	0.00404834	0.00406417	0.00305437	0.00405951	0.00304643	0.00304031	0.00304572	0.00304312	0.00304266	0.00202452	0.00305089	0.00203411	0.00303509	0.00810825	0.00203155	0.00203072	0.00506309	0.0050782	0.00506914	0.00304115	0.00911374	0.0161878	0.00813438	0.00305241	0.00304016	0.00408655	0.00306154	0.0040873	0.00305111	0.00305288	0.00406798	0.00305281	0.00305403	0.00809905	0.00609973	0.00607847	0.00607872	0.00304041	0.00608723	0.00503682	0.00505684
Candidatus Rariloculaceae	0.0111253	0.0131385	0.0142298	0.0162029	0.0141962	0.0141805	0.00812199	0.00809667	0.00812835	0.00712686	0.00710415	0.00609286	0.00709407	0.00710667	0.00710062	0.00608532	0.00303678	0.0081357	0.00610234	0.00505848	0.00709471	0.00507887	0.00507681	0.0060757	0.00406256	0.00405531	0.00506858	0.00303791	0.00404694	0.00711758	0.00610482	0.00608032	0.0102164	0.0112256	0.0122619	0.0152555	0.00915863	0.0122039	0.00814084	0.0132341	0.013161	0.0132161	0.0121569	0.0151968	0.0101347	0.00913085	0.00705155	0.011125
Piscirickettsiaceae	0.00606833	0.00707457	0.00711491	0.00607607	0.00811211	0.00607736	0.00710674	0.00607251	0.00609626	0.00509061	0.00608927	0.00507738	0.00506719	0.00507619	0.00507187	0.0050711	0.00303678	0.00610178	0.00508528	0.00404678	0.00506765	0.00507887	0.00507681	0.00405047	0.0050782	0.00304149	0.00506858	0.00303791	0.00404694	0.00508399	0.00508735	0.00405355	0.00612983	0.00612307	0.00613096	0.00508518	0.00508813	0.00610196	0.00610563	0.00610805	0.00708667	0.0091496	0.00810463	0.00810496	0.00506735	0.00608723	0.00402946	0.00707957
Thiotrichaceae	0.00404555	0.00404261	0.00406566	0.00405071	0.00507007	0.00506447	0.004061	0.00303625	0.00406417	0.00407249	0.00405951	0.0040619	0.00304031	0.00406095	0.00405749	0.00304266	0.00202452	0.00406785	0.00305117	0.00303509	0.00304059	0.00304732	0.00304609	0.00303785	0.00304692	0.00202766	0.00304115	0.00202528	0.00202347	0.00406719	0.00305241	0.00304016	0.00408655	0.00408205	0.0040873	0.00406814	0.00305288	0.00406798	0.00407042	0.00407203	0.00607429	0.00609973	0.00607847	0.00607872	0.00405388	0.00405815	0.00302209	0.00505684
Francisellaceae	0.00101139	0.00101065	0.00101642	0.00101268	0.00101401	0.00101289	0.00101525	0.00101208	0.00101604	0.00101812	0.00101488	0.00101548	0.00101344	0.00101524	0.00101437	0.00101422	0.00101226	0.00101696	0.00101706	0.0010117	0.00101353	0.00101577	0.00101536	0.00101262	0.00101564	0.00101383	0.00101372	0.00101264	0.00101174	0.0010168	0.00101747	0.00101339	0.00204328	0.00102051	0.00102183	0.00101704	0.00101763	0.00101699	0.0010176	0.00101801	0.00101238	0.00203324	0.00202616	0.00101312	0.00101347	0.00101454	0	0.00101137
Fastidiosibacteraceae	0	0	0	0	0	0	0	0	0	0	0	0	0	0	0	0	0	0	0	0	0	0	0	0	0	0	0	0	0	0	0	0	0	0	0	0	0	0	0	0	0	0	0	0	0	0	0	0
Thiohalobacteraceae	0.00910249	0.0101065	0.00914774	0.0101268	0.00912612	0.0101289	0.00812199	0.00809667	0.00914439	0.00814498	0.00811902	0.00710833	0.00912094	0.00812191	0.00710062	0.00709954	0.00506129	0.0081357	0.00813645	0.00607017	0.00912178	0.00711042	0.00710754	0.00708832	0.00710949	0.00506914	0.00709601	0.00607583	0.00607042	0.00813438	0.00712229	0.00709371	0.00919474	0.0102051	0.0102183	0.0101704	0.008141	0.0101699	0.00814084	0.00916208	0.0121486	0.0132161	0.01317	0.0131706	0.0101347	0.0101454	0.00705155	0.011125
Pasteurellaceae	0.0111253	0.0121278	0.0101642	0.00911411	0.0131822	0.0111418	0.0111677	0.0101208	0.0101604	0.0091631	0.0101488	0.00913928	0.00810751	0.00913715	0.00912936	0.00709954	0.00506129	0.0081357	0.00813645	0.00607017	0.00709471	0.00711042	0.00710754	0.00810094	0.00710949	0.00608297	0.00608229	0.00607583	0.00607042	0.00813438	0.00813976	0.00709371	0.0102164	0.0102051	0.0112401	0.0111874	0.0101763	0.0111869	0.010176	0.0111981	0.0121486	0.0132161	0.0111439	0.0121574	0.00912122	0.0101454	0.00604418	0.011125
Salinisphaeraceae	0.00707972	0.00808522	0.00914774	0.00911411	0.00912612	0.00810315	0.00812199	0.00607251	0.0071123	0.00712686	0.00608927	0.00710833	0.00709407	0.00710667	0.00608624	0.00608532	0.00506129	0.00711874	0.00610234	0.00607017	0.00709471	0.00609465	0.00609217	0.0060757	0.0050782	0.00506914	0.00608229	0.00506319	0.00505868	0.00711758	0.00610482	0.00608032	0.00817311	0.0081641	0.00919644	0.00813628	0.008141	0.00813595	0.00712323	0.00814407	0.0101238	0.0101662	0.0101308	0.00911808	0.00709428	0.00811631	0.00503682	0.00809094
Steroidobacteraceae	0.00809111	0.0101065	0.00914774	0.0111395	0.0101401	0.00911605	0.00710674	0.00708459	0.00812835	0.00610874	0.00710415	0.00609286	0.00608063	0.00507619	0.00710062	0.0050711	0.00303678	0.00915267	0.00711939	0.00505848	0.00709471	0.00609465	0.00507681	0.00708832	0.00406256	0.00405531	0.00608229	0.00303791	0.00607042	0.00711758	0.00508735	0.00608032	0.011238	0.00918461	0.017371	0.0132215	0.00610575	0.0111869	0.00814084	0.0111981	0.013161	0.0172826	0.0162093	0.0141837	0.00810775	0.0111599	0.00705155	0.011125
Immundisolibacteraceae	0.00707972	0.00808522	0.00813132	0.00911411	0.00811211	0.00810315	0.00710674	0.00607251	0.0071123	0.00712686	0.00608927	0.00609286	0.00709407	0.00609143	0.00710062	0.00608532	0.00404903	0.00711874	0.00711939	0.00505848	0.00709471	0.00609465	0.00507681	0.0060757	0.0050782	0.00405531	0.00608229	0.00405055	0.00505868	0.00610078	0.00610482	0.00608032	0.00817311	0.0081641	0.00817461	0.00813628	0.00712338	0.00915295	0.00712323	0.00814407	0.0101238	0.0111828	0.0111439	0.0101312	0.00709428	0.00811631	0.00503682	0.00809094
Cardiobacteriaceae	0.00404555	0.00505326	0.00406566	0.00405071	0.00507007	0.00506447	0.004061	0.00404834	0.00406417	0.00305437	0.00405951	0.00304643	0.00405375	0.00304572	0.00405749	0.00304266	0.00202452	0.00406785	0.00406822	0.00303509	0.00304059	0.00304732	0.00304609	0.00303785	0.00304692	0.00202766	0.00304115	0.00202528	0.00303521	0.00305039	0.00305241	0.00405355	0.00408655	0.00408205	0.0040873	0.00406814	0.0040705	0.00406798	0.00407042	0.00407203	0.00506191	0.00508311	0.00506539	0.00607872	0.00405388	0.00405815	0.00201473	0.00404547
Ignatzschineriaceae	0.00404555	0.00404261	0.00101642	0.00101268	0.00101401	0.00405158	0.00304575	0.00101208	0.00406417	0.00101812	0.00405951	0.00101548	0	0.00304572	0.00304312	0	0	0	0.00305117	0.00303509	0.00304059	0.00304732	0.00304609	0	0.00304692	0	0	0	0.00202347	0.0010168	0.00305241	0	0.00408655	0	0.0040873	0	0.00305288	0	0	0.00101801	0.00101238	0.00711635	0.00607847	0.00101312	0.00405388	0.00101454	0.00302209	0.00606821
Thiohalomonadaceae	0.00707972	0.00707457	0.0111806	0.0121521	0.00811211	0.00810315	0.00609149	0.00809667	0.0071123	0.00610874	0.00608927	0.00609286	0.0101344	0.00609143	0.00608624	0.00811375	0.00607355	0.0101696	0.00610234	0.00505848	0.00608118	0.00609465	0.00507681	0.00810094	0.00304692	0.00608297	0.00709601	0.00303791	0.00404694	0.00915118	0.00508735	0.00912048	0.00817311	0.0081641	0.00817461	0.0111874	0.00610575	0.0132209	0.00915844	0.0111981	0.0141733	0.0101662	0.0101308	0.0111443	0.00608081	0.0101454	0.00503682	0.00707957
Candidatus Pseudothioglobaceae	0.00101139	0.0020213	0.00101642	0.00101268	0.00202803	0.00202579	0.0020305	0.00202417	0.00101604	0.00101812	0.00101488	0.00101548	0.00101344	0.00101524	0.00101437	0.00202844	0.00101226	0.00101696	0.00203411	0.0010117	0	0.00101577	0.00101536	0.00101262	0.00203128	0.00101383	0.00101372	0.00101264	0.00101174	0.0010168	0.00101747	0.00101339	0.00204328	0.00102051	0.00102183	0.00101704	0.00203525	0.00101699	0.00203521	0.00203602	0.00202476	0.00203324	0.00202616	0.00202624	0.00202694	0.00101454	0.00100736	0.00202274
Celerinatantimonadaceae	0	0	0	0	0	0	0	0	0	0	0	0	0	0	0	0	0	0	0	0	0	0	0	0	0	0	0	0	0	0	0	0	0	0	0	0	0	0	0	0	0	0	0	0	0	0	0	0
Candidatus Competibacteraceae	0	0	0	0	0.00304204	0	0	0	0	0	0	0	0	0	0	0	0	0	0	0	0	0	0	0	0	0	0	0	0	0	0	0	0	0	0	0.00101704	0	0	0	0	0	0	0	0	0	0	0	0
Woeseiaceae	0.00202278	0.0020213	0.00203283	0.00303804	0.00202803	0.00202579	0.0020305	0.00202417	0.00203209	0.00203625	0.00202976	0.00203095	0.00101344	0.00203048	0.00202875	0.00101422	0.00101226	0.00203393	0.00203411	0.0010117	0.00202706	0.00101577	0.00203072	0.00101262	0.00101564	0.00101383	0.00202743	0.00101264	0.00101174	0.00203359	0.00203494	0.00101339	0.00204328	0.00204102	0.00306548	0.00305111	0.00203525	0.00203399	0.00203521	0.00203602	0.00303714	0.00304987	0.00303924	0.00405248	0.00202694	0.00304362	0.00201473	0.0030341
Candidatus Poriferihabitaceae	0.00101139	0.00101065	0.00101642	0.00101268	0.00101401	0.00202579	0.00101525	0.00101208	0.00101604	0.00101812	0.00101488	0.00101548	0.00101344	0.00101524	0.00101437	0.00101422	0.00101226	0.00101696	0.00101706	0.0010117	0.00101353	0.00101577	0.00101536	0.00101262	0.00101564	0.00101383	0.00101372	0	0.00101174	0.0010168	0.00101747	0.00101339	0.00102164	0.00102051	0.00102183	0.00101704	0.00101763	0.00101699	0.0010176	0.00101801	0.00202476	0.00203324	0.00202616	0.00202624	0.00101347	0.00101454	0.00100736	0.00202274
Orbaceae	0.00101139	0.0020213	0.00101642	0.00101268	0.00202803	0.00101289	0.0020305	0.00101208	0.00203209	0.00101812	0.00101488	0.00101548	0.00101344	0.00101524	0.00101437	0.00101422	0.00101226	0.00101696	0.00101706	0.0010117	0.00101353	0.00101577	0.00101536	0.00101262	0.00101564	0.00101383	0.00101372	0.00101264	0.00101174	0.0010168	0.00101747	0.00101339	0.00102164	0.00102051	0.00102183	0.00101704	0.00101763	0.00101699	0.0010176	0.00101801	0.00202476	0.00203324	0.00202616	0.00101312	0.00202694	0.00101454	0.00100736	0.00101137
Kangiellaceae	0.00101139	0.00101065	0.00101642	0.00101268	0.00101401	0.00101289	0.00101525	0.00101208	0.00101604	0.00101812	0.00101488	0.00101548	0.00101344	0.00101524	0.00101437	0.00101422	0	0.00101696	0.00101706	0.0010117	0.00101353	0.00101577	0.00101536	0.00101262	0.00101564	0	0.00101372	0	0	0.0010168	0.00101747	0.00101339	0.00102164	0.00102051	0.00102183	0.00101704	0.00101763	0.00101699	0.0010176	0.00101801	0.00101238	0.00101662	0.00101308	0.00101312	0.00101347	0.00101454	0	0.00101137
Candidatus Comchoanobacteraceae	0	0	0	0	0	0	0	0	0	0	0	0	0	0	0	0	0	0	0	0	0	0	0	0	0	0	0	0	0	0	0	0	0	0	0	0	0	0	0	0	0	0	0	0	0	0	0	0
Candidatus Johnevansiaceae	0	0	0	0	0	0	0	0	0	0	0	0	0	0	0	0	0	0	0	0	0	0	0	0	0	0	0	0	0	0	0	0	0	0	0	0	0	0	0	0	0	0	0	0	0	0	0	0
Acidithiobacillaceae	0.0121367	0.0131385	0.0132134	0.0141775	0.0141962	0.0141805	0.0111677	0.0111329	0.0132086	0.0122175	0.0121785	0.0101548	0.0121613	0.0121829	0.0111581	0.0111564	0.00809807	0.0122036	0.0122047	0.00910526	0.0111488	0.0111735	0.011169	0.0111388	0.0101564	0.00811063	0.0101372	0.00708846	0.00809389	0.0111848	0.0111922	0.0111473	0.0132813	0.0132667	0.0132837	0.0132215	0.0132291	0.0132209	0.0122113	0.0122161	0.0161981	0.0182992	0.0162093	0.0182362	0.0131751	0.013189	0.00906627	0.0151705
Thermithiobacillaceae	0.00809111	0.00808522	0.00813132	0.00911411	0.00912612	0.00911605	0.00710674	0.00506042	0.00812835	0.00610874	0.00608927	0.00609286	0.00709407	0.00609143	0.00608624	0.00608532	0.00404903	0.00711874	0.00813645	0.00505848	0.00608118	0.00609465	0.00609217	0.0060757	0.0050782	0.00506914	0.00608229	0.00405055	0.00505868	0.00610078	0.00610482	0.00608032	0.00919474	0.0112256	0.00919644	0.00813628	0.008141	0.00915295	0.00814084	0.00814407	0.00911143	0.0091496	0.0101308	0.00810496	0.00608081	0.00608723	0.00503682	0.00707957
Hydrogenophilaceae	0.00202278	0.00303196	0.00304925	0.00303804	0.00304204	0.00303868	0.0020305	0.00202417	0.00203209	0.00203625	0.00202976	0.00203095	0.00304031	0.00203048	0.00202875	0.00202844	0.00101226	0.00203393	0.00203411	0.00202339	0.00202706	0.00203155	0.00203072	0.00202523	0.00203128	0.00101383	0.00202743	0.00101264	0.00101174	0.00203359	0.00203494	0.00202677	0.00306491	0.00306154	0.00204365	0.00305111	0.00305288	0.00203399	0.00305281	0.00203602	0.00303714	0.00304987	0.00303924	0.00303936	0.00202694	0.00304362	0.00100736	0.0030341
Mariprofundaceae	0.00101139	0.00101065	0.00101642	0.00202536	0.00101401	0.00101289	0.00101525	0.00101208	0.00101604	0.00101812	0.00101488	0.00101548	0.00101344	0.00101524	0.00101437	0.00101422	0.00101226	0.00101696	0.00101706	0.0010117	0.00101353	0.00101577	0.00101536	0.00101262	0.00101564	0.00101383	0.00101372	0.00101264	0.00101174	0.0010168	0.00101747	0.00101339	0.00102164	0.00102051	0.00102183	0.00101704	0.00101763	0.00101699	0.0010176	0.00101801	0.00101238	0.00101662	0.00101308	0.00101312	0.00101347	0.00101454	0.00100736	0.00101137
Magnetococcaceae	0.00101139	0.00101065	0.00101642	0.00101268	0.00101401	0.00101289	0.00101525	0.00101208	0	0	0	0.00101548	0.00101344	0.00101524	0	0.00101422	0	0.00101696	0.00101706	0	0	0.00101577	0.00101536	0.00101262	0	0	0	0.00101264	0	0.0010168	0.00101747	0.00101339	0.00102164	0.00102051	0.00102183	0.00101704	0.00101763	0.00101699	0.0010176	0.00101801	0.00101238	0.00101662	0.00101308	0.00101312	0.00101347	0.00101454	0.00100736	0.00101137
Isosphaeraceae	0.872828	0.833788	0.986939	0.80913	1.02821	0.948069	1.07515	1.01107	1.19792	1.46508	1.19147	1.52931	1.25565	1.29443	1.13407	1.24445	1.28861	1.32714	0.911282	0.891303	0.776364	0.964986	0.741215	1.14628	1.15174	1.21153	1.09177	0.9215	0.764873	1.00968	1.00831	1.02757	1.02062	1.19094	0.897163	0.678363	0.983026	0.958008	1.00641	0.830695	1.17133	1.29213	1.51557	1.26944	0.977998	1.03686	0.600389	1.01946
Gemmataceae	0.685721	0.554848	0.675916	0.621785	0.60638	0.589504	0.526914	0.463535	0.802674	0.720831	0.844379	0.645843	0.730689	0.841633	0.627897	0.821518	0.195366	0.568482	0.647865	0.374327	0.549334	0.492651	0.538142	0.677441	0.256957	0.390324	0.656888	0.254172	0.353096	0.46976	0.66339	0.456024	0.780532	0.668436	0.589594	0.568523	0.701144	0.810544	0.642108	0.641345	0.756249	0.631322	0.685854	0.610911	0.614162	0.423062	0.330415	0.493547
Pirellulaceae	0.170925	0.191013	0.202267	0.212663	0.221055	0.208656	0.142135	0.14068	0.180856	0.141519	0.159336	0.160445	0.153029	0.143149	0.131869	0.153147	0.0718703	0.151527	0.161712	0.11331	0.158111	0.154398	0.159412	0.147842	0.0924233	0.0932722	0.173345	0.0860742	0.124444	0.148452	0.165848	0.133767	0.167549	0.170426	0.169623	0.187135	0.151626	0.182042	0.155693	0.171025	0.258157	0.239923	0.230982	0.244162	0.181411	0.161312	0.120884	0.196205
Lacipirellulaceae	0.117321	0.133406	0.141282	0.153927	0.155144	0.141805	0.107616	0.0991843	0.118877	0.0834861	0.0933688	0.0934238	0.106411	0.0842648	0.0933224	0.0983793	0.0708581	0.105764	0.140354	0.139614	0.167233	0.182839	0.145197	0.142779	0.090392	0.0800925	0.183483	0.119491	0.204371	0.176923	0.147533	0.113499	0.119532	0.109195	0.141012	0.170862	0.109904	0.140345	0.112954	0.133359	0.15287	0.14741	0.140818	0.148929	0.112495	0.111599	0.0705155	0.135523
Thermoguttaceae	0.00303416	0.00303196	0.00203283	0.00303804	0.00304204	0.00303868	0.0345185	0.0323867	0.0406417	0.0356343	0.0365356	0.0345262	0.041551	0.0406095	0.0365175	0.0354977	0.0212574	0.0366107	0.00203411	0.00202339	0.00202706	0.00203155	0.00203072	0.00202523	0.0264067	0.0233181	0.00202743	0.00101264	0.00101174	0.00203359	0.00203494	0.00202677	0.00204328	0.0449025	0.00204365	0.00203407	0.00203525	0.00305098	0.00203521	0.00203602	0.00404953	0.00406649	0.0476147	0.0466035	0.00304041	0.0355088	0.00201473	0.0030341
Planctomycetaceae	0.332747	0.345643	0.369975	0.372666	0.404591	0.381861	0.304575	0.304637	0.332246	0.324781	0.315627	0.319875	0.315179	0.307617	0.276924	0.31238	0.208525	0.302038	0.308168	0.252924	0.294937	0.301685	0.288363	0.322012	0.220394	0.226084	0.326416	0.230881	0.254958	0.305039	0.323555	0.289829	0.340206	0.320441	0.323919	0.331554	0.310376	0.349846	0.316475	0.312529	0.477844	0.45443	0.43765	0.42551	0.339512	0.306391	0.224642	0.380274
Kolteriaceae	0.0101139	0.0111172	0.0132134	0.0131648	0.0131822	0.0131676	0.0101525	0.00910876	0.0121925	0.0111993	0.0111637	0.0101548	0.0111478	0.0121829	0.00912936	0.0111564	0.00506129	0.0111866	0.0101706	0.00809356	0.00912178	0.00914197	0.00913826	0.0101262	0.00710949	0.00608297	0.0101372	0.00607583	0.00708215	0.00915118	0.0101747	0.00912048	0.0122597	0.0122461	0.0112401	0.0101704	0.0111939	0.0122039	0.0111937	0.0111981	0.0172105	0.0152493	0.0172223	0.0151968	0.0121616	0.0111599	0.00805891	0.0121364
Tepidisphaeraceae	0.0829338	0.0737776	0.0843625	0.0881031	0.076051	0.0800186	0.0751284	0.0698338	0.104652	0.105885	0.0994581	0.0761607	0.107424	0.126905	0.115639	0.0892513	0.0485884	0.0966115	0.100689	0.0677836	0.109461	0.0802462	0.0954441	0.0840472	0.0609385	0.0547467	0.0669052	0.0496192	0.057669	0.0915118	0.0895374	0.115526	0.114423	0.107154	0.107292	0.104755	0.108886	0.10475	0.106848	0.0987468	0.0536562	0.0467646	0.0445755	0.0455904	0.0385118	0.0355088	0.0251841	0.0374206
Phycisphaeraceae	0.018205	0.0181917	0.0203283	0.0212663	0.0202803	0.0212708	0.0172592	0.0161933	0.0203209	0.0193443	0.0182678	0.0162476	0.0202688	0.02132	0.0192731	0.0162275	0.0111348	0.0183053	0.0193241	0.0141637	0.0192571	0.0162524	0.0182765	0.0162019	0.0132033	0.0121659	0.0162194	0.0121517	0.0121408	0.0172856	0.017297	0.0202677	0.0214544	0.0224513	0.0214584	0.0213577	0.0213701	0.0213569	0.0203521	0.0203602	0.0202476	0.0182992	0.0182354	0.0182362	0.015202	0.0142035	0.0100736	0.0161819
Anaerohalosphaeraceae	0.00101139	0.00101065	0.00101642	0.00202536	0.00101401	0.00101289	0.00101525	0.00101208	0.00101604	0.00101812	0.00101488	0.00101548	0.00101344	0.00101524	0.00101437	0.00101422	0.00101226	0.00101696	0.00101706	0.0010117	0.00101353	0.00101577	0.00101536	0.00101262	0.00101564	0.00101383	0.00101372	0.00101264	0.00101174	0.0010168	0.00101747	0.00101339	0.00102164	0.00102051	0.00102183	0.00101704	0.00101763	0.00101699	0.0010176	0.00101801	0.00202476	0.00203324	0.00101308	0.00202624	0.00101347	0.00101454	0.00100736	0.00101137
Sedimentisphaeraceae	0.00202278	0.0020213	0.00203283	0.00303804	0.00304204	0.00303868	0.0020305	0.00101208	0.00203209	0.00203625	0.00202976	0.00203095	0.00202688	0.00203048	0.00202875	0.00202844	0.00101226	0.00203393	0.00203411	0.0010117	0.00101353	0.00203155	0.00101536	0.00202523	0.00101564	0.00101383	0.00101372	0.00101264	0.00101174	0.00203359	0.00203494	0.00202677	0.00204328	0.00204102	0.00204365	0.00203407	0.00203525	0.00203399	0.00203521	0.00203602	0.00202476	0.00203324	0.00303924	0.00303936	0.00202694	0.00101454	0.00100736	0.00202274
Candidatus Uabimicrobiaceae	0.00101139	0.00101065	0.00101642	0.00101268	0.00101401	0.00101289	0.00101525	0.00101208	0.00101604	0.00101812	0.00101488	0.00101548	0.00101344	0.00101524	0.00101437	0.00101422	0	0	0.00101706	0	0.00101353	0.00101577	0	0	0.00101564	0	0	0	0	0.0010168	0.00101747	0.00101339	0.00102164	0.00102051	0.00102183	0.00101704	0.00101763	0.00101699	0.0010176	0.00101801	0.00101238	0.00101662	0.00101308	0.00101312	0.00101347	0.00101454	0.00100736	0.00101137
Candidatus Brocadiaceae	0.00101139	0.00101065	0.00101642	0.00101268	0.00101401	0.00101289	0.00101525	0.00101208	0.00101604	0.00101812	0.00101488	0.00101548	0.00101344	0.00101524	0	0	0	0.00101696	0.00101706	0	0	0	0.00101536	0	0	0	0.00101372	0	0	0.0010168	0.00101747	0.00101339	0.00102164	0.00102051	0.00102183	0	0	0.00101699	0	0.00101801	0.00101238	0.00101662	0.00101308	0.00101312	0.00101347	0	0	0.00101137
Verrucomicrobiaceae	0.164856	0.120268	0.128068	0.12861	0.147032	0.14687	0.137059	0.118414	0.132086	0.110975	0.165425	0.113733	0.127693	0.0994934	0.123754	0.128806	0.0415026	0.0915267	0.0986544	0.0870058	0.0972989	0.103609	0.102552	0.0911355	0.0731261	0.0740095	0.096303	0.0637962	0.0819506	0.0976126	0.105817	0.0810709	0.103185	0.0898051	0.104226	0.108823	0.0905686	0.102716	0.0895492	0.0997648	0.1063	0.0996289	0.0881379	0.105364	0.09932	0.0902939	0.0533903	0.0869776
Akkermansiaceae	0.0101139	0.00909587	0.0111806	0.0121521	0.0121682	0.0111418	0.0101525	0.00809667	0.0111765	0.0091631	0.0111637	0.00812381	0.00912094	0.00812191	0.00912936	0.00912797	0.00404903	0.0101696	0.0091535	0.00607017	0.00810825	0.00914197	0.0081229	0.00810094	0.00609385	0.00608297	0.00810972	0.00506319	0.00607042	0.010168	0.00915723	0.00810709	0.0102164	0.0102051	0.00919644	0.0101704	0.0101763	0.00915295	0.00915844	0.0101801	0.0121486	0.0111828	0.0111439	0.0131706	0.00810775	0.00811631	0.00604418	0.0101137
Fontisphaeraceae	0.00606833	0.0151598	0.0182955	0.0192409	0.0202803	0.019245	0.00710674	0.012145	0.0172727	0.0152718	0.00811902	0.0142167	0.00709407	0.0142133	0.00507187	0.00709954	0.00607355	0.0162714	0.0132217	0.00404678	0.0121624	0.00507887	0.00609217	0.00506309	0.00304692	0.00304149	0.00506858	0.00202528	0.00303521	0.00610078	0.00610482	0.0111473	0.0153246	0.0173487	0.0153274	0.0122044	0.0142468	0.0142379	0.0132289	0.0132341	0.02126	0.0203324	0.0192485	0.0233018	0.0141886	0.0142035	0.011081	0.0171933
Opitutaceae	0.143617	0.151598	0.164659	0.175193	0.183536	0.16814	0.131982	0.128535	0.135134	0.121157	0.158321	0.135058	0.114519	0.110661	0.108538	0.118664	0.0445394	0.110849	0.110859	0.0708187	0.101353	0.0924355	0.0974748	0.0860725	0.0609385	0.0618435	0.0912344	0.0496192	0.0677863	0.090495	0.0986946	0.0871513	0.178787	0.13981	0.148165	0.158658	0.116009	0.176957	0.161799	0.148629	0.161981	0.172826	0.153988	0.162099	0.112495	0.0953666	0.0987217	0.136535
Alterococcaceae	0.00910249	0.00909587	0.0101642	0.0101268	0.0101401	0.0101289	0.00812199	0.00809667	0.00914439	0.00814498	0.0091339	0.00710833	0.00810751	0.00913715	0.00811499	0.00811375	0.00404903	0.0081357	0.00813645	0.00505848	0.00810825	0.00711042	0.00710754	0.00708832	0.0050782	0.00506914	0.00709601	0.00506319	0.00505868	0.00711758	0.00712229	0.00810709	0.0102164	0.00918461	0.0102183	0.00915332	0.00915863	0.0101699	0.010176	0.0101801	0.0101238	0.0101662	0.00911771	0.0101312	0.00709428	0.00710177	0.00503682	0.00910231
Cerasicoccaceae	0.00303416	0.00404261	0.00406566	0.00405071	0.00405605	0.00405158	0.00304575	0.00303625	0.00406417	0.00305437	0.00405951	0.00304643	0.00304031	0.00304572	0.00304312	0.00304266	0.00202452	0.00305089	0.00305117	0.00202339	0.00304059	0.00304732	0.00304609	0.00303785	0.00203128	0.00202766	0.00304115	0.00202528	0.00202347	0.00305039	0.00305241	0.00304016	0.00408655	0.00408205	0.00306548	0.00406814	0.00305288	0.00406798	0.00305281	0.00407203	0.00404953	0.00406649	0.00405232	0.00405248	0.00304041	0.00304362	0.00201473	0.00404547
Coraliomargaritaceae	0.00910249	0.00303196	0.00304925	0.00303804	0.00304204	0.00303868	0.0101525	0.00202417	0.00304813	0.00305437	0.0101488	0.00203095	0.00912094	0.00203048	0.00912936	0.00811375	0.00101226	0.00305089	0.00305117	0.00708187	0.00202706	0.0081262	0.00913826	0.00911355	0.00710949	0.00608297	0.00709601	0.00607583	0.00607042	0.00915118	0.0101747	0.00202677	0.00306491	0.00306154	0.00204365	0.00305111	0.00305288	0.00305098	0.00305281	0.00305403	0.00303714	0.00406649	0.00303924	0.00303936	0.00202694	0.00202908	0.00201473	0.0030341
Methylacidiphilaceae	0.00101139	0.00101065	0.00101642	0.00101268	0.00101401	0.00101289	0.00101525	0.00101208	0.00101604	0.00101812	0.00101488	0.00101548	0.00101344	0.00101524	0.00101437	0.00101422	0	0.00101696	0.00101706	0	0.00101353	0.00101577	0.00101536	0.00101262	0.00101564	0	0.00101372	0	0.00101174	0.0010168	0.00101747	0.00101339	0.00102164	0.00102051	0.00102183	0.00101704	0.00101763	0.00101699	0.0010176	0.00101801	0.00101238	0.00101662	0.00101308	0.00101312	0.00101347	0.00101454	0.00100736	0.00101137
Kiritimatiellaceae	0.0141594	0.0141491	0.0162626	0.0162029	0.0162242	0.0172192	0.0131982	0.012145	0.0152406	0.0142537	0.0131934	0.0121857	0.0131747	0.0142133	0.0121725	0.0141991	0.00708581	0.0142375	0.0122047	0.00910526	0.0121624	0.0111735	0.0121843	0.0121514	0.00812513	0.00811063	0.0131783	0.00607583	0.00809389	0.0122016	0.0132271	0.0121606	0.0153246	0.0173487	0.0153274	0.0152555	0.0142468	0.0152549	0.0132289	0.0132341	0.0182229	0.0172826	0.0172223	0.017223	0.0131751	0.0121745	0.00906627	0.0141591
Tichowtungiaceae	0.00101139	0.00101065	0.00101642	0.00202536	0.00101401	0.00101289	0.0020305	0.00202417	0.00203209	0.00101812	0.00202976	0.00203095	0.00202688	0.00101524	0.00202875	0.00101422	0.00101226	0.00101696	0.00101706	0.0010117	0.00101353	0.00101577	0.00101536	0.00101262	0.00101564	0.00101383	0.00101372	0.00101264	0.00101174	0.0010168	0.00101747	0.00101339	0.00204328	0.00204102	0.00204365	0.00203407	0.00203525	0.00203399	0.00203521	0.00203602	0.00303714	0.00203324	0.00303924	0.00303936	0.00202694	0.00202908	0.00100736	0.00202274
Parachlamydiaceae	0.00202278	0.0020213	0.00203283	0.00202536	0.00202803	0.00202579	0.0020305	0.00202417	0.00304813	0.00203625	0.00202976	0.00203095	0.00202688	0.00101524	0.00202875	0.00202844	0.00101226	0.00101696	0.00101706	0.0010117	0.00101353	0.00101577	0.00101536	0.00101262	0.00101564	0.00101383	0.00101372	0.00101264	0.00202347	0.0010168	0.00101747	0.00101339	0.00204328	0.00306154	0.00306548	0.00203407	0.00203525	0.00305098	0.00203521	0.00305403	0.00404953	0.00406649	0.00303924	0.00303936	0.00202694	0.00202908	0.00201473	0.0030341
Simkaniaceae	0	0	0	0	0	0	0	0	0	0	0	0	0	0	0	0	0	0	0	0	0	0	0	0	0	0	0	0	0	0	0	0	0	0	0.00102183	0	0.00101763	0	0	0.00101801	0.00101238	0.00101662	0	0.00101312	0	0	0	0
Candidatus Rhabdochlamydiaceae	0	0	0	0	0	0	0	0	0	0	0	0	0	0	0	0	0	0	0	0	0	0	0	0	0	0	0	0	0	0	0	0	0	0	0	0	0	0	0	0	0.00202476	0.00406649	0.00202616	0.00303936	0.00810775	0.00405815	0.00100736	0.0030341
Waddliaceae	0	0	0	0	0	0	0	0	0	0	0	0	0	0	0	0	0	0	0	0	0	0	0	0	0	0	0	0	0	0	0	0	0	0	0	0	0	0	0	0	0	0.00101662	0	0	0	0	0	0
Chlamydiaceae	0.00202278	0.0020213	0.00203283	0.00202536	0.00202803	0.00202579	0.00101525	0.00101208	0.00203209	0.00203625	0.00101488	0.00101548	0.00101344	0.00203048	0.00202875	0.00101422	0.00101226	0.0325428	0.00203411	0.00202339	0.00101353	0.00101577	0.00203072	0.00101262	0.00101564	0.00101383	0.00101372	0.00101264	0.00101174	0.00203359	0.00101747	0.00202677	0.00204328	0.00102051	0.00102183	0.00203407	0.00305288	0.00203399	0.00203521	0.00101801	0.00303714	0.00304987	0.00405232	0.0151968	0.00202694	0.00304362	0.00201473	0.00505684
Lentisphaeraceae	0	0	0	0	0	0	0	0	0	0	0	0	0	0	0	0	0	0	0	0	0	0	0	0	0	0	0	0	0	0	0	0	0	0	0	0	0	0	0	0	0	0	0	0	0	0	0	0
Flavobacteriaceae	0.348929	0.429527	0.291711	0.209624	0.46746	0.358565	0.385795	0.617371	0.217433	0.158827	0.349118	0.215281	0.148975	0.135027	0.189688	0.424958	0.118434	0.150511	0.158661	0.11938	0.112502	0.181824	0.15535	0.112401	0.175706	0.167282	0.207812	0.159997	0.142655	0.139301	0.137358	0.106406	0.157332	0.1194	0.150208	0.16476	0.147556	0.170855	0.164852	0.162881	0.150845	0.154527	0.113465	0.166152	0.191546	0.226242	0.0795817	0.141591
Weeksellaceae	0.108219	0.6357	0.0945266	0.0840523	0.076051	0.0779928	0.0730979	0.417991	0.0508022	0.0427611	0.0720563	0.0497583	0.041551	0.0456857	0.0527474	0.0486825	0.0556742	0.0345767	0.0467846	0.0343976	0.03446	0.0436783	0.0385838	0.0303785	0.0660167	0.0892169	0.0405486	0.0394929	0.0374342	0.0457559	0.0396813	0.0334418	0.0510819	0.0408205	0.047004	0.0518688	0.0529165	0.0508497	0.0508802	0.0529364	0.098201	0.0884461	0.0435624	0.0810496	0.120603	0.137977	0.0282062	0.0667503
Crocinitomicaceae	0.00404555	0.0181917	0.00508208	0.00202536	0.00608408	0.00405158	0.00913724	0.0151813	0.00203209	0.00101812	0.00202976	0.00101548	0.00101344	0.00101524	0.00101437	0.00202844	0.00101226	0.00101696	0.00305117	0.0010117	0.00101353	0.00101577	0.00203072	0.00101262	0.00203128	0.00101383	0.00101372	0.00101264	0.00101174	0.00203359	0.00101747	0.00101339	0.00102164	0.00102051	0.00102183	0.00101704	0.00101763	0.00101699	0.00203521	0.00101801	0.00101238	0.00101662	0.00101308	0.00709184	0.00405388	0.00507269	0.00100736	0.00101137
Blattabacteriaceae	0.00202278	0.0020213	0.00203283	0.00202536	0.00202803	0.00202579	0.0020305	0.00303625	0.00203209	0.00203625	0.00202976	0.00203095	0.00101344	0.00101524	0.00101437	0.00202844	0.00101226	0.00101696	0.00101706	0.0010117	0.00101353	0.00101577	0.00101536	0.00101262	0.00101564	0.00101383	0.00101372	0.00101264	0.00101174	0.0010168	0.00101747	0.00101339	0.00204328	0.00102051	0.00204365	0.00203407	0.00203525	0.00203399	0.00203521	0.00203602	0.00202476	0.00203324	0.00101308	0.00202624	0.00101347	0.00101454	0.00100736	0.00101137
Owenweeksiaceae	0.00101139	0.00101065	0.00101642	0.00101268	0.00101401	0.00101289	0.00101525	0.00101208	0.00101604	0.00101812	0.00101488	0.00101548	0.00101344	0.00101524	0.00101437	0.00101422	0	0.00101696	0.00101706	0	0.00101353	0.00101577	0.00101536	0.00101262	0	0.00101383	0.00101372	0.00101264	0.00101174	0.0010168	0.00101747	0	0.00102164	0.00102051	0.00102183	0.00101704	0.00101763	0.00101699	0.0010176	0.00101801	0.00101238	0.00101662	0.00101308	0.00101312	0.00101347	0.00101454	0.00100736	0.00101137
Sanyastnellaceae	0.00101139	0.00101065	0	0	0.00101401	0	0	0	0	0.00101812	0	0.00101548	0.00101344	0	0	0.00101422	0	0	0	0	0	0	0.00101536	0.00101262	0	0	0	0	0	0	0.00101747	0.00101339	0.00102164	0.00102051	0.00102183	0.00101704	0	0.00101699	0	0.00101801	0.00101238	0	0.00101308	0	0.00101347	0	0	0.00101137
Parvicellaceae	0	0	0.00101642	0	0.00101401	0.00101289	0.00101525	0.00101208	0.00101604	0	0.00101488	0	0	0	0.00101437	0	0	0	0	0	0	0	0	0	0	0	0	0	0	0	0	0	0	0	0	0	0	0	0.0010176	0	0	0	0	0.00101312	0	0	0	0
Sphingobacteriaceae	0.417703	0.334526	0.267317	0.202536	0.234237	0.266391	0.341124	0.50503	0.210321	0.312564	0.314612	0.274178	0.171271	0.249749	0.242435	0.268768	0.626588	0.375259	0.297997	0.301485	0.214868	0.199092	0.288363	0.210624	0.409303	0.64074	0.336554	0.424295	0.370295	0.345711	0.33373	0.241186	0.250301	0.17859	0.177798	0.16476	0.159767	0.213569	0.278824	0.239232	0.240947	0.31312	0.244152	0.31508	0.259448	0.371321	0.175281	0.259922
Aurantibacillaceae	0.00202278	0.0020213	0.00203283	0.00202536	0.00304204	0.00202579	0.0020305	0.00202417	0.00101604	0.00101812	0.00202976	0.00203095	0.00101344	0.00101524	0.00202875	0.00202844	0.00101226	0.00101696	0.00101706	0.0010117	0.00101353	0.00101577	0.00101536	0.00101262	0.00101564	0.00101383	0.00101372	0.00101264	0.00101174	0.0010168	0.00101747	0.00101339	0.00102164	0.00102051	0.00102183	0.00101704	0.00101763	0.00203399	0.00203521	0.00101801	0.00101238	0.00101662	0.00101308	0.00101312	0.00101347	0.00101454	0	0.00101137
Chitinophagaceae	0.283189	0.277929	0.287645	0.270385	0.324484	0.328178	0.298483	0.339048	0.262139	0.287111	0.33085	0.282302	0.22701	0.23452	0.305326	0.241384	0.101226	0.203393	0.260366	0.159848	0.182436	0.175729	0.207134	0.162019	0.179768	0.153088	0.175373	0.139744	0.131526	0.218611	0.199424	0.18849	0.289124	0.208185	0.2575	0.248157	0.257459	0.296962	0.265595	0.261628	0.210575	0.236873	0.149936	0.226939	0.239179	0.170442	0.119876	0.215421
Hymenobacteraceae	0.0981047	0.143513	0.113838	0.109369	0.112556	0.117496	0.0954334	0.131571	0.0924599	0.0967216	0.0923539	0.0822535	0.0891826	0.0913715	0.0892649	0.083166	0.0536497	0.082374	0.104757	0.0677836	0.0851366	0.0843093	0.0883365	0.0759463	0.0751574	0.0618435	0.075015	0.0648088	0.0617159	0.080327	0.0834325	0.0861379	0.110337	0.107154	0.107292	0.104755	0.0997273	0.112886	0.0987076	0.109945	0.101238	0.100646	0.100295	0.105364	0.0881718	0.215082	0.055405	0.0890004
Spirosomataceae	0.0930477	0.127342	0.083346	0.0496213	0.0598268	0.0911605	0.0670064	0.210514	0.0436899	0.0478518	0.0629224	0.040619	0.0456047	0.0375638	0.0568049	0.0547678	0.0496007	0.0437294	0.0874668	0.0647485	0.0486495	0.0548518	0.0710754	0.047593	0.0853138	0.17742	0.0587955	0.0607583	0.112303	0.0671086	0.0529084	0.0506693	0.0510819	0.0346974	0.0439385	0.0447496	0.040705	0.0488157	0.0447746	0.0590445	0.0455572	0.0528643	0.0354578	0.0607872	0.113509	0.108556	0.0322356	0.0353979
Cytophagaceae	0.0323644	0.0353728	0.0437058	0.0364564	0.0375185	0.0395029	0.0314727	0.0374471	0.0416578	0.0570149	0.0903242	0.0487428	0.041551	0.0314724	0.0344887	0.041583	0.0192329	0.026441	0.0467846	0.0354093	0.0334465	0.0274259	0.0345223	0.0334164	0.0294536	0.0344702	0.0364938	0.0273412	0.0313638	0.0315207	0.0335765	0.0273614	0.0408655	0.0357179	0.0388294	0.0447496	0.040705	0.0833935	0.048845	0.0509004	0.0496067	0.0498145	0.0364708	0.0628134	0.0516869	0.0284071	0.0342504	0.030341
Fulvivirgaceae	0.0171936	0.0181917	0.0182955	0.0182282	0.0172382	0.0141805	0.0142135	0.0202417	0.0101604	0.00712686	0.0121785	0.00913928	0.00608063	0.00507619	0.00811499	0.00811375	0.00303678	0.0081357	0.0122047	0.00505848	0.00709471	0.0081262	0.011169	0.0060757	0.00609385	0.00608297	0.00912344	0.00405055	0.00505868	0.010168	0.00813976	0.00608032	0.0234977	0.0183692	0.0143056	0.0142385	0.00712338	0.0132209	0.010176	0.0183242	0.00911143	0.0091496	0.00607847	0.00709184	0.0121616	0.00608723	0.00503682	0.00606821
Cyclobacteriaceae	0.0111253	0.0131385	0.0132134	0.0131648	0.0162242	0.0151934	0.0131982	0.0141692	0.0111765	0.0111993	0.0121785	0.0121857	0.00912094	0.00913715	0.0121725	0.0101422	0.00607355	0.0081357	0.0101706	0.00708187	0.00810825	0.0081262	0.00913826	0.00708832	0.00812513	0.0070968	0.00912344	0.00708846	0.00708215	0.00813438	0.00915723	0.00810709	0.0132813	0.0102051	0.0122619	0.0142385	0.0111939	0.0132209	0.0122113	0.0132341	0.0121486	0.0121995	0.0101308	0.0121574	0.0101347	0.0101454	0.00604418	0.0101137
Reichenbachiellaceae	0.00404555	0.00404261	0.00406566	0.00405071	0.00507007	0.00506447	0.004061	0.00404834	0.00304813	0.00305437	0.00405951	0.00304643	0.00304031	0.00304572	0.00304312	0.00304266	0.00202452	0.00203393	0.00305117	0.00202339	0.00202706	0.00203155	0.00304609	0.00202523	0.00203128	0.00202766	0.00304115	0.00202528	0.00202347	0.00203359	0.00203494	0.00202677	0.00408655	0.00306154	0.0040873	0.00406814	0.0040705	0.00406798	0.00407042	0.00407203	0.00303714	0.00406649	0.00303924	0.00303936	0.00304041	0.00304362	0.00201473	0.0030341
Flammeovirgaceae	0.00404555	0.00404261	0.00508208	0.00405071	0.00507007	0.00506447	0.004061	0.00506042	0.00406417	0.00305437	0.00405951	0.0040619	0.00304031	0.00304572	0.00405749	0.00405688	0.00202452	0.00305089	0.00406822	0.00202339	0.00304059	0.00304732	0.00304609	0.00202523	0.00304692	0.00202766	0.00304115	0.00202528	0.00202347	0.00305039	0.00305241	0.00202677	0.00408655	0.00306154	0.0040873	0.00406814	0.0040705	0.00508497	0.00407042	0.00407203	0.00404953	0.00406649	0.00303924	0.00405248	0.00304041	0.00304362	0.00201473	0.00404547
Leadbetterellaceae	0.00404555	0.00404261	0.00406566	0.00405071	0.00507007	0.00506447	0.004061	0.00506042	0.00304813	0.00305437	0.00405951	0.0040619	0.00304031	0.00304572	0.00405749	0.00405688	0.00202452	0.00203393	0.00305117	0.00202339	0.00304059	0.00304732	0.00304609	0.00202523	0.00203128	0.00202766	0.00304115	0.00303791	0.00303521	0.00305039	0.00203494	0.00202677	0.00408655	0.00306154	0.00306548	0.00305111	0.00305288	0.00406798	0.00407042	0.00407203	0.00303714	0.00406649	0.00303924	0.00405248	0.00405388	0.00304362	0.00201473	0.0030341
Rhodocytophagaceae	0.00303416	0.00303196	0.00304925	0.00303804	0.00304204	0.00202579	0.00304575	0.00607251	0.00203209	0.00203625	0.00202976	0.00203095	0.00202688	0.00203048	0.00405749	0.00202844	0.00202452	0.00203393	0.0101706	0.00404678	0.00810825	0.00507887	0.00710754	0.00303785	0.00406256	0.00202766	0.00506858	0.00405055	0.00607042	0.00406719	0.00406988	0.00709371	0.00306491	0.00204102	0.00306548	0.00305111	0.00305288	0.00305098	0.00305281	0.00305403	0.00202476	0.00203324	0.00101308	0.00202624	0.00202694	0.00101454	0.00100736	0.00202274
Catalimonadaceae	0.00202278	0.0020213	0.00304925	0.00303804	0.00304204	0.00303868	0.0020305	0.00202417	0.00203209	0.00203625	0.00202976	0.00203095	0.00202688	0.00203048	0.00202875	0.00202844	0.00101226	0.00203393	0.00203411	0.0010117	0.00202706	0.00203155	0.00203072	0.00101262	0.00101564	0.00101383	0.00202743	0.00101264	0.00101174	0.00203359	0.00203494	0.00202677	0.00204328	0.00204102	0.00204365	0.00203407	0.00203525	0.00203399	0.00203521	0.00305403	0.00202476	0.00203324	0.00202616	0.00202624	0.00202694	0.00202908	0.00100736	0.00202274
Marivirgaceae	0.00303416	0.00303196	0.00304925	0.00303804	0.00405605	0.00303868	0.00304575	0.00303625	0.00304813	0.00203625	0.00304463	0.00304643	0.00202688	0.00203048	0.00202875	0.00202844	0.00101226	0.00101696	0.00203411	0.0010117	0.00202706	0.00203155	0.00203072	0.00101262	0.00101564	0.00101383	0.00202743	0.00101264	0.00202347	0.00203359	0.00203494	0.00101339	0.00306491	0.00306154	0.00306548	0.00406814	0.00203525	0.00305098	0.00305281	0.00305403	0.00202476	0.00304987	0.00202616	0.00202624	0.00202694	0.00202908	0.00100736	0.00202274
Roseivirgaceae	0.00202278	0.0020213	0.00203283	0.00202536	0.00304204	0.00303868	0.0020305	0.00202417	0.00203209	0.00203625	0.00202976	0.00203095	0.00202688	0.00101524	0.00202875	0.00202844	0.00101226	0.00101696	0.00203411	0.0010117	0.00101353	0.00101577	0.00203072	0.00101262	0.00101564	0.00101383	0.00101372	0.00101264	0.00101174	0.00203359	0.00203494	0.00101339	0.00306491	0.00204102	0.00204365	0.00203407	0.00203525	0.00305098	0.00203521	0.00203602	0.00202476	0.00203324	0.00101308	0.00202624	0.00202694	0.00202908	0.00100736	0.00202274
Persicobacteraceae	0.00202278	0.0020213	0.00101642	0.00202536	0.00202803	0.00202579	0.00101525	0.00202417	0.00101604	0.00101812	0.00101488	0.00203095	0.00101344	0.00101524	0.00101437	0.00101422	0.00101226	0.00101696	0.00101706	0.0010117	0.00101353	0.00101577	0.00101536	0.00101262	0.00101564	0.00101383	0.00101372	0.00101264	0.00101174	0.0010168	0.00101747	0.00101339	0.00204328	0.00102051	0.00102183	0.00203407	0.00101763	0.00101699	0.00203521	0.00203602	0.00101238	0.00101662	0.00101308	0.00202624	0.00101347	0.00101454	0.00100736	0.00101137
Bernardetiaceae	0.00101139	0.00101065	0.00101642	0.00101268	0.00202803	0.00202579	0.00101525	0.00202417	0.00101604	0.00101812	0.00101488	0.00101548	0.00101344	0.00101524	0.00101437	0.00101422	0.00101226	0.00101696	0.00101706	0.0010117	0.00101353	0.00101577	0.00101536	0.00101262	0.00101564	0.00101383	0.00101372	0.00101264	0.00101174	0.0010168	0.00101747	0.00101339	0.00102164	0.00102051	0.00102183	0.00101704	0.00101763	0.00101699	0.0010176	0.00101801	0.00101238	0.00101662	0.00101308	0.00101312	0.00101347	0.00101454	0.00100736	0.00101137
Flectobacillaceae	0.00101139	0.00101065	0.00101642	0.00101268	0.00202803	0.00101289	0.00101525	0.00101208	0.00101604	0.00101812	0.00101488	0.00101548	0.00101344	0.00101524	0.00101437	0.00101422	0	0.00101696	0.00101706	0.0010117	0.00101353	0.00101577	0.00101536	0	0.00101564	0.00101383	0.00101372	0.00101264	0	0.0010168	0.00101747	0.00101339	0.00102164	0.00102051	0.00102183	0.00101704	0.00101763	0.00101699	0.0010176	0.00101801	0.00101238	0.00101662	0.00101308	0.00101312	0.00101347	0.00101454	0.00100736	0.00101137
Amoebophilaceae	0.00101139	0.00101065	0.00101642	0	0.00101401	0.00101289	0.00101525	0.00101208	0.00101604	0	0.00101488	0.00101548	0	0.00101524	0	0.00101422	0	0.00101696	0.00101706	0.0010117	0	0	0.00101536	0	0.00304692	0	0.00101372	0	0.00101174	0.0010168	0.00101747	0	0.00102164	0.00102051	0.00102183	0.00101704	0.00101763	0.00101699	0.0010176	0.00101801	0.00101238	0.00101662	0.00101308	0.00101312	0.00101347	0.00101454	0.00100736	0.00101137
Mangrovivirgaceae	0	0.00101065	0.00101642	0	0.00101401	0.00101289	0	0.00101208	0	0	0	0	0	0	0	0	0	0	0	0	0	0	0	0	0	0	0	0	0	0	0	0	0	0	0	0	0	0.00101699	0	0.00101801	0	0	0	0.00101312	0	0	0	0
Rikenellaceae	0.0323644	0.0282983	0.0355745	0.0364564	0.0375185	0.0364642	0.0314727	0.02429	0.0325134	0.0274893	0.0284166	0.0304643	0.0314166	0.0324876	0.0314456	0.0263697	0.0182207	0.027458	0.0335628	0.023269	0.0293924	0.0284417	0.0274148	0.026328	0.0213285	0.0202766	0.0273703	0.0202528	0.0212465	0.0284703	0.0305241	0.0283748	0.036779	0.037759	0.0357639	0.0335622	0.0356169	0.0376288	0.0345986	0.0366483	0.034421	0.0355818	0.0354578	0.0354592	0.0273637	0.026378	0.0191399	0.0293297
Bacteroidaceae	0.0212392	0.0192024	0.024394	0.0232916	0.0304204	0.0324126	0.0233507	0.0212538	0.023369	0.0183262	0.0223273	0.0253869	0.0192553	0.0182743	0.0304312	0.0192702	0.0111348	0.0152544	0.0213582	0.0121403	0.0182436	0.0172682	0.0172612	0.0151893	0.0121877	0.0131798	0.0172332	0.0141769	0.0131526	0.0172856	0.0183145	0.0162142	0.0286059	0.0234718	0.023502	0.0244088	0.0234054	0.0254248	0.0254401	0.0244322	0.0242972	0.0223657	0.0212747	0.0243149	0.0212828	0.0192762	0.0120884	0.019216
Prevotellaceae	0.013148	0.0131385	0.0142298	0.0151902	0.0162242	0.0151934	0.0142135	0.012145	0.0132086	0.0101812	0.0121785	0.0121857	0.0121613	0.0121829	0.0121725	0.0111564	0.00708581	0.0101696	0.0132217	0.00809356	0.0111488	0.0111735	0.011169	0.0101262	0.00812513	0.0070968	0.0101372	0.00708846	0.00809389	0.0111848	0.0111922	0.0101339	0.0143029	0.0142872	0.0132837	0.0152555	0.0132291	0.0142379	0.0142465	0.0142521	0.0141733	0.0142327	0.01317	0.0151968	0.0101347	0.0101454	0.00805891	0.0121364
Tannerellaceae	0.00910249	0.00808522	0.0111806	0.0101268	0.0131822	0.0121547	0.0111677	0.00809667	0.0111765	0.0091631	0.0101488	0.0101548	0.00912094	0.00913715	0.0111581	0.00912797	0.00506129	0.00711874	0.0091535	0.00607017	0.00709471	0.0081262	0.00710754	0.0060757	0.0050782	0.00608297	0.00608229	0.00708846	0.00607042	0.00813438	0.00813976	0.00608032	0.0122597	0.0102051	0.0132837	0.0122044	0.0101763	0.0111869	0.0111937	0.0101801	0.0101238	0.0121995	0.00911771	0.0111443	0.00709428	0.00710177	0.00705155	0.0101137
Muribaculaceae	0.00404555	0.00404261	0.00406566	0.00405071	0.00507007	0.00405158	0.004061	0.00303625	0.00406417	0.00305437	0.00304463	0.00304643	0.00405375	0.00406095	0.00304312	0.00304266	0.00202452	0.00305089	0.00305117	0.00303509	0.00304059	0.00304732	0.00304609	0.00303785	0.00203128	0.00202766	0.00304115	0.00202528	0.00303521	0.00305039	0.00305241	0.00304016	0.00408655	0.00510256	0.00510913	0.00406814	0.0040705	0.00406798	0.00407042	0.00407203	0.00506191	0.00508311	0.00405232	0.0050656	0.00304041	0.00304362	0.00302209	0.00404547
Porphyromonadaceae	0.00303416	0.00303196	0.00406566	0.00303804	0.00304204	0.00405158	0.00304575	0.00303625	0.00304813	0.00305437	0.00304463	0.00304643	0.00202688	0.00304572	0.00304312	0.00202844	0.00101226	0.00305089	0.00305117	0.00202339	0.00202706	0.00203155	0.00203072	0.00202523	0.00203128	0.00202766	0.00202743	0.00202528	0.00202347	0.00203359	0.00203494	0.00202677	0.00306491	0.00306154	0.0040873	0.00305111	0.00305288	0.00305098	0.00305281	0.00305403	0.00303714	0.00304987	0.00303924	0.00303936	0.00304041	0.00202908	0.00201473	0.0030341
Dysgonomonadaceae	0.00303416	0.00303196	0.00304925	0.00303804	0.00405605	0.00405158	0.00304575	0.00303625	0.00304813	0.00203625	0.00304463	0.00304643	0.00202688	0.00203048	0.00304312	0.00202844	0.00202452	0.00203393	0.00305117	0.00202339	0.00202706	0.00203155	0.00203072	0.00202523	0.00203128	0.00202766	0.00202743	0.00202528	0.00101174	0.00203359	0.00203494	0.00202677	0.00306491	0.00306154	0.00306548	0.00305111	0.00305288	0.00305098	0.00305281	0.00305403	0.00303714	0.00406649	0.00303924	0.00405248	0.00202694	0.00304362	0.00201473	0.0030341
Barnesiellaceae	0.00303416	0.00303196	0.00406566	0.00405071	0.00405605	0.00405158	0.004061	0.00303625	0.00304813	0.00203625	0.00304463	0.0040619	0.00304031	0.00304572	0.00304312	0.00304266	0.00202452	0.00203393	0.00406822	0.00202339	0.00304059	0.00203155	0.00304609	0.00303785	0.00203128	0.00202766	0.00304115	0.00303791	0.00202347	0.00305039	0.00305241	0.00304016	0.00408655	0.00408205	0.00510913	0.00406814	0.0040705	0.00508497	0.00407042	0.00407203	0.00404953	0.00406649	0.00405232	0.0050656	0.00304041	0.00202908	0.00201473	0.0030341
Odoribacteraceae	0.00202278	0.0020213	0.00203283	0.00202536	0.00202803	0.00202579	0.0020305	0.00202417	0.00203209	0.00203625	0.00202976	0.00203095	0.00101344	0.00101524	0.00202875	0.00202844	0.00101226	0.00203393	0.00203411	0.0010117	0.00202706	0.00101577	0.00101536	0.00101262	0.00101564	0.00101383	0.00101372	0.00101264	0.00101174	0.0010168	0.00203494	0.00101339	0.00204328	0.00204102	0.00204365	0.00203407	0.00203525	0.00203399	0.00203521	0.00203602	0.00202476	0.00203324	0.00202616	0.00202624	0.00101347	0.00202908	0.00100736	0.00101137
Paludibacteraceae	0.00101139	0.00101065	0.00101642	0	0.00101401	0.00101289	0.00101525	0.00101208	0	0	0.00101488	0	0	0	0	0.00101422	0	0	0.00101706	0	0	0	0	0	0	0	0	0	0	0	0	0	0.00102164	0	0	0.00101704	0.00101763	0	0.0010176	0	0	0.00101662	0	0.00101312	0	0	0	0
Tenuifilaceae	0	0	0	0	0	0	0	0	0	0	0	0	0	0	0	0	0	0	0	0	0	0	0	0	0	0	0	0	0	0	0	0	0	0	0	0	0	0	0	0	0	0	0	0	0	0	0	0
Salinivirgaceae	0	0.00101065	0	0	0	0	0	0	0	0	0	0	0	0	0	0	0	0	0	0	0	0	0	0	0	0	0	0	0	0	0	0	0	0	0	0	0	0	0	0	0	0	0	0	0	0	0	0
Prolixibacteraceae	0.00606833	0.00707457	0.00711491	0.00607607	0.0070981	0.00709026	0.00710674	0.00708459	0.00508022	0.00509061	0.00608927	0.00609286	0.00506719	0.00507619	0.00608624	0.0050711	0.00303678	0.00406785	0.00610234	0.00404678	0.00405412	0.0040631	0.00507681	0.00405047	0.00406256	0.00405531	0.00405486	0.00303791	0.00303521	0.00406719	0.00406988	0.00405355	0.00715147	0.00612307	0.00613096	0.00610221	0.00610575	0.00610196	0.00610563	0.00610805	0.00607429	0.00609973	0.00506539	0.00709184	0.00506735	0.00507269	0.00302209	0.00505684
Marinifilaceae	0.00202278	0.0020213	0.00203283	0.00202536	0.00202803	0.00202579	0.0020305	0.00202417	0.00101604	0.00101812	0.00101488	0.00101548	0.00101344	0.00101524	0.00101437	0.00101422	0.00101226	0.00101696	0.00101706	0.0010117	0.00101353	0.00101577	0.00101536	0.00101262	0.00101564	0.00101383	0.00101372	0.00101264	0.00101174	0.0010168	0.00101747	0.00101339	0.00102164	0.00102051	0.00102183	0.00101704	0.00101763	0.00101699	0.0010176	0.00101801	0.00101238	0.00101662	0.00101308	0.00101312	0.00101347	0.00101454	0.00100736	0.00101137
Marinilabiliaceae	0.00101139	0.00101065	0.00101642	0.00101268	0.00101401	0.00101289	0.00101525	0.00101208	0.00101604	0	0.00101488	0.00101548	0.00101344	0	0.00101437	0.00101422	0	0	0.00101706	0	0	0	0.00101536	0	0	0	0	0	0	0	0	0	0.00102164	0.00102051	0.00102183	0.00101704	0.00101763	0.00101699	0.0010176	0.00101801	0.00101238	0.00101662	0.00101308	0.00101312	0.00101347	0.00101454	0	0.00101137
Lewinellaceae	0.00303416	0.00303196	0.00304925	0.00303804	0.00304204	0.00303868	0.0020305	0.00202417	0.00203209	0.00203625	0.00202976	0.00203095	0.00202688	0.00304572	0.00202875	0.00202844	0.00101226	0.00203393	0.00305117	0.00202339	0.00304059	0.00203155	0.00203072	0.00202523	0.00203128	0.00202766	0.00202743	0.00202528	0.00202347	0.00203359	0.00305241	0.00202677	0.00306491	0.00306154	0.00306548	0.00305111	0.00305288	0.00305098	0.00305281	0.00305403	0.00303714	0.00304987	0.00303924	0.00303936	0.00304041	0.00202908	0.00201473	0.0030341
Haliscomenobacteraceae	0.00303416	0.00303196	0.00304925	0.00303804	0.00304204	0.00303868	0.00304575	0.00303625	0.00304813	0.00203625	0.00304463	0.00203095	0.00304031	0.00203048	0.00304312	0.00202844	0.00101226	0.00203393	0.00305117	0.00202339	0.00202706	0.00203155	0.00304609	0.00202523	0.00203128	0.00202766	0.00202743	0.00101264	0.00202347	0.00203359	0.00203494	0.00202677	0.00306491	0.00306154	0.00306548	0.00305111	0.00305288	0.00305098	0.00305281	0.00305403	0.00303714	0.00304987	0.00303924	0.00405248	0.00202694	0.00202908	0.00201473	0.00202274
Saprospiraceae	0.00202278	0.0020213	0.00203283	0.00202536	0.00202803	0.00202579	0.0020305	0.00202417	0.00203209	0.00203625	0.00202976	0.00203095	0.00101344	0.00203048	0.00202875	0.00101422	0.00101226	0.00101696	0.00101706	0.0010117	0.00101353	0.00101577	0.00101536	0.00101262	0.00101564	0.00101383	0.00101372	0.00101264	0.00101174	0.0010168	0.00101747	0.00101339	0.00204328	0.00204102	0.00204365	0.00101704	0.00203525	0.00203399	0.00203521	0.00203602	0.00202476	0.00203324	0.00202616	0.00202624	0.00101347	0.00101454	0.00100736	0.00101137
Rubricoccaceae	0.0303416	0.0293089	0.0325253	0.0364564	0.0344765	0.0354513	0.0294422	0.0263142	0.0304813	0.0264712	0.0263868	0.0243714	0.0314166	0.0294419	0.0284025	0.0253555	0.0192329	0.026441	0.0305117	0.023269	0.0293924	0.0253944	0.0274148	0.026328	0.0233597	0.0202766	0.0243292	0.0202528	0.0222582	0.0254199	0.0284892	0.0263481	0.0326924	0.0346974	0.0326984	0.0325451	0.0335816	0.0335608	0.0305281	0.0325763	0.034421	0.0315153	0.0303924	0.0314067	0.0273637	0.026378	0.0161178	0.0273069
Rhodothermaceae	0.0192164	0.0192024	0.0213447	0.0222789	0.0212943	0.0222837	0.0182745	0.0161933	0.0203209	0.01629	0.0152232	0.0152321	0.0182419	0.0192895	0.01623	0.0162275	0.0101226	0.0162714	0.018307	0.013152	0.01723	0.0152366	0.0162458	0.0162019	0.0132033	0.0111521	0.014192	0.0101264	0.0111291	0.0162688	0.017297	0.0172276	0.0204328	0.0234718	0.0194147	0.0203407	0.0193349	0.0213569	0.0183169	0.0193422	0.0222724	0.0203324	0.0222877	0.0212755	0.0162155	0.0172472	0.011081	0.0182046
Salinibacteraceae	0.00606833	0.00606391	0.00711491	0.00810143	0.0070981	0.00810315	0.00609149	0.00506042	0.00609626	0.00610874	0.00608927	0.00507738	0.00608063	0.00609143	0.00608624	0.0050711	0.00404903	0.00610178	0.00610234	0.00404678	0.00506765	0.00507887	0.00507681	0.00506309	0.00406256	0.00405531	0.00506858	0.00405055	0.00404694	0.00508399	0.00508735	0.00506693	0.00612983	0.0081641	0.00715278	0.00711925	0.00712338	0.00711896	0.00610563	0.00712606	0.00708667	0.00609973	0.00709155	0.00709184	0.00506735	0.00608723	0.00302209	0.00606821
Chlorobiaceae	0.0121367	0.0131385	0.0142298	0.0151902	0.0152102	0.0141805	0.012183	0.0101208	0.0111765	0.0111993	0.0101488	0.00913928	0.0111478	0.0101524	0.0101437	0.0101422	0.00607355	0.0111866	0.0101706	0.00708187	0.0101353	0.00914197	0.0101536	0.00911355	0.00812513	0.00608297	0.00810972	0.00607583	0.00708215	0.010168	0.0101747	0.00912048	0.0122597	0.0132667	0.0112401	0.0122044	0.0111939	0.0122039	0.0122113	0.0122161	0.0141733	0.0142327	0.0141831	0.0151968	0.0101347	0.0101454	0.00805891	0.0121364
Chloroherpetonaceae	0	0.00101065	0.00101642	0.00101268	0.00101401	0	0	0	0	0	0	0	0	0	0	0	0	0	0	0	0	0	0	0	0	0	0	0	0	0	0	0	0	0	0.00102183	0	0	0	0	0	0.00101238	0.00101662	0.00101308	0.00101312	0	0	0	0
Balneolaceae	0.00101139	0.00101065	0.00101642	0.00101268	0.00101401	0.00101289	0.00101525	0.00101208	0.00101604	0.00101812	0.00101488	0.00101548	0.00101344	0.00101524	0.00101437	0.00101422	0	0.00101696	0.00101706	0	0.00101353	0.00101577	0.00101536	0.00101262	0.00101564	0	0.00101372	0	0	0.0010168	0.00101747	0.00101339	0.00102164	0.00102051	0.00102183	0.00101704	0.00101763	0.00101699	0.0010176	0.00101801	0.00101238	0.00101662	0.00101308	0.00101312	0	0.00101454	0	0.00101137
Cyclonatronaceae	0.00101139	0.00101065	0.00101642	0.00101268	0.00101401	0.00101289	0.00101525	0.00101208	0.00101604	0.00101812	0.00101488	0.00101548	0.00101344	0.00101524	0.00101437	0.00101422	0.00101226	0.00101696	0.00101706	0.0010117	0.00101353	0.00101577	0.00101536	0.00101262	0.00101564	0	0.00101372	0	0.00101174	0.0010168	0.00101747	0.00101339	0.00102164	0.00102051	0.00102183	0.00101704	0.00101763	0.00101699	0.0010176	0.00101801	0.00101238	0.00101662	0.00101308	0.00101312	0.00101347	0.00101454	0.00100736	0.00101137
Ignavibacteriaceae	0	0.00101065	0.00101642	0.00101268	0.00101401	0.00101289	0.00101525	0.00101208	0.00101604	0	0	0	0	0	0.00101437	0	0	0	0.00101706	0	0	0	0	0	0	0	0	0	0	0	0	0	0.00102164	0.00102051	0.00102183	0	0.00101763	0.00101699	0.0010176	0	0.00101238	0.00101662	0	0.00101312	0.00101347	0.00101454	0	0.00101137
Melioribacteraceae	0	0	0.00101642	0.00101268	0	0.00101289	0	0	0	0	0	0	0	0	0	0	0	0	0	0	0	0	0	0	0	0	0	0	0	0	0	0	0	0.00102051	0	0	0	0	0	0.00101801	0.00101238	0.00101662	0.00101308	0.00101312	0	0	0	0
Gemmatimonadaceae	0.160811	0.156651	0.179905	0.186333	0.16427	0.165102	0.14315	0.136631	0.125989	0.110975	0.12483	0.10764	0.128707	0.151271	0.154185	0.102436	0.0769316	0.12712	0.194258	0.11331	0.177368	0.134082	0.165504	0.130628	0.119846	0.0912446	0.117591	0.0941753	0.101174	0.145402	0.15669	0.19153	0.164484	0.174508	0.164514	0.144419	0.153661	0.17594	0.147553	0.150665	0.123511	0.110812	0.115491	0.114483	0.0922257	0.110585	0.0624566	0.0970913
Candidatus Palauibacteraceae	0.031353	0.0343622	0.0355745	0.0405071	0.0375185	0.03849	0.028427	0.0263142	0.0294653	0.0244349	0.025372	0.0233559	0.0293897	0.0284267	0.0273881	0.0253555	0.0161961	0.026441	0.0294946	0.0212456	0.0283789	0.0233628	0.0263994	0.0253154	0.0213285	0.0172351	0.021288	0.0172148	0.019223	0.0274535	0.0274717	0.0273614	0.0337141	0.0367384	0.0316766	0.0335622	0.0305288	0.0355948	0.0284929	0.0305403	0.034421	0.0315153	0.0314054	0.0324198	0.0283771	0.0284071	0.0171252	0.0293297
Gaopeijiaceae	0.0101139	0.0111172	0.0111806	0.0131648	0.0121682	0.0111418	0.00913724	0.00910876	0.00914439	0.00814498	0.00811902	0.00710833	0.00912094	0.00913715	0.00912936	0.00811375	0.00607355	0.0081357	0.0111876	0.00708187	0.0101353	0.00914197	0.00913826	0.00911355	0.00710949	0.00608297	0.00810972	0.00607583	0.00708215	0.00813438	0.0101747	0.0101339	0.0102164	0.0112256	0.00919644	0.0122044	0.0101763	0.0122039	0.010176	0.0101801	0.0101238	0.0091496	0.00911771	0.0101312	0.00810775	0.0111599	0.00503682	0.00910231
Fibrobacteraceae	0.00101139	0.00101065	0.00101642	0.00101268	0.00101401	0.00101289	0.00101525	0.00101208	0.00101604	0.00101812	0.00101488	0.00101548	0.00101344	0.00101524	0.00101437	0	0	0.00101696	0.00101706	0	0.00101353	0	0.00101536	0.00101262	0	0	0	0	0	0	0	0.00101339	0.00102164	0.00102051	0.00102183	0.00101704	0.00101763	0.00101699	0.0010176	0.00101801	0.00101238	0.00101662	0.00101308	0.00101312	0.00101347	0.00101454	0	0.00101137
Fidelibacteraceae	0	0	0	0	0	0	0	0	0	0	0	0	0	0	0	0	0	0	0	0	0	0	0	0	0	0	0	0	0	0	0	0	0	0	0	0	0	0	0	0	0	0	0	0	0	0	0	0
Polyangiaceae	0.622004	0.591232	0.738934	0.814194	0.752398	0.729284	0.602043	0.513127	0.703102	0.587457	0.608927	0.562574	0.605023	0.600006	0.563992	0.55275	0.320886	0.590855	0.602097	0.443122	0.610145	0.572897	0.507681	0.540738	0.433679	0.348757	0.52105	0.343284	0.412788	0.510432	0.5067	0.573577	0.834678	0.886825	0.82257	0.7821	0.805959	0.816646	0.731658	0.789975	0.908106	0.918009	0.931019	0.855073	0.617203	0.639159	0.449284	0.702901
Sandaracinaceae	0.0768655	0.0828735	0.0813132	0.0972172	0.0882192	0.0820444	0.0690369	0.0698338	0.0741712	0.066178	0.066982	0.0578821	0.0658735	0.06396	0.0639055	0.0588247	0.0303678	0.054916	0.0650916	0.046538	0.0597983	0.0538361	0.0507681	0.0546813	0.0426569	0.0375117	0.0486583	0.0354423	0.0414812	0.0528735	0.051891	0.0547229	0.0878609	0.083682	0.0919644	0.0996695	0.0824276	0.0925465	0.0895492	0.0977288	0.0901019	0.0925126	0.0850986	0.0830758	0.0760102	0.0720322	0.0463387	0.0738298
Labilitrichaceae	0.0445011	0.0414367	0.0589521	0.0678495	0.0557708	0.0557092	0.04061	0.035423	0.0528343	0.0488699	0.0476993	0.04265	0.0425644	0.0446705	0.0456468	0.0425972	0.0161961	0.0406785	0.0569551	0.0384444	0.0456089	0.0467256	0.0385838	0.0394921	0.0284379	0.0233181	0.0415623	0.0232907	0.0283286	0.0427055	0.0406988	0.0425622	0.0653849	0.0632718	0.0684624	0.0793288	0.0773395	0.0701726	0.0590211	0.0722786	0.0779534	0.0853962	0.076994	0.0658528	0.0445926	0.0507269	0.0372725	0.057648
Nannocystaceae	0.100127	0.0879267	0.108756	0.0982298	0.112556	0.095212	0.0883267	0.124486	0.0690909	0.0559967	0.0893093	0.0528047	0.0679004	0.0619296	0.0811499	0.0557821	0.0566865	0.053899	0.090518	0.0728421	0.0871636	0.0650096	0.0659986	0.180246	0.0842982	0.0638712	0.0881933	0.069872	0.0809389	0.0711758	0.0630831	0.0699237	0.0817311	0.0775589	0.0929862	0.0803458	0.0753043	0.0803425	0.0681795	0.0783867	0.0890896	0.0935292	0.0759809	0.0901677	0.0871583	0.102468	0.0402946	0.0707957
Kofleriaceae	0.0303416	0.0293089	0.0365909	0.0415198	0.0375185	0.0344384	0.028427	0.0253021	0.0304813	0.0285074	0.0263868	0.0274178	0.0283763	0.0294419	0.0253593	0.0243413	0.0131594	0.0254241	0.0274605	0.0202339	0.0243247	0.022347	0.0233533	0.0232902	0.0192972	0.0172351	0.021288	0.0172148	0.019223	0.0254199	0.0213669	0.0222945	0.0378006	0.041841	0.0388294	0.0396644	0.032564	0.0406798	0.0345986	0.0376663	0.0445448	0.0487978	0.0445755	0.0435642	0.0283771	0.0304362	0.0231694	0.0333751
Myxococcaceae	0.329713	0.413357	0.313056	0.314943	0.29305	0.398067	0.297468	0.35423	0.422674	0.325799	0.42016	0.214265	0.325314	0.369547	0.303298	0.383375	0.142728	0.198308	0.334611	0.210433	0.230071	0.234644	0.21018	0.273407	0.229535	0.16424	0.192606	0.161009	0.166936	0.216578	0.193319	0.396234	0.314665	0.388815	0.303482	0.307145	0.298164	0.4129	0.300193	0.353249	0.3189	0.279571	0.412323	0.270503	0.353701	0.39567	0.134987	0.285206
Archangiaceae	0.198232	0.231439	0.237841	0.221777	0.216999	0.198527	0.253812	0.204441	0.357647	0.196498	0.41813	0.141151	0.316193	0.18985	0.221133	0.253555	0.106287	0.165765	0.261383	0.157824	0.194598	0.166587	0.156366	0.17012	0.156409	0.118618	0.14192	0.117466	0.143667	0.167772	0.182127	0.372926	0.31773	0.232677	0.240129	0.264429	0.241177	0.275605	0.208609	0.289114	0.225761	0.21959	0.221864	0.18844	0.211815	0.242475	0.112825	0.170921
Anaeromyxobacteraceae	0.105184	0.12431	0.125019	0.142788	0.127766	0.139779	0.0994944	0.0941238	0.110749	0.0906129	0.0893093	0.0812381	0.106411	0.102539	0.092308	0.0872229	0.0516252	0.0894927	0.0976374	0.0687953	0.0912178	0.0792304	0.081229	0.082022	0.0680479	0.0567744	0.0719738	0.0577203	0.0607042	0.0823606	0.0834325	0.089178	0.128726	0.13981	0.121597	0.129163	0.12008	0.131192	0.111937	0.123179	0.14882	0.14741	0.148923	0.141837	0.113509	0.121745	0.0735376	0.117319
Vulgatibacteraceae	0.0121367	0.023245	0.0152462	0.0162029	0.0152102	0.0162063	0.012183	0.0151813	0.0132086	0.0101812	0.0101488	0.00913928	0.0121613	0.0111676	0.0101437	0.0101422	0.00607355	0.0111866	0.0122047	0.00809356	0.0101353	0.00914197	0.00913826	0.00911355	0.00710949	0.00608297	0.00912344	0.00607583	0.00708215	0.010168	0.00915723	0.00912048	0.0143029	0.0153077	0.0143056	0.0162726	0.0142468	0.0162719	0.0122113	0.0142521	0.02126	0.0193158	0.0212747	0.017223	0.0212828	0.0639159	0.00805891	0.0141591
Pendulisporaceae	0.0566377	0.0555859	0.0711491	0.0789889	0.0699669	0.0688768	0.052793	0.0445317	0.0609626	0.0570149	0.0537885	0.0538202	0.0537122	0.0558381	0.0527474	0.0476683	0.0242942	0.0498312	0.0569551	0.0394561	0.0506765	0.0487572	0.0446759	0.0445552	0.0355474	0.029401	0.0435898	0.0273412	0.0333873	0.0508399	0.0457861	0.0486426	0.073558	0.0755179	0.0735715	0.0752606	0.0681809	0.0752576	0.0661443	0.0722786	0.0951639	0.106745	0.0992817	0.0891546	0.0557408	0.0608723	0.0503682	0.0707957
Acidobacteriaceae	0.287234	0.317345	0.384205	0.350387	0.385325	0.358565	0.379703	0.245936	0.250963	0.654653	0.277062	0.376742	0.236131	0.36244	0.161285	0.273839	0.530423	0.750519	0.231889	0.247865	0.171287	0.267149	0.174642	0.297709	0.484461	0.179448	0.236196	0.217717	0.159854	0.293854	0.250298	0.269561	0.24928	0.545974	0.26874	0.176964	0.229983	0.235943	0.376514	0.216836	0.395841	0.525593	0.581507	0.56836	0.311135	0.260736	0.269974	0.38432
Candidatus Korobacteraceae	0.0141594	0.0171811	0.0182955	0.0182282	0.0192663	0.019245	0.016244	0.0111329	0.0111765	0.01629	0.0111637	0.0101548	0.0111478	0.0152286	0.00811499	0.0111564	0.00708581	0.0203393	0.0111876	0.00809356	0.00810825	0.0121893	0.00913826	0.0121514	0.011172	0.0070968	0.00709601	0.00405055	0.00607042	0.0142352	0.0122096	0.0121606	0.0122597	0.0295949	0.0112401	0.00915332	0.0101763	0.0101699	0.0142465	0.0101801	0.02126	0.0284654	0.0344447	0.033433	0.015202	0.0142035	0.0151105	0.0212387
Bryobacteraceae	0.0252847	0.0313302	0.0365909	0.0374691	0.0354905	0.0364642	0.024366	0.0202417	0.022353	0.0264712	0.0202976	0.0182786	0.0212822	0.0243657	0.0182587	0.0192702	0.0101226	0.0294919	0.0223752	0.0151754	0.0192571	0.0182839	0.0182765	0.0182271	0.0162503	0.0111521	0.014192	0.0081011	0.0111291	0.0203359	0.0203494	0.0233079	0.0275842	0.0408205	0.0224802	0.0213577	0.0223878	0.0244079	0.0264577	0.0223962	0.0334086	0.037615	0.0405232	0.0435642	0.0243233	0.0202908	0.0191399	0.030341
Vicinamibacteraceae	0.267006	0.298142	0.317122	0.392919	0.306232	0.288675	0.154318	0.219622	0.251979	0.166972	0.209065	0.215281	0.228024	0.203048	0.273881	0.212986	0.0435271	0.117968	0.153575	0.093076	0.165205	0.0975144	0.127936	0.118476	0.0782043	0.077051	0.0851521	0.0506319	0.0910563	0.142352	0.130236	0.159102	0.281972	0.183692	0.227867	0.361048	0.251353	0.330523	0.258472	0.324745	0.155907	0.131144	0.143857	0.169191	0.166209	0.129861	0.0856259	0.164853
Holophagaceae	0.0384328	0.0535646	0.0467551	0.0496213	0.0517147	0.0506447	0.052793	0.0374471	0.0355615	0.0315618	0.0314612	0.0284333	0.0344569	0.0335029	0.0304312	0.0304266	0.0182207	0.0315259	0.0376311	0.0242807	0.0334465	0.0304732	0.0304609	0.0283533	0.0233597	0.0202766	0.0263566	0.0182275	0.0222582	0.0294871	0.0315416	0.0304016	0.0388223	0.0459231	0.0398512	0.0416984	0.0366345	0.0416968	0.0376514	0.0376663	0.0475819	0.0477812	0.064837	0.0648397	0.0364849	0.0355088	0.0271988	0.0505684
Acanthopleuribacteraceae	0.00505694	0.00606391	0.00711491	0.00708875	0.0070981	0.00709026	0.00507625	0.00506042	0.00609626	0.00509061	0.00608927	0.00507738	0.00506719	0.00507619	0.00507187	0.0050711	0.00303678	0.00508481	0.00610234	0.00404678	0.00608118	0.00507887	0.00507681	0.00506309	0.00406256	0.00304149	0.00506858	0.00303791	0.00404694	0.00508399	0.00508735	0.00506693	0.00715147	0.00714359	0.00613096	0.00711925	0.00610575	0.00610196	0.00610563	0.00712606	0.00708667	0.00711635	0.00709155	0.00709184	0.00608081	0.00507269	0.00402946	0.00606821
Thermotomaculaceae	0	0	0	0	0	0	0	0	0	0	0	0	0	0	0	0	0	0	0	0	0	0	0	0	0	0	0	0	0	0	0	0	0	0	0	0	0	0	0	0	0	0	0	0	0	0	0	0
Geobacteraceae	0.0718086	0.0768096	0.0813132	0.0891157	0.0912612	0.0972378	0.0670064	0.0657855	0.0680749	0.0621055	0.0679968	0.0670214	0.0658735	0.0649753	0.0578193	0.0578105	0.0344168	0.0610178	0.0640745	0.0414795	0.0537171	0.0518045	0.0538142	0.0516435	0.0416413	0.0344702	0.0466309	0.033417	0.038446	0.0549071	0.0559608	0.0557363	0.0715147	0.081641	0.0725497	0.0722095	0.0702161	0.0722066	0.0641091	0.0671886	0.129585	0.133177	0.205655	0.249227	0.120603	0.0750758	0.0574197	0.187103
Desulfuromonadaceae	0.0293303	0.0293089	0.0345581	0.0374691	0.0365045	0.0415287	0.0274117	0.0253021	0.0304813	0.0264712	0.0263868	0.0233559	0.0283763	0.0263962	0.0223162	0.0223128	0.0141716	0.027458	0.0294946	0.0161871	0.0222977	0.0213313	0.0213226	0.0222776	0.0162503	0.0152074	0.0172332	0.0131643	0.0171995	0.0244031	0.0264542	0.0222945	0.0316708	0.037759	0.0326984	0.0305111	0.0284935	0.0345778	0.0274753	0.0305403	0.0475819	0.0477812	0.0668632	0.0851021	0.0466196	0.0273925	0.0171252	0.0556252
Geoalkalibacteraceae	0.00606833	0.00606391	0.00711491	0.00708875	0.00811211	0.00709026	0.00507625	0.00506042	0.00609626	0.00509061	0.00507439	0.0040619	0.00506719	0.00507619	0.00507187	0.00405688	0.00303678	0.00610178	0.00508528	0.00404678	0.00506765	0.0040631	0.00507681	0.00405047	0.00406256	0.00304149	0.00304115	0.00303791	0.00303521	0.00508399	0.00508735	0.00506693	0.00612983	0.0081641	0.00613096	0.00610221	0.00610575	0.00610196	0.00610563	0.00610805	0.00809905	0.00711635	0.00911771	0.0111443	0.00608081	0.00507269	0.00302209	0.00707957
Syntrophotaleaceae	0.00303416	0.00303196	0.00304925	0.00405071	0.00405605	0.00405158	0.00304575	0.00303625	0.00304813	0.00305437	0.00304463	0.00203095	0.00304031	0.00304572	0.00304312	0.00304266	0.00202452	0.00305089	0.00305117	0.00202339	0.00304059	0.00203155	0.00304609	0.00303785	0.00203128	0.00202766	0.00202743	0.00202528	0.00202347	0.00305039	0.00305241	0.00304016	0.00306491	0.00408205	0.00306548	0.00305111	0.00305288	0.00305098	0.00305281	0.00305403	0.00404953	0.00406649	0.00506539	0.0050656	0.00304041	0.00304362	0.00201473	0.00404547
Desulfovibrionaceae	0.104173	0.104097	0.117904	0.124559	0.12371	0.127625	0.0984792	0.0860272	0.111765	0.099776	0.0933688	0.0853	0.106411	0.0984782	0.092308	0.0902655	0.0617478	0.101696	0.102723	0.0718304	0.0871636	0.0853251	0.0893519	0.0850598	0.0721105	0.0628574	0.0729875	0.0597456	0.0698098	0.0945622	0.0936072	0.0901914	0.121575	0.134708	0.119554	0.122044	0.113974	0.123056	0.104813	0.115035	0.129585	0.131144	0.134739	0.136771	0.10236	0.092323	0.0624566	0.108216
Desulfomicrobiaceae	0.00505694	0.00505326	0.00508208	0.00607607	0.00608408	0.00607736	0.004061	0.00404834	0.00508022	0.00509061	0.00405951	0.0040619	0.00405375	0.00406095	0.00405749	0.00405688	0.00303678	0.00508481	0.00508528	0.00404678	0.00506765	0.0040631	0.00406145	0.00405047	0.00406256	0.00304149	0.00405486	0.00303791	0.00303521	0.00406719	0.00508735	0.00405355	0.00510819	0.00612307	0.00510913	0.00508518	0.00508813	0.00508497	0.00508802	0.00610805	0.00607429	0.00711635	0.00607847	0.00709184	0.00506735	0.00507269	0.00302209	0.00505684
Desulfohalobiaceae	0.00101139	0.00101065	0.00101642	0.00101268	0.00101401	0.00101289	0.00101525	0.00101208	0.00101604	0.00101812	0.00101488	0.00101548	0.00101344	0.00101524	0.00101437	0.00101422	0.00101226	0.00101696	0.00101706	0.0010117	0.00101353	0.00101577	0.00101536	0.00101262	0	0	0.00101372	0	0.00101174	0.0010168	0.00101747	0.00101339	0.00102164	0.00102051	0.00102183	0.00101704	0.00101763	0.00101699	0.0010176	0.00101801	0.00101238	0.00101662	0.00101308	0.00101312	0.00101347	0.00101454	0.00100736	0.00101137
Desulfosarcinaceae	0.00910249	0.0101065	0.0101642	0.0111395	0.0111542	0.0101289	0.00812199	0.00708459	0.00914439	0.00814498	0.00811902	0.00812381	0.00810751	0.00812191	0.00811499	0.00709954	0.00506129	0.0081357	0.00813645	0.00607017	0.00709471	0.00711042	0.00710754	0.00708832	0.00609385	0.00506914	0.00709601	0.00607583	0.00607042	0.00813438	0.00813976	0.00810709	0.00919474	0.0112256	0.00919644	0.00915332	0.00915863	0.00915295	0.00915844	0.00916208	0.0111362	0.0121995	0.01317	0.0131706	0.00912122	0.00811631	0.00604418	0.011125
Desulfococcaceae	0.00303416	0.00303196	0.00406566	0.00405071	0.00405605	0.00405158	0.00304575	0.00303625	0.00304813	0.00305437	0.00304463	0.00304643	0.00304031	0.00304572	0.00304312	0.00202844	0.00101226	0.00305089	0.00305117	0.00202339	0.00304059	0.00203155	0.00304609	0.00202523	0.00203128	0.00202766	0.00202743	0.00202528	0.00202347	0.00305039	0.00305241	0.00304016	0.00408655	0.00408205	0.00306548	0.00305111	0.00305288	0.00406798	0.00305281	0.00305403	0.00404953	0.00406649	0.00405232	0.0050656	0.00405388	0.00304362	0.00201473	0.0030341
Desulfobacteraceae	0.00202278	0.0020213	0.00203283	0.00303804	0.00304204	0.00303868	0.0020305	0.00202417	0.00203209	0.00203625	0.00202976	0.00203095	0.00202688	0.00203048	0.00202875	0.00202844	0.00101226	0.00203393	0.00203411	0.0010117	0.00202706	0.00203155	0.00203072	0.00101262	0.00203128	0.00101383	0.00202743	0.00101264	0.00101174	0.00203359	0.00203494	0.00202677	0.00204328	0.00204102	0.00204365	0.00203407	0.00203525	0.00203399	0.00203521	0.00203602	0.00303714	0.00304987	0.00303924	0.00405248	0.00202694	0.00202908	0.00201473	0.00202274
Desulfatibacillaceae	0.00101139	0.00101065	0.00203283	0.00202536	0.00202803	0.00202579	0.00101525	0.00101208	0.00101604	0.00101812	0.00101488	0.00101548	0.00101344	0.00101524	0.00101437	0.00101422	0.00101226	0.00101696	0.00101706	0.0010117	0.00101353	0.00101577	0.00101536	0.00101262	0.00101564	0.00101383	0.00101372	0.00101264	0.00101174	0.0010168	0.00101747	0.00101339	0.00102164	0.00204102	0.00102183	0.00203407	0.00101763	0.00101699	0.0010176	0.00203602	0.00202476	0.00203324	0.00202616	0.00202624	0.00101347	0.00202908	0.00100736	0.00202274
Desulfosudaceae	0.00101139	0.00101065	0.00203283	0.00202536	0.00101401	0.00202579	0.00101525	0.00101208	0.00101604	0.00101812	0.00101488	0.00101548	0.00101344	0.00101524	0.00101437	0.00101422	0.00101226	0.00101696	0.00101706	0.0010117	0.00101353	0.00101577	0.00101536	0.00101262	0.00101564	0.00101383	0.00101372	0.00101264	0.00101174	0.0010168	0.00101747	0.00101339	0.00102164	0.00204102	0.00102183	0.00101704	0.00101763	0.00101699	0.0010176	0.00101801	0.00202476	0.00203324	0.00202616	0.00202624	0.00101347	0.00101454	0.00100736	0.00101137
Desulfolunaceae	0.00101139	0.00101065	0.00101642	0.00101268	0.00101401	0.00202579	0.00101525	0.00101208	0.00101604	0.00101812	0.00101488	0.00101548	0.00101344	0.00101524	0.00101437	0.00101422	0.00101226	0.00101696	0.00101706	0.0010117	0.00101353	0.00101577	0.00101536	0.00101262	0.00101564	0.00101383	0.00101372	0.00101264	0.00101174	0.0010168	0.00101747	0.00101339	0.00102164	0.00102051	0.00102183	0.00101704	0.00101763	0.00101699	0.0010176	0.00101801	0.00202476	0.00203324	0.00101308	0.00202624	0.00101347	0.00101454	0.00100736	0.00101137
Desulfobulbaceae	0.00707972	0.00808522	0.00914774	0.0101268	0.00912612	0.00911605	0.00710674	0.00607251	0.00812835	0.00712686	0.00710415	0.00609286	0.00709407	0.00710667	0.00710062	0.00608532	0.00404903	0.0081357	0.00711939	0.00505848	0.00608118	0.00609465	0.00609217	0.0060757	0.0050782	0.00405531	0.00506858	0.00405055	0.00505868	0.00610078	0.00712229	0.00608032	0.00919474	0.0102051	0.00919644	0.00915332	0.008141	0.00813595	0.00814084	0.00814407	0.0101238	0.0091496	0.0101308	0.0111443	0.00810775	0.00710177	0.00503682	0.00910231
Desulfocapsaceae	0.00404555	0.00404261	0.00406566	0.00405071	0.00405605	0.00506447	0.00304575	0.00303625	0.00304813	0.00305437	0.00304463	0.00304643	0.00304031	0.00304572	0.00304312	0.00304266	0.00202452	0.00305089	0.00305117	0.00202339	0.00304059	0.00304732	0.00304609	0.00303785	0.00203128	0.00202766	0.00202743	0.00202528	0.00202347	0.00305039	0.00305241	0.00304016	0.00306491	0.00408205	0.00306548	0.00305111	0.00305288	0.00305098	0.00305281	0.00305403	0.00404953	0.00508311	0.00506539	0.0050656	0.00304041	0.00304362	0.00302209	0.00404547
Desulfarculaceae	0.00910249	0.00909587	0.0101642	0.0111395	0.0111542	0.0111418	0.00812199	0.00809667	0.00914439	0.00814498	0.00811902	0.00710833	0.00912094	0.00812191	0.00811499	0.00811375	0.00506129	0.0081357	0.0091535	0.00708187	0.00810825	0.00711042	0.0081229	0.00708832	0.00609385	0.00608297	0.00608229	0.00506319	0.00607042	0.00813438	0.00813976	0.00810709	0.0102164	0.0122461	0.0102183	0.0111874	0.00915863	0.0111869	0.00915844	0.00916208	0.0121486	0.0111828	0.0121569	0.0121574	0.00810775	0.00913085	0.00604418	0.00910231
Syntrophobacteraceae	0.00505694	0.00505326	0.00609849	0.00607607	0.00608408	0.00709026	0.00507625	0.00404834	0.00609626	0.00407249	0.00507439	0.0040619	0.00506719	0.00406095	0.00405749	0.00405688	0.00202452	0.00508481	0.00406822	0.00303509	0.00405412	0.0040631	0.00304609	0.00405047	0.00304692	0.00304149	0.00304115	0.00202528	0.00303521	0.00406719	0.00406988	0.00405355	0.00612983	0.00714359	0.00613096	0.00610221	0.00508813	0.00610196	0.00508802	0.00610805	0.00708667	0.00711635	0.00810463	0.00709184	0.00506735	0.00507269	0.00302209	0.00505684
Syntrophaceae	0.00202278	0.0020213	0.00304925	0.00202536	0.00304204	0.00202579	0.0020305	0.00202417	0.00203209	0.00203625	0.00202976	0.00101548	0.00202688	0.00203048	0.00202875	0.00202844	0.00101226	0.00203393	0.00203411	0.0010117	0.00202706	0.00101577	0.00101536	0.00202523	0.00101564	0.00101383	0.00101372	0.00101264	0.00101174	0.0010168	0.00203494	0.00202677	0.00204328	0.00306154	0.00204365	0.00203407	0.00203525	0.00203399	0.00203521	0.00203602	0.00202476	0.00304987	0.00202616	0.00303936	0.00202694	0.00101454	0.00100736	0.00202274
Thermodesulfobacteriaceae	0.00101139	0.00101065	0.00101642	0.00101268	0.00101401	0.00101289	0.00101525	0.00101208	0.00101604	0.00101812	0.00101488	0.00101548	0.00101344	0.00101524	0.00101437	0.00101422	0.00101226	0.00101696	0.00101706	0.0010117	0.00101353	0.00101577	0.00101536	0.00101262	0.00101564	0.00101383	0.00101372	0.00101264	0.00101174	0.0010168	0.00101747	0.00101339	0.00102164	0.00204102	0.00102183	0.00101704	0.00101763	0.00101699	0.0010176	0.00101801	0.00202476	0.00203324	0.00202616	0.00202624	0.00101347	0.00101454	0.00100736	0.00101137
Thermodesulfatatoraceae	0	0	0	0	0.00101401	0	0	0	0	0	0	0	0	0	0	0	0	0	0	0	0	0	0	0	0	0	0	0	0	0	0	0	0	0	0	0	0	0	0	0	0.00101238	0.00101662	0	0	0	0	0	0.00101137
Desulfomonilaceae	0.00101139	0.00101065	0.00101642	0.00101268	0.00101401	0.00101289	0.00101525	0.00101208	0.00101604	0.00101812	0.00101488	0.00101548	0.00101344	0.00101524	0.00101437	0.00101422	0	0.00101696	0.00101706	0	0.00101353	0	0.00101536	0.00101262	0	0	0.00101372	0	0.00101174	0.0010168	0.00101747	0	0.00102164	0.00102051	0.00102183	0.00101704	0.00101763	0.00101699	0.0010176	0.00101801	0.00101238	0.00101662	0.00101308	0.00101312	0.00101347	0.00101454	0.00100736	0.00101137
Desulfobaccaceae	0.00101139	0.00101065	0.00101642	0.00101268	0.00101401	0.00101289	0.00101525	0	0.00101604	0.00101812	0.00101488	0.00101548	0.00101344	0.00101524	0.00101437	0.00101422	0	0.00101696	0.00101706	0	0.00101353	0.00101577	0.00101536	0.00101262	0	0	0.00101372	0	0	0.0010168	0.00101747	0.00101339	0.00102164	0.00102051	0.00102183	0.00101704	0.00101763	0.00101699	0.0010176	0.00101801	0.00101238	0.00101662	0.00101308	0.00101312	0.00101347	0.00101454	0.00100736	0.00101137
Candidatus Desulfofervidaceae	0	0	0	0	0	0	0	0	0	0	0	0	0	0	0	0	0	0	0	0	0	0	0	0	0	0	0	0	0	0	0	0	0	0	0	0	0	0	0	0	0	0	0	0	0	0	0	0
Nitrospiraceae	0.0222505	0.0252663	0.029476	0.0324057	0.0304204	0.0293739	0.020305	0.0192296	0.023369	0.0183262	0.0192827	0.0162476	0.0222956	0.0203048	0.0223162	0.0182559	0.0131594	0.028475	0.0244093	0.0192222	0.0273653	0.0192997	0.0243687	0.021265	0.0223441	0.0152074	0.0172332	0.0141769	0.0161878	0.0325375	0.0264542	0.0243213	0.0204328	0.0224513	0.0194147	0.0203407	0.0183173	0.0213569	0.0183169	0.0183242	0.0273343	0.0264322	0.025327	0.0273542	0.0212828	0.0182617	0.0141031	0.0232615
Thermodesulfovibrionaceae	0	0	0	0	0	0	0	0	0	0	0	0	0	0	0	0	0	0	0	0	0	0	0	0	0	0	0	0	0	0	0	0	0	0.00102051	0	0	0	0	0	0	0	0	0.00101308	0.00101312	0	0	0	0
Dissulfurispiraceae	0	0	0	0	0	0	0	0	0	0	0	0	0	0	0	0	0	0	0	0	0	0	0	0	0	0	0	0	0	0	0	0	0	0	0	0	0	0	0	0	0	0	0	0	0	0	0	0
Treponemataceae	0.00707972	0.00707457	0.00711491	0.00708875	0.0070981	0.00607736	0.00609149	0.00506042	0.00508022	0.00610874	0.00507439	0.00507738	0.00506719	0.00609143	0.00507187	0.0050711	0.00303678	0.00508481	0.00508528	0.00404678	0.00506765	0.00507887	0.00507681	0.00405047	0.00406256	0.00304149	0.00405486	0.00303791	0.00404694	0.00508399	0.00508735	0.00405355	0.00612983	0.00612307	0.00613096	0.00610221	0.00610575	0.00610196	0.00610563	0.00610805	0.00708667	0.00711635	0.00709155	0.00709184	0.00506735	0.00507269	0.00402946	0.00606821
Spirochaetaceae	0.00202278	0.00303196	0.00203283	0.00303804	0.00304204	0.00303868	0.0020305	0.00202417	0.00203209	0.00203625	0.00202976	0.00203095	0.00202688	0.00203048	0.00202875	0.00202844	0.00202452	0.00203393	0.00203411	0.0010117	0.00202706	0.00203155	0.00203072	0.00202523	0.00101564	0.00101383	0.00202743	0.00202528	0.00202347	0.00203359	0.00203494	0.00202677	0.00306491	0.00306154	0.00204365	0.00203407	0.00203525	0.00305098	0.00203521	0.00203602	0.00303714	0.00304987	0.00303924	0.00405248	0.00202694	0.00202908	0.00201473	0.0030341
Breznakiellaceae	0.00101139	0.00101065	0.00101642	0.00101268	0.00202803	0.00101289	0.00101525	0.00101208	0.00101604	0.00101812	0.00101488	0.00101548	0.00101344	0.00101524	0.00101437	0.00101422	0.00101226	0.00101696	0.00101706	0.0010117	0.00101353	0.00101577	0.00101536	0.00101262	0.00101564	0.00101383	0.00101372	0.00101264	0.00101174	0.0010168	0.00101747	0.00101339	0.00102164	0.00102051	0.00102183	0.00101704	0.00101763	0.00101699	0.0010176	0.00101801	0.00202476	0.00203324	0.00101308	0.00202624	0.00101347	0.00202908	0.00100736	0.00101137
Borreliaceae	0.00101139	0.00101065	0.00101642	0.00101268	0.00101401	0.00101289	0.00101525	0.00101208	0.00101604	0.00101812	0.00101488	0.00101548	0.00101344	0.00101524	0.00101437	0.00101422	0.00101226	0.00101696	0.00101706	0.0010117	0.00101353	0.00101577	0.00101536	0.00101262	0.00101564	0.00101383	0.00101372	0.00101264	0.00101174	0.0010168	0.00101747	0.00101339	0.00102164	0.00102051	0.00102183	0.00101704	0.00101763	0.00101699	0.0010176	0.00101801	0.00101238	0.00203324	0.00202616	0.00101312	0.00101347	0.00101454	0.00100736	0.00101137
Sphaerochaetaceae	0.00101139	0.00101065	0.00101642	0.00101268	0.00101401	0.00101289	0.00101525	0.00101208	0.00101604	0.00101812	0.00101488	0.00101548	0.00101344	0.00101524	0.00101437	0.00101422	0	0.00101696	0.00101706	0.0010117	0.00101353	0.00101577	0.00101536	0.00101262	0.00101564	0	0.00101372	0.00101264	0.00101174	0.0010168	0.00101747	0.00101339	0.00102164	0.00102051	0.00102183	0.00101704	0.00101763	0.00101699	0.0010176	0.00101801	0.00101238	0.00101662	0.00101308	0.00101312	0.00101347	0.00101454	0.00100736	0.00101137
Leptospiraceae	0.0161822	0.0181917	0.0203283	0.0212663	0.0243363	0.0222837	0.016244	0.0141692	0.0193048	0.0142537	0.0121785	0.0111702	0.016215	0.0121829	0.0121725	0.0131849	0.00607355	0.0162714	0.0142388	0.0111286	0.0121624	0.0162524	0.0152304	0.0111388	0.00914077	0.0070968	0.00912344	0.00708846	0.0101174	0.0142352	0.015262	0.0141874	0.0214544	0.0204102	0.0224802	0.0305111	0.0183173	0.0223739	0.0152641	0.0203602	0.0232848	0.0233823	0.025327	0.0273542	0.017229	0.0162326	0.00906627	0.0182046
Winmispiraceae	0.00101139	0.0020213	0.00203283	0.00202536	0.00202803	0.00202579	0.00101525	0.00101208	0.00203209	0.00101812	0.00101488	0.00101548	0.00101344	0.00101524	0.00101437	0.00101422	0.00101226	0.00101696	0.00101706	0.0010117	0.00101353	0.00101577	0.00101536	0.00101262	0.00101564	0.00101383	0.00101372	0.00101264	0.00101174	0.0010168	0.00101747	0.00101339	0.00204328	0.00204102	0.00102183	0.00203407	0.00101763	0.00203399	0.0010176	0.00203602	0.00202476	0.00203324	0.00202616	0.00202624	0.00101347	0.00101454	0.00100736	0.00202274
Brachyspiraceae	0	0	0	0	0	0	0.00101525	0	0	0	0.00101488	0.00101548	0	0	0	0	0	0.00101696	0	0	0	0	0	0	0	0	0	0	0	0	0	0	0	0	0.00102183	0	0	0.00101699	0	0.00101801	0.00101238	0.00101662	0	0	0.00101347	0.00101454	0	0
Thermospiraceae	0	0	0	0	0	0	0	0	0	0	0	0	0	0	0	0	0	0	0	0	0	0	0	0	0	0	0	0	0	0	0	0	0	0	0	0	0	0	0	0	0	0	0	0	0	0	0	0
Sulfurimonadaceae	0.00505694	0.00505326	0.00508208	0.00607607	0.00608408	0.00607736	0.00507625	0.00506042	0.00609626	0.00509061	0.00507439	0.00507738	0.00506719	0.00507619	0.00405749	0.0050711	0.00303678	0.00508481	0.00508528	0.00404678	0.00405412	0.0040631	0.00406145	0.00405047	0.00406256	0.00405531	0.00405486	0.00303791	0.00303521	0.00406719	0.00406988	0.00405355	0.00612983	0.00612307	0.00613096	0.00508518	0.00610575	0.00610196	0.00508802	0.00610805	0.00607429	0.00609973	0.00709155	0.00607872	0.00506735	0.00405815	0.00402946	0.00505684
Campylobacteraceae	0.00505694	0.00505326	0.00508208	0.00506339	0.00507007	0.00506447	0.00507625	0.00506042	0.00508022	0.00407249	0.00710415	0.0040619	0.00405375	0.00406095	0.00405749	0.00405688	0.00303678	0.00508481	0.00406822	0.00303509	0.00405412	0.0040631	0.00304609	0.00405047	0.00304692	0.00304149	0.00304115	0.00303791	0.00303521	0.00406719	0.00406988	0.00405355	0.00510819	0.00510256	0.00613096	0.00508518	0.00508813	0.00508497	0.00508802	0.00509004	0.00607429	0.00609973	0.00607847	0.0050656	0.00506735	0.00507269	0.00302209	0.00505684
Arcobacteraceae	0.00303416	0.00404261	0.00304925	0.00202536	0.0375185	0.00303868	0.004061	0.00404834	0.00304813	0.00305437	0.00304463	0.00304643	0.00304031	0.00304572	0.00304312	0.00304266	0.00202452	0.00305089	0.00305117	0.00202339	0.00202706	0.00304732	0.00304609	0.00202523	0.00304692	0.00202766	0.00202743	0.00202528	0.00202347	0.00203359	0.00305241	0.00202677	0.00408655	0.00306154	0.00306548	0.00406814	0.00305288	0.00406798	0.00305281	0.00407203	0.00404953	0.00406649	0.00303924	0.00303936	0.00304041	0.00304362	0.00100736	0.0030341
Helicobacteraceae	0.00202278	0.00303196	0.00203283	0.00202536	0.00304204	0.00303868	0.0020305	0.00202417	0.00203209	0.00203625	0.00202976	0.00203095	0.00202688	0.00203048	0.00202875	0.00202844	0.00101226	0.00203393	0.00203411	0.00202339	0.00202706	0.00203155	0.00203072	0.00202523	0.00203128	0.00101383	0.00202743	0.00101264	0.00101174	0.00203359	0.00203494	0.00202677	0.00204328	0.00306154	0.00204365	0.00203407	0.00203525	0.00203399	0.00203521	0.00203602	0.00202476	0.00304987	0.00202616	0.00303936	0.00202694	0.00202908	0.00100736	0.00202274
Hydrogenimonadaceae	0.00202278	0.0020213	0.00203283	0.00303804	0.00304204	0.00303868	0.0020305	0.00202417	0.00203209	0.00203625	0.00202976	0.00203095	0.00202688	0.00203048	0.00202875	0.00202844	0.00101226	0.00203393	0.00203411	0.00202339	0.00202706	0.00203155	0.00203072	0.00202523	0.00101564	0.00101383	0.00202743	0.00101264	0.00101174	0.00203359	0.00203494	0.00202677	0.00204328	0.00306154	0.00204365	0.00203407	0.00203525	0.00203399	0.00203521	0.00203602	0.00202476	0.00304987	0.00303924	0.00303936	0.00202694	0.00202908	0.00100736	0.00202274
Sulfurovaceae	0.00101139	0.0020213	0.00101642	0.00101268	0.00202803	0.00202579	0.00101525	0.00101208	0.00101604	0.00101812	0.00101488	0.00101548	0.00101344	0.00101524	0.00101437	0.00101422	0.00101226	0.00101696	0.00101706	0.0010117	0.00101353	0.00203155	0.00101536	0.00101262	0.00101564	0.00101383	0.00101372	0.00101264	0.00101174	0.0010168	0.00101747	0.00101339	0.00102164	0.00204102	0.00102183	0.00203407	0.00101763	0.00203399	0.00203521	0.00101801	0.00202476	0.00203324	0.00101308	0.00101312	0.00101347	0.00101454	0.00100736	0.00101137
Sulfurospirillaceae	0.00101139	0.00101065	0.00101642	0.00101268	0.00101401	0.00101289	0.00101525	0.00101208	0.00101604	0.00101812	0.00101488	0.00101548	0.00101344	0.00101524	0.00101437	0.00101422	0	0.00101696	0.00101706	0	0.00101353	0.00101577	0.00101536	0.00101262	0	0	0	0	0.00101174	0.0010168	0.00101747	0.00101339	0.00102164	0.00102051	0.00102183	0.00101704	0.00101763	0.00101699	0.0010176	0.00101801	0.00101238	0.00101662	0.00101308	0.00101312	0.00101347	0.00101454	0.00100736	0.00101137
Nitratiruptoraceae	0.00101139	0.00101065	0.00101642	0.00101268	0.00101401	0.00101289	0.00101525	0.00101208	0.00101604	0.00101812	0.00101488	0.00101548	0.00101344	0.00101524	0.00101437	0.00101422	0.00101226	0.00101696	0.00101706	0.0010117	0.00101353	0.00101577	0.00101536	0.00101262	0.00101564	0.00101383	0.00101372	0.00101264	0.00101174	0.0010168	0.00101747	0.00101339	0.00102164	0.00102051	0.00102183	0.00101704	0.00101763	0.00101699	0.0010176	0.00101801	0.00101238	0.00101662	0.00101308	0.00101312	0.00101347	0.00101454	0	0.00101137
Nautiliaceae	0	0	0	0	0	0	0	0	0	0	0	0	0	0	0	0	0	0	0	0	0	0	0	0	0	0	0	0	0	0	0	0	0	0	0	0	0	0	0	0	0.00101238	0	0	0	0	0	0	0
Hippeaceae	0	0	0	0	0	0	0	0	0	0	0	0	0	0	0	0	0	0	0	0	0	0	0	0	0	0	0	0	0	0	0	0	0	0	0	0	0	0	0	0	0	0	0	0	0	0	0	0
Pseudobdellovibrionaceae	0.0101139	0.0131385	0.012197	0.0111395	0.0131822	0.0131676	0.0111677	0.0131571	0.0121925	0.0111993	0.0142083	0.0121857	0.0101344	0.00913715	0.0111581	0.0111564	0.00506129	0.0081357	0.0091535	0.00708187	0.00912178	0.00914197	0.0081229	0.00810094	0.00710949	0.00811063	0.00810972	0.00607583	0.00708215	0.00813438	0.00813976	0.00810709	0.011238	0.0112256	0.0122619	0.0122044	0.0111939	0.0122039	0.0111937	0.0122161	0.0111362	0.0121995	0.0101308	0.0141837	0.0121616	0.013189	0.00705155	0.011125
Bacteriovoracaceae	0.00606833	0.00606391	0.00304925	0.00303804	0.00507007	0.00709026	0.00507625	0.00708459	0.00406417	0.00407249	0.00608927	0.00203095	0.00304031	0.00203048	0.00304312	0.00405688	0.00101226	0.00101696	0.00101706	0.0010117	0.00101353	0.00101577	0.00101536	0.00101262	0.00101564	0.00101383	0.00101372	0.00101264	0.00101174	0.0010168	0.00101747	0.00101339	0.00306491	0.00102051	0.00306548	0.00406814	0.00203525	0.00203399	0.00305281	0.00407203	0.00202476	0.00203324	0.00101308	0.00101312	0.00304041	0.00304362	0.00100736	0.00202274
Halobacteriovoraceae	0	0	0	0	0	0	0	0	0	0	0	0	0	0	0	0	0	0	0	0	0	0	0	0	0	0	0	0	0	0	0	0	0	0	0	0	0	0	0	0	0	0	0	0	0	0	0	0
Silvanigrellaceae	0.00101139	0.00101065	0.00101642	0.00101268	0.00101401	0.00101289	0.00101525	0	0.00101604	0.00101812	0.00101488	0	0	0	0.00101437	0	0	0.00101696	0.00101706	0	0	0.00101577	0	0.00101262	0	0.00101383	0	0.00101264	0.00101174	0.0010168	0	0.00101339	0.00102164	0	0.00102183	0.00101704	0.00101763	0.00101699	0	0.00101801	0.00101238	0.00101662	0.00101308	0.00101312	0.00101347	0.00101454	0	0.00101137
Sphaerobacteraceae	0.013148	0.0131385	0.0142298	0.0141775	0.0152102	0.0151934	0.0131982	0.0111329	0.0121925	0.0091631	0.0101488	0.00913928	0.0131747	0.0111676	0.0111581	0.0101422	0.00911033	0.0111866	0.0111876	0.00910526	0.0111488	0.0101577	0.011169	0.0111388	0.0101564	0.00811063	0.00912344	0.00911374	0.00809389	0.0111848	0.0122096	0.0111473	0.0143029	0.0153077	0.0122619	0.0142385	0.0132291	0.0132209	0.0111937	0.0122161	0.013161	0.0111828	0.0111439	0.0121574	0.0111482	0.0111599	0.00604418	0.0101137
Thermomicrobiaceae	0.00303416	0.00303196	0.00304925	0.00405071	0.00405605	0.00405158	0.00304575	0.00303625	0.00304813	0.00203625	0.00304463	0.00203095	0.00304031	0.00304572	0.00304312	0.00304266	0.00202452	0.00305089	0.00305117	0.00202339	0.00304059	0.00304732	0.00304609	0.00303785	0.00203128	0.00202766	0.00202743	0.00202528	0.00202347	0.00305039	0.00305241	0.00202677	0.00306491	0.00408205	0.00306548	0.00406814	0.00305288	0.00305098	0.00305281	0.00305403	0.00404953	0.00304987	0.00303924	0.00303936	0.00304041	0.00202908	0.00201473	0.0030341
Nitrospinaceae	0.00303416	0.00303196	0.00304925	0.00405071	0.00304204	0.00303868	0.0020305	0.00202417	0.00203209	0.00203625	0.00202976	0.00203095	0.00202688	0.00203048	0.00202875	0.00202844	0.00101226	0.00203393	0.00203411	0.0010117	0.00202706	0.00101577	0.00203072	0.00202523	0.00101564	0.00202766	0.00202743	0.00101264	0.00101174	0.00203359	0.00203494	0.00202677	0.00306491	0.00306154	0.00306548	0.00305111	0.00203525	0.00305098	0.00305281	0.00305403	0.00303714	0.00304987	0.00303924	0.00405248	0.00202694	0.00202908	0.00201473	0.0030341
Aquificaceae	0.00101139	0.00101065	0.00101642	0.00101268	0.00101401	0.00101289	0.00101525	0.00101208	0.00101604	0.00101812	0.00101488	0.00101548	0.00101344	0.00101524	0.00101437	0.00101422	0	0.00101696	0	0.0010117	0.00101353	0	0	0.00101262	0.00101564	0	0.00101372	0	0	0.0010168	0.00101747	0	0.00102164	0.00102051	0.00102183	0.00101704	0.00101763	0.00101699	0.0010176	0.00101801	0.00101238	0.00101662	0.00101308	0.00101312	0.00101347	0.00101454	0	0.00101137
Hydrogenothermaceae	0	0	0	0.00101268	0	0.00101289	0	0	0	0	0	0	0	0	0	0	0	0	0	0	0	0	0	0	0	0	0	0	0	0	0	0	0	0	0	0	0	0.00101699	0	0	0.00101238	0.00101662	0.00101308	0	0	0	0	0
Desulfurobacteriaceae	0	0	0	0	0	0	0	0	0	0	0	0	0	0	0	0	0	0	0	0	0	0	0	0	0	0	0	0	0	0	0	0	0	0	0	0	0	0	0	0	0	0	0	0	0	0	0	0
Geovibrionaceae	0.00101139	0.00101065	0.00101642	0.00101268	0.00101401	0.00101289	0.00101525	0.00101208	0.00101604	0	0.00101488	0	0.00101344	0	0	0	0	0	0	0	0	0	0	0	0	0	0	0	0	0	0.00101747	0	0.00102164	0.00102051	0	0	0	0	0	0.00101801	0.00101238	0.00101662	0.00101308	0.00101312	0.00101347	0	0	0.00101137
Flexistipitaceae	0	0	0	0	0	0	0	0	0	0	0	0	0	0	0	0	0	0	0	0	0	0	0	0	0	0	0	0	0	0	0	0	0	0	0	0	0	0	0	0	0	0	0	0	0	0	0	0
Calditerrivibrionaceae	0	0	0	0	0	0	0	0	0	0	0	0	0	0	0	0	0	0	0	0	0	0	0	0	0	0	0	0	0	0	0	0	0	0	0	0	0	0	0	0	0	0	0	0	0	0	0	0
Mucispirillaceae	0	0	0	0	0	0	0	0	0	0	0	0	0	0	0	0	0	0	0	0	0	0	0	0	0	0	0	0	0	0	0	0	0	0	0	0	0	0	0	0	0	0	0	0	0	0	0	0
Deferribacteraceae	0	0	0	0	0	0	0	0	0	0	0	0	0	0	0	0	0	0	0	0	0	0	0	0	0	0	0	0	0	0	0	0	0	0	0	0	0	0	0	0	0	0	0	0	0	0	0	0
Calditrichaceae	0.00101139	0.00101065	0.00101642	0.00101268	0.00101401	0.00101289	0.00101525	0.00101208	0.00101604	0.00101812	0.00101488	0.00101548	0.00101344	0.00101524	0.00101437	0.00101422	0	0.00101696	0.00101706	0.0010117	0.00101353	0.00101577	0.00101536	0.00101262	0.00101564	0	0.00101372	0	0	0.0010168	0.00101747	0.00101339	0.00102164	0.00102051	0.00102183	0.00101704	0.00101763	0.00101699	0.0010176	0.00101801	0.00101238	0.00101662	0.00101308	0.00101312	0.00101347	0.00101454	0.00100736	0.00101137
Candidatus Caldatribacteriaceae	0.00101139	0.00101065	0.00101642	0.00101268	0.00101401	0.00101289	0.00101525	0	0.00101604	0.00101812	0.00101488	0	0.00101344	0.00101524	0.00101437	0.00101422	0	0.00101696	0	0	0.00101353	0	0.00101536	0.00101262	0.00101564	0	0.00101372	0	0	0.0010168	0.00101747	0.00101339	0.00102164	0.00102051	0.00102183	0.00101704	0.00101763	0.00101699	0.0010176	0.00101801	0.00101238	0.00101662	0.00101308	0.00101312	0.00101347	0	0	0.00101137
Atribacteraceae	0	0	0	0	0	0	0	0	0	0	0	0	0	0	0	0	0	0	0	0	0	0	0	0	0	0	0	0	0	0	0	0	0	0	0	0	0	0	0	0	0	0	0	0	0	0	0	0
Chrysiogenaceae	0.00202278	0.0020213	0.00203283	0.00202536	0.00202803	0.00202579	0.00101525	0.00101208	0.00203209	0.00101812	0.00202976	0.00101548	0.00202688	0.00101524	0.00101437	0.00101422	0.00101226	0.00203393	0.00203411	0.0010117	0.00101353	0.00101577	0.00101536	0.00202523	0.00101564	0.00101383	0.00101372	0.00101264	0.00101174	0.0010168	0.00101747	0.00202677	0.00204328	0.00204102	0.00204365	0.00203407	0.00203525	0.00203399	0.00203521	0.00203602	0.00202476	0.00203324	0.00202616	0.00202624	0.00101347	0.00101454	0.00100736	0.00202274
Elusimicrobiaceae	0.00101139	0.00101065	0.00101642	0.00101268	0.00101401	0.00101289	0.00101525	0	0.00101604	0	0.00101488	0	0.00101344	0.00101524	0	0	0	0.00101696	0	0	0	0	0	0	0	0	0	0	0	0	0	0	0.00102164	0.00102051	0.00102183	0.00101704	0.00101763	0.00101699	0.0010176	0.00101801	0.00101238	0.00101662	0.00101308	0.00101312	0	0.00101454	0	0.00101137
Endomicrobiaceae	0	0	0	0	0	0	0	0	0	0	0	0	0	0	0	0	0	0	0	0	0	0	0	0	0	0	0	0	0	0	0	0	0	0	0	0	0	0	0	0	0	0	0	0	0	0	0	0
Thermodesulfobiaceae	0	0	0	0	0	0	0	0	0	0	0	0	0	0	0	0	0	0	0	0	0	0	0	0	0	0	0	0	0	0	0	0	0	0	0	0	0	0	0	0	0	0	0	0	0	0	0	0
Dictyoglomaceae	0	0	0	0	0	0	0	0	0	0	0	0	0	0	0	0	0	0	0	0	0	0	0	0	0	0	0	0	0	0	0	0	0	0	0	0	0	0	0	0	0	0	0	0	0	0	0	0
Caldisericaceae	0	0	0	0	0	0	0	0	0	0	0	0	0	0	0	0	0	0	0	0	0	0	0	0	0	0	0	0	0	0	0	0	0	0	0	0	0	0	0	0	0	0	0	0	0	0	0	0
Coprothermobacteraceae	0	0	0	0	0	0	0	0	0	0	0	0	0	0	0	0	0	0	0	0	0	0	0	0	0	0	0	0	0	0	0	0	0	0	0	0	0	0	0	0	0	0	0	0	0	0	0	0
Thermosulfidibacteraceae	0	0	0	0	0	0	0	0	0	0	0	0	0	0	0	0	0	0	0	0	0	0	0	0	0	0	0	0	0	0	0	0	0	0	0	0	0	0	0	0	0	0	0	0	0	0	0	0
Deinococcaceae	0.124401	0.10814	0.132134	0.129623	0.120668	0.133702	0.118784	0.177115	0.107701	0.0977398	0.0943837	0.0873309	0.108438	0.110661	0.101437	0.0943224	0.0738949	0.0986454	0.104757	0.0819473	0.102367	0.090404	0.0984902	0.0961986	0.0842982	0.070968	0.0861658	0.0799984	0.0779037	0.0925286	0.0956422	0.0982985	0.114423	0.126544	0.108314	0.112891	0.113974	0.11492	0.107866	0.110963	0.118449	0.108779	0.114478	0.11043	0.0952661	0.0943521	0.0624566	0.099114
Thermaceae	0.0222505	0.0222344	0.0254104	0.0263296	0.0263644	0.0263352	0.0213202	0.0192296	0.022353	0.0193443	0.0192827	0.0182786	0.0233091	0.0223353	0.0192731	0.0192702	0.0141716	0.0203393	0.0223752	0.0161871	0.0212841	0.0182839	0.0192919	0.0202523	0.0172659	0.0141936	0.0182469	0.0151896	0.015176	0.0193192	0.0203494	0.0202677	0.0234977	0.0285743	0.0224802	0.0254259	0.0234054	0.0233909	0.0234049	0.0234142	0.0273343	0.0243989	0.025327	0.025328	0.0202694	0.0202908	0.0141031	0.0222501
Trueperaceae	0.00404555	0.00404261	0.00406566	0.00506339	0.00507007	0.00506447	0.004061	0.00404834	0.00508022	0.00305437	0.00405951	0.0040619	0.00405375	0.00406095	0.00405749	0.00405688	0.00303678	0.00406785	0.00406822	0.00303509	0.00405412	0.0040631	0.00406145	0.00405047	0.00406256	0.00304149	0.00304115	0.00303791	0.00303521	0.00406719	0.00305241	0.00405355	0.00510819	0.00510256	0.0040873	0.00508518	0.00508813	0.00508497	0.00407042	0.00509004	0.00506191	0.00406649	0.00405232	0.0050656	0.00405388	0.00405815	0.00302209	0.00404547
Synergistaceae	0.00505694	0.00505326	0.00508208	0.00607607	0.00507007	0.00506447	0.00507625	0.00404834	0.00508022	0.00407249	0.00405951	0.0040619	0.00506719	0.00406095	0.00405749	0.00405688	0.00303678	0.00406785	0.00508528	0.00303509	0.00405412	0.0040631	0.00406145	0.00405047	0.00304692	0.00304149	0.00405486	0.00303791	0.00303521	0.00406719	0.00406988	0.00405355	0.00510819	0.00612307	0.00510913	0.00610221	0.00508813	0.00508497	0.00508802	0.00509004	0.00607429	0.00508311	0.00607847	0.00607872	0.00405388	0.00405815	0.00302209	0.00505684
Dethiosulfovibrionaceae	0.00303416	0.00303196	0.00406566	0.00405071	0.00405605	0.00405158	0.00304575	0.00303625	0.00406417	0.00305437	0.00304463	0.00304643	0.00304031	0.00304572	0.00304312	0.00304266	0.00202452	0.00305089	0.00305117	0.00303509	0.00304059	0.00304732	0.00304609	0.00303785	0.00203128	0.00202766	0.00304115	0.00202528	0.00202347	0.00305039	0.00305241	0.00304016	0.00306491	0.00408205	0.00306548	0.00406814	0.0040705	0.00305098	0.00407042	0.00407203	0.00506191	0.00406649	0.00405232	0.00405248	0.00304041	0.00304362	0.00201473	0.00404547
Aminobacteriaceae	0.00202278	0.0020213	0.00203283	0.00202536	0.00202803	0.00202579	0.0020305	0.00101208	0.00203209	0.00101812	0.00101488	0.00101548	0.00101344	0.00203048	0.00101437	0.00202844	0.00101226	0.00101696	0.00101706	0.0010117	0.00202706	0.00101577	0.00203072	0.00101262	0.00203128	0.00101383	0.00101372	0.00101264	0.00101174	0.0010168	0.00101747	0.00101339	0.00204328	0.00204102	0.00204365	0.00203407	0.00203525	0.00203399	0.00203521	0.00203602	0.00202476	0.00203324	0.00202616	0.00202624	0.00202694	0.00202908	0.00100736	0.00202274
Aminiphilaceae	0.00101139	0.00101065	0.00101642	0.00101268	0.00101401	0.00101289	0.00101525	0.00101208	0.00101604	0.00101812	0.00101488	0.00203095	0.00101344	0.00101524	0.00101437	0.00101422	0.00101226	0.00101696	0.00101706	0.0010117	0.00101353	0.00101577	0.00101536	0.00101262	0.00101564	0	0	0.00101264	0.00101174	0.0010168	0.00101747	0.00101339	0.00102164	0.00204102	0.00102183	0.00101704	0.00101763	0.00101699	0.0010176	0.00101801	0.00202476	0.00203324	0.00202616	0.00202624	0.00101347	0.00101454	0.00100736	0.00101137
Aminithiophilaceae	0.00101139	0.00101065	0.00101642	0.00101268	0.00101401	0.00101289	0.00101525	0.00101208	0.00101604	0.00101812	0.00101488	0	0.00101344	0.00101524	0.00101437	0.00101422	0.00101226	0.00101696	0.00101706	0.0010117	0.00101353	0.00101577	0.00101536	0.00101262	0.00101564	0.00101383	0.00101372	0	0.00101174	0.0010168	0.00101747	0.00101339	0.00102164	0.00102051	0.00102183	0.00101704	0.00101763	0.00101699	0.0010176	0.00101801	0.00101238	0	0.00101308	0.00101312	0.00101347	0.00101454	0.00100736	0.00101137
Thermotogaceae	0.00101139	0.00101065	0.00101642	0.00101268	0.00101401	0.00101289	0.00101525	0.00101208	0.00101604	0.00101812	0.00101488	0.00101548	0.00101344	0.00101524	0.00101437	0.00101422	0.00101226	0.00101696	0.00101706	0.0010117	0.00101353	0.00101577	0.00101536	0.00101262	0.00101564	0.00101383	0.00101372	0.00101264	0.00101174	0.0010168	0.00101747	0.00101339	0.00102164	0.00102051	0.00102183	0.00101704	0.00101763	0.00101699	0.0010176	0.00101801	0.00101238	0.00101662	0.00101308	0.00101312	0.00101347	0.00101454	0	0.00101137
Fervidobacteriaceae	0.00101139	0.0020213	0.00101642	0.00101268	0.00101401	0.00101289	0.00101525	0.00101208	0.00101604	0.00101812	0.00101488	0.00101548	0.00101344	0.00101524	0.00101437	0.00101422	0	0.00101696	0.00101706	0	0.00101353	0.00101577	0	0.00101262	0.00101564	0	0	0	0	0.0010168	0.00101747	0.00101339	0.00102164	0.00102051	0.00102183	0.00101704	0.00101763	0.00101699	0.0010176	0.00101801	0.00101238	0.00101662	0.00101308	0.00101312	0.00101347	0.00101454	0.00100736	0.00101137
Kosmotogaceae	0.00101139	0.00101065	0.00101642	0.00101268	0.00101401	0.00101289	0.00101525	0.00101208	0	0	0	0	0	0	0	0	0	0.00101696	0	0	0	0	0.00101536	0	0	0	0	0	0	0	0.00101747	0	0.00102164	0	0	0	0	0	0.0010176	0	0.00101238	0	0.00101308	0.00101312	0.00101347	0	0	0
Petrotogaceae	0.00101139	0.00101065	0	0	0.00101401	0	0.00101525	0.00101208	0	0.00101812	0	0	0	0	0	0	0	0	0.00101706	0	0	0	0	0	0	0	0	0	0	0	0	0	0.00102164	0.00102051	0.00102183	0.00101704	0.00101763	0.00101699	0.0010176	0.00101801	0.00101238	0.00101662	0.00101308	0.00101312	0	0.00101454	0	0.00101137
Mesoaciditogaceae	0	0	0	0	0	0	0	0	0	0	0	0	0	0	0	0	0	0	0	0	0	0	0	0	0	0	0	0	0	0	0	0	0	0	0	0	0	0	0	0	0	0	0	0	0	0	0	0
Bradymonadaceae	0.0121367	0.0131385	0.0132134	0.0141775	0.0141962	0.0141805	0.0111677	0.0111329	0.0121925	0.0111993	0.0111637	0.0111702	0.0121613	0.0111676	0.0111581	0.0101422	0.00708581	0.0111866	0.0122047	0.00809356	0.0111488	0.0101577	0.0101536	0.0101262	0.00914077	0.0070968	0.00912344	0.00708846	0.00809389	0.010168	0.0101747	0.0101339	0.0143029	0.0142872	0.0132837	0.0142385	0.0132291	0.0142379	0.0132289	0.0142521	0.0151857	0.0142327	0.0151962	0.0141837	0.0121616	0.0111599	0.00805891	0.0121364
Microvenatoraceae	0.00101139	0.00101065	0.00101642	0.00202536	0.00202803	0.00101289	0.00101525	0.00101208	0.00203209	0.00101812	0.00101488	0.00101548	0.00202688	0.00101524	0.00101437	0.00202844	0.00101226	0.00101696	0.00203411	0.0010117	0.00101353	0.00101577	0.00101536	0.00101262	0.00101564	0.00101383	0.00101372	0.00101264	0.00101174	0.0010168	0.00101747	0.00101339	0.00204328	0.00204102	0.00102183	0.00101704	0.00101763	0.00101699	0.0010176	0.00101801	0.00202476	0.00203324	0.00101308	0.00202624	0.00101347	0.00101454	0.00100736	0.00202274
Candidatus Nanosynbacteraceae	0.00202278	0.00101065	0.00203283	0.00101268	0.00202803	0.00202579	0.00507625	0.00202417	0.00101604	0.00203625	0.00101488	0.00203095	0.00101344	0.00203048	0.00101437	0.00101422	0.00303678	0.00101696	0.00101706	0.0010117	0.00202706	0.00101577	0.00203072	0.00202523	0.00203128	0.00202766	0.00101372	0.00405055	0.00202347	0.00203359	0.00305241	0.00202677	0.00102164	0.00204102	0.00102183	0.00101704	0.00203525	0.00203399	0.00203521	0.00101801	0.00101238	0.00101662	0.00101308	0.00101312	0.00101347	0.00101454	0.00100736	0.00101137
Candidatus Saccharimonadaceae	0.00202278	0.00101065	0.00101642	0.00202536	0.00101401	0.00202579	0.0020305	0.00303625	0.00101604	0.00101812	0.00101488	0.00203095	0.00101344	0.00101524	0.00202875	0.00101422	0.00101226	0.00101696	0.00203411	0.00202339	0.00304059	0.00203155	0.00304609	0.00202523	0.00304692	0.00202766	0.00101372	0.00202528	0.00202347	0.00203359	0.00101747	0.00304016	0.00102164	0.00102051	0.00102183	0.00203407	0.00101763	0.00203399	0.00203521	0.00203602	0.00101238	0.00101662	0.00101308	0.00101312	0.00101347	0.00101454	0.00100736	0.00101137
Candidatus Bipolaricaulaceae	0.00202278	0.0020213	0.00203283	0.00202536	0.00304204	0.00303868	0.0020305	0.00202417	0.00203209	0.00203625	0.00101488	0.00203095	0.00202688	0.00203048	0.00202875	0.00202844	0.00101226	0.00203393	0.00203411	0.0010117	0.00202706	0.00101577	0.00203072	0.00202523	0.00101564	0.00101383	0.00101372	0.00101264	0.00101174	0.00203359	0.00203494	0.00202677	0.00204328	0.00306154	0.00204365	0.00101704	0.00203525	0.00203399	0.00203521	0.00203602	0.00202476	0.00203324	0.00202616	0.00202624	0.00101347	0.00202908	0.00100736	0.00202274
Candidatus Babeliaceae	0	0	0	0	0	0	0	0	0	0	0	0	0	0	0	0	0	0	0	0	0	0	0	0	0	0	0	0	0	0	0	0	0	0	0	0	0	0	0	0	0	0	0	0	0	0	0	0
Candidatus Chromulinivoraceae	0	0	0	0	0	0	0	0	0	0	0	0	0	0	0	0	0	0	0	0	0	0	0	0	0	0	0	0	0	0	0	0	0	0	0	0.00101704	0	0	0	0	0	0	0	0	0	0	0	0
Minisyncoccaceae	0	0	0	0	0	0	0	0	0	0	0	0	0	0	0	0	0	0	0	0	0	0	0	0	0	0	0	0	0	0	0	0	0	0	0	0	0	0	0	0	0	0	0	0	0	0	0	0
Candidatus Chazhemtobacteraceae	0	0	0	0	0	0	0	0	0	0	0	0	0	0	0	0	0	0	0	0	0	0	0	0	0	0	0	0	0	0	0	0	0	0	0	0	0	0	0	0	0	0	0	0	0	0	0	0
Candidatus Absconditicoccaceae	0	0	0	0	0	0	0	0	0	0	0	0	0	0	0	0	0	0	0	0	0	0	0	0	0	0	0	0	0	0	0	0	0	0	0	0	0	0	0	0	0	0	0	0	0.00101347	0	0	0
Fusobacteriaceae	0.00303416	0.00303196	0.00304925	0.00202536	0.00405605	0.00303868	0.00304575	0.00303625	0.00304813	0.00203625	0.00304463	0.00304643	0.00202688	0.00304572	0.00304312	0.00304266	0.00101226	0.00203393	0.00203411	0.00202339	0.00202706	0.00203155	0.00203072	0.00202523	0.00203128	0.00101383	0.00202743	0.00202528	0.00202347	0.00203359	0.00203494	0.00202677	0.00306491	0.00306154	0.00306548	0.00305111	0.00305288	0.00305098	0.00305281	0.00305403	0.00303714	0.00304987	0.00303924	0.00303936	0.00405388	0.00304362	0.00100736	0.0030341
Leptotrichiaceae	0.00101139	0.0020213	0.00101642	0.00101268	0.00101401	0.00101289	0.00101525	0.00202417	0.00101604	0.00101812	0.00101488	0.00101548	0.00101344	0.00101524	0.00101437	0.00101422	0.00101226	0.00101696	0.00101706	0.0010117	0.00101353	0.00101577	0.00101536	0.00101262	0.00101564	0.00101383	0.00101372	0.00101264	0.00101174	0.0010168	0.00101747	0.00101339	0.00102164	0.00102051	0.00102183	0.00101704	0.00101763	0.00101699	0.0010176	0.00101801	0.00101238	0.00101662	0.00101308	0.00101312	0.00202694	0.00101454	0.00100736	0.00101137
Haliovirgaceae	0.00202278	0.0020213	0.00203283	0.00202536	0.00202803	0.00202579	0.0020305	0.00202417	0.00203209	0.00203625	0.00202976	0.00101548	0	0.00812191	0.00202875	0.00101422	0.00101226	0.00305089	0.00203411	0.00202339	0.00101353	0.00203155	0.00101536	0	0.00203128	0.00101383	0.00202743	0	0	0.00203359	0	0.00202677	0.00306491	0.00204102	0.00306548	0	0.00305288	0.00203399	0.00203521	0.00203602	0.00202476	0.00304987	0.00303924	0.00202624	0	0	0.00100736	0.00202274
Nectriaceae	0.0465239	0.0646817	0.0365909	0.053672	0.0324484	0.0344384	0.0649759	0.130559	0.0609626	0.110975	0.181663	0.063975	0.0932363	0.0781734	0.0882505	0.163289	0.300641	0.108815	0.283759	0.209421	0.176354	0.320985	0.0873212	0.618709	0.207191	0.55355	0.104413	0.220755	0.189195	0.225729	0.242158	0.146941	0.0459737	0.0530666	0.0572223	0.0467836	0.0457931	0.0915295	0.0478274	0.0712606	0.0870648	0.0711635	0.0617978	0.0557216	0.0658755	0.106527	0.0644713	0.0566366
Clavicipitaceae	0.0161822	0.0111172	0.0132134	0.0101268	0.0192663	0.0172192	0.0274117	0.0182175	0.0447059	0.0223987	0.0172529	0.019294	0.0152016	0.0172591	0.01623	0.0141991	0.0131594	0.0183053	0.0111876	0.013152	0.00810825	0.0101577	0.011169	0.265306	0.0335161	0.0192627	0.00912344	0.011139	0.0171995	0.0183024	0.0122096	0.0111473	0.0521036	0.0469436	0.0418949	0.0264429	0.0366345	0.0193229	0.033581	0.0223962	0.0607429	0.0711635	0.0587586	0.0243149	0.0516869	0.163341	0.0322356	0.0424774
Ophiocordycipitaceae	0.0111253	0.0101065	0.012197	0.0111395	0.0111542	0.0111418	0.0111677	0.0101208	0.0294653	0.049888	0.016238	0.0111702	0.0141881	0.0294419	0.0294168	0.0131849	0.0131594	0.0193223	0.0132217	0.0121403	0.0101353	0.0121893	0.0131997	0.0141766	0.0355474	0.0121659	0.0121646	0.00911374	0.015176	0.010168	0.0122096	0.0121606	0.022476	0.0285743	0.0163492	0.0162726	0.0213701	0.0264418	0.053933	0.0162881	0.0121486	0.0142327	0.0263401	0.0131706	0.0111482	0.0121745	0.00705155	0.011125
Hypocreaceae	0.00707972	0.00606391	0.00914774	0.00708875	0.0111542	0.00810315	0.0131982	0.00809667	0.00914439	0.00814498	0.00811902	0.0203095	0.00608063	0.00710667	0.00710062	0.00709954	0.00809807	0.0132205	0.0132217	0.00809356	0.00608118	0.00609465	0.011169	0.00810094	0.0274223	0.00912446	0.00608229	0.00607583	0.00910563	0.00711758	0.00813976	0.0121606	0.0265626	0.0224513	0.00919644	0.0142385	0.0213701	0.0132209	0.010176	0.0254502	0.00911143	0.091496	0.0192485	0.0202624	0.0445926	0.0121745	0.00805891	0.00910231
Cordycipitaceae	0.00404555	0.00404261	0.00406566	0.00405071	0.00405605	0.00405158	0.004061	0.00404834	0.00609626	0.00509061	0.00405951	0.0040619	0.00405375	0.00406095	0.00507187	0.00405688	0.00708581	0.00711874	0.00508528	0.00607017	0.00405412	0.00507887	0.00609217	0.00506309	0.0182815	0.0101383	0.00608229	0.00506319	0.00708215	0.00610078	0.00610482	0.00506693	0.00510819	0.00510256	0.00613096	0.00610221	0.00508813	0.00508497	0.00508802	0.00509004	0.00506191	0.00609973	0.00506539	0.00405248	0.00506735	0.00507269	0.00302209	0.00404547
Glomerellaceae	0.013148	0.0111172	0.0152462	0.0141775	0.0141962	0.0131676	0.012183	0.012145	0.0162567	0.0183262	0.0152232	0.0142167	0.0141881	0.0152286	0.0131869	0.0172417	0.0151839	0.0193223	0.01729	0.0141637	0.0131759	0.0152366	0.0152304	0.013164	0.0314849	0.0131798	0.0131783	0.011139	0.0182113	0.0122016	0.0122096	0.013174	0.0153246	0.0173487	0.0163492	0.0162726	0.0142468	0.0152549	0.0152641	0.0162881	0.0151857	0.0193158	0.0151962	0.0162099	0.0233098	0.0253635	0.0100736	0.0182046
Chaetomiaceae	0.0232619	0.0181917	0.024394	0.0212663	0.0212943	0.0212708	0.020305	0.0192296	0.0203209	0.0203625	0.0121785	0.0162476	0.0182419	0.0131981	0.0172444	0.0172417	0.0496007	0.0142375	0.0223752	0.0192222	0.01723	0.0253944	0.0192919	0.0162019	0.0203128	0.0162213	0.0162194	0.0141769	0.0141643	0.0162688	0.017297	0.018241	0.022476	0.0224513	0.0255457	0.0213577	0.0203525	0.0244079	0.0244225	0.0254502	0.02126	0.0264322	0.0233008	0.0243149	0.0131751	0.0213053	0.0130957	0.0232615
Sordariaceae	0.00707972	0.00505326	0.00711491	0.00607607	0.00608408	0.00607736	0.00710674	0.00506042	0.00609626	0.00610874	0.0142083	0.00507738	0.00608063	0.00710667	0.00608624	0.00709954	0.0101226	0.0162714	0.00711939	0.00505848	0.00506765	0.00711042	0.00609217	0.0060757	0.0223441	0.00608297	0.00506858	0.00506319	0.015176	0.00508399	0.00610482	0.00709371	0.00715147	0.0081641	0.00919644	0.00610221	0.00610575	0.00813595	0.00814084	0.00814407	0.00607429	0.00813297	0.00607847	0.00607872	0.00608081	0.00608723	0.00402946	0.00707957
Podosporaceae	0.00505694	0.00606391	0.00406566	0.00405071	0.00405605	0.00405158	0.004061	0.00506042	0.00406417	0.00407249	0.00507439	0.00304643	0.00304031	0.0152286	0.00304312	0.0050711	0.00809807	0.00508481	0.00508528	0.00607017	0.00304059	0.00507887	0.00507681	0.00303785	0.00812513	0.00405531	0.00304115	0.00303791	0.00708215	0.00406719	0.00406988	0.00405355	0.00612983	0.00510256	0.00613096	0.00508518	0.00508813	0.00610196	0.00610563	0.00610805	0.00506191	0.00609973	0.00607847	0.00607872	0.0131751	0.0284071	0.00302209	0.00606821
Pyriculariaceae	0.00707972	0.00808522	0.00813132	0.00708875	0.00811211	0.00709026	0.00710674	0.00708459	0.00812835	0.00814498	0.00811902	0.00710833	0.00810751	0.00913715	0.00710062	0.00709954	0.00708581	0.00915267	0.00813645	0.00708187	0.00709471	0.0081262	0.0081229	0.00708832	0.0121877	0.0070968	0.00709601	0.00607583	0.00809389	0.00711758	0.00712229	0.00709371	0.00817311	0.00918461	0.00919644	0.00813628	0.008141	0.00915295	0.00915844	0.00916208	0.00911143	0.0091496	0.00810463	0.00911808	0.00709428	0.00710177	0.00503682	0.00809094
Sclerotiniaceae	0.00303416	0.00303196	0.00304925	0.00303804	0.00304204	0.00303868	0.00304575	0.00202417	0.00304813	0.00305437	0.00304463	0.00203095	0.00202688	0.00304572	0.00304312	0.00202844	0.00506129	0.00406785	0.00305117	0.00202339	0.00202706	0.00203155	0.00304609	0.00202523	0.00406256	0.00304149	0.00304115	0.00303791	0.00303521	0.00305039	0.00203494	0.00405355	0.00306491	0.00714359	0.00306548	0.00406814	0.00305288	0.00406798	0.00610563	0.00509004	0.00404953	0.0101662	0.00303924	0.0050656	0.00202694	0.00304362	0.00503682	0.00505684
Pleosporaceae	0.00606833	0.00707457	0.00914774	0.00506339	0.00811211	0.00709026	0.00710674	0.0161933	0.00508022	0.0101812	0.0111637	0.00812381	0.00608063	0.0101524	0.00811499	0.00912797	0.0131594	0.0111866	0.018307	0.010117	0.00709471	0.0101577	0.00913826	0.0101262	0.0182815	0.0182489	0.0101372	0.0101264	0.015176	0.00711758	0.0122096	0.0111473	0.011238	0.0112256	0.0132837	0.00915332	0.00915863	0.0142379	0.00915844	0.0152701	0.0101238	0.0172826	0.0121569	0.0182362	0.015202	0.0162326	0.011081	0.00910231
Didymellaceae	0.00505694	0.00808522	0.0101642	0.00506339	0.0070981	0.00709026	0.00609149	0.02429	0.00406417	0.00610874	0.00710415	0.00609286	0.00405375	0.00609143	0.00507187	0.0050711	0.0121471	0.00711874	0.0101706	0.00607017	0.00608118	0.00711042	0.00609217	0.00810094	0.0132033	0.0101383	0.00709601	0.00708846	0.00809389	0.00406719	0.00813976	0.00709371	0.00715147	0.00714359	0.00817461	0.00711925	0.00610575	0.00813595	0.00712323	0.00712606	0.00708667	0.0121995	0.00709155	0.0101312	0.0101347	0.0101454	0.0100736	0.00707957
Mycosphaerellaceae	0.00505694	0.00505326	0.00609849	0.00506339	0.00507007	0.00607736	0.00507625	0.00607251	0.00609626	0.0091631	0.00608927	0.00710833	0.00608063	0.00710667	0.00608624	0.00709954	0.00809807	0.00915267	0.0091535	0.00708187	0.00608118	0.00711042	0.00710754	0.00708832	0.0121877	0.0131798	0.0101372	0.0081011	0.0101174	0.00711758	0.00712229	0.00709371	0.00817311	0.00918461	0.00919644	0.00915332	0.00712338	0.00915295	0.00814084	0.0101801	0.00708667	0.00711635	0.00607847	0.00709184	0.00608081	0.00608723	0.00503682	0.00606821
Aspergillaceae	0.0151708	0.0141491	0.0162626	0.0162029	0.0162242	0.0172192	0.016244	0.0151813	0.0162567	0.0173081	0.0172529	0.0162476	0.0141881	0.0172591	0.0172444	0.0152133	0.0303678	0.0416955	0.0193241	0.0161871	0.0141894	0.0162524	0.0162458	0.0151893	0.0264067	0.0182489	0.0152057	0.0141769	0.0171995	0.0162688	0.0162795	0.0283748	0.022476	0.0295949	0.0245238	0.0264429	0.0213701	0.0264418	0.0234049	0.0234142	0.0161981	0.0172826	0.0162093	0.0162099	0.0131751	0.013189	0.00906627	0.0131478
Trichocomaceae	0.00303416	0.00303196	0.00304925	0.00303804	0.00304204	0.00303868	0.00304575	0.00303625	0.00609626	0.00305437	0.00507439	0.00304643	0.00304031	0.00304572	0.00304312	0.00405688	0.284445	0.852215	0.0264435	0.00303509	0.00202706	0.00304732	0.0142151	0.00405047	0.0172659	0.0152074	0.00405486	0.00202528	0.00303521	0.182007	0.00305241	0.240173	0.00817311	0.00714359	0.00817461	0.00508518	0.008141	0.00711896	0.00712323	0.0111981	0.00303714	0.00304987	0.00202616	0.00303936	0.00202694	0.00202908	0.00302209	0.0030341
Onygenaceae	0.00202278	0.0020213	0.00203283	0.00202536	0.00202803	0.00202579	0.00101525	0.00101208	0.00203209	0.00203625	0.00202976	0.00203095	0.00202688	0.00304572	0.00202875	0.00202844	0.00303678	0.00610178	0.00305117	0.00202339	0.00202706	0.00203155	0.00304609	0.00202523	0.00304692	0.00304149	0.00202743	0.00202528	0.00303521	0.00203359	0.00203494	0.00405355	0.00306491	0.00408205	0.00306548	0.00305111	0.00305288	0.00406798	0.00305281	0.00305403	0.00202476	0.00203324	0.00202616	0.00202624	0.00101347	0.00101454	0.00100736	0.00202274
Saccharomycetaceae	0.0151708	0.0181917	0.0142298	0.0172155	0.0172382	0.0172192	0.0131982	0.0141692	0.0172727	0.0142537	0.0152232	0.0142167	0.016215	0.0172591	0.0152156	0.0172417	0.0121471	0.0142375	0.0162729	0.0121403	0.0162165	0.0142208	0.0152304	0.0141766	0.0152346	0.0121659	0.0131783	0.0131643	0.0141643	0.0132184	0.0132271	0.013174	0.0173679	0.0173487	0.0163492	0.0193237	0.0183173	0.0193229	0.0152641	0.0162881	0.0182229	0.0172826	0.0172223	0.017223	0.0131751	0.013189	0.00906627	0.0161819
Saccharomycodaceae	0.00101139	0	0	0	0	0	0	0	0	0	0	0	0	0.00101524	0	0.00101422	0	0	0	0	0	0	0	0	0.00101564	0	0.00101372	0	0.00101174	0	0	0	0	0	0.00102183	0.00101704	0.00101763	0.00101699	0	0.00101801	0.00101238	0	0	0	0	0	0	0
Debaryomycetaceae	0.00404555	0.00404261	0.00304925	0.00303804	0.00405605	0.00405158	0.004061	0.00404834	0.00508022	0.00509061	0.00507439	0.00507738	0.00506719	0.00507619	0.00405749	0.0050711	0.00404903	0.00508481	0.00406822	0.00404678	0.00405412	0.0040631	0.00406145	0.00303785	0.0050782	0.00405531	0.00405486	0.00303791	0.00404694	0.00305039	0.00508735	0.00304016	0.00510819	0.00612307	0.00510913	0.00508518	0.00508813	0.00508497	0.00508802	0.00509004	0.00506191	0.00508311	0.00405232	0.00405248	0.00405388	0.00405815	0.00302209	0.00404547
Metschnikowiaceae	0.00101139	0.00101065	0.00101642	0.00101268	0.00101401	0.00101289	0.00101525	0.00101208	0.00101604	0.00101812	0.00101488	0.00101548	0.00101344	0.00101524	0.00101437	0.00101422	0.00101226	0.00101696	0.00101706	0.0010117	0.00101353	0.00101577	0.00101536	0.00101262	0.00101564	0.00101383	0.00101372	0.00101264	0.00101174	0.0010168	0.00101747	0.00101339	0.00102164	0.00102051	0.00102183	0.00101704	0.00101763	0.00101699	0.0010176	0.00101801	0.00101238	0.00101662	0.00101308	0.00101312	0.00101347	0.00101454	0	0.00101137
Pichiaceae	0.00202278	0.0020213	0.00203283	0.00202536	0.00304204	0.00202579	0.0020305	0.00202417	0.00304813	0.00203625	0.00202976	0.00304643	0.00202688	0.00304572	0.00202875	0.00304266	0.00202452	0.00305089	0.00305117	0.00202339	0.00202706	0.00203155	0.00304609	0.00202523	0.00304692	0.00202766	0.00202743	0.00202528	0.00202347	0.00203359	0.00305241	0.00202677	0.00306491	0.00306154	0.00306548	0.00305111	0.00305288	0.00305098	0.00305281	0.00305403	0.00303714	0.00304987	0.00303924	0.00303936	0.00202694	0.00202908	0.00201473	0.0030341
Trichomonascaceae	0.00101139	0.00101065	0.00101642	0.00101268	0.00101401	0.00101289	0.00101525	0.00101208	0.00101604	0.00101812	0.00101488	0.00101548	0	0.00101524	0.00101437	0.00101422	0.00101226	0.00101696	0.00101706	0.0010117	0.00101353	0.00101577	0.00101536	0	0.00101564	0.00101383	0.00101372	0.00101264	0.00101174	0.0010168	0.00101747	0.00101339	0.00102164	0.00102051	0.00102183	0.00101704	0.00101763	0.00101699	0.0010176	0.00101801	0.00101238	0.00101662	0.00101308	0.00101312	0.00101347	0.00101454	0	0.00101137
Schizosaccharomycetaceae	0.00101139	0.00101065	0.00101642	0	0.00101401	0.00101289	0.00101525	0.00101208	0.00101604	0.00101812	0.00101488	0.00101548	0.00101344	0.00101524	0.00101437	0.00101422	0.00101226	0.00101696	0.00101706	0.0010117	0.00101353	0.00101577	0.00101536	0.00101262	0.00101564	0.00101383	0.00101372	0.00101264	0.00101174	0.0010168	0.00101747	0.00101339	0.00102164	0.00102051	0.00102183	0.00101704	0.00101763	0.00101699	0.0010176	0.00101801	0.00101238	0.00101662	0	0	0	0.00101454	0	0.00101137
Trichosporonaceae	0.0141594	0.0141491	0.0132134	0.0151902	0.0152102	0.0172192	0.0131982	0.0131571	0.0142246	0.0122175	0.0121785	0.0142167	0.0141881	0.0142133	0.0131869	0.0121706	0.0111348	0.0122036	0.0132217	0.0111286	0.0121624	0.0111735	0.0121843	0.0111388	0.0132033	0.0101383	0.0121646	0.011139	0.0101174	0.0111848	0.0111922	0.0121606	0.0143029	0.0153077	0.0132837	0.0132215	0.016282	0.0142379	0.0132289	0.0132341	0.0161981	0.0152493	0.0151962	0.0141837	0.0111482	0.0121745	0.00805891	0.0121364
Cryptococcaceae	0.00910249	0.00808522	0.00914774	0.00911411	0.0101401	0.00911605	0.00913724	0.00809667	0.0101604	0.0101812	0.0091339	0.0121857	0.0101344	0.0121829	0.0101437	0.0101422	0.00911033	0.0111866	0.0122047	0.00809356	0.00912178	0.00914197	0.00913826	0.00810094	0.0121877	0.00912446	0.0101372	0.00708846	0.00809389	0.00813438	0.00915723	0.00912048	0.011238	0.0122461	0.0112401	0.0111874	0.0122115	0.0111869	0.010176	0.0111981	0.0111362	0.0111828	0.0101308	0.0101312	0.00912122	0.00913085	0.00604418	0.00910231
Strophariaceae	0.00202278	0.0020213	0.00101642	0.00202536	0.00202803	0.00101289	0.0020305	0.00202417	0.00203209	0.00203625	0.00101488	0.00203095	0.00101344	0.00203048	0.00101437	0.00101422	0.00202452	0.00203393	0.00305117	0.0010117	0.00101353	0.00101577	0.00710754	0.00101262	0.00203128	0.00101383	0.00101372	0.00101264	0.00101174	0.00203359	0.00101747	0.00101339	0.00408655	0.00204102	0.00306548	0.00406814	0.0101763	0.00203399	0.00407042	0.00509004	0.00202476	0.00304987	0.00202616	0.00202624	0.00101347	0.00202908	0.00100736	0.00101137
Marasmiaceae	0.00101139	0.00101065	0.00101642	0.00101268	0.00101401	0.00101289	0.00101525	0.00101208	0.00101604	0.00101812	0.00101488	0.00101548	0.00101344	0.00101524	0.00101437	0.00101422	0.00101226	0.00101696	0.00203411	0.0010117	0.00101353	0.00101577	0.00304609	0.00101262	0.00101564	0.00101383	0.00101372	0.00101264	0.00101174	0.0010168	0.00101747	0.00101339	0.00204328	0.00204102	0.00204365	0.00203407	0.0040705	0.00203399	0.00203521	0.00203602	0.00101238	0.00203324	0.00101308	0.00101312	0.00101347	0.00101454	0.00100736	0.00101137
Ceratobasidiaceae	0.00101139	0.00101065	0.00101642	0.00101268	0.00101401	0.00101289	0.00101525	0.00101208	0.00101604	0.00101812	0.00101488	0.00101548	0.00101344	0.00101524	0.00101437	0.00101422	0.00101226	0.00101696	0.00101706	0.0010117	0.00101353	0.00101577	0.00101536	0.00101262	0.00101564	0.00101383	0.00101372	0.00101264	0.00101174	0.0010168	0.00101747	0.00101339	0.00204328	0.00204102	0.00102183	0.00101704	0.00203525	0.00101699	0.0010176	0.00203602	0.00101238	0.00203324	0.00101308	0.00101312	0.00101347	0.00101454	0.00100736	0.00101137
Malasseziaceae	0.00505694	0.00505326	0.00508208	0.00607607	0.00608408	0.00607736	0.00507625	0.00506042	0.00508022	0.00509061	0.00507439	0.00507738	0.00506719	0.00507619	0.00507187	0.0050711	0.00404903	0.00508481	0.00508528	0.00404678	0.00506765	0.0040631	0.00406145	0.00405047	0.0050782	0.00405531	0.00506858	0.00405055	0.00404694	0.00406719	0.00406988	0.00405355	0.00612983	0.00612307	0.00510913	0.00610221	0.00508813	0.00610196	0.00508802	0.00610805	0.00607429	0.00609973	0.00607847	0.00607872	0.00405388	0.00405815	0.00302209	0.011125
Ustilaginaceae	0.00505694	0.00404261	0.00406566	0.00506339	0.00507007	0.00405158	0.004061	0.00404834	0.00406417	0.00407249	0.00405951	0.0040619	0.00506719	0.00507619	0.00405749	0.00405688	0.00404903	0.00406785	0.00406822	0.00404678	0.00405412	0.0040631	0.00406145	0.00405047	0.00406256	0.00405531	0.00405486	0.00303791	0.00303521	0.00406719	0.00305241	0.00405355	0.00510819	0.00510256	0.00510913	0.00508518	0.00508813	0.00508497	0.00407042	0.00509004	0.00506191	0.00508311	0.00405232	0.0050656	0.00405388	0.00405815	0.00302209	0.00404547
Pucciniaceae	0.00404555	0.00303196	0.00304925	0.00303804	0.00304204	0.00405158	0.004061	0.00303625	0.00406417	0.00407249	0.00405951	0.0040619	0.00405375	0.00406095	0.00405749	0.00405688	0.00303678	0.00406785	0.00305117	0.00303509	0.00304059	0.00304732	0.00406145	0.00303785	0.00406256	0.00304149	0.00304115	0.00303791	0.00303521	0.00305039	0.00406988	0.00304016	0.00408655	0.00408205	0.0040873	0.00406814	0.0040705	0.00406798	0.00407042	0.00509004	0.00506191	0.00508311	0.00405232	0.00405248	0.00405388	0.00405815	0.00201473	0.00404547
Glomeraceae	0.00910249	0.00404261	0.00406566	0.00607607	0.00405605	0.00607736	0.0182745	0.0141692	0.0284492	0.103849	0.0872795	0.0355417	0.0749944	0.132996	0.0405749	0.0466541	0.0303678	0.0447464	0.0264435	0.0323742	0.0770283	0.0650096	0.0629525	0.0253154	0.0325005	0.0141936	0.0101372	0.011139	0.0252934	0.0508399	0.0956422	0.0587764	0.244172	0.0969487	0.111379	0.155606	0.0753043	0.121022	0.103796	0.168989	0.0404953	0.037615	0.0202616	0.0111443	0.0445926	0.0304362	0.0191399	0.0101137
Unikaryonidae	0	0	0	0	0	0	0	0	0	0	0	0	0	0	0	0	0.00101226	0.00101696	0	0	0	0	0	0	0	0.00101383	0.00101372	0	0.00101174	0	0	0	0	0	0	0	0	0	0	0	0	0	0	0	0	0	0	0
Nosematidae	0	0	0	0	0	0	0	0	0	0	0	0	0	0	0	0	0	0	0	0	0	0	0	0	0	0	0	0	0	0	0	0	0	0	0	0	0	0	0	0	0	0	0	0	0	0	0	0
Sarcocystidae	0.00910249	0.00909587	0.00914774	0.00911411	0.0101401	0.0101289	0.00812199	0.00809667	0.0101604	0.0091631	0.0091339	0.00913928	0.00912094	0.00913715	0.00912936	0.00912797	0.00708581	0.00915267	0.00813645	0.00809356	0.00912178	0.00914197	0.0101536	0.00810094	0.00914077	0.0070968	0.00912344	0.0081011	0.00910563	0.00915118	0.00915723	0.00810709	0.0102164	0.0102051	0.0112401	0.0111874	0.0111939	0.0101699	0.010176	0.0101801	0.013161	0.0111828	0.0111439	0.0101312	0.00912122	0.00913085	0.00604418	0.0101137
Cryptosporidiidae	0.00101139	0.00101065	0.00101642	0	0.00101401	0	0.00101525	0.00101208	0.00101604	0.00101812	0.00101488	0.00101548	0	0.00101524	0.00101437	0.00101422	0.00101226	0.00101696	0.00101706	0.0010117	0.00101353	0.00101577	0.00101536	0.00101262	0.00101564	0	0.00101372	0.00101264	0.00101174	0.0010168	0.00101747	0	0.00102164	0.00102051	0.00102183	0.00101704	0.00101763	0.00101699	0.0010176	0.00101801	0.00101238	0.00101662	0	0.00101312	0	0.00101454	0	0.00101137
Plasmodiidae	0.00505694	0.00404261	0.00406566	0.00405071	0.00507007	0.00405158	0.00507625	0.00506042	0.0071123	0.00610874	0.00710415	0.00609286	0.00506719	0.00609143	0.00608624	0.00811375	0.00404903	0.00610178	0.00610234	0.00505848	0.00506765	0.00609465	0.00609217	0.00506309	0.00710949	0.00506914	0.00608229	0.00607583	0.00505868	0.00508399	0.00610482	0.00506693	0.00612983	0.00612307	0.00715278	0.00711925	0.00712338	0.00711896	0.00610563	0.00712606	0.00809905	0.00609973	0.00607847	0.0050656	0.00506735	0.00608723	0.00302209	0.00505684
Babesiidae	0.00202278	0.00101065	0.00203283	0.00101268	0.00101401	0.00202579	0.0020305	0.00101208	0.00203209	0.00203625	0.00202976	0.00203095	0.00101344	0.00203048	0.00101437	0.00202844	0.00202452	0.00203393	0.00203411	0.00202339	0.00202706	0.00203155	0.00203072	0.00202523	0.00203128	0.00101383	0.00101372	0.00202528	0.00202347	0.00203359	0.00203494	0.00101339	0.00204328	0.00204102	0.00204365	0.00203407	0.00203525	0.00101699	0.00203521	0.00203602	0.00303714	0.00101662	0.00101308	0.00101312	0.00101347	0.00101454	0.00100736	0.00202274
Theileriidae	0.00101139	0.00101065	0.00101642	0.00101268	0.00101401	0.00101289	0.00101525	0.00101208	0.00101604	0.00101812	0.00101488	0.00101548	0.00101344	0.00101524	0.00101437	0.00101422	0.00101226	0.00101696	0.00101706	0.0010117	0.00101353	0.00101577	0.00101536	0.00101262	0.00101564	0.00101383	0.00101372	0.00101264	0.00101174	0.0010168	0.00101747	0.00101339	0.00102164	0.00102051	0.00102183	0.00101704	0.00101763	0.00101699	0.0010176	0.00101801	0.00101238	0.00101662	0.00101308	0.00101312	0.00101347	0.00101454	0.00100736	0.00101137
Peronosporaceae	0.00303416	0.00303196	0.00203283	0.00202536	0.00405605	0.00303868	0.004061	0.00607251	0.00203209	0.00203625	0.00304463	0.00203095	0.00202688	0.00304572	0.00202875	0.00202844	0.0121471	0.00203393	0.00203411	0.0010117	0.00202706	0.00203155	0.00203072	0.00101262	0.00203128	0.00202766	0.00202743	0.00101264	0.00101174	0.00203359	0.00203494	0.00202677	0.00204328	0.00204102	0.00204365	0.00203407	0.00203525	0.00203399	0.00203521	0.00305403	0.00303714	0.00203324	0.00202616	0.00202624	0.00101347	0.00202908	0.00100736	0.00202274
Thalassiosiraceae	0.00101139	0.00101065	0.00101642	0.00101268	0.00101401	0.00101289	0.00101525	0.00101208	0.00101604	0.00101812	0.00101488	0.00101548	0.00101344	0.00101524	0.00101437	0.00101422	0.00101226	0.00101696	0.00101706	0.0010117	0.00202706	0.00101577	0.00101536	0.00101262	0.00101564	0.00101383	0.00101372	0.00101264	0.00101174	0.0010168	0.00101747	0.00101339	0.00102164	0.00102051	0.00102183	0.00101704	0.00101763	0.00101699	0.0010176	0.00101801	0.00101238	0.00101662	0.00101308	0.00101312	0.00101347	0.00101454	0.00100736	0.00101137
Phaeodactylaceae	0.00101139	0.00101065	0.00101642	0.00101268	0.00101401	0.00101289	0.00101525	0.00101208	0.00101604	0.00101812	0.00101488	0.00101548	0.00101344	0.00101524	0.00101437	0.00101422	0.00101226	0.00101696	0.00101706	0.0010117	0.00202706	0.00101577	0.00101536	0.00101262	0.00101564	0.00101383	0.00101372	0.00101264	0.00101174	0.0010168	0.00101747	0.00101339	0.00102164	0.00102051	0.00102183	0.00101704	0.00101763	0.00101699	0.0010176	0.00101801	0.00101238	0.00101662	0.00101308	0.00101312	0.00101347	0.00101454	0.00100736	0.00101137
Trypanosomatidae	0.0202278	0.0181917	0.0213447	0.0212663	0.0212943	0.0212708	0.0182745	0.0172054	0.0203209	0.0203625	0.0192827	0.0182786	0.0202688	0.02132	0.0182587	0.0172417	0.0151839	0.0183053	0.01729	0.0161871	0.0192571	0.0172682	0.0172612	0.0172145	0.0162503	0.0141936	0.0172332	0.0151896	0.015176	0.0172856	0.017297	0.018241	0.0214544	0.0224513	0.0214584	0.0213577	0.0223878	0.0223739	0.0213697	0.0213782	0.0242972	0.0223657	0.0233008	0.0212755	0.0182424	0.0192762	0.0130957	0.0212387
Vahlkampfiidae	0	0	0	0	0	0	0	0	0	0	0	0	0	0	0	0	0	0	0	0	0	0	0	0	0	0	0	0	0	0	0	0	0	0	0	0	0	0	0	0	0	0	0	0	0	0	0	0
Trichomonadidae	0.00101139	0.00101065	0.00101642	0.00101268	0.00101401	0.00101289	0.00101525	0.00101208	0.00101604	0.00101812	0.00101488	0.00101548	0.00101344	0.00101524	0.00101437	0.00101422	0.00101226	0.00101696	0.00101706	0.0010117	0.00101353	0.00101577	0.00101536	0.00101262	0.00101564	0.00101383	0.00101372	0.00101264	0.00101174	0.0010168	0.00101747	0.00101339	0.00102164	0.00102051	0.00102183	0.00101704	0.00101763	0.00101699	0.0010176	0.00101801	0.00101238	0.00101662	0.00101308	0.00101312	0.00101347	0.00101454	0	0.00101137
Hexamitidae	0.00101139	0.00101065	0.00101642	0.00101268	0.00101401	0.00101289	0.00101525	0.00101208	0.00101604	0.00101812	0.00101488	0.00101548	0.00101344	0.00101524	0.00101437	0.00101422	0	0.00101696	0.00101706	0.0010117	0.00101353	0.00101577	0.00101536	0.00101262	0.00101564	0.00101383	0.00101372	0	0.00101174	0.0010168	0.00101747	0.00101339	0.00102164	0.00102051	0.00102183	0.00101704	0.00101763	0.00101699	0.0010176	0.00101801	0.00101238	0.00101662	0.00101308	0.00101312	0	0.00101454	0	0.00101137
Dictyosteliaceae	0.00101139	0.00101065	0.00101642	0.00101268	0.00101401	0.00101289	0.00101525	0.00101208	0.00101604	0.00101812	0.00101488	0.00101548	0.00101344	0.00203048	0.00101437	0.00202844	0.00101226	0.00101696	0.00101706	0.0010117	0.00101353	0.00101577	0.00101536	0.00101262	0.00203128	0.00101383	0.00101372	0.00101264	0.00101174	0.0010168	0.00101747	0.00101339	0.00204328	0.00102051	0.00102183	0.00101704	0.00101763	0.00101699	0.0010176	0.00101801	0.00202476	0.00101662	0.00101308	0.00101312	0.00101347	0.00101454	0.00100736	0.00101137
Hemiselmidaceae	0	0	0	0	0	0	0	0	0	0	0	0	0	0	0	0	0	0	0	0	0	0	0	0	0	0	0	0	0	0	0	0	0	0	0	0	0	0	0	0	0	0	0	0	0	0	0	0
Geminigeraceae	0	0	0	0	0	0	0	0	0	0	0	0	0	0.00101524	0	0.00101422	0	0	0	0	0	0	0.00101536	0	0	0	0	0	0	0	0	0	0	0	0.00102183	0	0	0	0	0	0.00101238	0	0	0	0	0.00101454	0	0
Haloferacaceae	0.137549	0.133406	0.146364	0.153927	0.150074	0.154973	0.131982	0.12145	0.14123	0.126247	0.121785	0.11678	0.145935	0.141118	0.127811	0.124749	0.0992013	0.125086	0.125098	0.110275	0.131759	0.119861	0.123874	0.120501	0.11172	0.0963137	0.111509	0.105314	0.108256	0.118965	0.123114	0.11958	0.144051	0.154097	0.137947	0.149504	0.152644	0.151532	0.139412	0.147611	0.160969	0.143344	0.149936	0.146902	0.128711	0.124788	0.0836112	0.134512
Natrialbaceae	0.108219	0.103087	0.112822	0.121521	0.115598	0.12256	0.103555	0.0941238	0.108717	0.099776	0.0943837	0.0913928	0.114519	0.105585	0.100423	0.0943224	0.0759194	0.0955945	0.0956033	0.082959	0.0983125	0.0914197	0.092398	0.0911355	0.0832826	0.0750233	0.0851521	0.081011	0.0809389	0.090495	0.0946247	0.0901914	0.111359	0.12042	0.107292	0.114925	0.114992	0.11492	0.105831	0.109945	0.121486	0.108779	0.114478	0.112456	0.0983065	0.0994248	0.0644713	0.10316
Haloarculaceae	0.0849566	0.0838841	0.0904609	0.0962045	0.0932893	0.0962249	0.0822352	0.0748942	0.0883958	0.0773773	0.0761159	0.0720988	0.0922229	0.0862953	0.0811499	0.0780949	0.0637723	0.0772892	0.0813645	0.069807	0.0831095	0.0741516	0.0791983	0.0759463	0.0700792	0.0608297	0.0709601	0.0668341	0.0637394	0.0742262	0.0763102	0.0729639	0.0899042	0.0959282	0.0858334	0.0945843	0.0956568	0.0925465	0.0854788	0.0916208	0.098201	0.0904793	0.0911771	0.0901677	0.0780371	0.079134	0.0523829	0.0819208
Natronomonadaceae	0.049558	0.0505326	0.0528536	0.0556973	0.0557708	0.0557092	0.0477167	0.0445317	0.0528343	0.0468336	0.0446546	0.04265	0.0557391	0.0517772	0.0476756	0.0466541	0.0374536	0.0457633	0.0478016	0.0404678	0.049663	0.0446941	0.0467067	0.0435425	0.03961	0.035484	0.0415623	0.0405055	0.0404694	0.0437223	0.0468036	0.044589	0.0541468	0.0591897	0.0510913	0.057971	0.0580046	0.0549177	0.0508802	0.0549725	0.0587181	0.053881	0.0547063	0.0547085	0.047633	0.0476833	0.0312283	0.0485457
Haladaptataceae	0.031353	0.0313302	0.0345581	0.0354438	0.0334625	0.0364642	0.0304575	0.0273263	0.0314973	0.0274893	0.0274017	0.0264024	0.0314166	0.0324876	0.0304312	0.0283981	0.0222697	0.028475	0.0274605	0.0252924	0.0304059	0.0274259	0.0284301	0.0273407	0.025391	0.0223042	0.0253429	0.0232907	0.0252934	0.0274535	0.0295066	0.0273614	0.0326924	0.0357179	0.0306548	0.0325451	0.0345993	0.0325438	0.0315457	0.0325763	0.0354333	0.0325319	0.0334316	0.033433	0.0293906	0.0284071	0.0191399	0.0313524
Halobacteriaceae	0.0293303	0.0272876	0.029476	0.0324057	0.0304204	0.0313997	0.0263965	0.02429	0.0294653	0.0264712	0.0243571	0.0233559	0.0304031	0.0304572	0.0263737	0.0253555	0.0202452	0.0244071	0.0274605	0.0222573	0.0273653	0.0243786	0.0233533	0.0232902	0.0223441	0.0192627	0.0223017	0.0212654	0.0212465	0.0244031	0.0254367	0.0243213	0.0296275	0.0316359	0.0306548	0.0315281	0.032564	0.0305098	0.0284929	0.0305403	0.0323962	0.029482	0.0324185	0.0314067	0.0263502	0.0243489	0.0171252	0.0273069
Halococcaceae	0.0121367	0.0111172	0.012197	0.0131648	0.0131822	0.0131676	0.0111677	0.0101208	0.0121925	0.0101812	0.0101488	0.0101548	0.0121613	0.0111676	0.0111581	0.0101422	0.00809807	0.0111866	0.0101706	0.00910526	0.0111488	0.0101577	0.0101536	0.0101262	0.0101564	0.00811063	0.00912344	0.00911374	0.00910563	0.010168	0.0101747	0.0101339	0.0122597	0.0132667	0.0112401	0.0132215	0.0132291	0.0132209	0.0122113	0.0122161	0.013161	0.0121995	0.01317	0.0121574	0.0101347	0.0111599	0.00705155	0.011125
Natronoarchaeaceae	0.00505694	0.00505326	0.00609849	0.00607607	0.00507007	0.00607736	0.00507625	0.00404834	0.00508022	0.00509061	0.00405951	0.0040619	0.00506719	0.00406095	0.00507187	0.00405688	0.00404903	0.00508481	0.00406822	0.00404678	0.00506765	0.0040631	0.00406145	0.00405047	0.00406256	0.00304149	0.00405486	0.00405055	0.00404694	0.00406719	0.00406988	0.00405355	0.00510819	0.00612307	0.00510913	0.00610221	0.00610575	0.00610196	0.00508802	0.00610805	0.00607429	0.00508311	0.00506539	0.00607872	0.00506735	0.00507269	0.00302209	0.00505684
Halalkalicoccaceae	0.00303416	0.0020213	0.00304925	0.00303804	0.00304204	0.00303868	0.0020305	0.00202417	0.00304813	0.00203625	0.00202976	0.00203095	0.00304031	0.00304572	0.00304312	0.00202844	0.00202452	0.00305089	0.00203411	0.00202339	0.00202706	0.00203155	0.00203072	0.00202523	0.00203128	0.00202766	0.00202743	0.00202528	0.00202347	0.00203359	0.00305241	0.00202677	0.00306491	0.00306154	0.00204365	0.00305111	0.00305288	0.00305098	0.00305281	0.00305403	0.00303714	0.00304987	0.00303924	0.00303936	0.00202694	0.00304362	0.00201473	0.00202274
Halorubellaceae	0.00202278	0.00101065	0.00203283	0.00202536	0.00202803	0.00202579	0.0020305	0.00202417	0.00203209	0.00101812	0.00202976	0.00101548	0.00202688	0.00203048	0.00202875	0.00202844	0.00101226	0.00101696	0.00101706	0.0010117	0.00202706	0.00101577	0.00203072	0.00202523	0.00101564	0.00101383	0.00101372	0.00101264	0.00101174	0.0010168	0.00203494	0.00101339	0.00204328	0.00204102	0.00102183	0.00203407	0.00203525	0.00203399	0.00203521	0.00203602	0.00202476	0.00203324	0.00202616	0.00202624	0.00202694	0.00202908	0.00100736	0.00202274
Methanomicrobiaceae	0.00707972	0.00707457	0.00711491	0.00810143	0.00811211	0.00810315	0.00710674	0.00607251	0.0071123	0.00712686	0.00608927	0.00609286	0.00810751	0.00609143	0.00608624	0.00608532	0.00506129	0.00610178	0.00711939	0.00505848	0.00709471	0.00609465	0.00609217	0.0060757	0.0050782	0.00506914	0.00608229	0.00506319	0.00505868	0.00610078	0.00712229	0.00608032	0.00715147	0.0081641	0.00715278	0.00711925	0.008141	0.00813595	0.00712323	0.00712606	0.00809905	0.00711635	0.00810463	0.00810496	0.00608081	0.00608723	0.00402946	0.00707957
Methanoregulaceae	0.00202278	0.0020213	0.00203283	0.00202536	0.00202803	0.00202579	0.0020305	0.00101208	0.00203209	0.00203625	0.00202976	0.00101548	0.00202688	0.00203048	0.00202875	0.00202844	0.00101226	0.00203393	0.00203411	0.0010117	0.00202706	0.00203155	0.00203072	0.00101262	0.00203128	0.00101383	0.00101372	0.00101264	0.00101174	0.00203359	0.00203494	0.00202677	0.00204328	0.00204102	0.00204365	0.00101704	0.00203525	0.00203399	0.00203521	0.00203602	0.00202476	0.00203324	0.00202616	0.00202624	0.00202694	0.00202908	0.00100736	0.00202274
Methanospirillaceae	0	0	0	0	0	0	0	0	0	0	0	0	0	0	0	0	0	0	0	0	0	0	0	0	0	0	0	0	0	0	0	0	0	0	0	0	0	0	0	0	0	0	0	0	0	0	0	0
Methanocorpusculaceae	0	0	0	0	0	0	0	0	0	0	0	0	0	0	0	0	0	0	0	0	0	0	0	0	0	0	0	0	0	0	0	0	0	0	0	0	0	0	0	0	0	0	0	0	0	0	0	0
Methanosarcinaceae	0.00404555	0.00303196	0.00304925	0.00303804	0.00405605	0.00405158	0.00304575	0.00303625	0.00304813	0.00305437	0.00304463	0.00304643	0.00202688	0.00304572	0.00304312	0.00202844	0.00202452	0.00305089	0.00203411	0.00202339	0.00304059	0.00203155	0.00304609	0.00202523	0.00203128	0.00202766	0.00202743	0.00202528	0.00202347	0.00305039	0.00305241	0.00202677	0.00306491	0.00306154	0.00306548	0.00305111	0.00203525	0.00305098	0.00305281	0.00305403	0.00404953	0.00406649	0.00405232	0.00405248	0.00304041	0.00304362	0.00201473	0.00404547
Methanocellaceae	0.00303416	0.00303196	0.00304925	0.00303804	0.00304204	0.00303868	0.0020305	0.00202417	0.00203209	0.00203625	0.00202976	0.00203095	0.00202688	0.00304572	0.00202875	0.00202844	0.00101226	0.00203393	0.00203411	0.00202339	0.00202706	0.00203155	0.00203072	0.00202523	0.00203128	0.00101383	0.00202743	0.00202528	0.00202347	0.00203359	0.00203494	0.00202677	0.00204328	0.00306154	0.00306548	0.00305111	0.00305288	0.00203399	0.00203521	0.00203602	0.00303714	0.00304987	0.00303924	0.00303936	0.00202694	0.00202908	0.00201473	0.00202274
Methanotrichaceae	0.00101139	0.00101065	0.00101642	0.00101268	0.00101401	0.00101289	0.00101525	0.00101208	0.00101604	0.00101812	0.00101488	0.00101548	0.00101344	0.00101524	0.00101437	0.00101422	0.00101226	0.00101696	0.00101706	0.0010117	0.00101353	0.00101577	0.00101536	0.00101262	0.00101564	0.00101383	0.00101372	0.00101264	0.00101174	0.0010168	0.00101747	0.00101339	0.00102164	0.00102051	0.00102183	0.00101704	0.00101763	0.00101699	0.0010176	0.00101801	0.00101238	0.00101662	0.00101308	0.00101312	0.00101347	0.00101454	0.00100736	0.00101137
Thermococcaceae	0.00404555	0.00404261	0.00406566	0.00506339	0.00405605	0.00405158	0.004061	0.00404834	0.00406417	0.00407249	0.00405951	0.00304643	0.00405375	0.00507619	0.00405749	0.00304266	0.00303678	0.00406785	0.00406822	0.00303509	0.00304059	0.0040631	0.00304609	0.00303785	0.00304692	0.00304149	0.00304115	0.00303791	0.00303521	0.00305039	0.00305241	0.00304016	0.00408655	0.00510256	0.0040873	0.00406814	0.0040705	0.00406798	0.00407042	0.00407203	0.00506191	0.00508311	0.00506539	0.00405248	0.00405388	0.00405815	0.00302209	0.00404547
Methanobacteriaceae	0.00202278	0.0020213	0.00203283	0.00202536	0.00304204	0.00202579	0.00304575	0.00303625	0.00101604	0.00101812	0.00101488	0.00101548	0.00101344	0.00101524	0.00101437	0.00202844	0.00101226	0.00203393	0.00101706	0.0010117	0.00101353	0.00101577	0.00101536	0.00101262	0.00101564	0.00101383	0.00101372	0.00101264	0.00101174	0.0010168	0.00203494	0.00101339	0.00204328	0.00204102	0.00306548	0.00203407	0.00305288	0.00203399	0.00305281	0.00305403	0.00202476	0.00304987	0.00101308	0.00202624	0.00506735	0.00202908	0.00100736	0.0030341
Methanopyraceae	0	0	0	0.00101268	0	0	0	0	0.00101604	0	0	0	0	0	0	0	0	0	0	0	0	0	0.00101536	0	0	0	0	0	0	0	0	0	0.00102164	0.00102051	0	0.00101704	0	0.00101699	0	0.00101801	0.00101238	0	0.00101308	0.00101312	0	0.00101454	0	0
Methanococcaceae	0	0	0	0	0	0	0	0	0	0	0	0	0	0	0	0	0	0	0	0	0	0	0	0	0	0	0	0	0	0	0	0	0	0	0	0	0	0	0	0	0	0	0	0	0	0	0	0
Methanocaldococcaceae	0	0	0	0	0	0	0	0	0	0	0	0	0	0	0	0	0	0	0	0	0	0	0	0	0	0	0	0	0	0	0	0	0	0	0	0	0	0	0	0	0	0	0	0	0	0	0	0
Archaeoglobaceae	0	0	0	0.00101268	0.00101401	0.00101289	0	0	0	0	0	0	0	0	0	0	0	0	0	0	0	0	0	0	0	0	0	0	0	0	0	0	0.00102164	0.00102051	0	0	0	0	0	0	0.00101238	0	0.00101308	0.00101312	0	0	0	0.00101137
Methanomethylophilaceae	0	0	0	0	0	0	0	0	0	0	0	0	0	0	0	0	0	0	0	0	0	0	0	0	0	0	0	0	0	0	0	0	0	0	0	0	0	0	0	0	0	0	0	0	0	0	0	0
Ferroplasmaceae	0	0	0	0	0	0	0	0	0	0	0	0	0	0	0	0	0	0	0	0	0	0	0	0	0	0	0	0	0	0	0	0	0	0	0	0	0	0	0	0	0	0	0	0	0	0	0	0
Nitrososphaeraceae	0.0384328	0.0161704	0.0467551	0.0374691	0.0577988	0.0324126	0.0263965	0.0273263	0.0436899	0.00814498	0.0202976	0.00507738	0.0425644	0.00812191	0.0872361	0.0141991	0.00708581	0.0162714	0.0152558	0.0283275	0.230071	0.0111735	0.022338	0.00911355	0.0304692	0.0070968	0.00912344	0.0870868	0.0667746	0.0477895	0.017297	0.0141874	0.0132813	0.00612307	0.0745933	0.129163	0.0132291	0.0162719	0.0508802	0.0427564	0.00404953	0.00304987	0.00101308	0.00202624	0.0131751	0.00405815	0.00100736	0.00202274
Nitrosopumilaceae	0.00101139	0.00101065	0.00101642	0.00101268	0.00202803	0.00101289	0.00101525	0.00101208	0.00101604	0.00101812	0.00101488	0.00101548	0.00202688	0.00203048	0.00101437	0.00202844	0.00202452	0.00508481	0.00305117	0.00202339	0.00202706	0.00304732	0.00304609	0.00202523	0.00406256	0.00101383	0.00202743	0.00202528	0.00101174	0.00305039	0.00305241	0.00304016	0.00102164	0.00204102	0.00102183	0.00101704	0.00101763	0.00101699	0	0	0	0	0.00101308	0.00101312	0.00101347	0	0	0
Nitrosotaleaceae	0	0	0	0	0	0	0	0	0	0	0	0	0	0	0	0	0	0.00101696	0	0	0	0	0	0	0	0	0	0	0	0	0	0	0	0	0	0	0	0	0	0	0	0	0	0	0	0	0	0
Conexivisphaeraceae	0.00101139	0	0.00101642	0.00101268	0	0.00101289	0.00101525	0.00101208	0.00101604	0.00101812	0.00101488	0.00101548	0.00101344	0	0.00101437	0.00101422	0.00101226	0	0	0.0010117	0.00101353	0.00101577	0	0	0	0	0.00101372	0	0.00101174	0	0	0	0.00102164	0.00102051	0.00102183	0.00101704	0.00101763	0.00101699	0.0010176	0	0.00101238	0.00101662	0.00101308	0.00101312	0.00101347	0	0	0.00101137
Thermoproteaceae	0.00202278	0.00101065	0.00203283	0.00202536	0.00202803	0.00202579	0.00101525	0.00101208	0.00203209	0.00101812	0.00101488	0.00101548	0.00101344	0.00203048	0.00101437	0.00202844	0.00101226	0.00101696	0.00101706	0.0010117	0.00101353	0.00101577	0.00101536	0.00101262	0.00101564	0.00101383	0.00101372	0.00101264	0.00101174	0.0010168	0.00101747	0.00202677	0.00204328	0.00102051	0.00102183	0.00203407	0.00203525	0.00203399	0.00203521	0.00203602	0.00202476	0.00203324	0.00202616	0.00202624	0.00101347	0.00101454	0.00100736	0.00101137
Desulfurococcaceae	0.00101139	0.00101065	0.00101642	0.00101268	0.00101401	0.00101289	0.00101525	0.00101208	0.00101604	0.00101812	0.00101488	0.00101548	0.00101344	0.00101524	0.00101437	0.00101422	0	0.00101696	0.00101706	0.0010117	0.00101353	0.00101577	0.00101536	0.00101262	0.00101564	0	0.00101372	0.00101264	0.00101174	0.0010168	0.00101747	0.00101339	0.00102164	0.00102051	0.00102183	0.00101704	0.00101763	0.00101699	0.0010176	0.00101801	0.00101238	0.00101662	0.00101308	0.00101312	0.00101347	0.00101454	0	0.00101137
Pyrodictiaceae	0	0.00101065	0.00101642	0.00101268	0.00101401	0.00101289	0.00101525	0	0	0.00101812	0.00101488	0.00101548	0.00101344	0.00101524	0.00101437	0.00101422	0	0.00101696	0	0	0	0	0	0.00101262	0	0	0	0	0	0.0010168	0.00101747	0.00101339	0.00102164	0.00102051	0.00102183	0.00101704	0.00101763	0.00101699	0.0010176	0.00101801	0.00101238	0.00101662	0.00101308	0.00101312	0.00101347	0.00101454	0	0.00101137
Sulfolobaceae	0.00101139	0.00101065	0.00101642	0.00101268	0.00101401	0.00101289	0.00101525	0.00101208	0.00101604	0.00101812	0.00101488	0.00101548	0.00101344	0.00101524	0.00101437	0.00101422	0.00101226	0.00101696	0.00101706	0.0010117	0.00101353	0.00101577	0.00101536	0.00101262	0.00101564	0.00101383	0.00101372	0.00101264	0.00101174	0.0010168	0.00101747	0.00101339	0.00102164	0.00102051	0.00102183	0.00101704	0.00101763	0.00101699	0.0010176	0.00101801	0.00101238	0.00101662	0.00101308	0.00101312	0.00101347	0.00101454	0.00100736	0.00101137
Thermofilaceae	0	0	0	0	0	0.00101289	0	0	0	0	0	0	0	0.00101524	0	0	0	0	0	0	0	0	0	0	0	0	0	0	0	0	0	0	0.00102164	0.00102051	0	0	0	0	0	0	0.00101238	0	0.00101308	0.00101312	0	0	0	0
Acidilobaceae	0	0	0	0	0	0	0	0	0	0	0	0	0	0	0	0	0	0	0	0	0	0	0	0	0	0	0	0	0	0	0	0	0	0	0	0	0	0	0	0	0	0	0	0	0	0	0	0
Promethearchaeaceae	0	0	0	0	0.00304204	0	0	0	0.00304813	0	0.00304463	0	0.00304031	0.00406095	0.00304312	0	0.00607355	0.00203393	0.00508528	0	0.00506765	0	0	0	0.00609385	0	0.00506858	0	0.00404694	0.00610078	0	0.00709371	0.00204328	0.00306154	0	0.00305111	0.00203525	0	0.00203521	0	0.00202476	0.00406649	0	0.00303936	0.00202694	0.00304362	0	0
Stanwilliamsviridae	0.00101139	0.00303196	0	0.00101268	0.00101401	0	0.0020305	0.00202417	0	0	0.00101488	0	0	0	0.00101437	0	0.00101226	0.00101696	0.00101706	0.0010117	0	0	0	0	0	0.00101383	0	0	0	0	0	0.00101339	0.00408655	0	0	0.00203407	0	0.00101699	0.00203521	0	0	0.00101662	0.00101308	0	0	0.00101454	0	0
Jeanschmidtviridae	0.00101139	0.00101065	0.00304925	0.00101268	0.00304204	0.00303868	0.00101525	0.00101208	0.00101604	0.00203625	0.00101488	0.00203095	0.00202688	0.00203048	0.00101437	0.00101422	0.00101226	0.00203393	0.00101706	0.0010117	0.00101353	0.00203155	0.00101536	0.00101262	0.00101564	0.00101383	0.00202743	0.00101264	0.00202347	0.0010168	0.00203494	0.00101339	0.00204328	0.00102051	0.00102183	0.00203407	0.00101763	0.00203399	0.0010176	0.00101801	0.00303714	0.00101662	0.00101308	0.00202624	0.00101347	0.00101454	0.00100736	0.00101137
Stackebrandtviridae	0.00202278	0.0020213	0.00101642	0.00303804	0.00202803	0.00101289	0.00101525	0.00101208	0.00101604	0.00101812	0.00101488	0.00101548	0.00202688	0.00101524	0.00101437	0.00304266	0	0.00203393	0.00101706	0.0010117	0.00101353	0.00203155	0.00101536	0.00202523	0.00101564	0.00101383	0.00101372	0.00202528	0.00101174	0.00203359	0.00101747	0.00101339	0.00102164	0.00306154	0.00102183	0.00101704	0.00101763	0.00101699	0.00305281	0.00203602	0.00101238	0.00203324	0.00303924	0.00101312	0.00202694	0.00202908	0.00100736	0.0030341
Mesyanzhinovviridae	0.00101139	0	0	0.00101268	0	0.00101289	0	0.00101208	0.00101604	0	0	0.00304643	0.00202688	0.00101524	0	0.00101422	0.00101226	0	0.00101706	0	0.00101353	0.00101577	0.00101536	0.00101262	0.00101564	0.00202766	0	0.00101264	0	0	0.00101747	0.00101339	0.00204328	0	0.00102183	0.00101704	0.00101763	0	0	0.00101801	0.00101238	0.00101662	0	0.00101312	0	0	0	0
Autotranscriptaviridae	0	0	0	0	0	0	0	0	0	0	0	0	0	0	0	0	0	0	0	0	0	0	0	0	0	0	0	0	0	0	0	0	0	0	0	0	0	0	0	0	0	0	0	0	0	0	0	0
Autonotataviridae	0	0	0	0	0	0	0	0	0	0	0	0	0	0	0	0	0	0	0	0	0	0	0	0	0	0	0	0	0	0	0	0	0	0	0	0	0	0	0	0	0	0	0	0	0	0	0	0
Kyanoviridae	0	0	0	0	0	0	0	0	0	0	0	0	0	0	0	0	0	0	0	0	0	0	0	0	0	0	0	0	0	0	0	0	0	0	0	0	0	0	0	0	0	0	0	0	0	0	0	0
Straboviridae	0	0	0	0	0	0	0	0	0	0	0	0	0	0	0	0	0	0	0	0	0	0	0	0	0	0	0	0	0	0	0	0	0	0	0	0	0	0	0	0	0	0	0	0	0	0	0	0
Ackermannviridae	0	0	0	0.00101268	0	0	0	0	0	0	0	0	0	0	0	0	0	0	0	0	0	0	0	0	0	0	0	0	0	0	0	0	0	0.00102051	0.00102183	0	0	0	0	0	0	0	0	0	0	0	0	0
Zierdtviridae	0	0.00101065	0	0	0	0.00101289	0	0	0	0	0.00101488	0.00101548	0	0.00101524	0	0	0.00101226	0.00101696	0	0	0.00101353	0	0.00101536	0	0.00101564	0	0	0.00101264	0	0	0	0.00101339	0.00102164	0	0.00102183	0.00101704	0	0.00101699	0	0	0	0.00101662	0.00101308	0.00101312	0.00101347	0	0	0.00101137
Hodgkinviridae	0.00101139	0	0.00101642	0.00101268	0.00101401	0.00101289	0.00101525	0	0.00101604	0	0	0	0	0.00203048	0	0.00101422	0	0	0	0	0.00101353	0.00101577	0	0	0	0	0	0.00101264	0	0.0010168	0.00101747	0	0	0	0	0	0.00101763	0	0	0	0	0.00101662	0	0.00101312	0	0	0.00100736	0
Casidaviridae	0.00101139	0.00101065	0	0	0	0	0.00101525	0	0.00101604	0	0	0	0	0	0.00101437	0.00101422	0.00101226	0	0	0	0	0.00101577	0	0	0.00101564	0	0.00101372	0	0	0	0	0	0	0.00102051	0.00102183	0.00101704	0	0.00101699	0.0010176	0	0	0	0.00101308	0.00101312	0	0	0.00100736	0
Chimalliviridae	0	0	0	0.00101268	0.00101401	0	0.00101525	0.00101208	0.00101604	0.00203625	0	0	0	0	0.00101437	0	0.00101226	0	0	0	0	0	0	0	0.00203128	0.00101383	0	0.00101264	0.00101174	0.0010168	0	0.00101339	0	0.00102051	0	0.00101704	0	0	0.0010176	0	0	0.00203324	0	0.00101312	0.00101347	0.00101454	0.00100736	0.00101137
Casjensviridae	0.00101139	0	0.00203283	0	0	0.00101289	0	0.00202417	0.00101604	0.00101812	0	0.00101548	0.00101344	0	0.00101437	0.00101422	0	0	0.00101706	0.0010117	0	0	0.00101536	0	0	0	0.00101372	0	0.00101174	0	0	0	0.00204328	0	0	0	0	0	0.0010176	0	0.00202476	0	0	0	0.00202694	0.00101454	0.00100736	0
Vilmaviridae	0	0	0	0.00101268	0	0.00101289	0	0	0	0	0	0	0	0.00101524	0	0.00101422	0	0.00101696	0	0	0	0	0	0	0	0	0	0.00101264	0	0.0010168	0.00101747	0	0	0.00102051	0	0.00101704	0	0	0.0010176	0.00101801	0	0.00101662	0	0.00101312	0	0.00101454	0.00100736	0
Rountreeviridae	0	0.00101065	0.00101642	0.00101268	0	0	0	0	0	0	0	0	0.00101344	0	0.00101437	0	0.00101226	0	0	0.0010117	0.00202706	0.00101577	0	0	0	0	0	0	0	0	0	0	0	0	0.00102183	0	0.00203525	0.00101699	0	0	0	0.00101662	0.00101308	0.00101312	0	0.00304362	0.00100736	0.00404547
Peduoviridae	0.0202278	0.0151598	0.0193119	0.0212663	0.00912612	0.0121547	0.012183	0	0.023369	0.0193443	0.0243571	0.0132012	0.0222956	0.0172591	0.024345	0.0202844	0.0141716	0.0183053	0.0193241	0.0202339	0.01723	0.0192997	0.022338	0.0111388	0.0172659	0.00811063	0.021288	0.0192401	0	0.010168	0.0213669	0.0172276	0.0234977	0	0.0214584	0.0254259	0.048846	0.0325438	0.0274753	0.0173061	0.0394829	0.0355818	0.0395101	0.0395117	0.0263502	0.0365234	0.0261915	0.0445002
Berryhillviridae	0.00101139	0	0	0	0.00202803	0.00101289	0	0.00101208	0.00101604	0	0.00101488	0.00101548	0	0.00101524	0.00101437	0	0	0	0	0.0010117	0.00101353	0	0	0	0	0.00101383	0	0.00101264	0.00101174	0.0010168	0.00101747	0	0	0.00102051	0.00102183	0	0	0.00101699	0.0010176	0.00101801	0	0	0	0	0.00101347	0	0	0
Schitoviridae	0.00101139	0.00101065	0	0	0.00101401	0	0.00101525	0.00101208	0	0	0	0	0.00101344	0.00101524	0	0	0.00101226	0.00101696	0.00101706	0	0	0	0.00101536	0.00101262	0	0.00202766	0	0	0	0	0	0	0	0.00102051	0.00102183	0	0	0.00101699	0	0	0	0.00101662	0.00202616	0	0	0	0	0.00101137
Orlajensenviridae	0	0.0020213	0.00101642	0	0	0	0	0	0	0	0	0	0	0	0.00101437	0	0	0	0	0	0	0	0	0	0	0	0	0	0	0	0	0.00101339	0	0	0	0	0	0	0	0.00101801	0	0	0	0.00101312	0	0	0	0
Herelleviridae	0	0.00101065	0	0	0	0	0	0.00202417	0	0.00610874	0	0	0.00101344	0	0	0.00101422	0	0	0	0	0	0	0	0	0	0	0.00101372	0.00101264	0	0.0010168	0.00101747	0	0.00102164	0.00102051	0	0	0	0.00101699	0	0.00101801	0	0	0	0	0	0	0	0
Orthoherpesviridae	0.00202278	0.0020213	0.00203283	0.00202536	0.00202803	0.00202579	0.0020305	0.00101208	0.00203209	0.00203625	0.00101488	0.00203095	0.00202688	0.00203048	0.00202875	0.00202844	0.00101226	0.00203393	0.00203411	0.0010117	0.00202706	0.00101577	0.00101536	0.00202523	0.00101564	0.00101383	0.00202743	0.00101264	0.00101174	0.0010168	0.00101747	0.00202677	0.00204328	0.00204102	0.00204365	0.00203407	0.00203525	0.00203399	0.00203521	0.00203602	0.00202476	0.00203324	0.00202616	0.00202624	0.00101347	0.00202908	0.00100736	0.00202274
Alloherpesviridae	0.00303416	0	0.00304925	0.00303804	0.00304204	0	0.00304575	0	0	0.00305437	0	0.00203095	0.00304031	0.00304572	0	0.00304266	0.00202452	0.00203393	0	0.00202339	0.00304059	0.00203155	0	0.00202523	0.00203128	0.00202766	0	0.00202528	0	0.00203359	0	0	0.00306491	0	0	0	0.00305288	0.00305098	0	0.00305403	0	0.00304987	0.00303924	0.00303936	0.00304041	0.00304362	0	0.0030341
Mimiviridae	0	0	0.00101642	0	0	0.00101289	0.00101525	0.00101208	0.00101604	0.00101812	0.00101488	0	0	0	0.00101437	0.00101422	0	0.00101696	0.00101706	0	0	0	0	0.00101262	0.00101564	0	0.00101372	0.00101264	0	0	0.00101747	0.00101339	0.00102164	0.00102051	0.00102183	0.00101704	0.00101763	0.00101699	0.0010176	0.00101801	0.00101238	0.00101662	0.00101308	0.00101312	0	0.00101454	0	0
Phycodnaviridae	0	0	0	0	0	0	0	0	0	0	0	0	0	0	0	0	0	0	0	0	0	0	0	0	0	0	0	0	0	0	0	0	0	0	0	0	0	0	0	0	0	0	0	0	0	0	0	0
Iridoviridae	0	0	0	0	0	0	0	0	0	0	0	0	0	0	0	0	0	0	0	0	0	0	0	0	0	0	0	0	0	0	0	0	0	0	0	0	0	0	0	0	0	0	0	0	0	0	0	0
Poxviridae	0	0	0.00101642	0	0.00101401	0.00101289	0	0	0.00101604	0	0	0	0.00101344	0	0.00101437	0	0	0.00101696	0	0	0	0	0	0	0	0	0	0	0	0	0	0	0.00102164	0.00102051	0.00102183	0.00101704	0.00101763	0	0.0010176	0.00101801	0.00101238	0.00101662	0	0	0	0	0	0.00101137
Adenoviridae	0	0	0	0	0	0	0	0	0	0	0	0	0	0	0	0	0	0	0	0	0	0	0	0	0	0	0	0	0	0	0	0	0	0	0.00306548	0	0	0	0	0	0	0	0	0	0	0	0	0
Baculoviridae	0	0	0.00101642	0.00101268	0.00101401	0	0.00101525	0	0	0.00101812	0	0	0	0	0.00101437	0.00101422	0	0.00101696	0	0	0	0	0	0	0.00101564	0	0.00101372	0	0	0	0	0	0.00102164	0.00102051	0.00102183	0.00101704	0.00101763	0.00101699	0.0010176	0.00101801	0.00101238	0.00101662	0.00101308	0.00101312	0.00101347	0.00101454	0.00100736	0.00101137
Candidatus Deianiraeaceae	0	0	0	0	0	0	0	0	0	0	0	0	0	0	0	0	0	0	0	0	0	0	0	0	0	0	0	0	0	0	0	0	0	0	0	0	0	0	0	0	0	0	0	0	0	0	0	0
Porticoccaceae	0	0	0	0	0	0	0	0	0	0	0	0	0	0	0	0	0	0	0	0	0	0	0	0	0	0	0	0	0	0	0	0	0	0	0	0	0	0	0	0	0	0	0	0	0	0	0	0
Ichthyobacteriaceae	0	0	0	0	0	0	0	0	0	0	0	0	0	0	0	0	0	0	0	0	0	0	0	0	0	0	0	0	0	0	0	0	0	0	0	0	0	0	0	0	0	0	0	0	0	0	0	0
Candidatus Cloacimonadaceae	0	0	0	0	0	0	0	0	0	0	0	0	0	0	0	0	0	0	0	0	0	0	0	0	0	0	0	0	0	0	0	0	0	0	0	0	0	0	0	0	0	0	0	0	0	0	0	0
Natranaerobiaceae	0	0	0	0	0	0	0	0	0	0	0	0	0	0	0	0	0	0	0	0	0	0	0	0	0	0	0	0	0	0	0	0	0	0	0	0	0	0	0	0	0	0	0	0	0	0	0	0
Hujiaoplasmataceae	0	0	0	0	0	0	0	0	0	0	0	0	0	0	0	0	0	0	0	0	0	0	0	0	0	0	0	0	0	0	0	0	0	0	0	0	0	0	0	0	0	0	0	0	0	0	0	0
Cryptomonadaceae	0	0	0	0	0	0	0	0	0	0	0	0	0	0	0	0	0	0	0	0	0	0	0	0	0	0	0	0	0	0	0	0	0	0	0	0	0	0	0	0	0	0	0	0	0	0	0	0
Thermoplasmataceae	0	0	0	0	0	0	0	0	0	0	0	0	0	0	0	0	0	0	0	0	0	0	0	0	0	0	0	0	0	0	0	0	0	0	0	0	0	0	0	0	0	0	0	0	0	0	0	0
Methanomassiliicoccaceae	0	0	0	0	0	0	0	0	0	0	0	0	0	0	0	0	0	0	0	0	0	0	0	0	0	0	0	0	0	0	0	0	0	0	0	0	0	0	0	0	0	0	0	0	0	0	0	0
Autoscriptoviridae	0	0	0	0	0	0	0	0	0	0	0	0	0	0	0	0	0	0	0	0	0	0	0	0	0	0	0	0	0	0	0	0	0	0	0	0	0	0	0	0	0	0	0	0	0	0	0	0
Graaviviridae	0	0	0	0	0	0	0	0	0	0	0	0	0	0	0	0	0	0	0	0	0	0	0	0	0	0	0	0	0	0	0	0	0	0	0	0	0	0	0	0	0	0	0	0	0	0	0	0
Hafunaviridae	0	0	0	0	0	0	0	0	0	0	0	0	0	0	0	0	0	0	0	0	0	0	0	0	0	0	0	0	0	0	0	0	0	0	0	0	0	0	0	0	0	0	0	0	0	0	0	0
Lindbergviridae	0	0.00101065	0	0	0	0.00101289	0.00101525	0	0	0	0.00202976	0.00101548	0	0	0	0	0	0	0	0	0	0	0	0	0	0	0	0	0	0	0	0	0	0	0	0	0.00101763	0	0	0.00101801	0.00101238	0	0	0.00101312	0	0	0	0
Steitzviridae	0	0	0	0	0	0	0	0	0	0	0	0	0	0	0	0	0	0	0	0	0	0	0	0	0	0	0	0	0	0	0	0	0	0	0	0	0	0	0	0	0	0	0	0	0	0	0	0
Sphaerolipoviridae	0	0	0	0	0	0	0	0	0	0	0	0	0	0	0	0	0	0	0	0	0	0	0	0	0	0	0	0	0	0	0	0	0	0	0	0	0	0	0	0	0	0	0	0	0	0	0	0
Atrimonadaceae	0	0	0	0	0	0	0	0	0	0	0	0	0	0	0	0	0	0	0	0	0	0	0	0	0	0	0	0	0	0	0	0	0	0	0	0	0	0	0	0	0	0	0	0	0	0	0	0
Autosignataviridae	0	0	0	0	0	0	0	0	0	0	0	0	0	0	0	0	0	0	0	0	0	0	0	0	0	0	0	0	0	0	0	0	0	0	0	0	0	0	0	0	0	0	0	0	0	0	0	0
Vertoviridae	0	0	0.00101642	0	0	0	0	0	0	0	0	0	0	0	0	0	0	0	0	0	0	0	0	0	0	0	0	0	0	0.0010168	0	0	0	0	0	0	0	0	0	0	0	0	0	0	0	0	0	0
Pootjesviridae	0	0	0.00101642	0	0	0	0	0	0.00101604	0	0	0	0	0	0	0.00101422	0	0.00101696	0	0	0.00101353	0	0	0	0	0	0	0	0	0	0	0	0	0	0	0	0	0	0	0	0	0	0	0	0	0	0	0
Tectiviridae	0	0	0	0	0	0	0	0	0	0	0	0	0	0	0	0	0	0	0	0	0	0	0	0	0	0	0	0	0	0	0	0	0	0	0	0	0	0	0	0	0	0	0	0	0	0	0	0
Kruegerviridae	0	0	0	0	0	0	0	0	0	0	0	0	0	0	0	0	0	0	0	0	0	0	0	0	0	0	0	0	0	0	0.00101747	0	0	0	0	0	0.00203525	0	0.0010176	0	0.00202476	0	0.00202616	0	0	0	0	0
Ascoviridae	0	0	0	0	0	0	0	0	0	0	0	0	0	0	0	0	0	0	0	0	0	0	0	0	0	0	0	0	0	0	0	0	0	0	0	0	0	0	0	0	0	0	0	0	0	0	0	0
Candidatus Korarchaeaceae	0	0	0	0	0	0	0	0	0	0	0	0	0	0	0	0	0	0	0	0	0	0	0	0	0	0	0	0	0	0	0	0	0	0	0	0	0	0	0	0	0	0	0	0	0	0	0	0
Vandenendeviridae	0	0	0	0	0	0	0	0	0	0	0	0	0	0	0	0	0	0	0	0	0	0	0	0	0	0	0	0	0	0	0	0	0	0	0	0	0	0.00101699	0	0	0	0	0	0	0	0	0	0
Colingsworthviridae	0	0	0	0	0	0	0	0	0	0	0	0	0	0	0	0	0	0	0	0	0	0	0	0	0	0	0	0	0	0	0	0	0	0	0	0	0	0	0	0	0	0	0	0	0	0	0	0
Marseilleviridae	0	0	0	0	0	0	0	0	0	0	0	0	0	0	0	0	0	0	0	0	0	0	0	0	0	0	0	0	0	0	0	0	0	0	0	0	0	0	0	0	0	0	0	0	0	0	0	0
Picrophilaceae	0	0	0	0	0	0	0	0	0	0	0	0	0	0	0	0	0	0	0	0	0	0	0	0	0	0	0	0	0	0	0	0	0	0	0	0	0	0	0	0	0	0	0	0	0	0	0	0
Sarkviridae	0	0	0	0	0	0	0	0	0	0	0	0	0	0	0	0	0.00101226	0	0	0	0	0	0	0	0	0	0	0	0	0	0	0	0	0	0	0	0	0	0	0	0	0.00101662	0	0	0	0	0	0.00101137
Parvoviridae	0	0	0	0	0	0	0	0	0	0	0	0	0	0	0	0	0	0	0	0	0	0	0	0	0	0	0	0	0	0	0	0	0	0	0	0	0	0	0	0	0	0	0	0	0	0	0	0
Caldisphaeraceae	0	0	0	0	0	0	0	0	0	0	0	0	0	0	0	0	0	0	0	0	0	0	0	0	0	0	0	0	0	0	0	0	0	0	0	0	0	0	0	0	0	0	0	0	0	0	0	0
Schizomimiviridae	0	0	0	0	0	0	0	0	0	0	0	0	0	0	0	0	0	0	0	0	0	0	0	0	0	0	0	0	0	0	0	0	0	0	0	0	0	0	0	0	0	0	0	0	0	0	0	0
Chaseviridae	0	0	0	0	0	0	0	0.00101208	0	0	0	0	0	0	0	0	0	0	0	0	0	0	0	0	0	0	0	0	0	0	0	0	0	0	0	0	0	0	0	0	0	0	0	0	0	0.00101454	0	0
Candidatus Hepatoplasmataceae	0	0	0	0	0	0	0	0	0	0	0	0.00913928	0	0	0.00101437	0	0	0	0	0	0	0	0	0	0	0	0	0	0	0	0	0	0	0	0	0	0	0	0	0	0	0	0	0	0	0	0	0
Candidatus Criblamydiaceae	0	0	0	0	0	0	0	0	0	0	0	0	0	0	0	0	0	0	0	0	0	0	0	0	0	0	0	0	0	0	0	0	0	0	0	0	0	0	0	0	0	0	0	0	0	0	0	0
Intestiviridae	0	0	0	0	0	0	0	0	0	0	0	0	0	0	0	0	0	0	0	0	0	0	0	0	0	0	0	0	0	0	0	0	0	0	0	0	0	0	0	0	0	0	0	0	0	0	0	0
Suoliviridae	0	0	0	0	0	0	0	0	0	0	0	0	0	0	0	0	0	0	0	0	0	0	0	0	0	0	0	0	0	0	0	0	0	0	0	0	0	0	0	0	0	0	0	0	0	0	0	0
Druskaviridae	0	0	0	0	0	0	0	0	0	0	0	0	0	0	0	0	0	0	0	0	0	0	0	0	0	0	0	0	0	0	0	0	0	0	0	0	0	0	0	0	0	0	0	0	0	0	0	0
Saparoviridae	0	0	0	0	0	0	0	0	0	0	0	0.00101548	0	0	0	0	0	0	0	0	0	0	0	0	0	0	0	0	0	0	0	0	0.00102164	0	0	0	0	0	0	0	0	0	0	0	0	0	0	0
Methanonatronarchaeaceae	0	0	0	0	0	0	0	0	0	0	0	0	0	0	0	0	0	0	0	0	0	0	0	0	0	0	0	0	0	0	0	0	0	0	0	0	0	0	0	0	0	0	0	0	0	0	0	0
Candidatus Nitrosocaldaceae	0	0	0	0	0	0	0	0	0	0	0	0	0	0	0	0	0	0	0.00101706	0	0	0	0.00101536	0.00101262	0.00101564	0	0	0	0	0.0010168	0.00101747	0.00101339	0	0	0	0	0	0	0	0	0	0	0	0	0	0	0	0
Drexlerviridae	0	0	0	0	0	0	0	0	0	0	0	0	0	0	0	0.00101422	0	0	0.00101706	0	0	0	0	0	0	0	0	0	0	0	0	0	0.00102164	0	0	0	0	0	0	0	0	0	0	0	0	0	0	0
Nanobdellaceae	0	0	0	0	0	0	0	0	0	0	0	0	0	0	0	0	0	0	0	0	0	0	0	0	0	0	0	0	0	0	0	0	0	0	0	0	0	0	0	0	0	0	0	0	0	0	0	0
Demerecviridae	0	0	0	0	0	0	0	0	0	0	0	0	0	0	0	0	0.00101226	0	0	0	0	0.00101577	0	0	0	0	0	0	0	0	0	0	0	0	0	0	0	0	0	0	0	0	0	0	0	0	0	0
Thermatribacteraceae	0	0	0	0	0	0	0	0	0	0	0	0	0	0	0	0	0	0	0	0	0	0	0	0	0	0	0	0	0	0	0	0	0	0	0	0	0	0	0	0	0	0	0	0	0	0	0	0
Orpheoviridae	0	0	0	0	0	0	0	0	0	0	0	0	0	0	0	0	0	0	0	0	0	0	0	0	0	0	0	0	0	0	0	0	0	0	0	0	0	0	0	0	0	0	0	0	0	0	0	0
Flaviviridae	0	0	0	0	0	0	0	0	0	0	0	0	0	0	0	0	0	0	0	0	0	0	0	0	0	0	0	0	0	0	0	0	0	0	0	0	0	0	0	0	0	0	0	0	0	0	0	0
Matonaviridae	0	0	0	0	0	0	0	0	0	0	0	0	0	0	0	0	0	0	0	0	0	0	0	0	0	0	0	0	0	0	0	0	0	0	0	0	0	0	0	0	0	0	0	0	0	0	0	0
Nudiviridae	0	0	0	0	0	0	0	0	0	0	0	0	0	0	0	0	0	0	0	0	0	0	0	0	0	0	0	0	0	0	0	0	0	0	0	0	0	0	0	0	0	0	0	0	0	0	0	0
Allomimiviridae	0	0	0	0	0	0	0	0	0	0	0	0	0	0	0	0	0	0	0	0	0	0	0	0	0	0	0	0	0	0	0	0	0	0	0	0	0	0	0	0	0	0	0	0	0	0	0	0
Simuloviridae	0	0	0	0	0	0	0	0	0	0	0	0	0	0	0	0	0	0	0	0	0	0	0	0	0	0	0	0	0	0	0	0	0	0	0	0	0	0	0	0	0	0	0	0	0	0	0	0
Paramyxoviridae	0	0	0	0	0	0	0	0	0	0	0	0	0	0	0	0	0	0	0	0	0	0	0	0	0	0	0	0	0	0	0	0	0	0	0	0	0	0	0	0	0	0	0	0	0	0	0	0
Steigviridae	0	0	0	0	0	0	0	0	0	0	0	0	0	0	0	0	0	0	0	0	0	0	0	0	0	0	0	0	0	0	0	0	0	0	0	0	0	0	0	0	0	0	0	0	0	0	0	0
Geminiviridae	0	0	0	0	0	0	0	0	0	0	0	0	0	0	0	0	0	0	0	0	0	0	0	0	0	0	0	0	0	0	0	0	0	0	0	0	0	0	0	0	0	0	0	0	0	0	0	0
Fervidicoccaceae	0	0	0	0	0	0	0	0	0	0	0	0	0	0	0	0	0	0	0	0	0	0	0	0	0	0	0	0	0	0	0	0	0	0	0	0	0	0	0	0	0	0	0	0	0	0	0	0
Rhabdoviridae	0	0	0	0	0	0	0	0	0	0	0	0	0	0	0	0	0	0	0	0	0	0	0	0	0	0	0	0	0	0	0	0	0	0	0	0	0	0	0	0	0	0	0	0	0	0	0	0
Cuniculiplasmataceae	0	0	0	0	0	0	0	0	0	0	0	0	0	0	0	0	0	0	0	0	0	0	0	0	0	0	0	0	0	0	0	0	0	0	0	0	0	0	0	0	0	0	0	0	0	0	0	0
Peribunyaviridae	0	0	0	0	0	0	0	0	0	0	0	0	0	0	0	0	0	0	0	0	0	0	0	0	0	0	0	0	0	0	0	0	0	0	0	0	0	0	0	0	0	0	0	0	0	0	0	0
