name	E1	E2	E3	E4	E5	E6	E7	E8	H10	H11	H12	H5	H6	H7	H8	H9	K1	K10	K11	K12	K13	K14	K15	K16	K2	K3	K4	K5	K6	K7	K8	K9	R1	R2	R3	R4	R5	R6	R7	R8	W1	W2	W3	W4	W5	W6	W7	W8
Streptomycetaceae	17.602	20.215	14.310999999999998	10.126	13.818	12.881	16.659	10.67	5.104	6.358999999999999	8.323	9.325999999999999	12.073	12.07	16.974	5.504	13.74	13.74	9.991	16.381999999999998	19.248	17.468	15.803	16.167	13.806	14.63	12.303	17.360999999999997	13.181000000000001	17.034	12.439	13.386000000000001	14.472	11.555	18.146	16.539	13.270000000000001	15.594	16.073	14.052000000000001	9.442	8.145	10.382	9.244	12.248000000000001	11.669	5.759	7.363
Nitrobacteraceae	8.7	9.666	8.863	7.031	8.042	7.516	9.815	4.114	8.036999999999999	9.089	10.647	13.064	11.538	13.200000000000001	7.287000000000001	6.981999999999999	7.863	6.409	12.558	6.895999999999999	5.607	8.203000000000001	7.029000000000001	8.009	5.335	8.845	9.962	5.527	4.934	7.208	8.301	8.329	10.321	12.818999999999999	7.4190000000000005	10.05	9.066	8.245	10.622	6.25	14.076	19.853	17.602	16.624	15.225	13.68	20.441000000000003	15.043000000000001
Rhizobiaceae	9.84	2.253	3.066	28.593000000000004	17.326	13.251	3.7150000000000003	33.767	48.259	37.774	6.603000000000001	3.2399999999999998	2.4899999999999998	1.856	9.159	38.519	1.6019999999999999	1.848	7.475999999999999	2.54	3.504	2.355	2.246	4.558	4.333	2.2849999999999997	1.711	2.0500000000000003	2.365	1.6400000000000001	2.407	1.624	2.593	1.206	1.269	1.939	12.525	7.564	2.2880000000000003	12.631999999999998	4.754	2.036	3.052	5.298	6.11	3.101	37.014	19.447
Pseudonocardiaceae	2.2720000000000002	1.5709999999999997	1.7149999999999999	1.451	1.288	1.506	1.905	1.114	3.2809999999999997	2.378	3.44	3.618	8.018	8.559999999999999	7.234999999999999	1.9	17.759	15.332	14.530999999999999	18.387999999999998	10.904	16.816	16.1	20.922	10.224	12.327	11.222	10.034	11.006	14.890999999999998	14.665000000000001	20.755000000000003	9.883000000000001	12.148	5.975	6.647	7.766000000000001	10.165000000000001	10.988000000000001	6.5409999999999995	2.056	1.974	2.223	1.999	2.0420000000000003	2.274	1.084	2.0420000000000003
Micromonosporaceae	5.4510000000000005	5.5440000000000005	8.074	5.113	4.36	5.25	5.888	5.522	3.068	3.05	4.861	8.875	7.298	8.613	6.816999999999999	2.617	8.478	4.405	6.787999999999999	10.722	9.411999999999999	6.79	8.082	6.621	6.598999999999999	9.065	7.727	12.29	8.394	7.728	5.386	9.516	7.381	7.02	10.366999999999999	6.024	9.127	10.494	8.295	6.451	3.6310000000000002	3.7969999999999997	4.715	5.222	8.041	5.427	2.9059999999999997	3.401
Lysobacteraceae	3.248	3.993	3.163	3.447	3.195	3.279	3.154	2.6519999999999997	2.4619999999999997	7.593999999999999	14.309	5.655	5.359	3.612	2.566	13.344000000000001	3.62	13.721	2.6759999999999997	2.2110000000000003	5.133	5.101	4.63	5.239	5.24	8.434999999999999	7.768	6.340999999999999	7.321999999999999	8.841000000000001	8.552	8.674	1.463	1.5599999999999998	1.817	1.635	1.238	1.304	1.67	1.34	1.831	2.696	2.495	2.1399999999999997	2.564	4.2090000000000005	1.083	1.772
Comamonadaceae	5.148	6.552	6.72	4.135	5.498	5.787	3.174	2.4490000000000003	2.16	2.648	4.811	4.208	3.7960000000000003	3.465	4.218999999999999	2.93	2.807	1.351	2.421	3.768	3.237	2.9610000000000003	3.791	2.226	3.005	2.794	4.026	2.419	3.195	2.557	2.4490000000000003	1.7819999999999998	2.891	1.7850000000000001	3.801	4.813	3.04	2.714	2.947	4.37	3.961	3.728	3.0700000000000003	3.694	3.025	5.543	1.9189999999999998	3.305
Hominidae	3.343	4.316	4.849	3.4189999999999996	5.117	5.359	5.348	7.7410000000000005	2.3	3.212	2.997	2.574	3.443	3.2870000000000004	3.4869999999999997	3.006	1.711	2.879	2.551	1.629	1.8870000000000002	2.158	1.476	2.938	2.243	2.06	2.048	1.997	2.5309999999999997	2.08	2.3810000000000002	2.161	4.952999999999999	4.4639999999999995	3.9239999999999995	4.143	2.886	3.8469999999999995	4.035	6.642	3.2689999999999997	2.6149999999999998	3.8699999999999997	2.386	4.34	2.088	2.261	2.5340000000000003
Microbacteriaceae	2.672	2.601	3.4909999999999997	2.081	2.589	3.2750000000000004	4.229	2.088	1.4569999999999999	2.1340000000000003	2.078	4.102	3.6470000000000002	3.253	3.124	1.54	3.6089999999999995	4.124	2.485	2.662	3.3160000000000003	2.275	3.193	2.08	4.7059999999999995	3.167	3.327	4.029	4.479	2.248	2.69	1.9949999999999999	2.131	2.905	2.3120000000000003	2.178	2.675	2.177	2.879	2.371	3.598	3.726	3.277	3.2640000000000002	3.433	4.362	1.994	2.654
Glomeraceae	0.516	0.372	0.155	0.40499999999999997	0.3	0.88	0.844	1.944	1.5610000000000002	1.217	2.688	2.661	2.27	2.467	1.9009999999999998	1.7409999999999999	2.986	1.636	2.398	0.91	2.373	2.932	3.5029999999999997	2.398	2.5989999999999998	2.0340000000000003	1.8929999999999998	1.2919999999999998	4.179	4.5600000000000005	9.888	2.5829999999999997	7.4319999999999995	2.012	8.834	6.13	3.045	5.253	5.0200000000000005	6.111	2.558	1.5650000000000002	1.258	0.361	2.279	0.6799999999999999	1.406	0.886
Mycobacteriaceae	1.992	1.306	1.727	1.22	1.158	1.7819999999999998	2.185	0.91	1.2109999999999999	1.226	1.786	2.236	2.283	2.611	2.568	1.061	2.844	3.055	2.1420000000000003	1.8419999999999999	2.044	2.113	1.9449999999999998	1.9060000000000001	3.025	4.035	2.852	3.361	4.419	2.02	2.801	1.933	2.025	2.6839999999999997	1.8950000000000002	2.0629999999999997	2.4170000000000003	1.6789999999999998	2.102	1.862	2.281	2.197	2.574	2.122	2.243	2.461	1.224	1.7919999999999998
Nocardioidaceae	1.917	1.298	2.166	1.488	1.3639999999999999	2.335	1.9009999999999998	0.9740000000000001	0.661	0.804	0.861	1.466	1.6	1.344	1.7260000000000002	0.58	2.1839999999999997	2.129	1.192	2.137	2.596	2.254	2.311	1.728	2.7720000000000002	1.8429999999999997	2.247	3.288	3.3930000000000002	2.137	1.8800000000000001	1.2449999999999999	1.124	1.5630000000000002	1.7469999999999999	1.951	1.7510000000000001	1.346	1.791	1.859	1.8030000000000002	1.212	1.5709999999999997	1.484	1.5890000000000002	1.786	0.8920000000000001	1.093
Sphaerotilaceae	2.09	2.368	3.38	2.4	2.791	2.432	1.379	0.873	1.538	1.7690000000000001	3.589	2.708	2.394	2.145	2.486	1.856	0.8869999999999999	0.299	1.15	1.7229999999999999	0.9079999999999999	1.4829999999999999	1.307	0.8750000000000001	0.716	0.74	1.7530000000000001	0.563	0.795	1.119	1.013	0.647	2.025	0.9990000000000001	2.387	2.5260000000000002	1.997	1.889	1.763	2.343	1.7850000000000001	2.0340000000000003	1.6340000000000001	2.0420000000000003	1.274	1.176	1.3	1.672
Burkholderiaceae	1.677	1.6740000000000002	1.8689999999999998	1.521	1.6820000000000002	1.577	1.9609999999999999	1.172	1.02	1.298	3.678	2.4490000000000003	1.738	1.7229999999999999	1.422	1.019	1.006	0.8330000000000001	1.52	1.125	1.197	1.0030000000000001	1.094	0.777	1.134	0.815	1.436	0.8370000000000001	0.962	1.118	0.8710000000000001	1.9720000000000002	1.2670000000000001	3.902	1.496	1.643	1.37	1.314	1.422	1.359	4.715	2.544	2.236	2.6100000000000003	1.652	1.87	1.391	2.3970000000000002
Phyllobacteriaceae	1.4869999999999999	1.509	1.286	0.988	0.975	1.0670000000000002	1.812	0.967	0.828	1.013	1.191	1.815	2.173	1.847	1.6049999999999998	0.618	2.2720000000000002	2.717	2.315	1.652	2.287	1.882	1.783	1.6260000000000001	2.007	2.465	2.5069999999999997	2.028	1.763	1.703	1.909	2.015	1.3339999999999999	1.1159999999999999	1.013	1.807	1.106	0.764	1.384	1.135	1.222	1.381	1.093	1.205	1.1769999999999998	2.324	0.792	1.229
Pseudomonadaceae	1.5110000000000001	2.327	1.7950000000000002	1.49	1.669	1.53	1.5890000000000002	1.352	0.903	0.895	1.3679999999999999	1.817	1.546	1.4409999999999998	1.284	0.845	1.141	0.9169999999999999	1.2850000000000001	1.124	1.173	0.9939999999999999	1.341	0.8460000000000001	1.609	1.127	1.646	1.0070000000000001	1.1079999999999999	0.9560000000000001	0.9199999999999999	0.746	1.294	1.4000000000000001	1.3390000000000002	1.59	1.355	1.1809999999999998	1.239	1.098	2.005	2.383	2.197	2.448	1.755	2.144	0.976	2.118
Sphingomonadaceae	1.6099999999999999	1.603	1.7080000000000002	1.06	1.442	1.562	2.0709999999999997	0.922	0.8330000000000001	0.975	1.3639999999999999	1.517	1.923	1.8350000000000002	1.4909999999999999	0.8099999999999999	1.4200000000000002	1.209	1.481	1.569	1.485	1.387	1.468	1.2489999999999999	2.092	1.322	1.488	1.5630000000000002	1.0699999999999998	1.346	1.265	1.179	1.035	1.287	0.9530000000000001	1.2590000000000001	1.275	0.9299999999999999	1.164	0.845	1.438	1.841	1.437	1.657	1.509	1.636	0.756	1.345
Kribbellaceae	0.44	0.22799999999999998	0.295	0.22100000000000003	0.196	0.252	0.416	0.20500000000000002	0.626	0.356	1.336	0.378	0.47800000000000004	1.052	2.011	0.316	1.6019999999999999	2.481	1.432	1.94	1.2850000000000001	2.06	1.2959999999999998	1.6389999999999998	1.644	1.6969999999999998	0.571	1.6389999999999998	1.362	1.717	2.168	3.1	1.413	1.064	0.976	1.167	1.184	1.012	1.3599999999999999	0.8290000000000001	0.38999999999999996	0.271	0.35100000000000003	0.303	0.6669999999999999	0.632	0.174	0.29
Rhodanobacteraceae	0.964	1.2970000000000002	0.869	0.835	0.8240000000000001	0.681	2.19	0.9860000000000001	0.49500000000000005	0.882	1.248	2.9250000000000003	1.2109999999999999	0.964	0.9299999999999999	0.696	0.8619999999999999	3.183	1.5559999999999998	0.45599999999999996	1.197	0.49300000000000005	0.9490000000000001	0.393	1.7389999999999999	1.7229999999999999	1.703	1.562	0.5559999999999999	0.538	0.461	0.714	0.40499999999999997	0.7100000000000001	0.306	0.4	0.601	0.338	0.649	0.327	0.836	1.0619999999999998	0.7020000000000001	0.9769999999999999	0.743	0.7060000000000001	0.42100000000000004	1.0
Oxalobacteraceae	1.244	1.553	1.934	1.046	1.619	1.7489999999999999	1.057	0.72	0.612	0.683	1.577	0.936	1.135	1.0070000000000001	1.2269999999999999	0.823	0.5720000000000001	0.9939999999999999	0.8019999999999999	0.673	0.73	0.894	0.8130000000000001	0.643	1.298	0.683	0.734	0.9299999999999999	0.818	0.613	0.526	0.5930000000000001	0.703	0.661	0.6930000000000001	0.74	0.657	0.612	0.592	0.796	1.016	1.068	1.03	1.09	1.035	0.859	0.5930000000000001	0.8670000000000001
Chitinophagaceae	1.133	1.079	1.111	0.8750000000000001	1.102	0.906	1.619	0.9400000000000001	0.526	0.781	1.8270000000000002	0.966	0.987	1.474	1.105	0.865	0.7230000000000001	0.158	0.808	0.942	0.607	0.76	0.504	1.101	0.372	0.597	0.823	0.356	0.557	0.751	0.617	0.796	1.539	0.47400000000000003	1.228	1.7149999999999999	0.987	1.616	1.139	1.008	0.765	0.936	0.544	0.711	1.846	0.52	0.418	0.571
Caulobacteraceae	1.147	1.24	1.119	0.711	1.196	0.935	1.4160000000000001	0.8170000000000001	0.52	0.505	0.976	0.851	1.123	0.8580000000000001	0.931	0.608	0.759	0.5660000000000001	0.861	0.9730000000000001	0.851	1.121	0.993	0.8099999999999999	1.0170000000000001	0.782	0.755	0.915	0.905	0.7779999999999999	0.759	0.766	1.188	0.661	0.893	0.897	0.89	0.767	0.823	0.539	0.9249999999999999	1.199	0.919	1.002	0.8999999999999999	1.2510000000000001	0.47000000000000003	0.963
Nocardiaceae	0.6910000000000001	0.661	0.7270000000000001	0.587	0.5780000000000001	0.8109999999999999	1.028	0.385	0.386	0.42700000000000005	0.551	0.701	0.731	0.737	0.7020000000000001	0.35100000000000003	0.928	0.781	0.677	0.7779999999999999	0.779	0.7979999999999999	0.7270000000000001	0.746	1.013	0.681	0.774	0.776	0.9809999999999999	0.758	0.844	0.722	0.761	1.043	0.755	0.719	0.76	0.8049999999999999	0.756	0.738	1.089	0.8410000000000001	0.9900000000000001	0.8880000000000001	0.758	0.9900000000000001	0.471	0.787
Alcaligenaceae	0.773	0.8340000000000001	1.001	0.743	0.831	0.766	0.713	0.33999999999999997	0.49	0.539	0.473	0.864	0.8019999999999999	0.771	0.886	0.541	0.44799999999999995	0.377	0.6859999999999999	0.5890000000000001	0.49	0.496	0.571	0.379	1.023	0.4	0.643	0.372	0.603	0.445	0.40099999999999997	0.47000000000000003	0.652	0.61	0.772	0.8089999999999999	0.623	0.606	0.615	0.622	1.0659999999999998	1.533	0.9480000000000001	1.0699999999999998	0.63	0.737	0.528	0.856
Streptosporangiaceae	0.754	0.47800000000000004	0.5499999999999999	0.638	0.381	0.41700000000000004	0.836	0.388	0.268	0.272	0.468	0.443	0.528	0.553	0.637	0.232	0.641	0.5910000000000001	0.722	0.754	0.513	0.603	0.48700000000000004	0.694	0.614	0.9740000000000001	0.553	0.44600000000000006	0.619	0.621	0.544	0.7979999999999999	1.3419999999999999	0.8290000000000001	0.791	0.653	0.98	0.979	0.8750000000000001	1.205	0.604	0.513	0.681	0.625	0.705	1.111	0.319	0.475
Enterobacteriaceae	0.7979999999999999	0.67	0.623	0.539	0.633	0.5740000000000001	0.72	0.46299999999999997	0.394	0.395	0.43499999999999994	0.747	0.5910000000000001	0.716	0.851	0.261	0.542	0.22	0.434	0.466	0.357	0.363	0.526	0.305	0.40800000000000003	0.366	0.43	0.35100000000000003	0.346	0.583	0.322	0.211	0.618	0.722	0.581	0.742	0.48700000000000004	0.464	0.503	0.424	1.1159999999999999	1.804	1.37	1.828	0.859	1.072	0.634	1.005
Sphingobacteriaceae	0.7849999999999999	0.674	0.928	0.519	0.603	0.9329999999999999	0.897	0.505	0.252	0.43	0.612	0.771	0.501	0.659	0.659	0.388	0.44200000000000006	0.6859999999999999	0.839	0.513	0.666	0.628	0.333	0.496	0.878	0.653	0.577	0.666	0.5479999999999999	0.526	0.608	0.44799999999999995	0.634	0.33	0.398	0.594	0.45999999999999996	0.483	0.569	0.413	0.542	0.73	0.501	0.629	0.438	0.422	0.362	0.544
Devosiaceae	0.662	0.697	0.873	0.398	0.769	0.542	0.9390000000000001	0.8829999999999999	0.292	0.299	0.5349999999999999	0.599	0.509	0.385	0.559	0.255	0.631	0.48700000000000004	0.511	0.588	0.8580000000000001	0.507	0.791	0.5780000000000001	1.353	0.787	0.586	0.827	0.9860000000000001	0.48700000000000004	0.48700000000000004	0.5309999999999999	0.32	0.3	0.357	0.415	0.329	0.27599999999999997	0.395	0.242	0.359	0.46499999999999997	0.303	0.418	0.344	0.52	0.178	0.41900000000000004
Polyangiaceae	0.728	0.5780000000000001	0.765	0.719	0.747	0.652	0.719	0.337	0.386	0.35000000000000003	0.5539999999999999	0.629	0.544	0.543	0.44400000000000006	0.303	0.453	0.147	0.361	0.404	0.383	0.332	0.443	0.28300000000000003	0.33	0.259	0.502	0.329	0.377	0.416	0.312	0.22300000000000003	0.603	0.728	0.6859999999999999	0.644	0.58	0.443	0.543	0.44600000000000006	1.052	1.032	0.859	0.968	0.518	0.553	0.438	0.828
Micrococcaceae	0.567	0.701	0.643	0.47400000000000003	0.471	0.63	0.628	0.466	0.257	0.301	0.34299999999999997	0.526	0.501	0.516	0.447	0.234	0.5349999999999999	0.5459999999999999	0.40800000000000003	0.45399999999999996	0.469	0.436	0.46499999999999997	0.42900000000000005	0.575	0.394	0.486	0.567	0.585	0.43499999999999994	0.41900000000000004	0.373	0.483	0.608	0.515	0.483	0.529	0.5459999999999999	0.526	0.47400000000000003	0.756	0.6459999999999999	0.736	0.6859999999999999	0.606	0.954	0.368	0.638
Thermomonosporaceae	0.42500000000000004	0.38999999999999996	0.336	0.33	0.296	0.369	0.388	0.21	0.322	0.22699999999999998	0.424	0.347	0.714	0.608	0.44200000000000006	0.234	0.416	0.544	0.6890000000000001	0.4	0.42500000000000004	0.409	0.306	0.44400000000000006	0.544	0.35400000000000004	0.42900000000000005	0.437	0.33	0.404	0.34199999999999997	0.54	0.964	1.638	0.484	0.8210000000000001	0.654	0.786	0.868	0.6930000000000001	0.45799999999999996	0.358	0.485	0.43299999999999994	0.345	0.368	0.23600000000000002	0.331
Flavobacteriaceae	0.739	1.256	0.8059999999999999	0.534	1.127	1.202	0.791	1.485	0.28600000000000003	0.22799999999999998	0.45599999999999996	0.348	0.311	0.243	0.6	0.45999999999999996	0.25	0.29	0.267	0.25	0.549	0.255	0.496	0.336	0.532	0.414	0.295	0.515	0.522	0.23800000000000002	0.24	0.20600000000000002	0.31	0.19	0.33	0.32299999999999995	0.248	0.264	0.253	0.28300000000000003	0.358	0.296	0.22499999999999998	0.32	0.559	0.857	0.18	0.306
Promicromonosporaceae	0.344	0.27499999999999997	0.34099999999999997	0.297	0.28400000000000003	0.28700000000000003	0.383	0.126	0.159	0.173	0.16199999999999998	0.385	0.363	0.331	0.268	0.126	0.45199999999999996	0.35000000000000003	0.28200000000000003	0.639	0.347	0.609	0.445	0.582	0.47200000000000003	0.322	0.322	0.483	0.519	0.35300000000000004	0.42700000000000005	0.528	0.378	0.4	0.449	0.366	0.40099999999999997	0.42	0.38	0.316	0.47800000000000004	0.512	0.642	0.532	0.367	0.445	0.247	0.43299999999999994
Cellulomonadaceae	0.37	0.407	0.41000000000000003	0.348	0.298	0.638	0.407	0.27799999999999997	0.16	0.189	0.22200000000000003	0.328	0.318	0.326	0.304	0.159	0.41200000000000003	0.345	0.22999999999999998	0.325	0.464	0.357	0.44600000000000006	0.315	0.5499999999999999	0.304	0.40800000000000003	0.615	0.9259999999999999	0.27599999999999997	0.42700000000000005	0.212	0.301	0.348	0.36	0.333	0.40099999999999997	0.35200000000000004	0.378	0.302	0.51	0.36	0.41200000000000003	0.38899999999999996	0.481	0.505	0.22699999999999998	0.35000000000000003
Intrasporangiaceae	0.565	0.49500000000000005	0.475	0.375	0.303	0.6890000000000001	0.581	0.298	0.168	0.213	0.22100000000000003	0.346	0.35100000000000003	0.304	0.362	0.158	0.392	0.45199999999999996	0.23700000000000002	0.295	0.271	0.365	0.291	0.301	0.455	0.27699999999999997	0.27999999999999997	0.48900000000000005	0.372	0.315	0.298	0.243	0.24	0.34099999999999997	0.329	0.303	0.35300000000000004	0.307	0.31	0.392	0.49300000000000005	0.314	0.49300000000000005	0.428	0.49699999999999994	0.713	0.249	0.414
Methylobacteriaceae	0.396	0.333	0.617	0.292	0.366	0.514	0.381	0.248	0.22300000000000003	0.311	0.311	0.36	0.377	0.371	0.26	0.188	0.309	0.22300000000000003	0.28800000000000003	0.311	0.32299999999999995	0.244	0.303	0.22999999999999998	0.37	0.393	0.391	0.338	0.43	0.22599999999999998	0.246	0.218	0.258	0.445	0.34299999999999997	0.311	0.36	0.28600000000000003	0.3	0.271	0.509	0.502	0.544	0.532	0.394	0.49699999999999994	0.32	0.438
Paracoccaceae	0.357	0.361	0.36	0.298	0.32399999999999995	0.315	0.349	0.181	0.191	0.218	0.312	0.386	0.338	0.311	0.256	0.17500000000000002	0.267	0.183	0.296	0.265	0.27999999999999997	0.23700000000000002	0.28200000000000003	0.217	0.28600000000000003	0.196	0.327	0.269	0.296	0.254	0.219	0.182	0.259	0.357	0.319	0.33	0.27999999999999997	0.258	0.28500000000000003	0.251	0.538	0.555	0.503	0.562	0.336	0.45399999999999996	0.23500000000000001	0.44200000000000006
Baekduiaceae	0.15	0.10300000000000001	0.116	0.10300000000000001	0.089	0.13	0.154	0.052	0.136	0.146	0.17600000000000002	0.404	0.36	0.874	0.26	0.128	0.451	0.34299999999999997	0.529	0.218	0.392	0.242	0.308	0.253	0.28300000000000003	0.268	0.40499999999999997	0.346	0.17500000000000002	0.413	0.234	0.407	0.266	0.5559999999999999	0.231	0.268	0.506	0.252	0.43499999999999994	0.188	0.265	0.20600000000000002	0.197	0.133	0.184	0.27799999999999997	0.068	0.14400000000000002
Xanthobacteraceae	0.28800000000000003	0.334	0.28500000000000003	0.199	0.217	0.203	0.492	0.181	0.134	0.26	0.22499999999999998	0.35100000000000003	0.437	0.28400000000000003	0.161	0.127	0.2	0.14100000000000001	0.8009999999999999	0.185	0.201	0.13699999999999998	0.24	0.149	0.179	0.17600000000000002	0.295	0.157	0.187	0.159	0.152	0.125	0.168	0.3	0.193	0.213	0.192	0.183	0.211	0.14200000000000002	0.426	0.48900000000000005	0.428	0.45399999999999996	0.28700000000000003	0.5479999999999999	0.183	0.373
Nectriaceae	0.259	0.613	0.32299999999999995	0.196	0.13899999999999998	0.20500000000000002	0.22599999999999998	0.35300000000000004	0.131	0.077	0.298	0.18	0.219	0.198	0.16199999999999998	0.093	0.765	0.632	0.161	0.181	0.326	0.179	0.469	0.154	0.52	0.473	0.19	0.28800000000000003	0.22599999999999998	0.16199999999999998	0.209	0.152	0.201	0.263	0.123	0.189	0.123	0.207	0.11499999999999999	0.375	0.208	0.22200000000000003	0.402	0.187	0.482	0.217	0.181	0.179
Bacillaceae	0.211	0.335	0.416	0.27	0.27499999999999997	0.34099999999999997	0.264	0.32399999999999995	0.158	0.153	0.218	0.251	0.27499999999999997	0.28600000000000003	0.184	0.192	0.23700000000000002	0.128	0.174	0.125	0.157	0.211	0.10200000000000001	0.169	0.13	0.15	0.197	0.28800000000000003	0.248	0.186	0.14400000000000002	0.08499999999999999	0.305	0.258	0.20600000000000002	0.40800000000000003	0.17700000000000002	0.203	0.201	0.35200000000000004	0.375	0.38	0.526	0.31	0.46699999999999997	0.492	0.193	0.325
Roseobacteraceae	0.295	0.28900000000000003	0.28600000000000003	0.245	0.269	0.254	0.303	0.15	0.158	0.174	0.246	0.327	0.272	0.254	0.207	0.145	0.208	0.13999999999999999	0.23700000000000002	0.216	0.22100000000000003	0.191	0.231	0.17099999999999999	0.232	0.16	0.251	0.21	0.22699999999999998	0.208	0.17600000000000002	0.146	0.219	0.299	0.257	0.268	0.22799999999999998	0.208	0.22599999999999998	0.199	0.42900000000000005	0.445	0.418	0.462	0.281	0.363	0.19499999999999998	0.361
Reyranellaceae	0.257	0.281	0.19499999999999998	0.207	0.196	0.186	0.202	0.078	0.13999999999999999	0.08800000000000001	0.158	0.166	0.17700000000000002	0.167	0.125	0.084	0.159	0.104	0.213	0.149	0.2	0.129	0.172	0.126	0.14400000000000002	0.219	0.32299999999999995	0.174	0.23900000000000002	0.134	0.173	0.084	0.132	0.28400000000000003	0.19499999999999998	0.186	0.161	0.189	0.17099999999999999	0.124	0.641	0.484	0.519	0.43	0.47400000000000003	0.804	0.157	0.42300000000000004
Isosphaeraceae	0.266	0.179	0.182	0.163	0.133	0.234	0.298	0.092	0.129	0.203	0.179	0.27899999999999997	0.272	0.291	0.17700000000000002	0.125	0.194	0.28400000000000003	0.28300000000000003	0.134	0.165	0.11399999999999999	0.165	0.11499999999999999	0.19	0.22899999999999998	0.261	0.186	0.186	0.122	0.152	0.10200000000000001	0.157	0.319	0.16199999999999998	0.155	0.20600000000000002	0.147	0.178	0.151	0.514	0.359	0.5680000000000001	0.371	0.372	0.483	0.153	0.358
Sphingobiaceae	0.243	0.255	0.308	0.186	0.241	0.22999999999999998	0.299	0.134	0.16199999999999998	0.158	0.242	0.318	0.327	0.27299999999999996	0.212	0.146	0.249	0.15	0.22799999999999998	0.215	0.23600000000000002	0.19499999999999998	0.251	0.156	0.272	0.22699999999999998	0.244	0.214	0.20600000000000002	0.187	0.198	0.149	0.185	0.213	0.17500000000000002	0.20500000000000002	0.188	0.158	0.181	0.136	0.27799999999999997	0.33	0.29	0.32399999999999995	0.244	0.303	0.13799999999999998	0.265
Boseaceae	0.245	0.262	0.315	0.161	0.189	0.434	0.24	0.2	0.104	0.121	0.18	0.213	0.22799999999999998	0.183	0.212	0.11499999999999999	0.251	0.22599999999999998	0.145	0.245	0.29	0.215	0.267	0.17500000000000002	0.43099999999999994	0.347	0.22399999999999998	0.34199999999999997	0.35100000000000003	0.191	0.213	0.17099999999999999	0.11100000000000002	0.145	0.149	0.157	0.125	0.11100000000000002	0.11800000000000001	0.165	0.215	0.219	0.218	0.22300000000000003	0.27999999999999997	0.42700000000000005	0.124	0.20400000000000001
Erythrobacteraceae	0.27	0.28500000000000003	0.28700000000000003	0.213	0.296	0.27399999999999997	0.334	0.181	0.15	0.14400000000000002	0.217	0.255	0.27	0.23600000000000002	0.20400000000000001	0.13699999999999998	0.207	0.158	0.211	0.191	0.217	0.174	0.22300000000000003	0.158	0.333	0.164	0.2	0.21	0.187	0.186	0.183	0.13699999999999998	0.153	0.207	0.188	0.203	0.182	0.151	0.174	0.136	0.272	0.305	0.27499999999999997	0.296	0.234	0.272	0.134	0.257
Propionibacteriaceae	0.218	0.173	0.22	0.183	0.161	0.22399999999999998	0.199	0.105	0.098	0.13899999999999998	0.13999999999999999	0.22599999999999998	0.197	0.187	0.156	0.097	0.255	0.23700000000000002	0.152	0.203	0.248	0.201	0.216	0.189	0.35200000000000004	0.19	0.23900000000000002	0.317	0.358	0.211	0.192	0.13699999999999998	0.172	0.27399999999999997	0.21	0.188	0.231	0.196	0.202	0.197	0.333	0.269	0.331	0.29	0.23500000000000001	0.359	0.15	0.253
Opitutaceae	0.322	0.27799999999999997	0.281	0.346	0.39699999999999996	0.253	0.33	0.296	0.123	0.101	0.27399999999999997	0.196	0.163	0.14100000000000001	0.117	0.104	0.121	0.043	0.126	0.129	0.151	0.11100000000000002	0.147	0.092	0.136	0.058	0.11499999999999999	0.077	0.12	0.10300000000000001	0.096	0.061	0.15	0.13699999999999998	0.174	0.192	0.146	0.13999999999999999	0.181	0.11100000000000002	0.694	0.577	0.44999999999999996	0.523	0.201	0.202	0.22399999999999998	0.462
Acidobacteriaceae	0.131	0.12	0.101	0.095	0.096	0.099	0.208	0.05	0.084	0.267	0.127	0.473	0.22200000000000003	0.314	0.084	0.126	0.134	0.426	0.518	0.077	0.11	0.065	0.107	0.064	0.28600000000000003	0.096	0.23600000000000002	0.17500000000000002	0.079	0.084	0.084	0.11900000000000001	0.089	0.34199999999999997	0.106	0.123	0.1	0.123	0.163	0.1	0.42	0.5680000000000001	0.5780000000000001	0.72	0.22999999999999998	0.2	0.17600000000000002	0.338
Iamiaceae	0.209	0.201	0.185	0.17099999999999999	0.17500000000000002	0.234	0.186	0.097	0.087	0.078	0.109	0.186	0.156	0.11800000000000001	0.123	0.077	0.17600000000000002	0.13899999999999998	0.087	0.186	0.243	0.186	0.513	0.155	0.377	0.135	0.216	0.263	0.362	0.22200000000000003	0.194	0.10200000000000001	0.107	0.165	0.182	0.163	0.161	0.122	0.11800000000000001	0.11900000000000001	0.415	0.264	0.309	0.28300000000000003	0.358	0.453	0.146	0.27499999999999997
Gemmataceae	0.234	0.169	0.217	0.172	0.145	0.167	0.174	0.059000000000000004	0.152	0.149	0.22100000000000003	0.187	0.231	0.27599999999999997	0.146	0.117	0.13899999999999998	0.048	0.14300000000000002	0.131	0.093	0.11100000000000002	0.11800000000000001	0.094	0.08099999999999999	0.06999999999999999	0.174	0.089	0.108	0.101	0.13699999999999998	0.061	0.248	0.297	0.20600000000000002	0.19499999999999998	0.22899999999999998	0.212	0.182	0.157	0.507	0.42300000000000004	0.473	0.357	0.34099999999999997	0.334	0.167	0.348
Sphingopyxidaceae	0.234	0.265	0.28700000000000003	0.149	0.19499999999999998	0.332	0.316	0.178	0.095	0.092	0.146	0.17500000000000002	0.188	0.16199999999999998	0.13999999999999999	0.094	0.203	0.14100000000000001	0.149	0.165	0.217	0.157	0.219	0.131	0.302	0.248	0.156	0.26	0.191	0.183	0.172	0.121	0.11499999999999999	0.13799999999999998	0.126	0.165	0.126	0.10200000000000001	0.11199999999999999	0.091	0.169	0.189	0.166	0.186	0.164	0.332	0.08800000000000001	0.152
Azospirillaceae	0.185	0.19	0.185	0.17099999999999999	0.178	0.18	0.188	0.095	0.12	0.125	0.181	0.196	0.19499999999999998	0.199	0.149	0.106	0.148	0.097	0.17099999999999999	0.147	0.136	0.134	0.14300000000000002	0.117	0.14300000000000002	0.11	0.174	0.132	0.145	0.133	0.127	0.11800000000000001	0.157	0.232	0.181	0.197	0.166	0.158	0.166	0.14200000000000002	0.307	0.335	0.334	0.349	0.19499999999999998	0.263	0.148	0.26
Myxococcaceae	0.20600000000000002	0.23800000000000002	0.534	0.187	0.19499999999999998	0.33	0.27999999999999997	0.13	0.10300000000000001	0.092	0.154	0.215	0.187	0.156	0.132	0.096	0.131	0.056999999999999995	0.096	0.125	0.108	0.10200000000000001	0.11199999999999999	0.086	0.093	0.077	0.126	0.095	0.11	0.109	0.089	0.082	0.146	0.198	0.169	0.167	0.14300000000000002	0.128	0.134	0.129	0.251	0.33	0.384	0.311	0.215	0.199	0.117	0.27999999999999997
Corynebacteriaceae	0.173	0.16199999999999998	0.186	0.16199999999999998	0.153	0.17099999999999999	0.16999999999999998	0.09	0.093	0.108	0.13	0.179	0.164	0.165	0.133	0.083	0.163	0.122	0.13799999999999998	0.152	0.147	0.132	0.13999999999999999	0.129	0.159	0.126	0.154	0.147	0.168	0.13799999999999998	0.124	0.107	0.169	0.22699999999999998	0.18	0.165	0.169	0.165	0.165	0.16	0.28300000000000003	0.26	0.313	0.27399999999999997	0.181	0.315	0.131	0.22499999999999998
Gordoniaceae	0.152	0.133	0.156	0.132	0.126	0.15	0.151	0.078	0.087	0.1	0.11499999999999999	0.157	0.168	0.16199999999999998	0.127	0.074	0.169	0.14300000000000002	0.13899999999999998	0.145	0.155	0.13899999999999998	0.148	0.13	0.167	0.128	0.158	0.161	0.191	0.14100000000000001	0.134	0.11900000000000001	0.151	0.20400000000000001	0.166	0.159	0.163	0.16199999999999998	0.16199999999999998	0.15	0.233	0.193	0.23900000000000002	0.216	0.181	0.22899999999999998	0.11100000000000002	0.17700000000000002
Halomonadaceae	0.163	0.159	0.161	0.15	0.167	0.14100000000000001	0.153	0.08499999999999999	0.094	0.093	0.13999999999999999	0.167	0.16199999999999998	0.15	0.11499999999999999	0.086	0.11900000000000001	0.068	0.128	0.12	0.11299999999999999	0.105	0.11800000000000001	0.093	0.104	0.08499999999999999	0.133	0.099	0.11	0.109	0.092	0.078	0.13	0.166	0.155	0.156	0.126	0.11900000000000001	0.123	0.107	0.22799999999999998	0.231	0.219	0.22799999999999998	0.148	0.183	0.106	0.19499999999999998
Zoogloeaceae	0.154	0.156	0.158	0.14300000000000002	0.14100000000000001	0.134	0.13799999999999998	0.062	0.08800000000000001	0.089	0.124	0.152	0.146	0.13799999999999998	0.10200000000000001	0.077	0.093	0.047	0.10200000000000001	0.106	0.084	0.089	0.098	0.073	0.07100000000000001	0.067	0.11499999999999999	0.075	0.089	0.08800000000000001	0.075	0.055999999999999994	0.11800000000000001	0.14300000000000002	0.15	0.151	0.122	0.11199999999999999	0.116	0.10300000000000001	0.23900000000000002	0.24	0.24	0.266	0.14100000000000001	0.183	0.1	0.20600000000000002
Planctomycetaceae	0.157	0.14200000000000002	0.128	0.128	0.127	0.13	0.16	0.055999999999999994	0.077	0.067	0.106	0.133	0.129	0.101	0.08499999999999999	0.063	0.11199999999999999	0.06	0.098	0.092	0.101	0.082	0.104	0.082	0.083	0.073	0.11900000000000001	0.086	0.129	0.097	0.093	0.055999999999999994	0.091	0.15	0.127	0.11900000000000001	0.11100000000000002	0.094	0.099	0.091	0.304	0.22399999999999998	0.262	0.231	0.163	0.22499999999999998	0.091	0.219
Roseomonadaceae	0.126	0.11800000000000001	0.14200000000000002	0.11	0.11499999999999999	0.136	0.12	0.063	0.07200000000000001	0.093	0.11199999999999999	0.124	0.121	0.129	0.096	0.065	0.105	0.074	0.116	0.105	0.10200000000000001	0.08800000000000001	0.107	0.076	0.105	0.097	0.132	0.098	0.11299999999999999	0.086	0.08800000000000001	0.064	0.098	0.155	0.11499999999999999	0.11299999999999999	0.122	0.101	0.11	0.093	0.208	0.20500000000000002	0.21	0.22499999999999998	0.153	0.23500000000000001	0.093	0.17500000000000002
Moraxellaceae	0.126	0.16999999999999998	0.26	0.152	0.188	0.22399999999999998	0.216	0.27	0.049	0.054	0.07100000000000001	0.094	0.09	0.083	0.101	0.055	0.046	0.056999999999999995	0.055	0.047	0.041	0.052	0.043	0.049	0.051000000000000004	0.034999999999999996	0.054	0.061	0.074	0.042	0.066	0.039	0.231	0.349	0.2	0.249	0.093	0.10200000000000001	0.22	0.253	0.11299999999999999	0.11100000000000002	0.186	0.109	0.189	0.056999999999999995	0.065	0.092
Conexibacteraceae	0.105	0.075	0.078	0.074	0.061	0.09	0.133	0.034	0.056999999999999995	0.066	0.059000000000000004	0.09	0.13799999999999998	0.131	0.075	0.042	0.122	0.169	0.122	0.1	0.11399999999999999	0.123	0.13	0.11100000000000002	0.14300000000000002	0.08099999999999999	0.13999999999999999	0.178	0.247	0.091	0.124	0.079	0.08800000000000001	0.265	0.167	0.125	0.135	0.109	0.11800000000000001	0.10300000000000001	0.183	0.109	0.168	0.107	0.125	0.209	0.055	0.117
Archangiaceae	0.154	0.15	0.146	0.14200000000000002	0.146	0.168	0.16	0.06999999999999999	0.163	0.06899999999999999	0.123	0.122	0.123	0.11800000000000001	0.093	0.079	0.08800000000000001	0.051000000000000004	0.08	0.099	0.082	0.079	0.087	0.068	0.06899999999999999	0.061	0.10300000000000001	0.068	0.08499999999999999	0.084	0.078	0.055	0.11900000000000001	0.161	0.14300000000000002	0.13699999999999998	0.123	0.11	0.11299999999999999	0.096	0.20400000000000001	0.178	0.19	0.184	0.11199999999999999	0.145	0.097	0.161
Paenibacillaceae	0.133	0.136	0.135	0.127	0.129	0.126	0.128	0.104	0.074	0.075	0.109	0.126	0.11800000000000001	0.11499999999999999	0.094	0.076	0.09	0.061	0.096	0.086	0.08099999999999999	0.079	0.08099999999999999	0.06999999999999999	0.121	0.064	0.092	0.07100000000000001	0.087	0.078	0.074	0.058	0.123	0.14400000000000002	0.124	0.127	0.105	0.10300000000000001	0.11199999999999999	0.106	0.189	0.197	0.189	0.191	0.131	0.173	0.08800000000000001	0.166
Stappiaceae	0.11499999999999999	0.125	0.122	0.096	0.11	0.1	0.123	0.063	0.062	0.074	0.098	0.126	0.11499999999999999	0.106	0.077	0.055	0.089	0.058	0.108	0.09	0.091	0.073	0.092	0.073	0.106	0.07100000000000001	0.11100000000000002	0.093	0.10300000000000001	0.08	0.073	0.068	0.08499999999999999	0.127	0.20400000000000001	0.11399999999999999	0.084	0.08499999999999999	0.1	0.077	0.35000000000000003	0.211	0.203	0.211	0.124	0.173	0.084	0.163
Geodermatophilaceae	0.099	0.082	0.189	0.08499999999999999	0.095	0.129	0.117	0.064	0.055999999999999994	0.066	0.077	0.11100000000000002	0.105	0.123	0.091	0.05	0.116	0.121	0.086	0.11199999999999999	0.109	0.10200000000000001	0.106	0.1	0.13	0.089	0.107	0.129	0.134	0.092	0.106	0.083	0.107	0.155	0.117	0.10200000000000001	0.12	0.14200000000000002	0.116	0.11	0.13799999999999998	0.11900000000000001	0.152	0.133	0.1	0.133	0.06899999999999999	0.11
Aurantimonadaceae	0.101	0.10200000000000001	0.11299999999999999	0.08499999999999999	0.1	0.096	0.094	0.06	0.055999999999999994	0.066	0.087	0.11100000000000002	0.101	0.093	0.074	0.058	0.079	0.055	0.089	0.083	0.086	0.06899999999999999	0.08499999999999999	0.064	0.11	0.11	0.166	0.083	0.166	0.076	0.11499999999999999	0.06	0.077	0.109	0.099	0.16199999999999998	0.082	0.074	0.086	0.121	0.156	0.293	0.157	0.291	0.099	0.13999999999999999	0.065	0.247
Acetobacteraceae	0.11800000000000001	0.11800000000000001	0.117	0.098	0.105	0.097	0.13	0.061	0.065	0.1	0.101	0.132	0.121	0.11800000000000001	0.075	0.065	0.084	0.062	0.14300000000000002	0.078	0.077	0.068	0.079	0.06	0.073	0.07100000000000001	0.11499999999999999	0.065	0.06999999999999999	0.06999999999999999	0.064	0.059000000000000004	0.083	0.14400000000000002	0.101	0.10200000000000001	0.093	0.084	0.097	0.077	0.202	0.22399999999999998	0.22200000000000003	0.255	0.126	0.17600000000000002	0.091	0.174
Weeksellaceae	0.11499999999999999	0.371	0.28700000000000003	0.18	0.161	0.16	0.14300000000000002	0.165	0.055	0.06	0.104	0.101	0.093	0.073	0.08499999999999999	0.07200000000000001	0.059000000000000004	0.056999999999999995	0.062	0.074	0.079	0.063	0.065	0.067	0.14100000000000001	0.101	0.06899999999999999	0.074	0.095	0.061	0.056999999999999995	0.06	0.108	0.063	0.11100000000000002	0.108	0.083	0.095	0.09	0.108	0.123	0.105	0.082	0.106	0.13	0.178	0.055999999999999994	0.096
Hymenobacteraceae	0.129	0.117	0.151	0.11900000000000001	0.152	0.116	0.122	0.076	0.059000000000000004	0.064	0.11299999999999999	0.11	0.086	0.09	0.084	0.061	0.06999999999999999	0.034	0.078	0.086	0.064	0.067	0.062	0.061	0.058	0.051000000000000004	0.082	0.055	0.067	0.067	0.056999999999999995	0.053	0.153	0.097	0.133	0.14200000000000002	0.178	0.20500000000000002	0.128	0.20500000000000002	0.13899999999999998	0.133	0.116	0.13	0.087	0.116	0.06	0.11100000000000002
Nakamurellaceae	0.079	0.062	0.074	0.059000000000000004	0.046	0.099	0.08099999999999999	0.034999999999999996	0.034	0.059000000000000004	0.039	0.1	0.063	0.064	0.058	0.032	0.154	0.15	0.054	0.084	0.109	0.08099999999999999	0.13	0.1	0.17500000000000002	0.129	0.151	0.132	0.22599999999999998	0.11900000000000001	0.159	0.045	0.047	0.063	0.054	0.045	0.06999999999999999	0.059000000000000004	0.06	0.061	0.135	0.101	0.14100000000000001	0.099	0.13999999999999999	0.29	0.06999999999999999	0.11299999999999999
Hyphomicrobiaceae	0.074	0.153	0.07100000000000001	0.065	0.06	0.063	0.08099999999999999	0.038	0.033	0.07200000000000001	0.08800000000000001	0.08499999999999999	0.104	0.098	0.07100000000000001	0.054	0.056999999999999995	0.08800000000000001	0.077	0.12	0.127	0.09	0.117	0.092	0.12	0.036000000000000004	0.067	0.11299999999999999	0.065	0.105	0.046	0.079	0.05	0.101	0.108	0.086	0.055	0.062	0.068	0.051000000000000004	0.168	0.19	0.167	0.197	0.23600000000000002	0.152	0.07200000000000001	0.152
Pleosporaceae	0.051000000000000004	0.104	0.291	0.065	0.117	0.079	0.093	0.064	0.024	0.031	0.046	0.051000000000000004	0.059000000000000004	0.05	0.058	0.019	0.066	0.266	0.123	0.11199999999999999	0.105	0.037	0.158	0.032	0.14200000000000002	0.145	0.076	0.041	0.11900000000000001	0.029	0.146	0.135	0.249	0.131	0.22	0.097	0.151	0.16199999999999998	0.046	0.121	0.042	0.052	0.049	0.04	0.052	0.021	0.041	0.045
Aeromonadaceae	0.127	0.11	0.109	0.096	0.095	0.098	0.10300000000000001	0.051000000000000004	0.063	0.06	0.082	0.12	0.101	0.094	0.07100000000000001	0.047	0.075	0.04	0.087	0.083	0.068	0.066	0.07100000000000001	0.055	0.055999999999999994	0.054	0.087	0.061	0.068	0.068	0.055999999999999994	0.047	0.089	0.106	0.101	0.117	0.08800000000000001	0.08	0.093	0.079	0.151	0.153	0.17099999999999999	0.174	0.09	0.117	0.063	0.13799999999999998
Catenulisporaceae	0.034	0.044000000000000004	0.034	0.019	0.04	0.032	0.214	0.025	0.015	0.041	0.022000000000000002	0.027999999999999997	0.021	0.039	0.018000000000000002	0.021	0.099	0.22300000000000003	0.296	0.033	0.053	0.034999999999999996	0.06	0.023	0.42900000000000005	0.065	0.027	0.062	0.039	0.06	0.061	0.068	0.017	0.22100000000000003	0.02	0.021	0.021	0.02	0.023	0.017	0.107	0.27499999999999997	0.361	0.22999999999999998	0.231	0.044000000000000004	0.193	0.186
Spirosomataceae	0.125	0.082	0.156	0.07200000000000001	0.106	0.218	0.099	0.086	0.036000000000000004	0.041	0.08499999999999999	0.083	0.07200000000000001	0.05	0.11199999999999999	0.052	0.074	0.063	0.047	0.11900000000000001	0.133	0.06899999999999999	0.093	0.097	0.16	0.194	0.095	0.11	0.194	0.076	0.063	0.056999999999999995	0.089	0.042	0.091	0.11299999999999999	0.066	0.074	0.063	0.066	0.066	0.065	0.047	0.066	0.073	0.117	0.033	0.053
Nocardiopsidaceae	0.08499999999999999	0.082	0.092	0.074	0.076	0.087	0.083	0.048	0.046	0.054	0.064	0.083	0.089	0.094	0.06999999999999999	0.041	0.092	0.07100000000000001	0.079	0.08800000000000001	0.09	0.08099999999999999	0.08099999999999999	0.077	0.08800000000000001	0.061	0.086	0.077	0.094	0.079	0.07200000000000001	0.074	0.107	0.134	0.105	0.097	0.099	0.109	0.1	0.099	0.122	0.11499999999999999	0.147	0.134	0.095	0.108	0.068	0.104
Actinomycetaceae	0.096	0.086	0.091	0.09	0.084	0.091	0.089	0.052	0.05	0.055	0.07200000000000001	0.096	0.096	0.09	0.07200000000000001	0.047	0.084	0.064	0.07200000000000001	0.077	0.078	0.07200000000000001	0.078	0.066	0.08499999999999999	0.059000000000000004	0.083	0.078	0.089	0.07100000000000001	0.066	0.055	0.086	0.121	0.098	0.09	0.092	0.091	0.094	0.084	0.157	0.132	0.148	0.14100000000000001	0.098	0.134	0.066	0.116
Erwiniaceae	0.086	0.10200000000000001	0.196	0.067	0.14300000000000002	0.14400000000000002	0.117	0.202	0.079	0.052	0.11499999999999999	0.083	0.074	0.068	0.061	0.2	0.048	0.052	0.059000000000000004	0.048	0.148	0.09	0.05	0.044000000000000004	0.10200000000000001	0.053	0.06899999999999999	0.058	0.08	0.042	0.039	0.034999999999999996	0.068	0.07200000000000001	0.065	0.066	0.054	0.06	0.059000000000000004	0.09	0.08800000000000001	0.092	0.172	0.1	0.08099999999999999	0.1	0.052	0.078
Yersiniaceae	0.097	0.097	0.08499999999999999	0.132	0.08099999999999999	0.077	0.095	0.066	0.051000000000000004	0.05	0.094	0.097	0.084	0.079	0.055999999999999994	0.058	0.06	0.045	0.08499999999999999	0.064	0.092	0.055999999999999994	0.055	0.041	0.11900000000000001	0.049	0.063	0.046	0.063	0.048	0.042	0.034999999999999996	0.067	0.08099999999999999	0.077	0.08	0.075	0.07200000000000001	0.07100000000000001	0.063	0.14200000000000002	0.16	0.14300000000000002	0.192	0.08099999999999999	0.259	0.051000000000000004	0.149
Methylocystaceae	0.133	0.06899999999999999	0.116	0.107	0.11399999999999999	0.108	0.136	0.061	0.074	0.05	0.055	0.121	0.066	0.066	0.042	0.034999999999999996	0.095	0.036000000000000004	0.123	0.049	0.049	0.04	0.046	0.037	0.047	0.039	0.062	0.044000000000000004	0.049	0.042	0.041	0.036000000000000004	0.092	0.156	0.061	0.06	0.096	0.094	0.105	0.044000000000000004	0.127	0.13999999999999999	0.28300000000000003	0.145	0.08099999999999999	0.116	0.11	0.11199999999999999
Frankiaceae	0.075	0.07100000000000001	0.08	0.08099999999999999	0.065	0.077	0.078	0.038	0.041	0.05	0.058	0.08499999999999999	0.083	0.091	0.059000000000000004	0.039	0.076	0.058	0.073	0.074	0.074	0.067	0.06899999999999999	0.061	0.07100000000000001	0.052	0.07200000000000001	0.064	0.074	0.066	0.061	0.06	0.082	0.11399999999999999	0.087	0.08	0.08499999999999999	0.093	0.083	0.073	0.126	0.121	0.159	0.15	0.10300000000000001	0.12	0.151	0.10300000000000001
Fulvivirgaceae	0.281	0.39899999999999997	0.214	0.297	0.216	0.17600000000000002	0.16999999999999998	0.155	0.054	0.019	0.11499999999999999	0.052	0.044000000000000004	0.036000000000000004	0.074	0.047	0.022000000000000002	0.006999999999999999	0.034	0.054	0.02	0.05	0.021	0.037	0.019	0.017	0.041	0.013	0.029	0.06999999999999999	0.041	0.017	0.145	0.06899999999999999	0.045	0.11199999999999999	0.027999999999999997	0.058	0.048	0.06899999999999999	0.091	0.048	0.016	0.025	0.122	0.033	0.027999999999999997	0.044000000000000004
Chaetomiaceae	0.06	0.124	0.14200000000000002	0.067	0.067	0.064	0.08099999999999999	0.042	0.051000000000000004	0.017	0.133	0.084	0.055999999999999994	0.099	0.04	0.038	0.129	0.07200000000000001	0.042	0.045	0.061	0.104	0.05	0.047	0.045	0.156	0.068	0.13799999999999998	0.078	0.116	0.031	0.021	0.06999999999999999	0.067	0.055	0.107	0.042	0.055	0.038	0.08800000000000001	0.061	0.14400000000000002	0.075	0.106	0.08099999999999999	0.11299999999999999	0.033	0.056999999999999995
Ornithinimicrobiaceae	0.078	0.068	0.078	0.065	0.059000000000000004	0.076	0.074	0.037	0.036000000000000004	0.045	0.05	0.07200000000000001	0.073	0.07200000000000001	0.06	0.034	0.074	0.068	0.06	0.06899999999999999	0.073	0.065	0.066	0.06	0.083	0.051000000000000004	0.06999999999999999	0.075	0.08499999999999999	0.062	0.059000000000000004	0.052	0.077	0.099	0.084	0.076	0.082	0.08800000000000001	0.08	0.08099999999999999	0.11199999999999999	0.09	0.117	0.10300000000000001	0.087	0.116	0.052	0.089
Pirellulaceae	0.093	0.086	0.06999999999999999	0.073	0.078	0.073	0.079	0.03	0.048	0.034999999999999996	0.06	0.07100000000000001	0.07200000000000001	0.056999999999999995	0.046	0.036000000000000004	0.07100000000000001	0.025	0.052	0.058	0.055999999999999994	0.051000000000000004	0.068	0.052	0.054	0.036000000000000004	0.074	0.056999999999999995	0.074	0.061	0.062	0.032	0.059000000000000004	0.079	0.075	0.07200000000000001	0.06899999999999999	0.055999999999999994	0.055	0.05	0.188	0.13699999999999998	0.146	0.136	0.098	0.132	0.052	0.129
Pendulisporaceae	0.097	0.074	0.10200000000000001	0.093	0.097	0.082	0.11	0.048	0.051000000000000004	0.049	0.08099999999999999	0.08099999999999999	0.073	0.076	0.06999999999999999	0.042	0.054	0.016	0.044000000000000004	0.05	0.049	0.042	0.055	0.034	0.041	0.034999999999999996	0.052	0.04	0.045	0.053	0.039	0.03	0.083	0.083	0.08499999999999999	0.09	0.06899999999999999	0.055	0.073	0.055999999999999994	0.153	0.18	0.126	0.146	0.063	0.064	0.067	0.109
Dermabacteraceae	0.074	0.067	0.073	0.065	0.063	0.07100000000000001	0.077	0.038	0.042	0.05	0.053	0.074	0.073	0.076	0.055	0.036000000000000004	0.07200000000000001	0.054	0.059000000000000004	0.063	0.06999999999999999	0.059000000000000004	0.063	0.055	0.099	0.067	0.074	0.06899999999999999	0.08800000000000001	0.063	0.055999999999999994	0.047	0.07100000000000001	0.097	0.08099999999999999	0.073	0.075	0.076	0.074	0.067	0.11299999999999999	0.096	0.11199999999999999	0.104	0.075	0.105	0.053	0.087
Brevibacteriaceae	0.068	0.066	0.075	0.065	0.051000000000000004	0.06899999999999999	0.073	0.034999999999999996	0.038	0.047	0.05	0.076	0.07100000000000001	0.06899999999999999	0.059000000000000004	0.033	0.06899999999999999	0.06	0.056999999999999995	0.059000000000000004	0.06899999999999999	0.055	0.062	0.05	0.092	0.051000000000000004	0.06899999999999999	0.063	0.083	0.058	0.054	0.043	0.07100000000000001	0.096	0.075	0.07200000000000001	0.073	0.074	0.074	0.073	0.11800000000000001	0.104	0.11499999999999999	0.11100000000000002	0.082	0.109	0.053	0.093
Sandaracinaceae	0.11100000000000002	0.08499999999999999	0.105	0.106	0.105	0.09	0.13	0.058	0.052	0.067	0.099	0.09	0.07200000000000001	0.08	0.055	0.054	0.048	0.019	0.038	0.046	0.045	0.034	0.05	0.027999999999999997	0.039	0.027999999999999997	0.047	0.036000000000000004	0.042	0.041	0.037	0.022000000000000002	0.062	0.083	0.074	0.073	0.068	0.055999999999999994	0.098	0.051000000000000004	0.123	0.133	0.098	0.11900000000000001	0.064	0.067	0.066	0.11299999999999999
Glomerellaceae	0.053	0.08499999999999999	0.153	0.148	0.06999999999999999	0.062	0.068	0.044000000000000004	0.08800000000000001	0.024	0.149	0.082	0.06999999999999999	0.087	0.055	0.054	0.08499999999999999	0.036000000000000004	0.045	0.053	0.055	0.06999999999999999	0.041	0.042	0.054	0.053	0.066	0.06999999999999999	0.05	0.063	0.037	0.027	0.094	0.123	0.059000000000000004	0.098	0.048	0.064	0.041	0.082	0.066	0.101	0.056999999999999995	0.094	0.06	0.07200000000000001	0.032	0.046
Methylococcaceae	0.084	0.08499999999999999	0.082	0.078	0.091	0.06999999999999999	0.08	0.041	0.048	0.049	0.075	0.086	0.083	0.075	0.058	0.045	0.055	0.027999999999999997	0.065	0.055999999999999994	0.05	0.047	0.054	0.042	0.042	0.036000000000000004	0.059000000000000004	0.042	0.047	0.05	0.042	0.034	0.063	0.08099999999999999	0.075	0.079	0.059000000000000004	0.058	0.056999999999999995	0.049	0.121	0.128	0.117	0.13899999999999998	0.07200000000000001	0.09	0.055	0.11
Haloferacaceae	0.077	0.07100000000000001	0.076	0.068	0.068	0.07200000000000001	0.068	0.045	0.041	0.047	0.055999999999999994	0.07200000000000001	0.073	0.074	0.055999999999999994	0.036000000000000004	0.065	0.044000000000000004	0.058	0.06	0.059000000000000004	0.058	0.061	0.05	0.062	0.047	0.064	0.055999999999999994	0.068	0.056999999999999995	0.054	0.043	0.066	0.096	0.073	0.06899999999999999	0.06899999999999999	0.063	0.068	0.064	0.109	0.095	0.11100000000000002	0.095	0.07200000000000001	0.098	0.05	0.087
Anaeromyxobacteraceae	0.084	0.083	0.077	0.08800000000000001	0.084	0.084	0.076	0.036000000000000004	0.048	0.041	0.059000000000000004	0.074	0.073	0.06999999999999999	0.046	0.039	0.048	0.024	0.042	0.049	0.042	0.04	0.049	0.034999999999999996	0.034999999999999996	0.03	0.053	0.038	0.043	0.044000000000000004	0.037	0.027	0.059000000000000004	0.099	0.078	0.06899999999999999	0.066	0.055999999999999994	0.061	0.047	0.14200000000000002	0.133	0.135	0.13899999999999998	0.073	0.094	0.061	0.121
Verrucomicrobiaceae	0.089	0.067	0.077	0.064	0.074	0.091	0.08	0.041	0.042	0.038	0.091	0.098	0.08499999999999999	0.067	0.067	0.043	0.056999999999999995	0.027	0.049	0.045	0.055999999999999994	0.047	0.06	0.04	0.064	0.049	0.05	0.058	0.079	0.049	0.051000000000000004	0.027999999999999997	0.05	0.052	0.056999999999999995	0.079	0.046	0.04	0.041	0.037	0.109	0.116	0.083	0.11499999999999999	0.06999999999999999	0.10300000000000001	0.04	0.11
Lacipirellulaceae	0.068	0.056999999999999995	0.05	0.055999999999999994	0.06	0.047	0.061	0.024	0.031	0.02	0.037	0.052	0.053	0.03	0.04	0.021	0.1	0.034	0.031	0.068	0.11299999999999999	0.075	0.092	0.068	0.1	0.038	0.089	0.105	0.16199999999999998	0.104	0.064	0.041	0.041	0.049	0.08	0.08	0.055	0.047	0.044000000000000004	0.049	0.105	0.076	0.076	0.08	0.054	0.083	0.027999999999999997	0.08499999999999999
Dermacoccaceae	0.077	0.06899999999999999	0.079	0.065	0.034	0.075	0.079	0.043	0.037	0.046	0.03	0.076	0.07200000000000001	0.073	0.066	0.02	0.045	0.05	0.045	0.039	0.044000000000000004	0.06999999999999999	0.067	0.037	0.068	0.043	0.042	0.05	0.05	0.07200000000000001	0.043	0.044000000000000004	0.036000000000000004	0.094	0.08099999999999999	0.073	0.045	0.048	0.079	0.06999999999999999	0.11	0.095	0.11	0.098	0.08	0.11199999999999999	0.053	0.084
Nannocystaceae	0.08	0.065	0.07200000000000001	0.07100000000000001	0.145	0.061	0.064	0.06999999999999999	0.039	0.034999999999999996	0.06	0.055	0.062	0.054	0.394	0.032	0.055999999999999994	0.027999999999999997	0.034	0.051000000000000004	0.054	0.036000000000000004	0.055999999999999994	0.033	0.041	0.027999999999999997	0.048	0.051000000000000004	0.043	0.042	0.032	0.022000000000000002	0.049	0.07200000000000001	0.055999999999999994	0.065	0.055	0.043	0.045	0.043	0.084	0.08	0.079	0.08	0.051000000000000004	0.061	0.041	0.07100000000000001
Aspergillaceae	0.048	0.073	0.096	0.044000000000000004	0.05	0.049	0.055999999999999994	0.043	0.052	0.027999999999999997	0.073	0.11399999999999999	0.099	0.075	0.06999999999999999	0.037	0.055	0.047	0.06899999999999999	0.045	0.042	0.036000000000000004	0.04	0.038	0.055	0.055999999999999994	0.05	0.04	0.047	0.034	0.033	0.033	0.098	0.14400000000000002	0.067	0.08800000000000001	0.06	0.073	0.045	0.093	0.084	0.11399999999999999	0.06	0.06999999999999999	0.054	0.034	0.04	0.055999999999999994
Desulfovibrionaceae	0.07200000000000001	0.068	0.07100000000000001	0.061	0.062	0.062	0.06999999999999999	0.034999999999999996	0.036000000000000004	0.034999999999999996	0.054	0.066	0.062	0.06	0.044000000000000004	0.031	0.048	0.026	0.046	0.049	0.042	0.041	0.048	0.038	0.04	0.033	0.052	0.037	0.042	0.042	0.038	0.03	0.082	0.09	0.077	0.086	0.06	0.055	0.08099999999999999	0.06999999999999999	0.117	0.097	0.121	0.11900000000000001	0.065	0.079	0.043	0.091
Chromobacteriaceae	0.06999999999999999	0.075	0.08099999999999999	0.068	0.074	0.067	0.066	0.037	0.043	0.045	0.06899999999999999	0.07100000000000001	0.067	0.065	0.053	0.041	0.047	0.027999999999999997	0.053	0.05	0.044000000000000004	0.046	0.047	0.037	0.043	0.036000000000000004	0.054	0.04	0.044000000000000004	0.043	0.036000000000000004	0.03	0.054	0.066	0.065	0.066	0.053	0.051000000000000004	0.054	0.052	0.101	0.109	0.10300000000000001	0.11199999999999999	0.062	0.078	0.049	0.092
Deinococcaceae	0.06899999999999999	0.066	0.108	0.062	0.06999999999999999	0.08499999999999999	0.06999999999999999	0.051000000000000004	0.037	0.038	0.054	0.062	0.06	0.059000000000000004	0.048	0.034	0.052	0.034	0.048	0.05	0.046	0.048	0.046	0.04	0.046	0.036000000000000004	0.053	0.045	0.049	0.045	0.042	0.034999999999999996	0.059000000000000004	0.079	0.063	0.063	0.055999999999999994	0.053	0.058	0.053	0.097	0.086	0.095	0.091	0.062	0.08	0.042	0.077
Podosporaceae	0.058	0.125	0.146	0.034	0.062	0.03	0.08099999999999999	0.052	0.064	0.019	0.13999999999999999	0.09	0.04	0.105	0.046	0.044000000000000004	0.038	0.025	0.046	0.048	0.067	0.026	0.054	0.045	0.046	0.093	0.027999999999999997	0.034999999999999996	0.024	0.027999999999999997	0.02	0.02	0.087	0.075	0.055999999999999994	0.054	0.046	0.06	0.042	0.082	0.036000000000000004	0.067	0.036000000000000004	0.099	0.084	0.124	0.02	0.054
Kineosporiaceae	0.079	0.083	0.109	0.065	0.079	0.101	0.082	0.045	0.026	0.03	0.037	0.049	0.05	0.052	0.041	0.024	0.044000000000000004	0.049	0.034999999999999996	0.045	0.044000000000000004	0.044000000000000004	0.045	0.042	0.051000000000000004	0.036000000000000004	0.044000000000000004	0.055999999999999994	0.055	0.036000000000000004	0.039	0.032	0.059000000000000004	0.064	0.062	0.056999999999999995	0.065	0.06999999999999999	0.067	0.061	0.09	0.064	0.09	0.07200000000000001	0.075	0.099	0.046	0.06
Sordariaceae	0.039	0.122	0.093	0.08499999999999999	0.046	0.076	0.055	0.058	0.059000000000000004	0.013	0.101	0.077	0.06899999999999999	0.07200000000000001	0.036000000000000004	0.029	0.049	0.045	0.036000000000000004	0.032	0.044000000000000004	0.038	0.034999999999999996	0.03	0.03	0.064	0.077	0.046	0.029	0.04	0.037	0.016	0.065	0.063	0.036000000000000004	0.13999999999999999	0.031	0.038	0.03	0.06	0.07100000000000001	0.128	0.06899999999999999	0.074	0.061	0.125	0.037	0.042
Rhodocyclaceae	0.06999999999999999	0.07100000000000001	0.074	0.064	0.073	0.063	0.059000000000000004	0.03	0.042	0.043	0.06899999999999999	0.07200000000000001	0.064	0.064	0.052	0.038	0.042	0.023	0.048	0.048	0.039	0.042	0.043	0.033	0.034	0.03	0.052	0.033	0.037	0.04	0.034	0.027	0.052	0.06	0.065	0.065	0.053	0.052	0.052	0.05	0.11	0.10200000000000001	0.106	0.134	0.061	0.086	0.049	0.097
Rhizorhabdaceae	0.068	0.062	0.058	0.045	0.063	0.055	0.07200000000000001	0.032	0.048	0.038	0.068	0.067	0.08	0.06999999999999999	0.053	0.037	0.055	0.034	0.058	0.056999999999999995	0.051000000000000004	0.046	0.053	0.042	0.055999999999999994	0.04	0.067	0.053	0.042	0.052	0.048	0.042	0.048	0.059000000000000004	0.045	0.077	0.056999999999999995	0.047	0.051000000000000004	0.038	0.063	0.078	0.074	0.074	0.054	0.064	0.03	0.06
Clavicipitaceae	0.033	0.061	0.098	0.04	0.04	0.065	0.055	0.024	0.048	0.02	0.06999999999999999	0.058	0.049	0.052	0.037	0.03	0.333	0.03	0.034	0.034999999999999996	0.032	0.039	0.027999999999999997	0.024	0.064	0.046	0.042	0.039	0.039	0.03	0.027	0.02	0.068	0.061	0.043	0.056999999999999995	0.037	0.044000000000000004	0.029	0.055999999999999994	0.062	0.078	0.082	0.058	0.13699999999999998	0.067	0.043	0.056999999999999995
Brucellaceae	0.046	0.05	0.047	0.036000000000000004	0.037	0.039	0.054	0.027999999999999997	0.034999999999999996	0.03	0.036000000000000004	0.052	0.044000000000000004	0.038	0.03	0.026	0.043	0.034999999999999996	0.046	0.04	0.159	0.117	0.043	0.03	0.145	0.038	0.046	0.056999999999999995	0.055	0.034	0.034999999999999996	0.034999999999999996	0.032	0.27	0.038	0.042	0.032	0.03	0.034999999999999996	0.027999999999999997	0.068	0.073	0.066	0.084	0.043	0.06999999999999999	0.034	0.06999999999999999
Vicinamibacteraceae	0.086	0.07100000000000001	0.061	0.073	0.058	0.067	0.038	0.023	0.03	0.018000000000000002	0.033	0.034	0.04	0.038	0.031	0.022000000000000002	0.044000000000000004	0.013	0.026	0.052	0.036000000000000004	0.045	0.046	0.04	0.031	0.025	0.046	0.03	0.051000000000000004	0.049	0.048	0.027999999999999997	0.054	0.06899999999999999	0.117	0.06999999999999999	0.074	0.058	0.055	0.06899999999999999	0.123	0.056999999999999995	0.082	0.077	0.101	0.11800000000000001	0.034999999999999996	0.093
Rhodospirillaceae	0.058	0.062	0.048	0.051000000000000004	0.054	0.046	0.059000000000000004	0.027999999999999997	0.034999999999999996	0.037	0.054	0.059000000000000004	0.055	0.054	0.042	0.029	0.039	0.026	0.053	0.04	0.037	0.034999999999999996	0.039	0.033	0.041	0.031	0.052	0.034999999999999996	0.043	0.038	0.033	0.029	0.045	0.06999999999999999	0.051000000000000004	0.056999999999999995	0.044000000000000004	0.044000000000000004	0.05	0.039	0.105	0.129	0.128	0.13699999999999998	0.06999999999999999	0.09	0.045	0.095
Pyriculariaceae	0.038	0.08	0.166	0.062	0.052	0.051000000000000004	0.047	0.033	0.038	0.016	0.17099999999999999	0.047	0.049	0.10200000000000001	0.041	0.033	0.109	0.016	0.023	0.023	0.047	0.087	0.021	0.038	0.031	0.027999999999999997	0.079	0.126	0.059000000000000004	0.083	0.016	0.012	0.042	0.036000000000000004	0.029	0.093	0.025	0.032	0.019	0.08	0.044000000000000004	0.084	0.027	0.054	0.041	0.094	0.018000000000000002	0.026
Vibrionaceae	0.07200000000000001	0.073	0.07100000000000001	0.055999999999999994	0.078	0.064	0.077	0.06899999999999999	0.037	0.042	0.056999999999999995	0.06999999999999999	0.059000000000000004	0.054	0.045	0.039	0.034999999999999996	0.027	0.045	0.038	0.038	0.034999999999999996	0.034999999999999996	0.033	0.038	0.032	0.039	0.03	0.038	0.033	0.032	0.027	0.066	0.064	0.056999999999999995	0.061	0.045	0.048	0.051000000000000004	0.058	0.079	0.087	0.083	0.082	0.07100000000000001	0.054	0.042	0.092
Paraconexibacteraceae	0.053	0.036000000000000004	0.04	0.037	0.03	0.048	0.048	0.015	0.027999999999999997	0.034999999999999996	0.027999999999999997	0.044000000000000004	0.065	0.065	0.039	0.023	0.06	0.06999999999999999	0.061	0.05	0.049	0.054	0.055999999999999994	0.055	0.056999999999999995	0.04	0.067	0.061	0.064	0.044000000000000004	0.06	0.038	0.043	0.116	0.076	0.059000000000000004	0.064	0.053	0.055999999999999994	0.05	0.091	0.05	0.06999999999999999	0.05	0.065	0.101	0.026	0.055999999999999994
Ectothiorhodospiraceae	0.064	0.063	0.06	0.058	0.063	0.048	0.055	0.026	0.037	0.034999999999999996	0.053	0.06999999999999999	0.066	0.061	0.043	0.033	0.045	0.021	0.05	0.051000000000000004	0.04	0.04	0.046	0.036000000000000004	0.032	0.027999999999999997	0.049	0.033	0.04	0.04	0.034	0.027	0.046	0.062	0.063	0.067	0.051000000000000004	0.051000000000000004	0.047	0.043	0.095	0.095	0.087	0.097	0.052	0.07100000000000001	0.041	0.08099999999999999
Natrialbaceae	0.059000000000000004	0.055	0.059000000000000004	0.052	0.052	0.054	0.054	0.031	0.032	0.037	0.045	0.059000000000000004	0.058	0.058	0.045	0.03	0.052	0.036000000000000004	0.045	0.046	0.047	0.044000000000000004	0.047	0.04	0.048	0.036000000000000004	0.049	0.044000000000000004	0.051000000000000004	0.047	0.042	0.034	0.05	0.073	0.055	0.058	0.053	0.048	0.054	0.047	0.084	0.077	0.08499999999999999	0.078	0.056999999999999995	0.076	0.038	0.066
Clostridiaceae	0.046	0.058	0.07200000000000001	0.052	0.06999999999999999	0.079	0.066	0.14200000000000002	0.039	0.048	0.04	0.047	0.043	0.038	0.05	0.052	0.023	0.041	0.041	0.025	0.029	0.03	0.02	0.033	0.032	0.021	0.023	0.025	0.037	0.024	0.037	0.027	0.087	0.074	0.064	0.059000000000000004	0.074	0.10200000000000001	0.073	0.155	0.048	0.04	0.06899999999999999	0.039	0.08499999999999999	0.024	0.037	0.04
Sphingosinicellaceae	0.06	0.06	0.058	0.047	0.054	0.05	0.066	0.029	0.037	0.036000000000000004	0.051000000000000004	0.068	0.068	0.065	0.048	0.029	0.046	0.029	0.051000000000000004	0.045	0.044000000000000004	0.038	0.048	0.036000000000000004	0.049	0.034999999999999996	0.05	0.046	0.04	0.051000000000000004	0.039	0.032	0.045	0.067	0.051000000000000004	0.058	0.054	0.041	0.047	0.039	0.077	0.08499999999999999	0.076	0.08	0.053	0.062	0.037	0.064
Capillimicrobiaceae	0.044000000000000004	0.034999999999999996	0.034	0.031	0.027999999999999997	0.053	0.041	0.013999999999999999	0.027999999999999997	0.032	0.027999999999999997	0.044000000000000004	0.076	0.065	0.038	0.022000000000000002	0.052	0.066	0.058	0.043	0.04	0.047	0.051000000000000004	0.046	0.052	0.04	0.059000000000000004	0.054	0.055	0.037	0.055	0.031	0.046	0.116	0.06999999999999999	0.056999999999999995	0.063	0.055999999999999994	0.059000000000000004	0.047	0.08099999999999999	0.054	0.065	0.05	0.062	0.1	0.022000000000000002	0.049
Gemmatimonadaceae	0.067	0.058	0.064	0.056999999999999995	0.059000000000000004	0.058	0.059000000000000004	0.029	0.031	0.027	0.049	0.046	0.053	0.056999999999999995	0.04	0.025	0.046	0.022000000000000002	0.037	0.045	0.034999999999999996	0.049	0.05	0.034	0.042	0.027999999999999997	0.058	0.047	0.059000000000000004	0.04	0.042	0.027999999999999997	0.041	0.067	0.049	0.044000000000000004	0.055	0.039	0.039	0.034	0.096	0.068	0.077	0.075	0.058	0.08800000000000001	0.032	0.068
Allobogoriellaceae	0.05	0.055	0.055	0.045	0.042	0.051000000000000004	0.047	0.025	0.026	0.031	0.038	0.05	0.051000000000000004	0.051000000000000004	0.038	0.023	0.049	0.039	0.042	0.046	0.05	0.044000000000000004	0.046	0.039	0.053	0.034999999999999996	0.049	0.047	0.06	0.04	0.04	0.034	0.049	0.068	0.056999999999999995	0.053	0.055999999999999994	0.055	0.051000000000000004	0.047	0.08099999999999999	0.068	0.08099999999999999	0.075	0.055999999999999994	0.079	0.038	0.06
Geminicoccaceae	0.056999999999999995	0.054	0.049	0.047	0.049	0.047	0.053	0.025	0.033	0.034	0.046	0.055999999999999994	0.053	0.052	0.039	0.04	0.041	0.026	0.047	0.041	0.038	0.036000000000000004	0.041	0.032	0.038	0.029	0.05	0.038	0.041	0.037	0.033	0.029	0.047	0.065	0.051000000000000004	0.055999999999999994	0.047	0.042	0.048	0.037	0.09	0.095	0.095	0.1	0.056999999999999995	0.06999999999999999	0.038	0.07200000000000001
Labilitrichaceae	0.065	0.044000000000000004	0.062	0.062	0.058	0.049	0.065	0.025	0.031	0.034	0.053	0.055	0.049	0.052	0.053	0.025	0.041	0.006999999999999999	0.033	0.045	0.038	0.031	0.04	0.022000000000000002	0.027	0.029	0.045	0.031	0.034	0.036000000000000004	0.034	0.023	0.054	0.058	0.074	0.064	0.061	0.039	0.055	0.039	0.105	0.121	0.077	0.098	0.038	0.043	0.042	0.066
Usitatibacteraceae	0.052	0.061	0.041	0.053	0.047	0.048	0.022000000000000002	0.016	0.021	0.017	0.025	0.034999999999999996	0.032	0.025	0.023	0.019	0.017	0.006999999999999999	0.017	0.02	0.017	0.019	0.018000000000000002	0.016	0.012	0.011000000000000001	0.023	0.013	0.022000000000000002	0.018000000000000002	0.016	0.011000000000000001	0.051000000000000004	0.043	0.169	0.106	0.046	0.048	0.03	0.051000000000000004	0.182	0.08	0.07100000000000001	0.062	0.135	0.17500000000000002	0.031	0.16999999999999998
Cytophagaceae	0.055	0.048	0.076	0.046	0.065	0.058	0.055999999999999994	0.036000000000000004	0.027	0.031	0.065	0.06899999999999999	0.045	0.042	0.045	0.029	0.038	0.013	0.029	0.051000000000000004	0.04	0.036000000000000004	0.03	0.033	0.034	0.027999999999999997	0.046	0.032	0.039	0.031	0.031	0.026	0.063	0.037	0.06899999999999999	0.068	0.058	0.08	0.065	0.054	0.064	0.062	0.04	0.058	0.045	0.034	0.032	0.046
Hypocreaceae	0.027	0.07100000000000001	0.064	0.031	0.034	0.033	0.107	0.021	0.044000000000000004	0.019	0.06	0.06899999999999999	0.05	0.045	0.027	0.056999999999999995	0.04	0.02	0.027	0.027999999999999997	0.027	0.034999999999999996	0.021	0.019	0.031	0.031	0.03	0.029	0.024	0.027	0.019	0.018000000000000002	0.059000000000000004	0.092	0.034	0.053	0.099	0.039	0.026	0.05	0.037	0.122	0.046	0.161	0.084	0.03	0.026	0.046
Chromatiaceae	0.056999999999999995	0.055	0.052	0.052	0.052	0.047	0.05	0.037	0.032	0.03	0.046	0.055999999999999994	0.054	0.049	0.036000000000000004	0.031	0.037	0.02	0.043	0.038	0.034999999999999996	0.033	0.036000000000000004	0.031	0.029	0.024	0.041	0.029	0.034999999999999996	0.033	0.027999999999999997	0.022000000000000002	0.042	0.054	0.048	0.052	0.042	0.04	0.04	0.033	0.08099999999999999	0.084	0.08	0.084	0.05	0.065	0.037	0.068
Nevskiaceae	0.055	0.059000000000000004	0.055999999999999994	0.053	0.058	0.049	0.05	0.026	0.036000000000000004	0.034999999999999996	0.05	0.063	0.058	0.053	0.043	0.03	0.037	0.015	0.043	0.041	0.036000000000000004	0.034999999999999996	0.039	0.029	0.027999999999999997	0.025	0.044000000000000004	0.027999999999999997	0.033	0.038	0.027999999999999997	0.022000000000000002	0.046	0.049	0.052	0.061	0.041	0.043	0.04	0.034999999999999996	0.07100000000000001	0.077	0.068	0.07100000000000001	0.038	0.052	0.034999999999999996	0.062
Stanwilliamsviridae	0.36	0.7080000000000001	0.07100000000000001	0.041	0.203	0.126	0.152	0.089	0.0	0.002	0.0	0.0	0.001	0.001	0.025	0.001	0.0	0.001	0.0	0.0	0.001	0.0	0.0	0.024	0.008	0.002	0.001	0.001	0.0	0.0	0.0	0.0	0.048	0.011000000000000001	0.001	0.004	0.051000000000000004	0.077	0.08099999999999999	0.018000000000000002	0.0	0.0	0.0	0.0	0.0	0.0	0.0	0.0
Haloarculaceae	0.052	0.046	0.053	0.044000000000000004	0.045	0.047	0.05	0.027999999999999997	0.027999999999999997	0.029	0.037	0.045	0.044000000000000004	0.047	0.038	0.024	0.044000000000000004	0.031	0.037	0.038	0.038	0.039	0.04	0.033	0.039	0.031	0.041	0.037	0.041	0.038	0.034999999999999996	0.031	0.047	0.061	0.045	0.046	0.043	0.041	0.045	0.041	0.06899999999999999	0.062	0.067	0.06	0.051000000000000004	0.063	0.031	0.055999999999999994
Didymellaceae	0.023	0.055999999999999994	0.096	0.027999999999999997	0.067	0.038	0.034	0.03	0.013999999999999999	0.012	0.026	0.029	0.029	0.023	0.027	0.011000000000000001	0.037	0.086	0.038	0.053	0.051000000000000004	0.022000000000000002	0.077	0.017	0.075	0.08499999999999999	0.046	0.023	0.058	0.013999999999999999	0.076	0.055	0.104	0.059000000000000004	0.11499999999999999	0.045	0.074	0.07100000000000001	0.018000000000000002	0.034	0.021	0.025	0.023	0.02	0.025	0.011000000000000001	0.024	0.021
Geobacteraceae	0.045	0.045	0.041	0.04	0.038	0.039	0.043	0.019	0.024	0.022000000000000002	0.033	0.039	0.039	0.038	0.026	0.019	0.027	0.013	0.026	0.027999999999999997	0.023	0.024	0.026	0.021	0.021	0.018000000000000002	0.027999999999999997	0.02	0.026	0.025	0.022000000000000002	0.015	0.031	0.047	0.034999999999999996	0.039	0.032	0.029	0.034999999999999996	0.026	0.1	0.092	0.127	0.191	0.068	0.062	0.032	0.166
Chitinibacteraceae	0.053	0.051000000000000004	0.058	0.051000000000000004	0.06	0.05	0.044000000000000004	0.027	0.032	0.031	0.051000000000000004	0.054	0.053	0.048	0.039	0.032	0.03	0.018000000000000002	0.034	0.034999999999999996	0.03	0.029	0.032	0.024	0.027999999999999997	0.023	0.039	0.025	0.029	0.03	0.026	0.022000000000000002	0.038	0.046	0.049	0.05	0.039	0.034999999999999996	0.041	0.034999999999999996	0.074	0.075	0.066	0.078	0.05	0.059000000000000004	0.036000000000000004	0.064
Ophiocordycipitaceae	0.033	0.054	0.089	0.043	0.041	0.042	0.042	0.026	0.05	0.02	0.09	0.045	0.04	0.061	0.037	0.026	0.064	0.02	0.026	0.033	0.039	0.055	0.027	0.025	0.038	0.034999999999999996	0.045	0.052	0.032	0.044000000000000004	0.021	0.018000000000000002	0.06	0.053	0.043	0.06899999999999999	0.034	0.043	0.029	0.053	0.038	0.061	0.034999999999999996	0.062	0.034999999999999996	0.046	0.017	0.026
Dietziaceae	0.043	0.032	0.045	0.038	0.034	0.038	0.036000000000000004	0.02	0.022000000000000002	0.026	0.029	0.046	0.043	0.043	0.033	0.02	0.045	0.033	0.036000000000000004	0.04	0.04	0.037	0.039	0.034999999999999996	0.045	0.032	0.043	0.039	0.044000000000000004	0.036000000000000004	0.034999999999999996	0.03	0.039	0.056999999999999995	0.047	0.034999999999999996	0.045	0.044000000000000004	0.044000000000000004	0.04	0.064	0.056999999999999995	0.066	0.061	0.044000000000000004	0.063	0.03	0.05
Kofleriaceae	0.049	0.04	0.046	0.06	0.055	0.048	0.037	0.02	0.038	0.041	0.043	0.054	0.052	0.058	0.024	0.032	0.034	0.009000000000000001	0.029	0.027999999999999997	0.029	0.019	0.03	0.016	0.02	0.017	0.03	0.024	0.026	0.023	0.019	0.011000000000000001	0.044000000000000004	0.078	0.048	0.055999999999999994	0.052	0.038	0.037	0.027999999999999997	0.073	0.08099999999999999	0.08099999999999999	0.077	0.032	0.032	0.048	0.065
Sclerotiniaceae	0.031	0.058	0.066	0.024	0.034999999999999996	0.024	0.032	0.024	0.017	0.01	0.032	0.11299999999999999	0.10200000000000001	0.049	0.051000000000000004	0.017	0.027	0.025	0.061	0.029	0.017	0.013999999999999999	0.02	0.017	0.034999999999999996	0.03	0.034999999999999996	0.03	0.018000000000000002	0.009000000000000001	0.013999999999999999	0.01	0.077	0.125	0.012	0.047	0.018000000000000002	0.02	0.019	0.07100000000000001	0.092	0.125	0.04	0.041	0.036000000000000004	0.012	0.031	0.055
Azonexaceae	0.046	0.049	0.042	0.042	0.045	0.04	0.043	0.02	0.026	0.029	0.042	0.048	0.039	0.038	0.03	0.022000000000000002	0.027	0.013999999999999999	0.03	0.03	0.025	0.025	0.026	0.021	0.022000000000000002	0.019	0.034	0.023	0.024	0.026	0.023	0.018000000000000002	0.033	0.036000000000000004	0.041	0.04	0.033	0.032	0.034	0.031	0.08099999999999999	0.078	0.079	0.132	0.048	0.055999999999999994	0.032	0.10200000000000001
Morganellaceae	0.029	0.059000000000000004	0.049	0.039	0.033	0.036000000000000004	0.041	0.058	0.027999999999999997	0.023	0.037	0.034999999999999996	0.03	0.053	0.027	0.023	0.023	0.015	0.096	0.016	0.325	0.022000000000000002	0.013999999999999999	0.017	0.015	0.013999999999999999	0.022000000000000002	0.019	0.022000000000000002	0.02	0.015	0.012	0.036000000000000004	0.031	0.029	0.032	0.022000000000000002	0.03	0.026	0.039	0.039	0.053	0.04	0.036000000000000004	0.051000000000000004	0.032	0.023	0.034
Staphylococcaceae	0.033	0.11100000000000002	0.039	0.029	0.03	0.042	0.042	0.06999999999999999	0.033	0.093	0.025	0.049	0.031	0.027999999999999997	0.03	0.033	0.016	0.024	0.034999999999999996	0.021	0.022000000000000002	0.023	0.015	0.042	0.022000000000000002	0.016	0.016	0.026	0.02	0.017	0.024	0.013999999999999999	0.052	0.042	0.042	0.036000000000000004	0.034999999999999996	0.039	0.045	0.062	0.034999999999999996	0.031	0.053	0.038	0.08499999999999999	0.025	0.025	0.078
Bifidobacteriaceae	0.045	0.037	0.044000000000000004	0.038	0.036000000000000004	0.036000000000000004	0.043	0.024	0.022000000000000002	0.024	0.031	0.045	0.038	0.038	0.031	0.019	0.034999999999999996	0.024	0.033	0.032	0.032	0.027	0.031	0.027	0.033	0.026	0.039	0.03	0.031	0.03	0.033	0.023	0.036000000000000004	0.051000000000000004	0.042	0.039	0.038	0.037	0.038	0.034999999999999996	0.061	0.06	0.06	0.06	0.043	0.056999999999999995	0.027999999999999997	0.052
Bacteroidaceae	0.055	0.037	0.052	0.04	0.054	0.05	0.064	0.042	0.026	0.034	0.034	0.049	0.041	0.036000000000000004	0.034999999999999996	0.025	0.027	0.013999999999999999	0.03	0.034999999999999996	0.025	0.037	0.021	0.031	0.016	0.02	0.034999999999999996	0.016	0.026	0.032	0.026	0.025	0.056999999999999995	0.029	0.051000000000000004	0.056999999999999995	0.037	0.049	0.045	0.041	0.049	0.055	0.041	0.046	0.034999999999999996	0.024	0.021	0.039
Jatrophihabitantaceae	0.032	0.027999999999999997	0.025	0.021	0.021	0.031	0.04	0.012	0.016	0.037	0.02	0.061	0.045	0.049	0.021	0.017	0.03	0.11499999999999999	0.068	0.022000000000000002	0.022000000000000002	0.019	0.031	0.023	0.044000000000000004	0.019	0.034999999999999996	0.039	0.034999999999999996	0.023	0.023	0.031	0.026	0.07200000000000001	0.027	0.026	0.03	0.034	0.04	0.033	0.05	0.061	0.082	0.059000000000000004	0.029	0.043	0.031	0.038
Gallionellaceae	0.017	0.018000000000000002	0.016	0.016	0.018000000000000002	0.017	0.013999999999999999	0.008	0.01	0.01	0.013999999999999999	0.017	0.013999999999999999	0.013	0.011000000000000001	0.008	0.01	0.005	0.012	0.011000000000000001	0.011000000000000001	0.009000000000000001	0.011000000000000001	0.009000000000000001	0.008	0.006999999999999999	0.013999999999999999	0.009000000000000001	0.016	0.008	0.009000000000000001	0.006	0.012	0.015	0.013999999999999999	0.018000000000000002	0.011000000000000001	0.012	0.01	0.01	0.067	0.153	0.22899999999999998	0.594	0.068	0.031	0.017	0.092
Ruaniaceae	0.026	0.024	0.026	0.022000000000000002	0.02	0.027	0.027999999999999997	0.015	0.013999999999999999	0.016	0.038	0.027999999999999997	0.025	0.026	0.025	0.012	0.06	0.029	0.044000000000000004	0.052	0.062	0.025	0.026	0.046	0.07200000000000001	0.043	0.055	0.03	0.074	0.049	0.05	0.04	0.059000000000000004	0.032	0.031	0.027	0.062	0.066	0.03	0.026	0.037	0.031	0.037	0.031	0.029	0.037	0.019	0.027
Neisseriaceae	0.041	0.045	0.046	0.036000000000000004	0.045	0.038	0.041	0.027999999999999997	0.022000000000000002	0.026	0.034999999999999996	0.042	0.037	0.036000000000000004	0.029	0.025	0.025	0.013999999999999999	0.027999999999999997	0.026	0.025	0.022000000000000002	0.025	0.019	0.022000000000000002	0.018000000000000002	0.027999999999999997	0.019	0.026	0.024	0.021	0.015	0.053	0.036000000000000004	0.036000000000000004	0.047	0.033	0.03	0.073	0.039	0.055999999999999994	0.06	0.059000000000000004	0.065	0.037	0.04	0.027	0.055999999999999994
Beijerinckiaceae	0.036000000000000004	0.038	0.033	0.031	0.033	0.031	0.043	0.016	0.02	0.027999999999999997	0.03	0.041	0.037	0.034999999999999996	0.02	0.018000000000000002	0.025	0.02	0.04	0.024	0.025	0.022000000000000002	0.024	0.021	0.025	0.021	0.034999999999999996	0.023	0.024	0.021	0.023	0.017	0.023	0.044000000000000004	0.031	0.029	0.026	0.025	0.03	0.021	0.068	0.076	0.08	0.086	0.044000000000000004	0.064	0.032	0.06
Sterolibacteriaceae	0.04	0.041	0.037	0.036000000000000004	0.04	0.034999999999999996	0.033	0.017	0.023	0.024	0.034999999999999996	0.04	0.038	0.034999999999999996	0.027999999999999997	0.022000000000000002	0.024	0.011000000000000001	0.025	0.027999999999999997	0.022000000000000002	0.023	0.023	0.019	0.018000000000000002	0.016	0.029	0.018000000000000002	0.021	0.023	0.02	0.013999999999999999	0.029	0.036000000000000004	0.038	0.04	0.03	0.029	0.031	0.026	0.073	0.07100000000000001	0.07100000000000001	0.093	0.038	0.054	0.029	0.064
Lactobacillaceae	0.032	0.036000000000000004	0.04	0.034999999999999996	0.037	0.047	0.039	0.077	0.025	0.027999999999999997	0.025	0.032	0.031	0.026	0.027	0.026	0.02	0.021	0.027	0.019	0.021	0.021	0.021	0.022000000000000002	0.025	0.017	0.021	0.016	0.023	0.021	0.021	0.015	0.045	0.053	0.037	0.04	0.032	0.041	0.047	0.058	0.04	0.038	0.076	0.04	0.055999999999999994	0.031	0.039	0.04
Parvibaculaceae	0.038	0.036000000000000004	0.03	0.03	0.034	0.027999999999999997	0.043	0.018000000000000002	0.018000000000000002	0.024	0.026	0.042	0.034	0.034	0.021	0.017	0.025	0.013999999999999999	0.036000000000000004	0.025	0.025	0.021	0.025	0.017	0.025	0.019	0.034	0.023	0.021	0.022000000000000002	0.02	0.018000000000000002	0.024	0.038	0.034	0.033	0.025	0.025	0.03	0.021	0.068	0.075	0.082	0.076	0.047	0.055	0.026	0.054
Phreatobacteraceae	0.031	0.034	0.034999999999999996	0.027	0.027999999999999997	0.027999999999999997	0.034	0.017	0.019	0.023	0.029	0.044000000000000004	0.04	0.033	0.025	0.019	0.031	0.019	0.032	0.027999999999999997	0.027	0.025	0.03	0.025	0.031	0.02	0.034	0.029	0.031	0.022000000000000002	0.023	0.02	0.024	0.037	0.034999999999999996	0.033	0.027999999999999997	0.024	0.027999999999999997	0.022000000000000002	0.055999999999999994	0.061	0.059000000000000004	0.058	0.043	0.055999999999999994	0.027999999999999997	0.051000000000000004
Jiangellaceae	0.03	0.026	0.032	0.027	0.024	0.029	0.027	0.017	0.017	0.02	0.022000000000000002	0.033	0.031	0.034	0.027	0.013999999999999999	0.034999999999999996	0.027999999999999997	0.029	0.033	0.034	0.031	0.032	0.029	0.034999999999999996	0.025	0.032	0.032	0.037	0.032	0.027999999999999997	0.027	0.034999999999999996	0.049	0.037	0.034	0.037	0.038	0.034999999999999996	0.033	0.049	0.039	0.05	0.042	0.034999999999999996	0.045	0.022000000000000002	0.037
Peduoviridae	0.049	0.0	0.0	0.065	0.05	0.07100000000000001	0.038	0.054	0.021	0.04	0.033	0.029	0.043	0.034	0.042	0.047	0.051000000000000004	0.048	0.034999999999999996	0.025	0.027999999999999997	0.036000000000000004	0.021	0.04	0.049	0.022000000000000002	0.025	0.025	0.06899999999999999	0.029	0.027	0.0	0.031	0.026	0.04	0.024	0.016	0.025	0.027	0.0	0.029	0.034	0.032	0.021	0.034	0.015	0.011000000000000001	0.012
Holophagaceae	0.04	0.134	0.044000000000000004	0.046	0.089	0.05	0.11299999999999999	0.055	0.013999999999999999	0.013	0.019	0.02	0.019	0.019	0.013999999999999999	0.012	0.016	0.011000000000000001	0.015	0.017	0.015	0.013999999999999999	0.015	0.013	0.013	0.011000000000000001	0.018000000000000002	0.012	0.017	0.015	0.013999999999999999	0.011000000000000001	0.018000000000000002	0.029	0.024	0.023	0.019	0.017	0.018000000000000002	0.016	0.044000000000000004	0.045	0.06999999999999999	0.089	0.03	0.031	0.02	0.06999999999999999
Plasmodiidae	0.033	0.041	0.04	0.034	0.041	0.049	0.048	0.087	0.03	0.04	0.03	0.026	0.038	0.026	0.037	0.041	0.013999999999999999	0.036000000000000004	0.031	0.017	0.021	0.023	0.012	0.027999999999999997	0.027	0.017	0.018000000000000002	0.013999999999999999	0.024	0.02	0.025	0.022000000000000002	0.042	0.033	0.034999999999999996	0.031	0.023	0.027999999999999997	0.027	0.056999999999999995	0.022000000000000002	0.02	0.029	0.016	0.051000000000000004	0.012	0.029	0.022000000000000002
Dongiaceae	0.029	0.037	0.025	0.025	0.025	0.023	0.031	0.013999999999999999	0.02	0.017	0.029	0.03	0.027999999999999997	0.032	0.023	0.017	0.019	0.012	0.027999999999999997	0.019	0.016	0.021	0.015	0.019	0.019	0.013999999999999999	0.027	0.015	0.021	0.018000000000000002	0.02	0.02	0.024	0.044000000000000004	0.026	0.038	0.025	0.027	0.03	0.02	0.061	0.076	0.06899999999999999	0.076	0.044000000000000004	0.053	0.031	0.051000000000000004
Tsukamurellaceae	0.031	0.033	0.031	0.024	0.024	0.03	0.026	0.016	0.016	0.018000000000000002	0.022000000000000002	0.03	0.03	0.031	0.025	0.013999999999999999	0.032	0.027	0.027	0.027999999999999997	0.03	0.027	0.027	0.023	0.039	0.023	0.027	0.029	0.032	0.027999999999999997	0.026	0.022000000000000002	0.026	0.039	0.031	0.036000000000000004	0.03	0.03	0.027999999999999997	0.027	0.043	0.038	0.043	0.04	0.032	0.041	0.021	0.036000000000000004
Shewanellaceae	0.027	0.03	0.031	0.059000000000000004	0.23500000000000001	0.027999999999999997	0.034999999999999996	0.025	0.017	0.018000000000000002	0.025	0.029	0.025	0.024	0.02	0.024	0.016	0.01	0.021	0.025	0.018000000000000002	0.017	0.015	0.016	0.022000000000000002	0.013	0.02	0.013999999999999999	0.016	0.013999999999999999	0.013	0.012	0.027	0.024	0.027	0.029	0.02	0.021	0.02	0.027	0.037	0.04	0.036000000000000004	0.039	0.029	0.024	0.019	0.034
Strophariaceae	0.013999999999999999	0.02	0.016	0.013999999999999999	0.008	0.009000000000000001	0.034999999999999996	0.017	0.003	0.11100000000000002	0.015	0.009000000000000001	0.006	0.047	0.013	0.006	0.011000000000000001	0.065	0.06	0.017	0.058	0.008	0.006	0.043	0.006999999999999999	0.006999999999999999	0.062	0.006999999999999999	0.008	0.016	0.009000000000000001	0.026	0.128	0.046	0.067	0.106	0.054	0.027	0.079	0.036000000000000004	0.009000000000000001	0.013	0.009000000000000001	0.011000000000000001	0.006	0.005	0.006	0.004
Sanguibacteraceae	0.023	0.026	0.03	0.019	0.049	0.023	0.021	0.031	0.025	0.015	0.018000000000000002	0.027	0.024	0.027	0.02	0.031	0.027	0.053	0.018000000000000002	0.024	0.027999999999999997	0.021	0.041	0.027	0.06	0.036000000000000004	0.031	0.07200000000000001	0.043	0.02	0.018000000000000002	0.019	0.02	0.027999999999999997	0.024	0.021	0.023	0.025	0.022000000000000002	0.02	0.033	0.027999999999999997	0.03	0.029	0.026	0.033	0.017	0.025
Marinobacteraceae	0.032	0.032	0.033	0.031	0.036000000000000004	0.06999999999999999	0.031	0.016	0.02	0.018000000000000002	0.029	0.037	0.032	0.029	0.023	0.018000000000000002	0.023	0.012	0.026	0.022000000000000002	0.021	0.019	0.025	0.016	0.018000000000000002	0.016	0.025	0.018000000000000002	0.019	0.019	0.016	0.013999999999999999	0.027	0.037	0.029	0.032	0.024	0.025	0.027	0.022000000000000002	0.044000000000000004	0.05	0.043	0.052	0.027999999999999997	0.034999999999999996	0.021	0.042
Pectobacteriaceae	0.033	0.033	0.033	0.03	0.034	0.025	0.033	0.02	0.018000000000000002	0.02	0.027	0.033	0.027999999999999997	0.027999999999999997	0.021	0.018000000000000002	0.02	0.013	0.025	0.056999999999999995	0.019	0.018000000000000002	0.048	0.016	0.021	0.015	0.023	0.016	0.018000000000000002	0.017	0.015	0.013	0.027	0.03	0.026	0.029	0.024	0.022000000000000002	0.023	0.02	0.055999999999999994	0.043	0.068	0.049	0.026	0.034999999999999996	0.02	0.046
Enterococcaceae	0.024	0.024	0.02	0.025	0.033	0.027999999999999997	0.027	0.056999999999999995	0.023	0.025	0.016	0.031	0.019	0.024	0.021	0.023	0.012	0.017	0.03	0.022000000000000002	0.017	0.017	0.013999999999999999	0.018000000000000002	0.015	0.01	0.018000000000000002	0.011000000000000001	0.018000000000000002	0.013999999999999999	0.017	0.016	0.048	0.039	0.055	0.034	0.026	0.036000000000000004	0.04	0.064	0.039	0.031	0.053	0.025	0.066	0.013999999999999999	0.025	0.039
Candidatus Poriferisodalaceae	0.033	0.029	0.027	0.026	0.026	0.027	0.027	0.012	0.015	0.015	0.018000000000000002	0.026	0.03	0.024	0.02	0.013999999999999999	0.022000000000000002	0.016	0.019	0.021	0.021	0.021	0.022000000000000002	0.019	0.021	0.013999999999999999	0.024	0.02	0.027	0.02	0.022000000000000002	0.013	0.024	0.034999999999999996	0.029	0.027999999999999997	0.027	0.025	0.024	0.021	0.065	0.046	0.055	0.051000000000000004	0.046	0.065	0.024	0.048
Maricaulaceae	0.031	0.034	0.031	0.027	0.027999999999999997	0.024	0.034999999999999996	0.016	0.017	0.021	0.027	0.036000000000000004	0.031	0.03	0.021	0.013999999999999999	0.022000000000000002	0.013	0.027999999999999997	0.023	0.021	0.019	0.022000000000000002	0.017	0.022000000000000002	0.018000000000000002	0.029	0.019	0.021	0.021	0.017	0.016	0.023	0.033	0.027	0.03	0.025	0.022000000000000002	0.027	0.019	0.05	0.059000000000000004	0.051000000000000004	0.054	0.027999999999999997	0.039	0.022000000000000002	0.04
Ilumatobacteraceae	0.032	0.027	0.025	0.026	0.022000000000000002	0.031	0.02	0.01	0.013999999999999999	0.013	0.016	0.022000000000000002	0.026	0.019	0.019	0.012	0.023	0.013	0.013999999999999999	0.022000000000000002	0.025	0.021	0.025	0.019	0.025	0.012	0.031	0.023	0.046	0.027	0.027999999999999997	0.011000000000000001	0.02	0.026	0.034	0.029	0.031	0.025	0.026	0.022000000000000002	0.061	0.042	0.042	0.046	0.055	0.06	0.019	0.042
Microbulbiferaceae	0.032	0.034999999999999996	0.033	0.029	0.034	0.027999999999999997	0.031	0.013999999999999999	0.019	0.018000000000000002	0.029	0.034	0.031	0.029	0.024	0.019	0.023	0.011000000000000001	0.025	0.022000000000000002	0.022000000000000002	0.022000000000000002	0.023	0.017	0.019	0.015	0.024	0.017	0.02	0.024	0.017	0.015	0.024	0.029	0.027999999999999997	0.031	0.022000000000000002	0.023	0.023	0.022000000000000002	0.041	0.047	0.039	0.043	0.026	0.032	0.02	0.037
Ahrensiaceae	0.029	0.03	0.027999999999999997	0.023	0.025	0.026	0.031	0.015	0.015	0.019	0.023	0.03	0.026	0.027	0.019	0.013999999999999999	0.022000000000000002	0.013999999999999999	0.026	0.021	0.025	0.019	0.023	0.017	0.029	0.017	0.027	0.023	0.031	0.02	0.018000000000000002	0.016	0.02	0.032	0.027999999999999997	0.026	0.022000000000000002	0.022000000000000002	0.021	0.019	0.048	0.047	0.044000000000000004	0.048	0.029	0.041	0.018000000000000002	0.034999999999999996
Synechococcaceae	0.029	0.029	0.029	0.027999999999999997	0.029	0.03	0.03	0.018000000000000002	0.017	0.016	0.024	0.027999999999999997	0.027	0.025	0.02	0.015	0.022000000000000002	0.012	0.021	0.021	0.018000000000000002	0.018000000000000002	0.02	0.017	0.019	0.016	0.023	0.018000000000000002	0.021	0.021	0.017	0.016	0.026	0.034999999999999996	0.03	0.029	0.025	0.025	0.027	0.027	0.044000000000000004	0.043	0.045	0.043	0.03	0.034999999999999996	0.02	0.037
Natronomonadaceae	0.029	0.026	0.03	0.025	0.027999999999999997	0.027999999999999997	0.027	0.015	0.016	0.017	0.022000000000000002	0.025	0.027999999999999997	0.027999999999999997	0.023	0.013999999999999999	0.025	0.018000000000000002	0.022000000000000002	0.023	0.022000000000000002	0.021	0.022000000000000002	0.02	0.025	0.018000000000000002	0.025	0.025	0.024	0.02	0.021	0.017	0.025	0.037	0.03	0.025	0.027999999999999997	0.024	0.025	0.023	0.039	0.034999999999999996	0.039	0.034999999999999996	0.027999999999999997	0.038	0.018000000000000002	0.03
Mycosphaerellaceae	0.017	0.029	0.044000000000000004	0.019	0.021	0.02	0.023	0.017	0.016	0.012	0.025	0.047	0.047	0.029	0.027	0.013999999999999999	0.02	0.019	0.027	0.022000000000000002	0.018000000000000002	0.013999999999999999	0.017	0.013999999999999999	0.024	0.023	0.021	0.018000000000000002	0.022000000000000002	0.011000000000000001	0.016	0.012	0.051000000000000004	0.059000000000000004	0.032	0.037	0.027999999999999997	0.032	0.017	0.039	0.031	0.046	0.023	0.025	0.021	0.011000000000000001	0.016	0.024
Oscillospiraceae	0.027999999999999997	0.025	0.029	0.027999999999999997	0.03	0.029	0.027	0.021	0.015	0.016	0.022000000000000002	0.031	0.027	0.023	0.019	0.013999999999999999	0.021	0.012	0.019	0.019	0.019	0.017	0.017	0.016	0.019	0.013999999999999999	0.019	0.016	0.02	0.019	0.017	0.013	0.027999999999999997	0.034	0.03	0.027999999999999997	0.025	0.023	0.027	0.023	0.044000000000000004	0.039	0.043	0.044000000000000004	0.027999999999999997	0.032	0.02	0.041
Pleomorphomonadaceae	0.027	0.027999999999999997	0.029	0.021	0.026	0.022000000000000002	0.027	0.015	0.015	0.018000000000000002	0.023	0.03	0.026	0.027	0.02	0.013999999999999999	0.02	0.013	0.024	0.02	0.021	0.017	0.021	0.017	0.022000000000000002	0.017	0.025	0.02	0.022000000000000002	0.017	0.015	0.015	0.021	0.031	0.026	0.023	0.019	0.019	0.023	0.018000000000000002	0.04	0.048	0.049	0.046	0.027999999999999997	0.04	0.019	0.041
Saccharomycetaceae	0.022000000000000002	0.025	0.03	0.022000000000000002	0.023	0.031	0.027	0.053	0.019	0.021	0.023	0.032	0.026	0.022000000000000002	0.021	0.02	0.017	0.018000000000000002	0.021	0.019	0.016	0.015	0.013999999999999999	0.017	0.02	0.015	0.018000000000000002	0.016	0.02	0.013999999999999999	0.015	0.016	0.04	0.046	0.031	0.032	0.023	0.024	0.025	0.042	0.027999999999999997	0.031	0.032	0.027	0.032	0.017	0.019	0.024
Tepidisphaeraceae	0.033	0.025	0.024	0.021	0.02	0.026	0.025	0.01	0.019	0.02	0.024	0.027	0.036000000000000004	0.033	0.024	0.015	0.025	0.012	0.027	0.023	0.02	0.019	0.024	0.017	0.024	0.019	0.027999999999999997	0.024	0.029	0.02	0.023	0.013	0.019	0.034999999999999996	0.025	0.025	0.033	0.022000000000000002	0.025	0.018000000000000002	0.041	0.027999999999999997	0.029	0.027	0.021	0.03	0.012	0.026
Lachnospiraceae	0.027999999999999997	0.027	0.026	0.025	0.03	0.029	0.027	0.034999999999999996	0.016	0.018000000000000002	0.021	0.03	0.024	0.021	0.021	0.016	0.016	0.016	0.021	0.016	0.016	0.015	0.013	0.015	0.017	0.013	0.017	0.013999999999999999	0.016	0.015	0.016	0.013	0.033	0.033	0.03	0.03	0.022000000000000002	0.026	0.025	0.055999999999999994	0.033	0.033	0.037	0.034999999999999996	0.032	0.023	0.019	0.03
Oceanospirillaceae	0.031	0.033	0.03	0.027999999999999997	0.034	0.029	0.031	0.02	0.017	0.019	0.026	0.03	0.027999999999999997	0.025	0.019	0.017	0.018000000000000002	0.011000000000000001	0.024	0.02	0.02	0.018000000000000002	0.019	0.015	0.017	0.013999999999999999	0.02	0.016	0.018000000000000002	0.016	0.013999999999999999	0.012	0.025	0.027	0.023	0.026	0.02	0.019	0.023	0.019	0.038	0.041	0.038	0.043	0.025	0.029	0.018000000000000002	0.036000000000000004
Eggerthellaceae	0.03	0.023	0.025	0.026	0.027999999999999997	0.026	0.027999999999999997	0.016	0.015	0.015	0.023	0.026	0.023	0.024	0.019	0.013	0.018000000000000002	0.012	0.018000000000000002	0.017	0.019	0.016	0.019	0.015	0.018000000000000002	0.013	0.021	0.016	0.019	0.015	0.016	0.012	0.019	0.036000000000000004	0.026	0.024	0.021	0.023	0.02	0.022000000000000002	0.052	0.042	0.045	0.044000000000000004	0.029	0.041	0.02	0.04
Cellvibrionaceae	0.042	0.059000000000000004	0.052	0.032	0.086	0.05	0.06999999999999999	0.031	0.019	0.013	0.033	0.026	0.021	0.017	0.029	0.019	0.016	0.008	0.012	0.013999999999999999	0.029	0.015	0.017	0.012	0.025	0.011000000000000001	0.016	0.02	0.025	0.011000000000000001	0.011000000000000001	0.008	0.013	0.012	0.013999999999999999	0.017	0.013	0.011000000000000001	0.012	0.01	0.022000000000000002	0.023	0.02	0.024	0.015	0.02	0.01	0.021
Kaistiaceae	0.022000000000000002	0.027	0.026	0.02	0.021	0.023	0.025	0.019	0.012	0.013999999999999999	0.017	0.025	0.025	0.025	0.019	0.01	0.025	0.025	0.021	0.017	0.026	0.015	0.023	0.015	0.02	0.021	0.027	0.023	0.021	0.015	0.018000000000000002	0.017	0.017	0.023	0.019	0.019	0.017	0.015	0.019	0.013999999999999999	0.036000000000000004	0.039	0.034	0.036000000000000004	0.025	0.051000000000000004	0.016	0.034999999999999996
Rikenellaceae	0.027999999999999997	0.027	0.031	0.027	0.027999999999999997	0.027	0.029	0.017	0.016	0.012	0.021	0.027	0.024	0.025	0.024	0.012	0.019	0.01	0.019	0.019	0.017	0.016	0.016	0.016	0.012	0.013999999999999999	0.021	0.013999999999999999	0.017	0.016	0.017	0.015	0.024	0.024	0.027	0.03	0.019	0.021	0.021	0.02	0.038	0.037	0.034999999999999996	0.036000000000000004	0.022000000000000002	0.024	0.018000000000000002	0.031
Nitrosomonadaceae	0.016	0.047	0.013	0.013	0.021	0.011000000000000001	0.022000000000000002	0.02	0.009000000000000001	0.006	0.016	0.01	0.017	0.01	0.011000000000000001	0.006999999999999999	0.02	0.076	0.013	0.013	0.048	0.013	0.023	0.013	0.045	0.034999999999999996	0.025	0.07100000000000001	0.063	0.027999999999999997	0.022000000000000002	0.015	0.006	0.01	0.01	0.009000000000000001	0.006999999999999999	0.017	0.006999999999999999	0.006	0.02	0.019	0.019	0.023	0.017	0.065	0.018000000000000002	0.018000000000000002
Cryptococcaceae	0.017	0.023	0.027999999999999997	0.018000000000000002	0.019	0.021	0.022000000000000002	0.038	0.013	0.023	0.018000000000000002	0.025	0.025	0.025	0.022000000000000002	0.013999999999999999	0.013	0.019	0.02	0.019	0.013999999999999999	0.015	0.011000000000000001	0.013999999999999999	0.018000000000000002	0.015	0.018000000000000002	0.013999999999999999	0.015	0.012	0.013	0.017	0.044000000000000004	0.039	0.031	0.034	0.029	0.03	0.036000000000000004	0.032	0.023	0.03	0.027	0.019	0.024	0.013	0.013999999999999999	0.017
Miltoncostaeaceae	0.027	0.019	0.021	0.019	0.017	0.022000000000000002	0.018000000000000002	0.009000000000000001	0.012	0.012	0.012	0.018000000000000002	0.021	0.019	0.013	0.009000000000000001	0.017	0.019	0.019	0.018000000000000002	0.017	0.017	0.017	0.017	0.02	0.013	0.022000000000000002	0.018000000000000002	0.022000000000000002	0.017	0.017	0.011000000000000001	0.015	0.034	0.022000000000000002	0.018000000000000002	0.021	0.018000000000000002	0.018000000000000002	0.017	0.055999999999999994	0.03	0.042	0.038	0.039	0.063	0.017	0.038
Beutenbergiaceae	0.021	0.019	0.022000000000000002	0.018000000000000002	0.018000000000000002	0.023	0.022000000000000002	0.013	0.011000000000000001	0.012	0.016	0.025	0.021	0.022000000000000002	0.019	0.01	0.022000000000000002	0.017	0.018000000000000002	0.019	0.022000000000000002	0.02	0.019	0.018000000000000002	0.025	0.016	0.022000000000000002	0.021	0.027999999999999997	0.018000000000000002	0.017	0.017	0.022000000000000002	0.026	0.025	0.021	0.024	0.024	0.022000000000000002	0.021	0.038	0.029	0.036000000000000004	0.031	0.024	0.034999999999999996	0.016	0.029
Thalassobaculaceae	0.025	0.025	0.023	0.021	0.02	0.021	0.026	0.012	0.013999999999999999	0.015	0.02	0.023	0.022000000000000002	0.024	0.017	0.013	0.017	0.011000000000000001	0.021	0.016	0.016	0.015	0.017	0.013999999999999999	0.016	0.013	0.021	0.015	0.017	0.015	0.015	0.013	0.019	0.031	0.023	0.021	0.019	0.019	0.021	0.017	0.041	0.045	0.043	0.045	0.025	0.036000000000000004	0.019	0.033
Streptococcaceae	0.019	0.021	0.021	0.021	0.024	0.033	0.019	0.042	0.015	0.02	0.016	0.026	0.023	0.016	0.012	0.016	0.013	0.011000000000000001	0.019	0.013999999999999999	0.013	0.015	0.011000000000000001	0.013999999999999999	0.013	0.01	0.01	0.011000000000000001	0.013	0.012	0.015	0.01	0.026	0.033	0.043	0.022000000000000002	0.024	0.026	0.022000000000000002	0.045	0.024	0.027	0.034	0.024	0.034999999999999996	0.017	0.019	0.026
Trypanosomatidae	0.019	0.025	0.027999999999999997	0.021	0.024	0.023	0.025	0.033	0.012	0.015	0.02	0.019	0.022000000000000002	0.022000000000000002	0.021	0.013	0.016	0.015	0.013999999999999999	0.013	0.013	0.015	0.013	0.013	0.015	0.013	0.018000000000000002	0.013999999999999999	0.017	0.016	0.015	0.011000000000000001	0.026	0.032	0.023	0.025	0.017	0.016	0.025	0.034	0.025	0.024	0.027	0.021	0.021	0.018000000000000002	0.012	0.018000000000000002
Cyclobacteriaceae	0.032	0.026	0.032	0.03	0.032	0.029	0.027	0.02	0.013	0.012	0.025	0.026	0.017	0.017	0.02	0.013999999999999999	0.012	0.006999999999999999	0.013999999999999999	0.013999999999999999	0.013	0.012	0.012	0.012	0.013	0.009000000000000001	0.016	0.01	0.015	0.012	0.011000000000000001	0.01	0.027	0.015	0.029	0.026	0.02	0.023	0.021	0.02	0.034	0.032	0.019	0.027	0.02	0.016	0.013999999999999999	0.025
Sphingorhabdaceae	0.022000000000000002	0.024	0.023	0.018000000000000002	0.021	0.021	0.029	0.012	0.013	0.013999999999999999	0.021	0.026	0.026	0.023	0.019	0.013	0.019	0.011000000000000001	0.02	0.018000000000000002	0.018000000000000002	0.016	0.019	0.013999999999999999	0.024	0.015	0.02	0.019	0.015	0.018000000000000002	0.013999999999999999	0.013	0.015	0.02	0.018000000000000002	0.02	0.017	0.016	0.015	0.012	0.027999999999999997	0.031	0.027999999999999997	0.031	0.02	0.024	0.013	0.025
Amorphaceae	0.022000000000000002	0.021	0.021	0.019	0.018000000000000002	0.019	0.019	0.01	0.011000000000000001	0.013	0.016	0.022000000000000002	0.02	0.017	0.013	0.01	0.016	0.011000000000000001	0.018000000000000002	0.015	0.016	0.012	0.016	0.012	0.015	0.012	0.019	0.013999999999999999	0.015	0.013999999999999999	0.013	0.011000000000000001	0.017	0.024	0.02	0.019	0.016	0.016	0.018000000000000002	0.013999999999999999	0.033	0.034	0.033	0.032	0.022000000000000002	0.031	0.016	0.027
Sphingomicrobiaceae	0.019	0.023	0.02	0.015	0.016	0.021	0.026	0.012	0.015	0.012	0.019	0.026	0.03	0.026	0.018000000000000002	0.011000000000000001	0.019	0.013	0.016	0.019	0.02	0.016	0.02	0.013999999999999999	0.025	0.013	0.017	0.023	0.016	0.024	0.016	0.013	0.013	0.021	0.019	0.02	0.022000000000000002	0.015	0.016	0.013	0.02	0.021	0.02	0.019	0.016	0.018000000000000002	0.009000000000000001	0.016
Steroidobacteraceae	0.019	0.022000000000000002	0.017	0.017	0.021	0.011000000000000001	0.013	0.006999999999999999	0.013999999999999999	0.009000000000000001	0.018000000000000002	0.03	0.026	0.021	0.013	0.01	0.016	0.003	0.018000000000000002	0.018000000000000002	0.012	0.012	0.018000000000000002	0.015	0.009000000000000001	0.009000000000000001	0.016	0.01	0.012	0.016	0.011000000000000001	0.009000000000000001	0.02	0.018000000000000002	0.03	0.037	0.016	0.03	0.013999999999999999	0.013999999999999999	0.026	0.032	0.024	0.03	0.013	0.024	0.012	0.026
Onygenaceae	0.013999999999999999	0.023	0.02	0.011000000000000001	0.013	0.011000000000000001	0.012	0.009000000000000001	0.01	0.006	0.017	0.042	0.039	0.022000000000000002	0.02	0.01	0.015	0.011000000000000001	0.025	0.013	0.01	0.009000000000000001	0.009000000000000001	0.011000000000000001	0.016	0.015	0.016	0.013	0.01	0.008	0.009000000000000001	0.006999999999999999	0.027999999999999997	0.046	0.009000000000000001	0.025	0.011000000000000001	0.017	0.009000000000000001	0.026	0.036000000000000004	0.046	0.015	0.013999999999999999	0.016	0.008	0.012	0.02
Rhodovibrionaceae	0.019	0.019	0.019	0.018000000000000002	0.016	0.017	0.018000000000000002	0.01	0.011000000000000001	0.012	0.016	0.019	0.017	0.017	0.012	0.01	0.013999999999999999	0.008	0.017	0.013	0.012	0.013	0.013999999999999999	0.011000000000000001	0.013	0.009000000000000001	0.017	0.012	0.013999999999999999	0.012	0.012	0.01	0.015	0.022000000000000002	0.017	0.02	0.013999999999999999	0.013999999999999999	0.016	0.013	0.033	0.036000000000000004	0.034	0.037	0.022000000000000002	0.027999999999999997	0.015	0.027
Thiobacillaceae	0.02	0.02	0.018000000000000002	0.02	0.019	0.018000000000000002	0.017	0.009000000000000001	0.011000000000000001	0.011000000000000001	0.017	0.021	0.022000000000000002	0.018000000000000002	0.013999999999999999	0.012	0.013	0.008	0.015	0.013	0.011000000000000001	0.012	0.013	0.009000000000000001	0.009000000000000001	0.009000000000000001	0.015	0.011000000000000001	0.011000000000000001	0.013	0.01	0.006999999999999999	0.013999999999999999	0.022000000000000002	0.02	0.021	0.017	0.015	0.016	0.012	0.034	0.034	0.031	0.038	0.02	0.027999999999999997	0.013	0.03
Alteromonadaceae	0.022000000000000002	0.022000000000000002	0.029	0.02	0.026	0.021	0.025	0.016	0.011000000000000001	0.013999999999999999	0.017	0.021	0.02	0.016	0.013	0.013	0.012	0.008	0.015	0.012	0.012	0.012	0.011000000000000001	0.011000000000000001	0.013	0.009000000000000001	0.012	0.011000000000000001	0.012	0.011000000000000001	0.011000000000000001	0.008	0.018000000000000002	0.018000000000000002	0.017	0.019	0.015	0.015	0.013999999999999999	0.013	0.023	0.029	0.026	0.027	0.018000000000000002	0.017	0.012	0.024
Prevotellaceae	0.018000000000000002	0.017	0.024	0.02	0.023	0.019	0.027	0.018000000000000002	0.011000000000000001	0.011000000000000001	0.016	0.02	0.017	0.016	0.015	0.011000000000000001	0.012	0.008	0.013999999999999999	0.012	0.011000000000000001	0.011000000000000001	0.01	0.012	0.009000000000000001	0.01	0.015	0.008	0.011000000000000001	0.011000000000000001	0.011000000000000001	0.011000000000000001	0.022000000000000002	0.016	0.022000000000000002	0.022000000000000002	0.016	0.019	0.02	0.018000000000000002	0.025	0.023	0.02	0.024	0.018000000000000002	0.013	0.012	0.019
Crocinitomicaceae	0.054	0.056999999999999995	0.052	0.02	0.08800000000000001	0.041	0.091	0.06999999999999999	0.009000000000000001	0.006999999999999999	0.013999999999999999	0.005	0.013	0.006999999999999999	0.011000000000000001	0.02	0.006	0.004	0.001	0.013	0.006999999999999999	0.006999999999999999	0.002	0.01	0.011000000000000001	0.004	0.002	0.01	0.009000000000000001	0.008	0.003	0.003	0.006	0.002	0.003	0.006	0.003	0.003	0.019	0.004	0.003	0.003	0.002	0.006	0.011000000000000001	0.031	0.002	0.004
Cordycipitaceae	0.011000000000000001	0.02	0.033	0.015	0.015	0.016	0.016	0.011000000000000001	0.019	0.006	0.031	0.018000000000000002	0.017	0.019	0.012	0.01	0.022000000000000002	0.01	0.011000000000000001	0.013999999999999999	0.013999999999999999	0.02	0.012	0.009000000000000001	0.018000000000000002	0.015	0.017	0.017	0.013999999999999999	0.016	0.009000000000000001	0.006999999999999999	0.025	0.022000000000000002	0.016	0.025	0.013	0.016	0.012	0.019	0.013999999999999999	0.024	0.013	0.022000000000000002	0.013	0.017	0.008	0.011000000000000001
Candidatus Hopanoidivoransaceae	0.018000000000000002	0.017	0.017	0.016	0.015	0.018000000000000002	0.015	0.008	0.009000000000000001	0.008	0.009000000000000001	0.013	0.015	0.013	0.01	0.006999999999999999	0.012	0.009000000000000001	0.011000000000000001	0.012	0.012	0.012	0.013999999999999999	0.012	0.013	0.008	0.015	0.013	0.018000000000000002	0.013	0.012	0.008	0.013999999999999999	0.02	0.018000000000000002	0.013999999999999999	0.015	0.013	0.013	0.013	0.037	0.026	0.033	0.027	0.026	0.04	0.013	0.027
Haladaptataceae	0.017	0.015	0.019	0.016	0.015	0.016	0.019	0.012	0.009000000000000001	0.01	0.013999999999999999	0.018000000000000002	0.015	0.016	0.015	0.009000000000000001	0.016	0.011000000000000001	0.013999999999999999	0.013	0.013999999999999999	0.013999999999999999	0.013999999999999999	0.013	0.013999999999999999	0.012	0.013	0.013999999999999999	0.016	0.011000000000000001	0.012	0.01	0.017	0.022000000000000002	0.017	0.016	0.016	0.013999999999999999	0.015	0.016	0.027	0.024	0.025	0.023	0.019	0.022000000000000002	0.012	0.02
Caryophanaceae	0.015	0.026	0.023	0.015	0.015	0.016	0.018000000000000002	0.031	0.013	0.012	0.012	0.013	0.013	0.017	0.011000000000000001	0.01	0.009000000000000001	0.019	0.012	0.012	0.009000000000000001	0.009000000000000001	0.024	0.009000000000000001	0.01	0.015	0.01	0.012	0.01	0.009000000000000001	0.012	0.008	0.016	0.016	0.015	0.015	0.013999999999999999	0.013999999999999999	0.015	0.016	0.022000000000000002	0.019	0.022000000000000002	0.022000000000000002	0.024	0.038	0.011000000000000001	0.021
Rubrobacteraceae	0.017	0.017	0.018000000000000002	0.016	0.015	0.017	0.017	0.01	0.009000000000000001	0.008	0.011000000000000001	0.015	0.015	0.015	0.012	0.008	0.013999999999999999	0.011000000000000001	0.013999999999999999	0.013	0.012	0.013	0.013	0.012	0.012	0.011000000000000001	0.013999999999999999	0.012	0.013999999999999999	0.012	0.012	0.01	0.013999999999999999	0.026	0.018000000000000002	0.016	0.016	0.015	0.015	0.016	0.03	0.021	0.027	0.024	0.021	0.03	0.011000000000000001	0.023
Desulfuromonadaceae	0.017	0.016	0.013	0.015	0.015	0.015	0.015	0.006	0.006999999999999999	0.008	0.012	0.015	0.013999999999999999	0.013	0.01	0.006	0.012	0.004	0.009000000000000001	0.011000000000000001	0.009000000000000001	0.01	0.01	0.008	0.006999999999999999	0.006999999999999999	0.012	0.008	0.009000000000000001	0.008	0.009000000000000001	0.005	0.013	0.019	0.015	0.017	0.012	0.012	0.015	0.009000000000000001	0.044000000000000004	0.032	0.042	0.068	0.026	0.021	0.009000000000000001	0.051000000000000004
Alcanivoracaceae	0.019	0.019	0.017	0.016	0.02	0.016	0.017	0.009000000000000001	0.011000000000000001	0.01	0.016	0.019	0.018000000000000002	0.016	0.013999999999999999	0.009000000000000001	0.013999999999999999	0.008	0.013999999999999999	0.013999999999999999	0.013	0.013	0.013999999999999999	0.01	0.011000000000000001	0.01	0.015	0.011000000000000001	0.012	0.012	0.01	0.008	0.018000000000000002	0.017	0.02	0.02	0.015	0.013999999999999999	0.013999999999999999	0.013	0.026	0.026	0.025	0.029	0.013999999999999999	0.019	0.011000000000000001	0.023
Marasmiaceae	0.005	0.008	0.006	0.019	0.003	0.002	0.006999999999999999	0.006999999999999999	0.002	0.039	0.005	0.006	0.005	0.012	0.02	0.002	0.004	0.015	0.012	0.06999999999999999	0.011000000000000001	0.008	0.005	0.024	0.003	0.004	0.051000000000000004	0.009000000000000001	0.005	0.008	0.008	0.013	0.044000000000000004	0.017	0.027999999999999997	0.032	0.05	0.083	0.034	0.01	0.006	0.006	0.006999999999999999	0.006	0.004	0.003	0.005	0.004
Methylophilaceae	0.018000000000000002	0.034999999999999996	0.043	0.025	0.048	0.032	0.02	0.03	0.01	0.013999999999999999	0.019	0.013999999999999999	0.013999999999999999	0.015	0.013	0.018000000000000002	0.006999999999999999	0.006	0.01	0.006999999999999999	0.013999999999999999	0.006999999999999999	0.008	0.006	0.009000000000000001	0.006999999999999999	0.012	0.009000000000000001	0.013	0.013	0.011000000000000001	0.006	0.006	0.013	0.006	0.006999999999999999	0.016	0.006	0.015	0.006	0.015	0.018000000000000002	0.016	0.031	0.011000000000000001	0.02	0.008	0.023
Acidiferrobacteraceae	0.019	0.019	0.016	0.018000000000000002	0.019	0.017	0.016	0.008	0.012	0.009000000000000001	0.015	0.018000000000000002	0.019	0.017	0.013999999999999999	0.009000000000000001	0.013	0.005	0.015	0.013999999999999999	0.011000000000000001	0.011000000000000001	0.013	0.01	0.008	0.008	0.015	0.009000000000000001	0.011000000000000001	0.013	0.01	0.008	0.013	0.019	0.019	0.02	0.015	0.013999999999999999	0.013999999999999999	0.012	0.027999999999999997	0.025	0.024	0.026	0.015	0.022000000000000002	0.011000000000000001	0.023
Blastochloridaceae	0.017	0.018000000000000002	0.013	0.015	0.013999999999999999	0.015	0.017	0.009000000000000001	0.009000000000000001	0.01	0.012	0.015	0.013999999999999999	0.013	0.009000000000000001	0.008	0.012	0.008	0.015	0.012	0.011000000000000001	0.011000000000000001	0.012	0.01	0.012	0.009000000000000001	0.013999999999999999	0.013	0.012	0.011000000000000001	0.01	0.009000000000000001	0.011000000000000001	0.021	0.017	0.015	0.013	0.012	0.012	0.011000000000000001	0.031	0.03	0.034999999999999996	0.031	0.02	0.03	0.013999999999999999	0.026
Acidocellaceae	0.016	0.016	0.013999999999999999	0.013	0.013999999999999999	0.013	0.017	0.006	0.009000000000000001	0.012	0.013999999999999999	0.016	0.016	0.015	0.01	0.009000000000000001	0.012	0.006999999999999999	0.017	0.011000000000000001	0.01	0.009000000000000001	0.011000000000000001	0.008	0.01	0.008	0.015	0.01	0.011000000000000001	0.01	0.009000000000000001	0.008	0.013	0.02	0.013999999999999999	0.013999999999999999	0.013	0.012	0.013	0.01	0.029	0.032	0.033	0.034999999999999996	0.018000000000000002	0.027	0.013	0.025
Trichocomaceae	0.009000000000000001	0.017	0.026	0.01	0.011000000000000001	0.008	0.011000000000000001	0.008	0.012	0.006999999999999999	0.017	0.024	0.021	0.015	0.015	0.008	0.013999999999999999	0.021	0.037	0.012	0.009000000000000001	0.008	0.01	0.006999999999999999	0.013999999999999999	0.012	0.01	0.008	0.01	0.01	0.008	0.015	0.026	0.033	0.016	0.021	0.017	0.018000000000000002	0.01	0.018000000000000002	0.018000000000000002	0.025	0.013	0.013999999999999999	0.011000000000000001	0.006	0.009000000000000001	0.012
Hyphomonadaceae	0.016	0.019	0.016	0.015	0.018000000000000002	0.013999999999999999	0.015	0.008	0.008	0.009000000000000001	0.012	0.017	0.013999999999999999	0.015	0.01	0.008	0.012	0.006999999999999999	0.013	0.013999999999999999	0.013999999999999999	0.011000000000000001	0.015	0.008	0.015	0.009000000000000001	0.015	0.013	0.013999999999999999	0.012	0.011000000000000001	0.008	0.011000000000000001	0.016	0.018000000000000002	0.013999999999999999	0.012	0.011000000000000001	0.012	0.01	0.029	0.03	0.025	0.029	0.015	0.021	0.01	0.022000000000000002
Alsobacteraceae	0.015	0.013999999999999999	0.026	0.012	0.013	0.022000000000000002	0.015	0.009000000000000001	0.009000000000000001	0.011000000000000001	0.013	0.013999999999999999	0.017	0.018000000000000002	0.012	0.008	0.012	0.011000000000000001	0.012	0.011000000000000001	0.01	0.011000000000000001	0.012	0.011000000000000001	0.012	0.009000000000000001	0.016	0.013	0.013	0.009000000000000001	0.011000000000000001	0.009000000000000001	0.01	0.015	0.013999999999999999	0.013	0.012	0.01	0.012	0.011000000000000001	0.026	0.025	0.027	0.025	0.019	0.027	0.011000000000000001	0.02
Chelatococcaceae	0.015	0.015	0.015	0.013	0.015	0.013999999999999999	0.017	0.009000000000000001	0.008	0.009000000000000001	0.012	0.015	0.015	0.015	0.012	0.008	0.012	0.008	0.013999999999999999	0.013	0.012	0.01	0.012	0.01	0.013999999999999999	0.009000000000000001	0.013999999999999999	0.013	0.013999999999999999	0.011000000000000001	0.01	0.009000000000000001	0.012	0.018000000000000002	0.016	0.016	0.012	0.012	0.013999999999999999	0.01	0.026	0.025	0.026	0.027	0.019	0.027	0.012	0.021
Nostocaceae	0.013	0.013999999999999999	0.013999999999999999	0.012	0.013999999999999999	0.015	0.015	0.017	0.008	0.009000000000000001	0.012	0.012	0.013	0.011000000000000001	0.011000000000000001	0.009000000000000001	0.008	0.006	0.009000000000000001	0.008	0.006999999999999999	0.009000000000000001	0.006999999999999999	0.006999999999999999	0.008	0.005	0.006999999999999999	0.006	0.006999999999999999	0.006	0.008	0.005	0.017	0.08	0.012	0.013999999999999999	0.013	0.013999999999999999	0.012	0.018000000000000002	0.027999999999999997	0.02	0.058	0.019	0.021	0.015	0.013	0.018000000000000002
Demequinaceae	0.016	0.013999999999999999	0.016	0.013999999999999999	0.013999999999999999	0.017	0.017	0.006	0.006999999999999999	0.008	0.01	0.017	0.015	0.013	0.013999999999999999	0.006999999999999999	0.012	0.011000000000000001	0.012	0.012	0.012	0.011000000000000001	0.012	0.008	0.015	0.009000000000000001	0.013999999999999999	0.013999999999999999	0.016	0.012	0.01	0.008	0.012	0.017	0.015	0.013	0.013999999999999999	0.013999999999999999	0.017	0.011000000000000001	0.025	0.021	0.024	0.022000000000000002	0.021	0.024	0.013	0.02
Halobacteriaceae	0.017	0.013	0.018000000000000002	0.015	0.013999999999999999	0.015	0.015	0.009000000000000001	0.009000000000000001	0.01	0.012	0.015	0.015	0.015	0.011000000000000001	0.006999999999999999	0.013999999999999999	0.01	0.011000000000000001	0.013	0.012	0.012	0.013	0.011000000000000001	0.013	0.009000000000000001	0.013	0.012	0.013	0.012	0.012	0.009000000000000001	0.013	0.02	0.017	0.013999999999999999	0.013999999999999999	0.012	0.013999999999999999	0.013	0.024	0.02	0.021	0.022000000000000002	0.016	0.02	0.01	0.019
Rubricoccaceae	0.016	0.016	0.013999999999999999	0.015	0.015	0.013	0.016	0.008	0.009000000000000001	0.009000000000000001	0.012	0.015	0.015	0.015	0.011000000000000001	0.008	0.013	0.008	0.012	0.013	0.012	0.013	0.013	0.01	0.011000000000000001	0.009000000000000001	0.012	0.011000000000000001	0.013	0.012	0.011000000000000001	0.009000000000000001	0.013999999999999999	0.019	0.016	0.013999999999999999	0.013999999999999999	0.013	0.013	0.013	0.025	0.021	0.022000000000000002	0.021	0.017	0.021	0.011000000000000001	0.019
Aquaspirillaceae	0.012	0.018000000000000002	0.015	0.011000000000000001	0.026	0.021	0.011000000000000001	0.009000000000000001	0.006	0.006999999999999999	0.011000000000000001	0.013	0.01	0.011000000000000001	0.008	0.006	0.008	0.009000000000000001	0.009000000000000001	0.009000000000000001	0.011000000000000001	0.006999999999999999	0.008	0.006999999999999999	0.009000000000000001	0.012	0.009000000000000001	0.006	0.013	0.008	0.008	0.004	0.011000000000000001	0.013	0.011000000000000001	0.013999999999999999	0.01	0.009000000000000001	0.011000000000000001	0.009000000000000001	0.031	0.031	0.041	0.037	0.019	0.025	0.006999999999999999	0.027
Salinilacustritrichaceae	0.015	0.016	0.013	0.012	0.012	0.013999999999999999	0.013999999999999999	0.006	0.006	0.006999999999999999	0.008	0.012	0.011000000000000001	0.009000000000000001	0.008	0.005	0.011000000000000001	0.008	0.008	0.011000000000000001	0.011000000000000001	0.011000000000000001	0.012	0.01	0.012	0.006	0.011000000000000001	0.011000000000000001	0.018000000000000002	0.011000000000000001	0.012	0.006999999999999999	0.008	0.015	0.013999999999999999	0.013	0.013	0.011000000000000001	0.01	0.011000000000000001	0.034	0.023	0.027999999999999997	0.023	0.023	0.036000000000000004	0.011000000000000001	0.023
Tannerellaceae	0.019	0.013	0.02	0.016	0.015	0.013999999999999999	0.017	0.011000000000000001	0.008	0.009000000000000001	0.012	0.015	0.013	0.015	0.012	0.008	0.009000000000000001	0.004	0.01	0.011000000000000001	0.009000000000000001	0.008	0.006999999999999999	0.011000000000000001	0.005	0.006999999999999999	0.013	0.006	0.01	0.009000000000000001	0.01	0.008	0.027	0.012	0.019	0.021	0.013	0.013999999999999999	0.017	0.013999999999999999	0.02	0.024	0.013999999999999999	0.018000000000000002	0.012	0.009000000000000001	0.011000000000000001	0.017
Peptostreptococcaceae	0.009000000000000001	0.025	0.011000000000000001	0.011000000000000001	0.012	0.013999999999999999	0.012	0.058	0.009000000000000001	0.011000000000000001	0.01	0.013	0.006999999999999999	0.006999999999999999	0.006999999999999999	0.013999999999999999	0.004	0.009000000000000001	0.011000000000000001	0.013999999999999999	0.006999999999999999	0.005	0.004	0.006	0.006	0.005	0.004	0.009000000000000001	0.006	0.006	0.006	0.006	0.02	0.013	0.015	0.016	0.011000000000000001	0.025	0.013999999999999999	0.043	0.011000000000000001	0.018000000000000002	0.013999999999999999	0.009000000000000001	0.023	0.008	0.01	0.009000000000000001
Atopobiaceae	0.015	0.016	0.013999999999999999	0.015	0.013999999999999999	0.013999999999999999	0.017	0.008	0.006999999999999999	0.006999999999999999	0.01	0.012	0.012	0.012	0.009000000000000001	0.006999999999999999	0.009000000000000001	0.006	0.01	0.008	0.009000000000000001	0.006999999999999999	0.008	0.006999999999999999	0.008	0.006	0.011000000000000001	0.008	0.011000000000000001	0.009000000000000001	0.008	0.006	0.01	0.015	0.015	0.013	0.013	0.009000000000000001	0.011000000000000001	0.01	0.026	0.023	0.024	0.026	0.019	0.024	0.012	0.022000000000000002
Pasteurellaceae	0.018000000000000002	0.017	0.016	0.013	0.019	0.017	0.019	0.021	0.01	0.01	0.012	0.015	0.012	0.011000000000000001	0.01	0.012	0.008	0.008	0.009000000000000001	0.008	0.009000000000000001	0.008	0.006999999999999999	0.009000000000000001	0.008	0.006999999999999999	0.008	0.006999999999999999	0.009000000000000001	0.008	0.009000000000000001	0.006	0.015	0.016	0.013	0.015	0.01	0.013	0.012	0.013999999999999999	0.016	0.017	0.019	0.017	0.017	0.01	0.01	0.017
Candidatus Palauibacteraceae	0.016	0.013	0.013	0.013999999999999999	0.013999999999999999	0.013	0.012	0.006	0.008	0.008	0.01	0.013	0.013999999999999999	0.013	0.009000000000000001	0.006999999999999999	0.011000000000000001	0.006	0.01	0.011000000000000001	0.009000000000000001	0.009000000000000001	0.01	0.009000000000000001	0.009000000000000001	0.006999999999999999	0.01	0.008	0.01	0.009000000000000001	0.009000000000000001	0.006999999999999999	0.011000000000000001	0.018000000000000002	0.015	0.013	0.012	0.01	0.011000000000000001	0.01	0.025	0.02	0.022000000000000002	0.022000000000000002	0.015	0.022000000000000002	0.009000000000000001	0.019
Leptospiraceae	0.018000000000000002	0.026	0.017	0.032	0.021	0.024	0.011000000000000001	0.015	0.005	0.005	0.006	0.009000000000000001	0.008	0.022000000000000002	0.005	0.005	0.006999999999999999	0.005	0.006999999999999999	0.01	0.006999999999999999	0.008	0.006999999999999999	0.009000000000000001	0.006999999999999999	0.005	0.009000000000000001	0.006	0.008	0.005	0.008	0.005	0.012	0.013999999999999999	0.029	0.016	0.017	0.012	0.012	0.01	0.021	0.013	0.017	0.019	0.012	0.013	0.006	0.013999999999999999
Pseudobdellovibrionaceae	0.013999999999999999	0.018000000000000002	0.016	0.012	0.021	0.017	0.016	0.013	0.009000000000000001	0.008	0.023	0.016	0.013999999999999999	0.012	0.013	0.008	0.011000000000000001	0.006999999999999999	0.009000000000000001	0.009000000000000001	0.012	0.009000000000000001	0.01	0.006999999999999999	0.013999999999999999	0.011000000000000001	0.009000000000000001	0.01	0.013	0.008	0.008	0.006999999999999999	0.011000000000000001	0.01	0.01	0.013999999999999999	0.011000000000000001	0.009000000000000001	0.01	0.008	0.015	0.016	0.011000000000000001	0.013999999999999999	0.012	0.013999999999999999	0.006	0.013
Casimicrobiaceae	0.009000000000000001	0.015	0.008	0.018000000000000002	0.008	0.006	0.006999999999999999	0.004	0.012	0.013	0.012	0.022000000000000002	0.013	0.019	0.015	0.011000000000000001	0.013	0.002	0.015	0.006	0.008	0.009000000000000001	0.012	0.004	0.006	0.003	0.012	0.011000000000000001	0.004	0.005	0.005	0.006	0.006999999999999999	0.013	0.021	0.021	0.006	0.006	0.005	0.016	0.027999999999999997	0.026	0.013999999999999999	0.027999999999999997	0.016	0.019	0.006	0.023
Prochlorococcaceae	0.013999999999999999	0.013	0.013999999999999999	0.013	0.017	0.016	0.016	0.027999999999999997	0.011000000000000001	0.013	0.01	0.01	0.011000000000000001	0.009000000000000001	0.009000000000000001	0.012	0.008	0.01	0.012	0.009000000000000001	0.01	0.009000000000000001	0.006999999999999999	0.01	0.006999999999999999	0.006	0.008	0.006999999999999999	0.009000000000000001	0.008	0.008	0.006999999999999999	0.012	0.015	0.011000000000000001	0.011000000000000001	0.01	0.011000000000000001	0.01	0.016	0.013999999999999999	0.013	0.018000000000000002	0.013999999999999999	0.022000000000000002	0.011000000000000001	0.011000000000000001	0.015
Thalassospiraceae	0.012	0.013	0.013999999999999999	0.01	0.013	0.011000000000000001	0.013999999999999999	0.006999999999999999	0.006999999999999999	0.009000000000000001	0.012	0.015	0.013	0.012	0.009000000000000001	0.008	0.009000000000000001	0.006	0.012	0.009000000000000001	0.01	0.008	0.008	0.006999999999999999	0.011000000000000001	0.008	0.011000000000000001	0.009000000000000001	0.011000000000000001	0.008	0.006999999999999999	0.006	0.009000000000000001	0.013999999999999999	0.012	0.013	0.01	0.009000000000000001	0.01	0.008	0.022000000000000002	0.027	0.025	0.027	0.013999999999999999	0.016	0.011000000000000001	0.019
Trichosporonaceae	0.011000000000000001	0.012	0.015	0.012	0.013999999999999999	0.013	0.013	0.013999999999999999	0.006999999999999999	0.013999999999999999	0.011000000000000001	0.012	0.011000000000000001	0.013999999999999999	0.011000000000000001	0.006999999999999999	0.009000000000000001	0.008	0.009000000000000001	0.008	0.009000000000000001	0.008	0.008	0.008	0.009000000000000001	0.006999999999999999	0.012	0.008	0.009000000000000001	0.009000000000000001	0.008	0.009000000000000001	0.02	0.023	0.02	0.016	0.013	0.013	0.019	0.013999999999999999	0.013	0.015	0.015	0.015	0.011000000000000001	0.011000000000000001	0.006999999999999999	0.01
Methylopilaceae	0.011000000000000001	0.009000000000000001	0.012	0.009000000000000001	0.011000000000000001	0.009000000000000001	0.012	0.005	0.006999999999999999	0.009000000000000001	0.011000000000000001	0.013999999999999999	0.013999999999999999	0.01	0.01	0.008	0.013	0.008	0.009000000000000001	0.012	0.02	0.009000000000000001	0.013	0.008	0.029	0.015	0.013999999999999999	0.017	0.018000000000000002	0.011000000000000001	0.009000000000000001	0.006999999999999999	0.008	0.012	0.01	0.009000000000000001	0.009000000000000001	0.009000000000000001	0.009000000000000001	0.006999999999999999	0.017	0.016	0.017	0.016	0.013	0.016	0.009000000000000001	0.013999999999999999
Debaryomycetaceae	0.011000000000000001	0.013	0.017	0.012	0.013999999999999999	0.016	0.016	0.019	0.006999999999999999	0.009000000000000001	0.011000000000000001	0.015	0.016	0.012	0.011000000000000001	0.009000000000000001	0.006999999999999999	0.008	0.011000000000000001	0.006999999999999999	0.006999999999999999	0.006999999999999999	0.006	0.008	0.01	0.008	0.006999999999999999	0.006999999999999999	0.01	0.006	0.009000000000000001	0.006	0.021	0.024	0.013	0.015	0.01	0.012	0.013	0.02	0.013	0.017	0.013999999999999999	0.011000000000000001	0.017	0.006999999999999999	0.01	0.011000000000000001
Sulfuricellaceae	0.024	0.013	0.024	0.012	0.013	0.012	0.022000000000000002	0.006	0.006999999999999999	0.006	0.01	0.011000000000000001	0.019	0.01	0.008	0.006	0.006999999999999999	0.004	0.008	0.017	0.006	0.011000000000000001	0.006	0.011000000000000001	0.005	0.004	0.008	0.005	0.006999999999999999	0.006	0.005	0.004	0.015	0.01	0.01	0.011000000000000001	0.009000000000000001	0.008	0.006999999999999999	0.006	0.025	0.023	0.022000000000000002	0.034	0.013999999999999999	0.018000000000000002	0.009000000000000001	0.022000000000000002
Stellaceae	0.012	0.011000000000000001	0.013	0.01	0.01	0.011000000000000001	0.011000000000000001	0.006999999999999999	0.006999999999999999	0.006999999999999999	0.011000000000000001	0.01	0.012	0.012	0.009000000000000001	0.006	0.009000000000000001	0.006	0.011000000000000001	0.009000000000000001	0.012	0.009000000000000001	0.01	0.009000000000000001	0.012	0.006999999999999999	0.012	0.01	0.012	0.01	0.008	0.006999999999999999	0.008	0.016	0.011000000000000001	0.012	0.01	0.01	0.01	0.009000000000000001	0.023	0.024	0.024	0.023	0.016	0.02	0.01	0.019
Ancalomicrobiaceae	0.012	0.013999999999999999	0.012	0.01	0.01	0.011000000000000001	0.013	0.006	0.006999999999999999	0.009000000000000001	0.01	0.013	0.012	0.013	0.009000000000000001	0.006	0.01	0.006	0.011000000000000001	0.009000000000000001	0.008	0.008	0.009000000000000001	0.008	0.01	0.006999999999999999	0.011000000000000001	0.008	0.01	0.009000000000000001	0.008	0.006	0.01	0.015	0.012	0.013	0.01	0.009000000000000001	0.01	0.009000000000000001	0.02	0.023	0.023	0.023	0.015	0.02	0.011000000000000001	0.018000000000000002
Hafniaceae	0.013999999999999999	0.012	0.016	0.011000000000000001	0.011000000000000001	0.011000000000000001	0.023	0.008	0.006999999999999999	0.008	0.01	0.013	0.013	0.013	0.009000000000000001	0.006999999999999999	0.015	0.005	0.015	0.008	0.008	0.006999999999999999	0.008	0.011000000000000001	0.006999999999999999	0.006	0.013999999999999999	0.006	0.006999999999999999	0.009000000000000001	0.006999999999999999	0.005	0.011000000000000001	0.013	0.011000000000000001	0.012	0.009000000000000001	0.009000000000000001	0.01	0.009000000000000001	0.018000000000000002	0.021	0.019	0.02	0.012	0.015	0.008	0.016
Terrirubraceae	0.012	0.012	0.013	0.012	0.011000000000000001	0.012	0.013	0.006	0.008	0.006999999999999999	0.008	0.013999999999999999	0.012	0.011000000000000001	0.006999999999999999	0.005	0.008	0.006	0.012	0.009000000000000001	0.008	0.006999999999999999	0.009000000000000001	0.009000000000000001	0.009000000000000001	0.006999999999999999	0.011000000000000001	0.01	0.011000000000000001	0.006999999999999999	0.008	0.006999999999999999	0.008	0.013999999999999999	0.011000000000000001	0.011000000000000001	0.008	0.008	0.009000000000000001	0.006999999999999999	0.021	0.022000000000000002	0.025	0.021	0.013999999999999999	0.023	0.013999999999999999	0.017
Arcobacteraceae	0.01	0.011000000000000001	0.012	0.011000000000000001	0.013	0.015	0.015	0.034999999999999996	0.011000000000000001	0.015	0.011000000000000001	0.011000000000000001	0.01	0.009000000000000001	0.01	0.013999999999999999	0.005	0.01	0.011000000000000001	0.006999999999999999	0.008	0.006999999999999999	0.004	0.008	0.006999999999999999	0.006	0.006	0.005	0.006	0.006999999999999999	0.009000000000000001	0.006999999999999999	0.017	0.013999999999999999	0.013	0.011000000000000001	0.011000000000000001	0.013	0.012	0.022000000000000002	0.011000000000000001	0.006999999999999999	0.013999999999999999	0.006999999999999999	0.021	0.005	0.011000000000000001	0.011000000000000001
Pseudoalteromonadaceae	0.015	0.013999999999999999	0.018000000000000002	0.012	0.017	0.015	0.017	0.015	0.009000000000000001	0.009000000000000001	0.013	0.012	0.011000000000000001	0.01	0.011000000000000001	0.01	0.006999999999999999	0.006999999999999999	0.009000000000000001	0.008	0.009000000000000001	0.006999999999999999	0.006	0.006999999999999999	0.008	0.006999999999999999	0.008	0.006999999999999999	0.009000000000000001	0.006	0.006999999999999999	0.005	0.013	0.011000000000000001	0.012	0.012	0.009000000000000001	0.011000000000000001	0.01	0.013	0.013999999999999999	0.015	0.015	0.015	0.012	0.009000000000000001	0.009000000000000001	0.013999999999999999
Sedimenticolaceae	0.013	0.013	0.013	0.011000000000000001	0.015	0.011000000000000001	0.012	0.006999999999999999	0.008	0.006999999999999999	0.012	0.013999999999999999	0.013999999999999999	0.012	0.009000000000000001	0.006	0.008	0.004	0.01	0.009000000000000001	0.008	0.008	0.009000000000000001	0.006999999999999999	0.006999999999999999	0.005	0.01	0.006999999999999999	0.008	0.009000000000000001	0.006999999999999999	0.005	0.01	0.013	0.013	0.015	0.01	0.01	0.01	0.008	0.02	0.019	0.019	0.019	0.011000000000000001	0.013999999999999999	0.009000000000000001	0.018000000000000002
Thermaceae	0.012	0.015	0.012	0.013	0.011000000000000001	0.013	0.013	0.01	0.006	0.006999999999999999	0.009000000000000001	0.01	0.011000000000000001	0.012	0.008	0.006	0.01	0.006	0.008	0.009000000000000001	0.008	0.009000000000000001	0.009000000000000001	0.008	0.008	0.006	0.01	0.008	0.01	0.008	0.006999999999999999	0.005	0.011000000000000001	0.016	0.012	0.012	0.01	0.01	0.011000000000000001	0.009000000000000001	0.02	0.016	0.018000000000000002	0.018000000000000002	0.013	0.017	0.008	0.016
Bryobacteraceae	0.011000000000000001	0.012	0.009000000000000001	0.009000000000000001	0.01	0.009000000000000001	0.012	0.004	0.006999999999999999	0.006999999999999999	0.009000000000000001	0.012	0.01	0.012	0.005	0.005	0.006	0.003	0.011000000000000001	0.006999999999999999	0.005	0.005	0.006	0.005	0.005	0.004	0.008	0.004	0.006	0.006	0.006	0.004	0.006999999999999999	0.022000000000000002	0.01	0.009000000000000001	0.009000000000000001	0.008	0.009000000000000001	0.006999999999999999	0.027	0.027	0.034	0.036000000000000004	0.017	0.017	0.011000000000000001	0.026
Blastomonadaceae	0.012	0.012	0.013999999999999999	0.008	0.013	0.012	0.013	0.006	0.008	0.006999999999999999	0.011000000000000001	0.013999999999999999	0.013999999999999999	0.013	0.012	0.006999999999999999	0.011000000000000001	0.006	0.011000000000000001	0.009000000000000001	0.011000000000000001	0.009000000000000001	0.011000000000000001	0.006999999999999999	0.013999999999999999	0.008	0.011000000000000001	0.01	0.009000000000000001	0.009000000000000001	0.008	0.006999999999999999	0.008	0.011000000000000001	0.01	0.01	0.01	0.006999999999999999	0.008	0.006999999999999999	0.015	0.017	0.013999999999999999	0.015	0.012	0.013	0.006999999999999999	0.013
Parvularculaceae	0.012	0.013	0.011000000000000001	0.011000000000000001	0.012	0.01	0.013	0.006	0.006	0.006999999999999999	0.011000000000000001	0.013999999999999999	0.011000000000000001	0.013	0.008	0.006	0.009000000000000001	0.005	0.011000000000000001	0.008	0.008	0.006999999999999999	0.008	0.006999999999999999	0.009000000000000001	0.006	0.01	0.008	0.006999999999999999	0.009000000000000001	0.006999999999999999	0.005	0.008	0.012	0.011000000000000001	0.012	0.01	0.008	0.01	0.008	0.018000000000000002	0.021	0.019	0.02	0.011000000000000001	0.013999999999999999	0.008	0.016
Kytococcaceae	0.012	0.01	0.011000000000000001	0.009000000000000001	0.009000000000000001	0.012	0.01	0.005	0.005	0.006	0.006999999999999999	0.01	0.009000000000000001	0.009000000000000001	0.008	0.005	0.009000000000000001	0.006999999999999999	0.008	0.008	0.01	0.009000000000000001	0.009000000000000001	0.008	0.01	0.006999999999999999	0.008	0.01	0.011000000000000001	0.006999999999999999	0.008	0.006	0.01	0.016	0.012	0.01	0.01	0.012	0.012	0.01	0.016	0.013999999999999999	0.016	0.015	0.02	0.015	0.006999999999999999	0.021
Salinarimonadaceae	0.012	0.01	0.011000000000000001	0.009000000000000001	0.009000000000000001	0.01	0.011000000000000001	0.005	0.006	0.006999999999999999	0.008	0.011000000000000001	0.011000000000000001	0.01	0.006999999999999999	0.006	0.009000000000000001	0.006	0.009000000000000001	0.009000000000000001	0.009000000000000001	0.008	0.009000000000000001	0.006999999999999999	0.009000000000000001	0.006	0.009000000000000001	0.008	0.01	0.006999999999999999	0.008	0.006	0.009000000000000001	0.012	0.012	0.009000000000000001	0.01	0.008	0.009000000000000001	0.006999999999999999	0.019	0.018000000000000002	0.02	0.017	0.013	0.019	0.008	0.016
Nitrospiraceae	0.012	0.012	0.01	0.013999999999999999	0.012	0.011000000000000001	0.01	0.006999999999999999	0.006999999999999999	0.006	0.009000000000000001	0.011000000000000001	0.011000000000000001	0.01	0.006999999999999999	0.006	0.006999999999999999	0.004	0.009000000000000001	0.006999999999999999	0.006999999999999999	0.006	0.006999999999999999	0.006	0.006	0.005	0.008	0.006	0.006999999999999999	0.006999999999999999	0.006	0.005	0.009000000000000001	0.015	0.011000000000000001	0.012	0.009000000000000001	0.008	0.009000000000000001	0.006999999999999999	0.021	0.019	0.021	0.021	0.011000000000000001	0.015	0.008	0.018000000000000002
Campylobacteraceae	0.009000000000000001	0.011000000000000001	0.011000000000000001	0.011000000000000001	0.012	0.015	0.013999999999999999	0.03	0.011000000000000001	0.009000000000000001	0.009000000000000001	0.009000000000000001	0.009000000000000001	0.009000000000000001	0.009000000000000001	0.011000000000000001	0.005	0.006999999999999999	0.008	0.006999999999999999	0.006	0.006999999999999999	0.005	0.006	0.006999999999999999	0.006999999999999999	0.005	0.006	0.006	0.006	0.006999999999999999	0.006	0.016	0.012	0.013	0.012	0.01	0.013	0.013	0.016	0.009000000000000001	0.009000000000000001	0.013	0.008	0.015	0.006	0.006999999999999999	0.009000000000000001
Actinopolymorphaceae	0.01	0.009000000000000001	0.006999999999999999	0.009000000000000001	0.006	0.01	0.009000000000000001	0.006	0.005	0.006999999999999999	0.006999999999999999	0.008	0.01	0.011000000000000001	0.009000000000000001	0.005	0.01	0.01	0.009000000000000001	0.009000000000000001	0.009000000000000001	0.01	0.008	0.008	0.011000000000000001	0.008	0.01	0.01	0.01	0.008	0.008	0.008	0.011000000000000001	0.015	0.011000000000000001	0.011000000000000001	0.011000000000000001	0.012	0.011000000000000001	0.01	0.015	0.013	0.017	0.015	0.011000000000000001	0.013999999999999999	0.008	0.01
Alicyclobacillaceae	0.017	0.016	0.009000000000000001	0.008	0.009000000000000001	0.016	0.016	0.006999999999999999	0.006	0.006	0.009000000000000001	0.01	0.013999999999999999	0.013999999999999999	0.008	0.005	0.006999999999999999	0.004	0.008	0.006999999999999999	0.006	0.006999999999999999	0.006	0.006	0.009000000000000001	0.005	0.009000000000000001	0.006	0.01	0.006	0.006	0.004	0.009000000000000001	0.019	0.009000000000000001	0.013999999999999999	0.008	0.008	0.006999999999999999	0.009000000000000001	0.016	0.016	0.015	0.017	0.01	0.013	0.006999999999999999	0.013999999999999999
Sporichthyaceae	0.008	0.009000000000000001	0.009000000000000001	0.01	0.006999999999999999	0.008	0.009000000000000001	0.004	0.005	0.006	0.006999999999999999	0.012	0.011000000000000001	0.01	0.009000000000000001	0.006	0.01	0.006999999999999999	0.008	0.006999999999999999	0.009000000000000001	0.006	0.006999999999999999	0.006	0.011000000000000001	0.005	0.009000000000000001	0.009000000000000001	0.011000000000000001	0.006999999999999999	0.006	0.005	0.008	0.013999999999999999	0.01	0.009000000000000001	0.011000000000000001	0.008	0.009000000000000001	0.009000000000000001	0.021	0.017	0.019	0.02	0.01	0.017	0.009000000000000001	0.015
Sarcocystidae	0.01	0.01	0.011000000000000001	0.009000000000000001	0.01	0.012	0.011000000000000001	0.013	0.006	0.008	0.01	0.009000000000000001	0.013	0.012	0.012	0.006999999999999999	0.006999999999999999	0.006	0.006	0.006999999999999999	0.006	0.006	0.006	0.006	0.008	0.006	0.006999999999999999	0.006	0.008	0.006	0.006999999999999999	0.006	0.015	0.016	0.01	0.015	0.009000000000000001	0.008	0.013	0.017	0.011000000000000001	0.011000000000000001	0.013	0.009000000000000001	0.01	0.008	0.006	0.009000000000000001
Glycomycetaceae	0.009000000000000001	0.006999999999999999	0.011000000000000001	0.008	0.008	0.008	0.008	0.004	0.005	0.006	0.006999999999999999	0.008	0.009000000000000001	0.009000000000000001	0.006999999999999999	0.004	0.01	0.008	0.009000000000000001	0.01	0.01	0.01	0.009000000000000001	0.013999999999999999	0.01	0.006999999999999999	0.009000000000000001	0.01	0.01	0.011000000000000001	0.008	0.009000000000000001	0.008	0.013	0.011000000000000001	0.01	0.011000000000000001	0.011000000000000001	0.01	0.01	0.012	0.012	0.013	0.012	0.009000000000000001	0.012	0.006	0.01
Anoxybacillaceae	0.008	0.006999999999999999	0.006999999999999999	0.012	0.008	0.006	0.009000000000000001	0.008	0.006999999999999999	0.006999999999999999	0.01	0.011000000000000001	0.006999999999999999	0.006	0.01	0.006999999999999999	0.008	0.006	0.008	0.006999999999999999	0.006999999999999999	0.006999999999999999	0.006999999999999999	0.006999999999999999	0.004	0.006	0.005	0.006	0.004	0.006999999999999999	0.006999999999999999	0.005	0.01	0.009000000000000001	0.01	0.006	0.01	0.009000000000000001	0.01	0.01	0.018000000000000002	0.019	0.018000000000000002	0.018000000000000002	0.013	0.009000000000000001	0.008	0.015
Rhodothermaceae	0.011000000000000001	0.011000000000000001	0.011000000000000001	0.009000000000000001	0.01	0.011000000000000001	0.01	0.005	0.006	0.005	0.006999999999999999	0.008	0.01	0.009000000000000001	0.008	0.005	0.006999999999999999	0.004	0.008	0.006999999999999999	0.006	0.006	0.006999999999999999	0.006	0.006	0.005	0.008	0.006	0.006999999999999999	0.006999999999999999	0.006	0.004	0.009000000000000001	0.012	0.01	0.01	0.008	0.008	0.008	0.008	0.017	0.015	0.017	0.016	0.011000000000000001	0.013999999999999999	0.006999999999999999	0.013999999999999999
Vulgatibacteraceae	0.012	0.01	0.011000000000000001	0.012	0.011000000000000001	0.01	0.012	0.004	0.006	0.006	0.008	0.01	0.01	0.009000000000000001	0.006	0.004	0.006999999999999999	0.003	0.006	0.006999999999999999	0.006	0.005	0.006	0.004	0.005	0.004	0.006999999999999999	0.005	0.006	0.005	0.005	0.003	0.009000000000000001	0.013	0.01	0.009000000000000001	0.008	0.006	0.006999999999999999	0.006	0.018000000000000002	0.015	0.017	0.017	0.009000000000000001	0.027999999999999997	0.008	0.013999999999999999
Legionellaceae	0.013999999999999999	0.015	0.018000000000000002	0.011000000000000001	0.013	0.013	0.015	0.013	0.005	0.006999999999999999	0.008	0.01	0.009000000000000001	0.008	0.008	0.006999999999999999	0.005	0.005	0.009000000000000001	0.005	0.006999999999999999	0.006	0.005	0.006	0.005	0.005	0.005	0.006	0.008	0.005	0.005	0.004	0.009000000000000001	0.01	0.006999999999999999	0.008	0.006	0.006999999999999999	0.006	0.008	0.013999999999999999	0.013999999999999999	0.011000000000000001	0.015	0.01	0.008	0.006	0.013999999999999999
Minwuiaceae	0.01	0.01	0.008	0.008	0.008	0.006999999999999999	0.011000000000000001	0.005	0.006	0.005	0.006999999999999999	0.01	0.01	0.01	0.008	0.006	0.006999999999999999	0.004	0.009000000000000001	0.006999999999999999	0.006999999999999999	0.006999999999999999	0.006	0.005	0.006999999999999999	0.005	0.009000000000000001	0.006	0.006999999999999999	0.006	0.006	0.006	0.006999999999999999	0.011000000000000001	0.009000000000000001	0.008	0.008	0.006999999999999999	0.008	0.006999999999999999	0.017	0.017	0.017	0.018000000000000002	0.011000000000000001	0.015	0.006999999999999999	0.013999999999999999
Prolixibacteraceae	0.012	0.009000000000000001	0.013999999999999999	0.011000000000000001	0.013	0.011000000000000001	0.012	0.011000000000000001	0.005	0.006	0.01	0.01	0.01	0.006999999999999999	0.008	0.005	0.006	0.003	0.006999999999999999	0.008	0.006999999999999999	0.006	0.005	0.006999999999999999	0.006999999999999999	0.005	0.008	0.006	0.006	0.006	0.005	0.005	0.011000000000000001	0.008	0.013	0.013	0.008	0.01	0.011000000000000001	0.011000000000000001	0.012	0.012	0.01	0.011000000000000001	0.009000000000000001	0.006999999999999999	0.005	0.01
Selenomonadaceae	0.01	0.012	0.01	0.011000000000000001	0.01	0.009000000000000001	0.009000000000000001	0.008	0.005	0.006	0.008	0.009000000000000001	0.008	0.008	0.006999999999999999	0.006	0.006999999999999999	0.004	0.006999999999999999	0.006	0.006	0.006	0.006999999999999999	0.005	0.006	0.005	0.006999999999999999	0.005	0.006999999999999999	0.005	0.006	0.004	0.009000000000000001	0.013	0.009000000000000001	0.009000000000000001	0.008	0.008	0.009000000000000001	0.009000000000000001	0.017	0.015	0.017	0.015	0.01	0.012	0.006999999999999999	0.013999999999999999
Acidithiobacillaceae	0.01	0.01	0.011000000000000001	0.009000000000000001	0.01	0.009000000000000001	0.012	0.006999999999999999	0.005	0.006	0.009000000000000001	0.011000000000000001	0.009000000000000001	0.009000000000000001	0.006	0.006	0.006999999999999999	0.004	0.009000000000000001	0.006999999999999999	0.006999999999999999	0.006	0.006999999999999999	0.006	0.006	0.005	0.006999999999999999	0.005	0.005	0.006	0.005	0.004	0.008	0.011000000000000001	0.008	0.009000000000000001	0.006999999999999999	0.006999999999999999	0.008	0.008	0.016	0.016	0.015	0.017	0.01	0.012	0.008	0.015
Fusobacteriaceae	0.006	0.009000000000000001	0.008	0.009000000000000001	0.009000000000000001	0.011000000000000001	0.011000000000000001	0.027999999999999997	0.008	0.009000000000000001	0.006999999999999999	0.01	0.008	0.006	0.006999999999999999	0.009000000000000001	0.004	0.008	0.009000000000000001	0.005	0.006	0.005	0.004	0.006	0.006	0.005	0.004	0.004	0.005	0.006	0.006999999999999999	0.005	0.016	0.011000000000000001	0.013999999999999999	0.011000000000000001	0.006999999999999999	0.011000000000000001	0.01	0.017	0.006999999999999999	0.006	0.013	0.006	0.015	0.005	0.006999999999999999	0.006999999999999999
Phycisphaeraceae	0.011000000000000001	0.009000000000000001	0.01	0.009000000000000001	0.009000000000000001	0.008	0.008	0.004	0.005	0.006	0.006999999999999999	0.009000000000000001	0.01	0.009000000000000001	0.006999999999999999	0.005	0.008	0.004	0.006999999999999999	0.006999999999999999	0.006999999999999999	0.006999999999999999	0.008	0.006	0.006999999999999999	0.005	0.009000000000000001	0.006999999999999999	0.008	0.006999999999999999	0.006	0.005	0.008	0.011000000000000001	0.01	0.009000000000000001	0.009000000000000001	0.008	0.008	0.006	0.019	0.013999999999999999	0.013999999999999999	0.015	0.009000000000000001	0.012	0.006	0.013
Pucciniaceae	0.006999999999999999	0.01	0.011000000000000001	0.008	0.009000000000000001	0.011000000000000001	0.008	0.023	0.005	0.009000000000000001	0.008	0.006999999999999999	0.013	0.012	0.011000000000000001	0.006999999999999999	0.005	0.006999999999999999	0.006999999999999999	0.005	0.005	0.005	0.004	0.006	0.006	0.005	0.006	0.003	0.006999999999999999	0.005	0.006	0.006	0.013	0.013	0.009000000000000001	0.011000000000000001	0.008	0.008	0.01	0.015	0.008	0.008	0.012	0.006999999999999999	0.012	0.005	0.006	0.006999999999999999
Ceratobasidiaceae	0.006	0.006	0.013999999999999999	0.006	0.006999999999999999	0.016	0.013	0.015	0.003	0.013999999999999999	0.004	0.006999999999999999	0.006	0.006	0.005	0.002	0.002	0.008	0.006	0.008	0.01	0.004	0.003	0.006999999999999999	0.005	0.003	0.008	0.003	0.004	0.005	0.004	0.008	0.026	0.017	0.013	0.02	0.012	0.012	0.019	0.013	0.005	0.005	0.011000000000000001	0.006999999999999999	0.006999999999999999	0.004	0.004	0.004
Bradymonadaceae	0.011000000000000001	0.009000000000000001	0.009000000000000001	0.01	0.012	0.009000000000000001	0.01	0.005	0.006	0.005	0.009000000000000001	0.009000000000000001	0.008	0.008	0.006999999999999999	0.005	0.008	0.004	0.006999999999999999	0.006999999999999999	0.006	0.006	0.008	0.006	0.006	0.004	0.006999999999999999	0.005	0.006999999999999999	0.006	0.005	0.004	0.008	0.011000000000000001	0.008	0.009000000000000001	0.009000000000000001	0.006999999999999999	0.008	0.006999999999999999	0.015	0.013	0.013999999999999999	0.013	0.008	0.01	0.006999999999999999	0.012
Carbonactinosporaceae	0.009000000000000001	0.006999999999999999	0.008	0.006	0.006	0.006999999999999999	0.008	0.003	0.004	0.005	0.005	0.006999999999999999	0.006999999999999999	0.006999999999999999	0.006999999999999999	0.004	0.006999999999999999	0.006	0.006999999999999999	0.006999999999999999	0.006	0.006999999999999999	0.006999999999999999	0.006	0.006999999999999999	0.005	0.006999999999999999	0.006	0.006999999999999999	0.006	0.006	0.006	0.009000000000000001	0.013	0.009000000000000001	0.009000000000000001	0.008	0.009000000000000001	0.009000000000000001	0.01	0.013999999999999999	0.012	0.018000000000000002	0.016	0.01	0.013	0.006999999999999999	0.012
Halieaceae	0.01	0.009000000000000001	0.011000000000000001	0.008	0.011000000000000001	0.008	0.008	0.004	0.006	0.006	0.009000000000000001	0.012	0.01	0.009000000000000001	0.006999999999999999	0.005	0.006999999999999999	0.003	0.006999999999999999	0.006999999999999999	0.006	0.006	0.006	0.004	0.005	0.004	0.008	0.006	0.005	0.006	0.004	0.003	0.006999999999999999	0.01	0.006999999999999999	0.008	0.006	0.006	0.006999999999999999	0.006	0.015	0.016	0.013999999999999999	0.015	0.009000000000000001	0.01	0.006999999999999999	0.012
Leptolyngbyaceae	0.008	0.011000000000000001	0.011000000000000001	0.008	0.01	0.01	0.009000000000000001	0.011000000000000001	0.006	0.006	0.009000000000000001	0.008	0.009000000000000001	0.008	0.006	0.005	0.006	0.003	0.006	0.006	0.006	0.005	0.006999999999999999	0.005	0.006	0.004	0.006	0.004	0.006999999999999999	0.005	0.005	0.004	0.008	0.011000000000000001	0.009000000000000001	0.01	0.008	0.006999999999999999	0.009000000000000001	0.008	0.013999999999999999	0.011000000000000001	0.013	0.011000000000000001	0.009000000000000001	0.01	0.005	0.011000000000000001
Thermoleophilaceae	0.006999999999999999	0.006999999999999999	0.004	0.006	0.005	0.006	0.006	0.002	0.004	0.005	0.004	0.008	0.01	0.006999999999999999	0.005	0.003	0.008	0.01	0.009000000000000001	0.006999999999999999	0.006999999999999999	0.006999999999999999	0.006999999999999999	0.008	0.006999999999999999	0.005	0.011000000000000001	0.008	0.009000000000000001	0.006999999999999999	0.009000000000000001	0.005	0.006	0.018000000000000002	0.013	0.009000000000000001	0.009000000000000001	0.008	0.008	0.006999999999999999	0.013999999999999999	0.008	0.011000000000000001	0.009000000000000001	0.008	0.017	0.004	0.01
Bruguierivoracaceae	0.009000000000000001	0.008	0.008	0.008	0.009000000000000001	0.006999999999999999	0.008	0.004	0.006	0.006	0.008	0.011000000000000001	0.009000000000000001	0.008	0.006	0.005	0.006	0.004	0.008	0.006999999999999999	0.008	0.006	0.006999999999999999	0.005	0.006	0.006	0.008	0.005	0.006	0.005	0.005	0.005	0.006999999999999999	0.012	0.006999999999999999	0.009000000000000001	0.006999999999999999	0.006999999999999999	0.006	0.008	0.012	0.013	0.013	0.017	0.008	0.01	0.006	0.011000000000000001
Lichenihabitantaceae	0.008	0.008	0.006999999999999999	0.006999999999999999	0.008	0.008	0.008	0.004	0.004	0.006	0.006	0.011000000000000001	0.008	0.008	0.005	0.004	0.006	0.004	0.009000000000000001	0.006	0.006	0.005	0.006	0.005	0.006	0.004	0.006999999999999999	0.006	0.006999999999999999	0.005	0.004	0.004	0.006999999999999999	0.01	0.006	0.008	0.006	0.006	0.008	0.006	0.013999999999999999	0.017	0.015	0.018000000000000002	0.009000000000000001	0.013	0.006	0.013
Capsulimonadaceae	0.006	0.006999999999999999	0.006999999999999999	0.005	0.005	0.006	0.011000000000000001	0.004	0.004	0.005	0.008	0.006	0.008	0.009000000000000001	0.009000000000000001	0.004	0.004	0.002	0.006999999999999999	0.004	0.006999999999999999	0.004	0.004	0.003	0.003	0.002	0.003	0.003	0.003	0.004	0.003	0.002	0.01	0.006999999999999999	0.004	0.018000000000000002	0.005	0.006	0.017	0.008	0.013	0.044000000000000004	0.013999999999999999	0.018000000000000002	0.006	0.006	0.008	0.013
Aestuariivirgaceae	0.006999999999999999	0.01	0.006999999999999999	0.006	0.006	0.006999999999999999	0.006	0.005	0.003	0.005	0.005	0.013999999999999999	0.006999999999999999	0.005	0.003	0.004	0.005	0.003	0.006	0.008	0.004	0.004	0.006	0.006	0.005	0.004	0.01	0.004	0.006999999999999999	0.005	0.005	0.004	0.006999999999999999	0.006999999999999999	0.013	0.012	0.005	0.006	0.006	0.008	0.016	0.016	0.013999999999999999	0.018000000000000002	0.008	0.011000000000000001	0.008	0.016
Clostridiales Family XVII. Incertae Sedis	0.009000000000000001	0.009000000000000001	0.006999999999999999	0.006	0.006999999999999999	0.006999999999999999	0.006999999999999999	0.004	0.004	0.005	0.006999999999999999	0.008	0.006999999999999999	0.006999999999999999	0.006999999999999999	0.004	0.006	0.004	0.006	0.006999999999999999	0.006	0.006	0.006	0.005	0.006999999999999999	0.005	0.006999999999999999	0.006	0.006999999999999999	0.005	0.006	0.004	0.006999999999999999	0.012	0.008	0.006999999999999999	0.008	0.006999999999999999	0.006999999999999999	0.008	0.013999999999999999	0.012	0.013999999999999999	0.01	0.01	0.011000000000000001	0.006	0.011000000000000001
Colwelliaceae	0.01	0.01	0.006999999999999999	0.009000000000000001	0.013	0.01	0.009000000000000001	0.01	0.005	0.006	0.008	0.008	0.006999999999999999	0.006999999999999999	0.006999999999999999	0.006	0.005	0.003	0.006	0.005	0.006	0.005	0.005	0.005	0.005	0.004	0.006	0.005	0.005	0.005	0.004	0.004	0.01	0.008	0.008	0.009000000000000001	0.006	0.006999999999999999	0.008	0.009000000000000001	0.009000000000000001	0.013999999999999999	0.012	0.01	0.01	0.006	0.005	0.008
Alterococcaceae	0.011000000000000001	0.008	0.006999999999999999	0.011000000000000001	0.009000000000000001	0.009000000000000001	0.01	0.005	0.005	0.005	0.01	0.008	0.008	0.006999999999999999	0.006	0.004	0.005	0.002	0.006	0.005	0.006	0.005	0.005	0.004	0.004	0.003	0.005	0.004	0.006	0.006	0.005	0.003	0.006999999999999999	0.006999999999999999	0.008	0.009000000000000001	0.006999999999999999	0.006	0.008	0.005	0.013999999999999999	0.013	0.013	0.013999999999999999	0.006999999999999999	0.008	0.005	0.012
Thiohalobacteraceae	0.008	0.01	0.009000000000000001	0.008	0.008	0.006	0.008	0.003	0.005	0.005	0.008	0.009000000000000001	0.009000000000000001	0.006999999999999999	0.005	0.004	0.006	0.003	0.006999999999999999	0.006999999999999999	0.006	0.006	0.006	0.005	0.005	0.004	0.006999999999999999	0.005	0.006	0.006	0.005	0.003	0.006	0.009000000000000001	0.008	0.008	0.006	0.006	0.006	0.006	0.012	0.013999999999999999	0.012	0.013	0.008	0.01	0.005	0.011000000000000001
Flammeovirgaceae	0.01	0.009000000000000001	0.011000000000000001	0.011000000000000001	0.013999999999999999	0.01	0.011000000000000001	0.009000000000000001	0.005	0.005	0.009000000000000001	0.008	0.006	0.006	0.006	0.005	0.005	0.002	0.006	0.005	0.004	0.005	0.004	0.005	0.005	0.003	0.005	0.004	0.004	0.005	0.005	0.004	0.012	0.005	0.01	0.01	0.006	0.008	0.008	0.008	0.011000000000000001	0.009000000000000001	0.006999999999999999	0.009000000000000001	0.008	0.005	0.005	0.006999999999999999
Thioalkalibacteraceae	0.009000000000000001	0.009000000000000001	0.009000000000000001	0.008	0.008	0.006999999999999999	0.006999999999999999	0.004	0.005	0.004	0.006999999999999999	0.009000000000000001	0.01	0.006999999999999999	0.006	0.004	0.006	0.002	0.006	0.006999999999999999	0.006999999999999999	0.005	0.006	0.005	0.004	0.004	0.006	0.005	0.006	0.006	0.005	0.003	0.006999999999999999	0.008	0.008	0.009000000000000001	0.006999999999999999	0.006	0.006999999999999999	0.005	0.012	0.013	0.012	0.012	0.006	0.009000000000000001	0.006	0.01
Metamycoplasmataceae	0.006	0.006999999999999999	0.006999999999999999	0.006	0.006999999999999999	0.01	0.009000000000000001	0.022000000000000002	0.006	0.008	0.006	0.006	0.006	0.006	0.006	0.009000000000000001	0.003	0.005	0.006999999999999999	0.004	0.004	0.004	0.003	0.005	0.004	0.004	0.003	0.003	0.004	0.005	0.005	0.004	0.013	0.012	0.009000000000000001	0.008	0.006	0.009000000000000001	0.006999999999999999	0.013999999999999999	0.006999999999999999	0.005	0.01	0.004	0.013	0.003	0.006	0.006
Magnetospirillaceae	0.006999999999999999	0.008	0.006	0.006	0.006999999999999999	0.005	0.006	0.004	0.004	0.005	0.006999999999999999	0.006999999999999999	0.006999999999999999	0.006999999999999999	0.005	0.004	0.004	0.003	0.006999999999999999	0.005	0.004	0.004	0.004	0.004	0.004	0.004	0.006	0.004	0.005	0.004	0.005	0.004	0.005	0.008	0.006999999999999999	0.008	0.006	0.005	0.006999999999999999	0.004	0.013999999999999999	0.017	0.017	0.022000000000000002	0.009000000000000001	0.011000000000000001	0.006999999999999999	0.011000000000000001
Zavarziniaceae	0.008	0.006999999999999999	0.006999999999999999	0.006	0.006	0.008	0.008	0.004	0.005	0.005	0.006	0.008	0.006999999999999999	0.006999999999999999	0.005	0.004	0.006	0.003	0.008	0.005	0.005	0.005	0.005	0.004	0.006	0.004	0.006999999999999999	0.004	0.005	0.005	0.004	0.004	0.006	0.009000000000000001	0.006999999999999999	0.006999999999999999	0.006	0.006	0.006	0.005	0.013	0.013999999999999999	0.013	0.013999999999999999	0.008	0.011000000000000001	0.006	0.011000000000000001
Mycoplasmataceae	0.004	0.009000000000000001	0.006999999999999999	0.005	0.009000000000000001	0.006999999999999999	0.006	0.027	0.008	0.009000000000000001	0.004	0.005	0.005	0.004	0.008	0.011000000000000001	0.003	0.005	0.008	0.004	0.005	0.006	0.003	0.004	0.006999999999999999	0.004	0.003	0.003	0.004	0.003	0.006	0.003	0.016	0.008	0.006	0.006	0.005	0.006	0.006999999999999999	0.011000000000000001	0.005	0.006999999999999999	0.011000000000000001	0.003	0.016	0.003	0.006999999999999999	0.004
Fontisphaeraceae	0.008	0.009000000000000001	0.006	0.008	0.008	0.006	0.008	0.003	0.004	0.003	0.006	0.006999999999999999	0.006999999999999999	0.006	0.004	0.003	0.004	0.001	0.005	0.004	0.003	0.003	0.004	0.003	0.002	0.003	0.004	0.003	0.004	0.004	0.003	0.002	0.004	0.006999999999999999	0.004	0.006	0.004	0.004	0.004	0.003	0.024	0.019	0.019	0.023	0.009000000000000001	0.012	0.006999999999999999	0.02
Ustilaginaceae	0.005	0.008	0.01	0.006	0.006	0.006	0.006999999999999999	0.006	0.004	0.006999999999999999	0.006	0.006999999999999999	0.006999999999999999	0.006999999999999999	0.006999999999999999	0.003	0.004	0.005	0.005	0.005	0.004	0.004	0.004	0.004	0.006	0.006	0.006	0.004	0.006	0.004	0.004	0.005	0.01	0.015	0.011000000000000001	0.009000000000000001	0.008	0.008	0.011000000000000001	0.01	0.009000000000000001	0.009000000000000001	0.008	0.006999999999999999	0.006999999999999999	0.006	0.004	0.006
Roseiflexaceae	0.006	0.008	0.006999999999999999	0.006999999999999999	0.006999999999999999	0.006999999999999999	0.006	0.004	0.006	0.004	0.006	0.006	0.008	0.006999999999999999	0.005	0.004	0.005	0.003	0.004	0.005	0.004	0.005	0.004	0.006	0.004	0.003	0.005	0.004	0.004	0.005	0.004	0.004	0.013	0.01	0.011000000000000001	0.012	0.01	0.009000000000000001	0.008	0.006999999999999999	0.01	0.006999999999999999	0.009000000000000001	0.009000000000000001	0.006999999999999999	0.012	0.004	0.009000000000000001
Chlorobiaceae	0.01	0.008	0.008	0.008	0.008	0.006999999999999999	0.009000000000000001	0.005	0.004	0.005	0.006	0.008	0.006	0.006999999999999999	0.005	0.004	0.005	0.002	0.005	0.005	0.005	0.004	0.005	0.005	0.004	0.003	0.005	0.004	0.005	0.004	0.004	0.003	0.006	0.009000000000000001	0.006999999999999999	0.006999999999999999	0.006	0.005	0.006	0.006	0.013	0.013	0.012	0.013	0.006999999999999999	0.01	0.005	0.012
Spiroplasmataceae	0.006999999999999999	0.006999999999999999	0.006	0.008	0.008	0.008	0.008	0.02	0.006	0.008	0.005	0.006999999999999999	0.006	0.006	0.004	0.008	0.003	0.005	0.006999999999999999	0.004	0.005	0.004	0.003	0.006	0.004	0.003	0.003	0.003	0.005	0.004	0.005	0.004	0.008	0.011000000000000001	0.008	0.008	0.005	0.008	0.005	0.013999999999999999	0.006	0.006	0.008	0.004	0.013999999999999999	0.003	0.005	0.006
Piscirickettsiaceae	0.009000000000000001	0.009000000000000001	0.012	0.009000000000000001	0.011000000000000001	0.009000000000000001	0.011000000000000001	0.006999999999999999	0.005	0.005	0.006999999999999999	0.009000000000000001	0.006	0.005	0.005	0.005	0.004	0.002	0.006	0.005	0.005	0.003	0.004	0.004	0.005	0.003	0.004	0.004	0.004	0.004	0.003	0.003	0.005	0.006	0.008	0.006	0.005	0.005	0.005	0.006	0.01	0.012	0.01	0.012	0.008	0.006999999999999999	0.004	0.01
Hahellaceae	0.008	0.009000000000000001	0.008	0.006	0.008	0.008	0.01	0.005	0.005	0.004	0.006999999999999999	0.008	0.008	0.008	0.006	0.004	0.005	0.003	0.006	0.006	0.005	0.006	0.005	0.004	0.004	0.004	0.006	0.004	0.005	0.004	0.004	0.004	0.006	0.006999999999999999	0.006	0.006999999999999999	0.005	0.006	0.006	0.005	0.01	0.01	0.009000000000000001	0.012	0.006999999999999999	0.006999999999999999	0.005	0.009000000000000001
Reichenbachiellaceae	0.012	0.009000000000000001	0.013999999999999999	0.011000000000000001	0.012	0.01	0.01	0.009000000000000001	0.004	0.004	0.009000000000000001	0.006999999999999999	0.006	0.004	0.006	0.004	0.003	0.002	0.004	0.004	0.004	0.004	0.003	0.004	0.004	0.002	0.004	0.003	0.004	0.003	0.003	0.003	0.008	0.004	0.009000000000000001	0.006999999999999999	0.006	0.006	0.006999999999999999	0.006999999999999999	0.012	0.011000000000000001	0.006	0.01	0.006	0.005	0.005	0.009000000000000001
Malasseziaceae	0.006	0.005	0.006999999999999999	0.013999999999999999	0.006	0.006999999999999999	0.008	0.005	0.004	0.006	0.006	0.005	0.006	0.006999999999999999	0.006999999999999999	0.003	0.004	0.005	0.005	0.005	0.005	0.004	0.004	0.004	0.005	0.003	0.005	0.004	0.005	0.004	0.004	0.006	0.012	0.01	0.01	0.008	0.008	0.006999999999999999	0.012	0.008	0.006999999999999999	0.006999999999999999	0.008	0.006999999999999999	0.005	0.005	0.004	0.005
Leadbetterellaceae	0.009000000000000001	0.006999999999999999	0.012	0.008	0.011000000000000001	0.009000000000000001	0.009000000000000001	0.006	0.004	0.004	0.009000000000000001	0.008	0.005	0.005	0.006	0.005	0.005	0.003	0.004	0.006	0.006	0.004	0.005	0.004	0.004	0.004	0.005	0.005	0.006	0.004	0.004	0.003	0.01	0.004	0.008	0.008	0.006	0.006999999999999999	0.006	0.005	0.009000000000000001	0.009000000000000001	0.005	0.006999999999999999	0.006	0.004	0.004	0.006999999999999999
Peptoniphilaceae	0.006999999999999999	0.006999999999999999	0.006999999999999999	0.006	0.006	0.008	0.008	0.013999999999999999	0.005	0.006999999999999999	0.005	0.006	0.005	0.006	0.005	0.006	0.003	0.004	0.006	0.003	0.003	0.004	0.006	0.004	0.005	0.003	0.003	0.003	0.004	0.004	0.004	0.004	0.011000000000000001	0.009000000000000001	0.009000000000000001	0.006	0.006	0.008	0.005	0.011000000000000001	0.006999999999999999	0.006	0.008	0.005	0.011000000000000001	0.004	0.004	0.006999999999999999
Thiohalomonadaceae	0.011000000000000001	0.006999999999999999	0.006	0.005	0.005	0.004	0.006	0.004	0.004	0.004	0.005	0.008	0.006999999999999999	0.006	0.004	0.003	0.005	0.002	0.006	0.006	0.004	0.006	0.005	0.003	0.002	0.004	0.004	0.003	0.003	0.008	0.003	0.002	0.008	0.005	0.006	0.009000000000000001	0.006999999999999999	0.006	0.005	0.005	0.01	0.017	0.015	0.012	0.006999999999999999	0.006	0.005	0.009000000000000001
Candidatus Korobacteraceae	0.005	0.006999999999999999	0.005	0.004	0.005	0.006	0.008	0.002	0.003	0.004	0.004	0.006	0.005	0.006	0.002	0.004	0.003	0.002	0.006	0.003	0.002	0.002	0.003	0.002	0.002	0.002	0.004	0.002	0.002	0.002	0.002	0.001	0.003	0.015	0.003	0.004	0.004	0.003	0.004	0.003	0.016	0.018000000000000002	0.027	0.024	0.008	0.012	0.009000000000000001	0.016
Novispirillaceae	0.006	0.006999999999999999	0.008	0.006	0.006	0.006	0.008	0.003	0.004	0.004	0.006	0.006	0.006	0.006	0.005	0.003	0.004	0.003	0.005	0.005	0.005	0.004	0.005	0.004	0.005	0.004	0.006	0.005	0.005	0.004	0.004	0.003	0.005	0.006999999999999999	0.006	0.006999999999999999	0.005	0.005	0.006	0.005	0.011000000000000001	0.012	0.012	0.013	0.006999999999999999	0.008	0.005	0.009000000000000001
Candidatus Rariloculaceae	0.008	0.008	0.006999999999999999	0.006999999999999999	0.008	0.005	0.005	0.002	0.004	0.003	0.006	0.008	0.008	0.006999999999999999	0.006	0.004	0.005	0.002	0.005	0.006	0.005	0.005	0.005	0.004	0.003	0.004	0.005	0.003	0.004	0.006	0.004	0.003	0.005	0.006	0.006999999999999999	0.006999999999999999	0.005	0.005	0.005	0.004	0.013	0.01	0.009000000000000001	0.01	0.006	0.01	0.005	0.009000000000000001
Salinisphaeraceae	0.006999999999999999	0.006999999999999999	0.006	0.005	0.008	0.005	0.006	0.003	0.004	0.004	0.006	0.008	0.006999999999999999	0.006999999999999999	0.005	0.005	0.005	0.003	0.006	0.005	0.005	0.004	0.005	0.004	0.004	0.003	0.006	0.004	0.005	0.005	0.004	0.003	0.005	0.006999999999999999	0.006999999999999999	0.009000000000000001	0.005	0.005	0.005	0.004	0.009000000000000001	0.011000000000000001	0.01	0.01	0.006	0.008	0.005	0.009000000000000001
Halococcaceae	0.006999999999999999	0.006	0.008	0.006	0.006999999999999999	0.006	0.005	0.006	0.003	0.004	0.005	0.006	0.006999999999999999	0.006	0.006	0.003	0.005	0.003	0.005	0.005	0.005	0.004	0.005	0.005	0.005	0.004	0.006	0.005	0.006	0.005	0.005	0.003	0.006	0.009000000000000001	0.006	0.006	0.006	0.005	0.005	0.005	0.011000000000000001	0.008	0.009000000000000001	0.009000000000000001	0.006999999999999999	0.008	0.004	0.008
Wenzhouxiangellaceae	0.006999999999999999	0.006999999999999999	0.006999999999999999	0.006	0.008	0.006	0.006	0.004	0.005	0.004	0.005	0.009000000000000001	0.008	0.006999999999999999	0.005	0.003	0.005	0.002	0.005	0.006	0.005	0.004	0.005	0.004	0.004	0.004	0.006	0.004	0.005	0.005	0.003	0.003	0.006	0.008	0.006999999999999999	0.006999999999999999	0.005	0.005	0.004	0.004	0.009000000000000001	0.01	0.01	0.01	0.006	0.008	0.004	0.008
Algiphilaceae	0.006999999999999999	0.006	0.006999999999999999	0.006	0.006999999999999999	0.005	0.006	0.003	0.004	0.003	0.006	0.008	0.009000000000000001	0.006999999999999999	0.004	0.003	0.005	0.002	0.006	0.006	0.005	0.004	0.006	0.004	0.004	0.003	0.006	0.003	0.004	0.005	0.004	0.003	0.005	0.006999999999999999	0.006999999999999999	0.008	0.005	0.005	0.005	0.005	0.011000000000000001	0.011000000000000001	0.01	0.011000000000000001	0.006	0.006999999999999999	0.005	0.009000000000000001
Coriobacteriaceae	0.006999999999999999	0.008	0.008	0.006	0.006	0.006	0.006	0.005	0.004	0.003	0.005	0.006	0.006	0.006	0.005	0.003	0.004	0.003	0.004	0.005	0.004	0.004	0.004	0.003	0.004	0.003	0.005	0.004	0.004	0.004	0.004	0.002	0.005	0.009000000000000001	0.006999999999999999	0.006	0.005	0.004	0.006	0.006999999999999999	0.012	0.01	0.009000000000000001	0.011000000000000001	0.009000000000000001	0.009000000000000001	0.005	0.011000000000000001
Akkermansiaceae	0.006999999999999999	0.006	0.006999999999999999	0.006	0.006	0.006999999999999999	0.006999999999999999	0.004	0.004	0.004	0.006999999999999999	0.006	0.006	0.005	0.004	0.003	0.005	0.002	0.005	0.004	0.004	0.004	0.004	0.003	0.004	0.003	0.005	0.004	0.005	0.006	0.004	0.003	0.006	0.006	0.005	0.006999999999999999	0.005	0.004	0.005	0.004	0.012	0.012	0.011000000000000001	0.012	0.006	0.008	0.004	0.01
Immundisolibacteraceae	0.01	0.006999999999999999	0.006	0.006	0.004	0.005	0.006	0.003	0.004	0.003	0.005	0.008	0.006999999999999999	0.005	0.006	0.003	0.004	0.002	0.004	0.009000000000000001	0.005	0.004	0.005	0.003	0.003	0.004	0.006	0.004	0.004	0.004	0.004	0.003	0.006	0.006	0.006	0.008	0.005	0.005	0.004	0.005	0.011000000000000001	0.01	0.009000000000000001	0.01	0.005	0.009000000000000001	0.004	0.01
Anaplasmataceae	0.006	0.009000000000000001	0.011000000000000001	0.008	0.009000000000000001	0.009000000000000001	0.009000000000000001	0.01	0.004	0.005	0.005	0.005	0.006999999999999999	0.005	0.006999999999999999	0.006	0.003	0.005	0.004	0.003	0.003	0.003	0.003	0.004	0.004	0.004	0.003	0.003	0.004	0.003	0.004	0.003	0.008	0.006	0.006	0.006	0.004	0.004	0.006	0.013	0.005	0.006	0.008	0.004	0.006999999999999999	0.004	0.003	0.004
Kiritimatiellaceae	0.006999999999999999	0.006	0.005	0.006	0.005	0.003	0.008	0.002	0.004	0.003	0.005	0.006999999999999999	0.006999999999999999	0.005	0.005	0.003	0.004	0.001	0.004	0.004	0.004	0.004	0.004	0.004	0.003	0.002	0.005	0.003	0.005	0.004	0.004	0.002	0.003	0.006999999999999999	0.006999999999999999	0.005	0.006	0.004	0.004	0.004	0.015	0.012	0.011000000000000001	0.011000000000000001	0.008	0.01	0.005	0.011000000000000001
Dermatophilaceae	0.006	0.004	0.006999999999999999	0.005	0.005	0.005	0.006	0.003	0.003	0.003	0.004	0.006	0.006	0.005	0.004	0.002	0.005	0.004	0.004	0.004	0.006	0.005	0.005	0.004	0.006	0.004	0.005	0.006	0.006	0.005	0.004	0.004	0.006	0.006999999999999999	0.006999999999999999	0.006	0.006	0.006999999999999999	0.006999999999999999	0.006	0.009000000000000001	0.006999999999999999	0.008	0.008	0.006	0.009000000000000001	0.004	0.006
Desulfosarcinaceae	0.005	0.006999999999999999	0.006999999999999999	0.005	0.006	0.006	0.006	0.003	0.004	0.004	0.004	0.006999999999999999	0.006	0.005	0.004	0.003	0.004	0.002	0.004	0.004	0.004	0.004	0.004	0.003	0.004	0.003	0.005	0.003	0.004	0.004	0.003	0.003	0.006	0.009000000000000001	0.006	0.006999999999999999	0.005	0.004	0.006999999999999999	0.005	0.012	0.01	0.01	0.012	0.005	0.006999999999999999	0.004	0.009000000000000001
Treponemataceae	0.006999999999999999	0.008	0.008	0.006999999999999999	0.009000000000000001	0.006999999999999999	0.006999999999999999	0.006999999999999999	0.004	0.005	0.005	0.006	0.005	0.005	0.004	0.004	0.003	0.003	0.005	0.003	0.004	0.003	0.003	0.003	0.003	0.003	0.004	0.003	0.004	0.004	0.003	0.002	0.006	0.006	0.006	0.006999999999999999	0.005	0.005	0.006	0.008	0.008	0.006999999999999999	0.009000000000000001	0.008	0.006999999999999999	0.005	0.004	0.006999999999999999
Pichiaceae	0.005	0.004	0.006999999999999999	0.005	0.004	0.006	0.006	0.01	0.005	0.003	0.005	0.008	0.006	0.005	0.006	0.003	0.004	0.002	0.004	0.003	0.004	0.004	0.003	0.004	0.004	0.004	0.005	0.004	0.004	0.003	0.004	0.002	0.009000000000000001	0.011000000000000001	0.004	0.009000000000000001	0.004	0.006999999999999999	0.006999999999999999	0.011000000000000001	0.006999999999999999	0.006	0.008	0.005	0.006999999999999999	0.004	0.005	0.005
Marivirgaceae	0.009000000000000001	0.006999999999999999	0.01	0.01	0.012	0.008	0.008	0.006999999999999999	0.004	0.003	0.008	0.006	0.004	0.005	0.004	0.004	0.002	0.002	0.002	0.003	0.003	0.003	0.003	0.003	0.003	0.002	0.004	0.003	0.004	0.003	0.004	0.002	0.008	0.004	0.008	0.005	0.005	0.006	0.006	0.006	0.01	0.008	0.005	0.006999999999999999	0.005	0.004	0.003	0.006999999999999999
Desulfarculaceae	0.006	0.006	0.006	0.005	0.006	0.006999999999999999	0.006999999999999999	0.003	0.003	0.003	0.004	0.006	0.006	0.005	0.004	0.002	0.004	0.002	0.004	0.005	0.004	0.004	0.004	0.004	0.004	0.003	0.005	0.004	0.004	0.004	0.004	0.002	0.005	0.008	0.006999999999999999	0.005	0.005	0.004	0.006	0.005	0.011000000000000001	0.009000000000000001	0.01	0.01	0.006	0.006999999999999999	0.004	0.008
Euzebyaceae	0.005	0.005	0.005	0.005	0.005	0.006	0.005	0.004	0.003	0.003	0.004	0.005	0.006	0.005	0.004	0.003	0.006	0.004	0.004	0.005	0.004	0.005	0.005	0.004	0.005	0.003	0.005	0.005	0.005	0.005	0.004	0.003	0.005	0.006999999999999999	0.005	0.005	0.005	0.005	0.005	0.005	0.01	0.009000000000000001	0.009000000000000001	0.009000000000000001	0.006	0.009000000000000001	0.004	0.006999999999999999
Gallaecimonadaceae	0.006	0.006999999999999999	0.006	0.005	0.005	0.005	0.006	0.003	0.004	0.004	0.006	0.006	0.006999999999999999	0.005	0.005	0.004	0.004	0.003	0.005	0.005	0.004	0.004	0.005	0.003	0.004	0.004	0.005	0.003	0.004	0.004	0.003	0.003	0.005	0.006	0.006	0.006	0.004	0.005	0.005	0.004	0.008	0.01	0.009000000000000001	0.01	0.005	0.006999999999999999	0.004	0.006999999999999999
Candidatus Promineifilaceae	0.006999999999999999	0.006999999999999999	0.005	0.006	0.006	0.006	0.005	0.003	0.003	0.003	0.005	0.005	0.005	0.006	0.003	0.003	0.004	0.003	0.003	0.004	0.004	0.004	0.004	0.003	0.004	0.003	0.005	0.004	0.004	0.003	0.004	0.003	0.006	0.006999999999999999	0.006	0.005	0.006	0.005	0.005	0.003	0.011000000000000001	0.009000000000000001	0.009000000000000001	0.01	0.006	0.009000000000000001	0.004	0.009000000000000001
Rickettsiaceae	0.006	0.008	0.009000000000000001	0.005	0.015	0.008	0.009000000000000001	0.013999999999999999	0.003	0.005	0.004	0.005	0.003	0.004	0.003	0.004	0.003	0.003	0.004	0.003	0.003	0.003	0.002	0.003	0.004	0.005	0.003	0.002	0.004	0.003	0.003	0.003	0.006	0.006	0.004	0.005	0.004	0.005	0.006	0.008	0.006	0.006	0.006999999999999999	0.005	0.006999999999999999	0.004	0.004	0.006999999999999999
Egicoccaceae	0.006999999999999999	0.005	0.006	0.005	0.005	0.004	0.004	0.003	0.004	0.004	0.004	0.004	0.006	0.005	0.004	0.002	0.005	0.004	0.004	0.005	0.005	0.004	0.004	0.004	0.004	0.003	0.005	0.004	0.005	0.004	0.004	0.003	0.004	0.008	0.006999999999999999	0.005	0.006	0.005	0.004	0.005	0.01	0.006999999999999999	0.008	0.008	0.006	0.009000000000000001	0.004	0.006999999999999999
Peronosporaceae	0.005	0.016	0.009000000000000001	0.006	0.016	0.009000000000000001	0.013999999999999999	0.015	0.003	0.003	0.005	0.003	0.006	0.005	0.006	0.004	0.002	0.013999999999999999	0.002	0.003	0.002	0.002	0.002	0.002	0.005	0.003	0.002	0.002	0.004	0.002	0.003	0.003	0.005	0.005	0.003	0.005	0.004	0.003	0.004	0.005	0.004	0.004	0.005	0.003	0.005	0.002	0.003	0.004
Sulfurimonadaceae	0.005	0.005	0.006	0.006999999999999999	0.006999999999999999	0.006999999999999999	0.006999999999999999	0.008	0.005	0.005	0.005	0.004	0.004	0.004	0.004	0.004	0.003	0.003	0.005	0.004	0.004	0.004	0.003	0.004	0.003	0.003	0.003	0.003	0.004	0.003	0.003	0.002	0.006999999999999999	0.006999999999999999	0.006	0.006999999999999999	0.005	0.005	0.006	0.006999999999999999	0.008	0.006	0.006999999999999999	0.006999999999999999	0.006999999999999999	0.005	0.004	0.006
Rhodocytophagaceae	0.005	0.004	0.008	0.005	0.006999999999999999	0.006	0.005	0.006	0.002	0.002	0.005	0.004	0.004	0.003	0.004	0.002	0.004	0.002	0.002	0.008	0.006	0.006999999999999999	0.006	0.005	0.009000000000000001	0.003	0.008	0.008	0.016	0.004	0.003	0.003	0.006999999999999999	0.002	0.006999999999999999	0.009000000000000001	0.005	0.005	0.005	0.005	0.005	0.005	0.003	0.004	0.003	0.002	0.002	0.003
Symbiobacteriaceae	0.006	0.006	0.004	0.006	0.005	0.005	0.006	0.003	0.003	0.003	0.004	0.006	0.005	0.005	0.004	0.003	0.004	0.003	0.005	0.005	0.004	0.004	0.004	0.003	0.004	0.003	0.004	0.004	0.004	0.004	0.004	0.003	0.004	0.006	0.005	0.004	0.005	0.005	0.005	0.004	0.009000000000000001	0.008	0.01	0.008	0.006999999999999999	0.009000000000000001	0.003	0.008
Carnobacteriaceae	0.004	0.004	0.004	0.003	0.004	0.003	0.005	0.011000000000000001	0.003	0.003	0.003	0.004	0.004	0.003	0.003	0.003	0.002	0.002	0.003	0.002	0.002	0.002	0.002	0.003	0.06	0.003	0.002	0.002	0.003	0.002	0.003	0.002	0.006	0.005	0.005	0.004	0.004	0.004	0.004	0.006	0.004	0.005	0.006999999999999999	0.005	0.006	0.003	0.003	0.005
Bartonellaceae	0.004	0.006999999999999999	0.006	0.005	0.006999999999999999	0.006999999999999999	0.006	0.01	0.004	0.004	0.005	0.005	0.005	0.004	0.006	0.004	0.003	0.003	0.005	0.003	0.004	0.003	0.003	0.003	0.005	0.003	0.003	0.003	0.004	0.004	0.003	0.003	0.005	0.005	0.005	0.005	0.004	0.004	0.005	0.006	0.006999999999999999	0.006999999999999999	0.008	0.008	0.006	0.004	0.004	0.006
Desulfobulbaceae	0.006	0.005	0.005	0.006	0.006	0.005	0.006	0.003	0.003	0.003	0.005	0.005	0.005	0.005	0.004	0.003	0.004	0.002	0.005	0.003	0.003	0.003	0.004	0.003	0.003	0.002	0.004	0.003	0.003	0.003	0.003	0.003	0.006	0.006999999999999999	0.005	0.006	0.005	0.004	0.005	0.005	0.009000000000000001	0.009000000000000001	0.009000000000000001	0.011000000000000001	0.006	0.006999999999999999	0.004	0.009000000000000001
Ktedonosporobacteraceae	0.002	0.002	0.003	0.003	0.002	0.002	0.003	0.001	0.001	0.001	0.002	0.002	0.002	0.003	0.001	0.002	0.002	0.001	0.004	0.001	0.001	0.001	0.001	0.001	0.002	0.001	0.002	0.001	0.001	0.001	0.001	0.001	0.002	0.003	0.002	0.002	0.002	0.002	0.002	0.001	0.013	0.021	0.034	0.018000000000000002	0.018000000000000002	0.009000000000000001	0.025	0.025
Parasphingopyxidaceae	0.006	0.006	0.004	0.005	0.005	0.005	0.006	0.003	0.003	0.003	0.004	0.006999999999999999	0.006999999999999999	0.006	0.004	0.004	0.004	0.003	0.005	0.005	0.005	0.004	0.005	0.004	0.005	0.004	0.005	0.005	0.004	0.005	0.004	0.003	0.004	0.006	0.004	0.005	0.005	0.004	0.004	0.004	0.008	0.006999999999999999	0.006	0.006	0.005	0.006999999999999999	0.003	0.006
Tepidiformaceae	0.006	0.005	0.005	0.005	0.004	0.005	0.004	0.002	0.003	0.002	0.003	0.005	0.005	0.005	0.003	0.002	0.005	0.003	0.004	0.004	0.004	0.004	0.004	0.004	0.004	0.003	0.005	0.004	0.005	0.003	0.004	0.003	0.004	0.006999999999999999	0.005	0.005	0.004	0.005	0.005	0.004	0.01	0.008	0.009000000000000001	0.009000000000000001	0.006	0.009000000000000001	0.004	0.008
Thermithiobacillaceae	0.005	0.005	0.006	0.005	0.006	0.005	0.006	0.002	0.003	0.003	0.004	0.006999999999999999	0.005	0.005	0.003	0.003	0.004	0.002	0.004	0.004	0.003	0.003	0.004	0.003	0.003	0.003	0.005	0.003	0.003	0.004	0.003	0.003	0.005	0.006	0.006	0.006	0.005	0.004	0.006	0.004	0.009000000000000001	0.009000000000000001	0.01	0.009000000000000001	0.005	0.005	0.004	0.006999999999999999
Leptotrichiaceae	0.004	0.003	0.004	0.005	0.006	0.008	0.005	0.024	0.006999999999999999	0.011000000000000001	0.005	0.003	0.003	0.003	0.003	0.011000000000000001	0.002	0.006	0.008	0.004	0.005	0.004	0.002	0.006	0.002	0.002	0.001	0.001	0.002	0.003	0.003	0.003	0.005	0.003	0.004	0.003	0.002	0.004	0.003	0.006	0.003	0.002	0.004	0.003	0.011000000000000001	0.002	0.005	0.006
Egibacteraceae	0.006	0.004	0.005	0.005	0.004	0.005	0.005	0.003	0.003	0.003	0.004	0.004	0.005	0.005	0.003	0.002	0.005	0.003	0.004	0.004	0.004	0.003	0.004	0.003	0.004	0.003	0.004	0.003	0.005	0.003	0.003	0.003	0.005	0.006999999999999999	0.005	0.003	0.005	0.004	0.005	0.005	0.009000000000000001	0.006	0.009000000000000001	0.006999999999999999	0.006	0.009000000000000001	0.004	0.006999999999999999
Gloeobacteraceae	0.006	0.005	0.005	0.005	0.005	0.005	0.005	0.002	0.003	0.003	0.004	0.005	0.005	0.005	0.004	0.003	0.004	0.002	0.004	0.003	0.004	0.003	0.004	0.003	0.003	0.003	0.004	0.003	0.003	0.003	0.003	0.002	0.005	0.006999999999999999	0.006	0.005	0.004	0.004	0.005	0.004	0.01	0.009000000000000001	0.008	0.009000000000000001	0.005	0.006999999999999999	0.003	0.006999999999999999
Afifellaceae	0.005	0.005	0.005	0.004	0.005	0.004	0.006	0.002	0.003	0.003	0.004	0.006	0.005	0.005	0.003	0.002	0.003	0.003	0.005	0.003	0.004	0.003	0.003	0.003	0.005	0.004	0.004	0.003	0.004	0.003	0.003	0.003	0.004	0.006	0.004	0.004	0.004	0.004	0.004	0.003	0.009000000000000001	0.009000000000000001	0.01	0.008	0.005	0.008	0.003	0.008
Microcoleaceae	0.003	0.002	0.034999999999999996	0.011000000000000001	0.006999999999999999	0.008	0.003	0.006999999999999999	0.002	0.003	0.003	0.002	0.003	0.002	0.002	0.003	0.001	0.001	0.002	0.025	0.002	0.002	0.003	0.013	0.001	0.002	0.002	0.001	0.002	0.001	0.002	0.002	0.003	0.008	0.003	0.003	0.003	0.003	0.004	0.004	0.003	0.003	0.004	0.003	0.006	0.002	0.003	0.003
Elioraeaceae	0.005	0.004	0.005	0.005	0.005	0.005	0.005	0.002	0.003	0.003	0.004	0.005	0.004	0.005	0.003	0.002	0.003	0.002	0.004	0.003	0.003	0.003	0.004	0.003	0.003	0.003	0.005	0.003	0.003	0.003	0.003	0.002	0.004	0.006	0.005	0.004	0.004	0.004	0.004	0.003	0.009000000000000001	0.008	0.009000000000000001	0.01	0.006	0.008	0.004	0.006999999999999999
Kolteriaceae	0.005	0.005	0.005	0.005	0.004	0.004	0.004	0.002	0.002	0.003	0.003	0.004	0.005	0.005	0.003	0.002	0.004	0.002	0.003	0.003	0.003	0.003	0.004	0.002	0.004	0.003	0.003	0.003	0.005	0.003	0.003	0.002	0.005	0.006	0.004	0.004	0.004	0.004	0.004	0.003	0.011000000000000001	0.009000000000000001	0.009000000000000001	0.009000000000000001	0.005	0.008	0.003	0.006999999999999999
Blattabacteriaceae	0.005	0.005	0.006	0.004	0.005	0.006999999999999999	0.008	0.011000000000000001	0.003	0.004	0.004	0.003	0.004	0.004	0.003	0.004	0.002	0.004	0.004	0.002	0.003	0.003	0.002	0.003	0.002	0.002	0.003	0.002	0.002	0.002	0.003	0.002	0.006	0.008	0.005	0.005	0.005	0.004	0.005	0.011000000000000001	0.005	0.004	0.005	0.003	0.006999999999999999	0.003	0.003	0.004
Radicibacteraceae	0.005	0.005	0.004	0.004	0.004	0.004	0.005	0.003	0.003	0.003	0.005	0.005	0.005	0.005	0.004	0.002	0.003	0.002	0.005	0.003	0.004	0.003	0.003	0.003	0.004	0.003	0.004	0.003	0.003	0.003	0.003	0.002	0.004	0.005	0.004	0.004	0.003	0.004	0.004	0.003	0.008	0.01	0.008	0.009000000000000001	0.004	0.006	0.004	0.006
Methanosarcinaceae	0.004	0.005	0.004	0.004	0.006	0.005	0.006	0.011000000000000001	0.003	0.004	0.004	0.004	0.004	0.003	0.004	0.004	0.003	0.003	0.004	0.003	0.003	0.003	0.002	0.003	0.003	0.002	0.002	0.002	0.003	0.003	0.003	0.002	0.006999999999999999	0.006	0.006	0.006	0.004	0.005	0.006	0.008	0.005	0.004	0.005	0.004	0.006	0.003	0.004	0.005
Trichomonadidae	0.003	0.003	0.005	0.004	0.006	0.006	0.005	0.017	0.004	0.005	0.003	0.003	0.005	0.003	0.003	0.005	0.002	0.004	0.005	0.002	0.003	0.003	0.002	0.003	0.003	0.002	0.002	0.002	0.003	0.003	0.003	0.002	0.008	0.006	0.004	0.004	0.004	0.006	0.006	0.01	0.004	0.003	0.005	0.002	0.008	0.002	0.003	0.003
Sutterellaceae	0.005	0.005	0.004	0.005	0.005	0.004	0.005	0.003	0.003	0.003	0.005	0.006	0.005	0.004	0.003	0.003	0.003	0.001	0.004	0.003	0.003	0.003	0.003	0.003	0.003	0.002	0.003	0.003	0.003	0.003	0.003	0.002	0.004	0.005	0.005	0.005	0.004	0.003	0.004	0.003	0.008	0.008	0.006999999999999999	0.009000000000000001	0.005	0.006999999999999999	0.003	0.006999999999999999
Rhodoligotrophaceae	0.004	0.004	0.004	0.004	0.004	0.004	0.006	0.002	0.002	0.004	0.004	0.005	0.004	0.004	0.003	0.002	0.004	0.002	0.005	0.003	0.003	0.003	0.003	0.003	0.003	0.003	0.005	0.003	0.004	0.003	0.003	0.003	0.003	0.005	0.003	0.005	0.004	0.003	0.004	0.002	0.008	0.009000000000000001	0.009000000000000001	0.008	0.005	0.006	0.003	0.006999999999999999
Thiotrichaceae	0.006	0.005	0.006	0.004	0.006999999999999999	0.005	0.006	0.004	0.003	0.003	0.004	0.004	0.005	0.004	0.004	0.003	0.003	0.001	0.004	0.003	0.003	0.002	0.003	0.002	0.002	0.002	0.003	0.002	0.003	0.003	0.002	0.002	0.004	0.005	0.005	0.004	0.003	0.004	0.004	0.004	0.006999999999999999	0.008	0.008	0.008	0.004	0.005	0.003	0.008
Barnesiellaceae	0.005	0.006	0.005	0.004	0.006	0.004	0.006999999999999999	0.004	0.003	0.003	0.004	0.005	0.003	0.004	0.003	0.002	0.002	0.001	0.004	0.003	0.002	0.003	0.003	0.002	0.002	0.002	0.004	0.002	0.003	0.003	0.003	0.002	0.005	0.005	0.006999999999999999	0.006999999999999999	0.004	0.005	0.006	0.006999999999999999	0.006999999999999999	0.008	0.006	0.006	0.003	0.003	0.003	0.004
Gaopeijiaceae	0.005	0.006	0.004	0.005	0.005	0.005	0.004	0.002	0.003	0.002	0.004	0.004	0.004	0.004	0.003	0.002	0.003	0.002	0.003	0.003	0.003	0.003	0.003	0.002	0.003	0.002	0.003	0.003	0.005	0.003	0.003	0.002	0.004	0.005	0.005	0.004	0.004	0.004	0.004	0.004	0.008	0.006999999999999999	0.006999999999999999	0.006999999999999999	0.005	0.008	0.003	0.006
Aestuariispiraceae	0.004	0.005	0.004	0.004	0.003	0.003	0.004	0.002	0.003	0.003	0.004	0.005	0.004	0.004	0.003	0.002	0.003	0.002	0.005	0.003	0.003	0.003	0.003	0.003	0.003	0.003	0.004	0.003	0.003	0.002	0.003	0.003	0.004	0.005	0.003	0.005	0.004	0.003	0.004	0.003	0.008	0.009000000000000001	0.008	0.008	0.005	0.006999999999999999	0.004	0.006
Woeseiaceae	0.003	0.006999999999999999	0.003	0.003	0.004	0.003	0.006	0.001	0.003	0.004	0.006	0.006	0.005	0.004	0.003	0.004	0.006	0.001	0.003	0.003	0.005	0.002	0.005	0.002	0.001	0.001	0.003	0.001	0.002	0.002	0.002	0.001	0.003	0.006999999999999999	0.003	0.008	0.002	0.005	0.005	0.004	0.009000000000000001	0.009000000000000001	0.004	0.01	0.003	0.003	0.003	0.008
Aurantibacillaceae	0.006999999999999999	0.006999999999999999	0.006999999999999999	0.006	0.01	0.006999999999999999	0.006999999999999999	0.004	0.003	0.003	0.006	0.006999999999999999	0.004	0.004	0.005	0.003	0.003	0.001	0.003	0.003	0.003	0.002	0.003	0.002	0.002	0.001	0.003	0.003	0.003	0.002	0.002	0.002	0.003	0.002	0.002	0.003	0.004	0.003	0.004	0.002	0.009000000000000001	0.006999999999999999	0.003	0.006	0.003	0.004	0.002	0.005
Thermoanaerobacteraceae	0.004	0.004	0.003	0.004	0.005	0.005	0.004	0.005	0.003	0.003	0.003	0.004	0.004	0.003	0.004	0.004	0.003	0.003	0.003	0.003	0.003	0.003	0.003	0.002	0.003	0.002	0.003	0.002	0.004	0.003	0.003	0.002	0.005	0.005	0.005	0.004	0.004	0.005	0.004	0.005	0.006	0.006	0.006999999999999999	0.006	0.006	0.004	0.004	0.005
Methanomicrobiaceae	0.006	0.005	0.006	0.004	0.004	0.005	0.005	0.003	0.003	0.002	0.003	0.004	0.004	0.004	0.004	0.003	0.004	0.002	0.003	0.003	0.003	0.003	0.003	0.003	0.004	0.002	0.004	0.003	0.004	0.003	0.003	0.003	0.004	0.005	0.004	0.005	0.003	0.004	0.004	0.004	0.006	0.005	0.006	0.005	0.005	0.005	0.003	0.005
Veillonellaceae	0.006	0.005	0.005	0.004	0.003	0.003	0.005	0.003	0.003	0.003	0.003	0.005	0.004	0.005	0.003	0.003	0.003	0.002	0.003	0.003	0.003	0.002	0.003	0.002	0.003	0.002	0.004	0.002	0.003	0.003	0.002	0.002	0.005	0.005	0.005	0.004	0.004	0.004	0.004	0.004	0.008	0.008	0.008	0.006999999999999999	0.005	0.004	0.003	0.005
Roseivirgaceae	0.006999999999999999	0.006	0.008	0.006999999999999999	0.01	0.006	0.006999999999999999	0.004	0.003	0.002	0.006	0.005	0.003	0.003	0.004	0.003	0.002	0.001	0.003	0.003	0.002	0.002	0.002	0.002	0.002	0.002	0.003	0.002	0.003	0.003	0.002	0.002	0.006	0.002	0.005	0.005	0.003	0.004	0.004	0.004	0.006999999999999999	0.006	0.003	0.006	0.003	0.003	0.002	0.005
Spongiibacteraceae	0.006	0.005	0.006999999999999999	0.005	0.006	0.005	0.006999999999999999	0.004	0.003	0.003	0.005	0.005	0.005	0.005	0.005	0.003	0.003	0.002	0.004	0.003	0.003	0.003	0.003	0.003	0.003	0.003	0.004	0.003	0.004	0.003	0.002	0.002	0.002	0.003	0.003	0.004	0.003	0.003	0.003	0.002	0.005	0.006	0.005	0.006	0.003	0.004	0.003	0.005
Oscillatoriaceae	0.003	0.003	0.02	0.008	0.005	0.006999999999999999	0.004	0.004	0.002	0.002	0.003	0.003	0.002	0.003	0.002	0.002	0.002	0.002	0.002	0.013999999999999999	0.002	0.002	0.003	0.006999999999999999	0.002	0.002	0.002	0.001	0.002	0.002	0.002	0.002	0.004	0.005	0.004	0.004	0.003	0.003	0.003	0.003	0.004	0.004	0.006	0.006	0.006	0.004	0.002	0.004
Sphaerobacteraceae	0.005	0.004	0.004	0.004	0.004	0.004	0.004	0.002	0.002	0.002	0.003	0.004	0.004	0.004	0.003	0.002	0.004	0.003	0.003	0.004	0.003	0.003	0.004	0.003	0.003	0.002	0.003	0.004	0.003	0.003	0.003	0.003	0.003	0.006	0.005	0.004	0.004	0.003	0.004	0.003	0.008	0.005	0.008	0.006	0.005	0.008	0.002	0.006
Halothiobacillaceae	0.005	0.004	0.005	0.004	0.005	0.004	0.005	0.002	0.003	0.003	0.004	0.006	0.004	0.004	0.004	0.002	0.004	0.002	0.003	0.004	0.003	0.003	0.004	0.003	0.002	0.002	0.004	0.002	0.002	0.003	0.003	0.002	0.003	0.005	0.005	0.006	0.004	0.004	0.003	0.003	0.006	0.006999999999999999	0.006	0.006999999999999999	0.003	0.005	0.003	0.006
Ferrimonadaceae	0.005	0.004	0.005	0.005	0.005	0.004	0.004	0.003	0.002	0.002	0.004	0.006	0.005	0.004	0.003	0.002	0.004	0.002	0.003	0.003	0.003	0.003	0.003	0.003	0.003	0.003	0.003	0.003	0.003	0.003	0.003	0.002	0.003	0.004	0.004	0.004	0.004	0.003	0.004	0.003	0.006	0.006	0.006	0.006	0.003	0.005	0.003	0.006
Cohaesibacteraceae	0.004	0.004	0.004	0.003	0.004	0.004	0.004	0.003	0.002	0.003	0.003	0.005	0.003	0.004	0.002	0.002	0.003	0.002	0.004	0.003	0.003	0.003	0.003	0.003	0.004	0.003	0.004	0.003	0.003	0.002	0.003	0.003	0.002	0.004	0.004	0.004	0.004	0.004	0.003	0.003	0.006	0.008	0.008	0.009000000000000001	0.004	0.005	0.003	0.006
Geochordaceae	0.005	0.004	0.006	0.004	0.003	0.004	0.004	0.003	0.002	0.003	0.003	0.004	0.004	0.004	0.003	0.002	0.003	0.002	0.003	0.003	0.003	0.003	0.003	0.003	0.003	0.002	0.003	0.003	0.003	0.003	0.003	0.002	0.004	0.005	0.005	0.004	0.004	0.003	0.003	0.003	0.006999999999999999	0.006	0.006	0.006	0.004	0.006999999999999999	0.003	0.006
Erysipelotrichaceae	0.004	0.006999999999999999	0.006999999999999999	0.003	0.006	0.009000000000000001	0.005	0.006999999999999999	0.003	0.003	0.004	0.003	0.003	0.004	0.003	0.002	0.003	0.002	0.003	0.003	0.002	0.002	0.002	0.002	0.003	0.002	0.002	0.002	0.003	0.003	0.003	0.002	0.004	0.005	0.004	0.004	0.003	0.004	0.003	0.005	0.004	0.005	0.005	0.005	0.005	0.003	0.004	0.004
Dysgonomonadaceae	0.005	0.005	0.006999999999999999	0.005	0.005	0.005	0.006	0.004	0.003	0.002	0.004	0.005	0.004	0.004	0.003	0.003	0.003	0.001	0.003	0.003	0.003	0.002	0.003	0.002	0.003	0.003	0.003	0.002	0.002	0.003	0.002	0.002	0.005	0.003	0.005	0.004	0.003	0.005	0.004	0.005	0.006	0.005	0.004	0.005	0.004	0.003	0.003	0.005
Acanthopleuribacteraceae	0.006	0.003	0.005	0.004	0.005	0.004	0.005	0.002	0.002	0.002	0.004	0.005	0.003	0.004	0.003	0.002	0.003	0.002	0.003	0.003	0.003	0.003	0.003	0.002	0.002	0.002	0.003	0.002	0.003	0.003	0.002	0.002	0.003	0.004	0.005	0.004	0.004	0.003	0.004	0.004	0.006999999999999999	0.006999999999999999	0.006999999999999999	0.006999999999999999	0.004	0.005	0.003	0.006
Candidatus Pelagibacteraceae	0.004	0.005	0.005	0.004	0.005	0.005	0.005	0.008	0.003	0.004	0.003	0.004	0.005	0.003	0.003	0.004	0.002	0.002	0.003	0.002	0.002	0.002	0.002	0.003	0.003	0.002	0.002	0.002	0.003	0.002	0.003	0.002	0.005	0.005	0.005	0.004	0.003	0.004	0.004	0.006	0.004	0.003	0.005	0.003	0.006	0.002	0.003	0.003
Coxiellaceae	0.005	0.006	0.004	0.004	0.006	0.004	0.005	0.005	0.002	0.002	0.003	0.003	0.003	0.003	0.002	0.002	0.002	0.002	0.003	0.002	0.002	0.003	0.002	0.002	0.004	0.002	0.003	0.004	0.003	0.003	0.003	0.002	0.003	0.004	0.004	0.004	0.003	0.003	0.002	0.003	0.006999999999999999	0.006	0.006999999999999999	0.006	0.006	0.004	0.003	0.006
Catalimonadaceae	0.006	0.004	0.005	0.005	0.006	0.006	0.004	0.004	0.002	0.002	0.005	0.005	0.002	0.003	0.004	0.003	0.002	0.001	0.003	0.003	0.003	0.003	0.002	0.003	0.002	0.002	0.003	0.002	0.003	0.002	0.003	0.002	0.005	0.003	0.005	0.005	0.004	0.005	0.004	0.003	0.005	0.006	0.003	0.005	0.004	0.003	0.002	0.004
Actinopolysporaceae	0.004	0.003	0.003	0.002	0.003	0.003	0.003	0.001	0.002	0.002	0.003	0.003	0.003	0.004	0.003	0.001	0.005	0.003	0.003	0.004	0.004	0.004	0.004	0.004	0.004	0.003	0.004	0.003	0.003	0.004	0.003	0.003	0.004	0.005	0.005	0.004	0.004	0.004	0.004	0.004	0.005	0.004	0.005	0.005	0.004	0.005	0.003	0.004
Methylothermaceae	0.004	0.005	0.005	0.004	0.004	0.004	0.003	0.002	0.002	0.002	0.004	0.005	0.004	0.003	0.003	0.002	0.003	0.001	0.004	0.003	0.003	0.003	0.003	0.002	0.002	0.002	0.003	0.002	0.003	0.003	0.002	0.002	0.003	0.005	0.004	0.004	0.003	0.003	0.004	0.003	0.006999999999999999	0.006	0.006	0.006	0.004	0.005	0.003	0.005
Fimbriimonadaceae	0.004	0.004	0.003	0.003	0.004	0.004	0.005	0.002	0.002	0.003	0.005	0.004	0.005	0.005	0.004	0.003	0.002	0.001	0.003	0.002	0.002	0.002	0.002	0.002	0.002	0.002	0.002	0.002	0.002	0.002	0.002	0.001	0.004	0.006	0.003	0.003	0.004	0.004	0.004	0.003	0.006999999999999999	0.008	0.006	0.006999999999999999	0.003	0.004	0.003	0.005
Haliscomenobacteraceae	0.004	0.003	0.006	0.004	0.005	0.004	0.004	0.003	0.002	0.002	0.004	0.004	0.003	0.003	0.002	0.003	0.002	0.001	0.003	0.003	0.002	0.003	0.002	0.002	0.002	0.002	0.003	0.002	0.003	0.002	0.002	0.002	0.004	0.003	0.004	0.006	0.003	0.004	0.004	0.004	0.006	0.006	0.006	0.006	0.005	0.004	0.002	0.005
Dictyosteliaceae	0.003	0.004	0.003	0.004	0.005	0.004	0.003	0.01	0.003	0.004	0.003	0.003	0.005	0.004	0.004	0.004	0.002	0.003	0.003	0.002	0.002	0.002	0.001	0.003	0.002	0.002	0.002	0.001	0.002	0.002	0.002	0.002	0.006	0.005	0.004	0.005	0.003	0.004	0.003	0.006999999999999999	0.003	0.002	0.005	0.002	0.006999999999999999	0.002	0.003	0.003
Geminocystaceae	0.004	0.004	0.004	0.003	0.005	0.004	0.006	0.012	0.003	0.005	0.003	0.003	0.004	0.002	0.003	0.004	0.002	0.003	0.004	0.003	0.002	0.002	0.002	0.003	0.002	0.001	0.002	0.001	0.002	0.002	0.002	0.002	0.003	0.004	0.003	0.003	0.003	0.003	0.003	0.004	0.003	0.003	0.005	0.003	0.006999999999999999	0.003	0.004	0.004
Candidatus Nanosynbacteraceae	0.003	0.003	0.006	0.002	0.004	0.003	0.012	0.002	0.001	0.001	0.002	0.002	0.003	0.003	0.004	0.001	0.006	0.004	0.002	0.004	0.011000000000000001	0.005	0.003	0.004	0.004	0.004	0.003	0.009000000000000001	0.004	0.006	0.006999999999999999	0.003	0.002	0.003	0.002	0.002	0.004	0.002	0.002	0.001	0.002	0.002	0.002	0.002	0.001	0.001	0.001	0.002
Eubacteriaceae	0.004	0.004	0.004	0.003	0.004	0.004	0.003	0.004	0.002	0.002	0.003	0.005	0.003	0.003	0.003	0.002	0.002	0.002	0.003	0.003	0.002	0.002	0.002	0.003	0.002	0.002	0.002	0.002	0.003	0.002	0.002	0.002	0.005	0.006	0.004	0.004	0.004	0.004	0.004	0.005	0.005	0.005	0.006	0.005	0.004	0.003	0.003	0.005
Emcibacteraceae	0.004	0.004	0.005	0.003	0.004	0.003	0.005	0.002	0.002	0.002	0.004	0.005	0.004	0.004	0.003	0.002	0.002	0.002	0.004	0.003	0.002	0.002	0.002	0.002	0.002	0.002	0.003	0.002	0.003	0.002	0.002	0.002	0.003	0.004	0.002	0.004	0.003	0.003	0.003	0.002	0.006	0.006999999999999999	0.006999999999999999	0.006999999999999999	0.004	0.004	0.003	0.005
Vulcanimicrobiaceae	0.004	0.003	0.003	0.004	0.003	0.003	0.003	0.001	0.002	0.002	0.003	0.004	0.003	0.004	0.002	0.002	0.003	0.002	0.003	0.003	0.003	0.002	0.003	0.002	0.002	0.002	0.003	0.002	0.002	0.003	0.003	0.002	0.003	0.004	0.004	0.003	0.004	0.003	0.004	0.003	0.006999999999999999	0.006	0.006	0.006999999999999999	0.005	0.006	0.003	0.005
Methanobacteriaceae	0.002	0.003	0.004	0.003	0.003	0.005	0.003	0.009000000000000001	0.003	0.004	0.003	0.004	0.005	0.003	0.002	0.004	0.002	0.002	0.003	0.002	0.002	0.002	0.001	0.002	0.002	0.002	0.002	0.001	0.002	0.002	0.002	0.002	0.006	0.004	0.004	0.005	0.003	0.004	0.004	0.006999999999999999	0.004	0.003	0.005	0.003	0.008	0.002	0.003	0.003
Chlamydiaceae	0.003	0.005	0.004	0.006	0.006999999999999999	0.008	0.003	0.006999999999999999	0.002	0.002	0.003	0.002	0.006	0.003	0.004	0.006	0.004	0.005	0.003	0.002	0.002	0.003	0.001	0.003	0.004	0.002	0.001	0.002	0.005	0.003	0.002	0.002	0.002	0.003	0.004	0.002	0.002	0.003	0.002	0.003	0.002	0.003	0.005	0.002	0.004	0.001	0.002	0.002
Helicobacteraceae	0.005	0.002	0.004	0.003	0.004	0.004	0.004	0.011000000000000001	0.002	0.003	0.003	0.003	0.003	0.003	0.003	0.003	0.002	0.002	0.003	0.002	0.003	0.002	0.002	0.002	0.002	0.002	0.002	0.002	0.002	0.003	0.002	0.001	0.003	0.005	0.004	0.003	0.003	0.004	0.004	0.005	0.004	0.003	0.005	0.003	0.005	0.002	0.003	0.003
Geoalkalibacteraceae	0.004	0.004	0.003	0.003	0.003	0.004	0.004	0.002	0.002	0.002	0.004	0.003	0.003	0.003	0.002	0.002	0.003	0.001	0.003	0.003	0.002	0.002	0.002	0.002	0.002	0.002	0.003	0.002	0.002	0.003	0.002	0.001	0.003	0.004	0.003	0.004	0.002	0.002	0.003	0.002	0.006999999999999999	0.006999999999999999	0.006999999999999999	0.008	0.003	0.005	0.002	0.006999999999999999
Endozoicomonadaceae	0.004	0.004	0.005	0.003	0.006	0.003	0.004	0.003	0.002	0.002	0.004	0.003	0.003	0.003	0.003	0.002	0.003	0.001	0.003	0.002	0.002	0.002	0.002	0.002	0.002	0.002	0.003	0.003	0.002	0.002	0.002	0.001	0.005	0.003	0.003	0.004	0.003	0.003	0.003	0.004	0.005	0.006	0.006	0.006	0.004	0.003	0.002	0.004
Borreliaceae	0.002	0.003	0.004	0.003	0.003	0.005	0.003	0.012	0.003	0.004	0.003	0.003	0.003	0.002	0.002	0.004	0.002	0.002	0.004	0.002	0.002	0.002	0.001	0.003	0.002	0.002	0.001	0.002	0.001	0.002	0.002	0.002	0.004	0.004	0.004	0.004	0.002	0.004	0.003	0.006999999999999999	0.003	0.002	0.005	0.002	0.008	0.002	0.003	0.003
Sporomusaceae	0.003	0.004	0.003	0.003	0.003	0.004	0.002	0.004	0.002	0.002	0.003	0.004	0.003	0.003	0.003	0.002	0.002	0.002	0.003	0.002	0.002	0.002	0.002	0.002	0.002	0.002	0.002	0.002	0.003	0.002	0.003	0.001	0.004	0.004	0.003	0.004	0.003	0.003	0.002	0.004	0.006	0.005	0.006	0.006999999999999999	0.005	0.004	0.003	0.005
Saccharospirillaceae	0.003	0.004	0.004	0.003	0.004	0.004	0.005	0.002	0.002	0.002	0.003	0.004	0.004	0.004	0.003	0.002	0.003	0.001	0.002	0.003	0.003	0.002	0.003	0.002	0.002	0.002	0.002	0.002	0.002	0.002	0.002	0.001	0.004	0.003	0.004	0.004	0.003	0.003	0.003	0.003	0.005	0.005	0.004	0.006	0.003	0.004	0.002	0.005
Desulfomicrobiaceae	0.003	0.004	0.004	0.004	0.004	0.003	0.004	0.002	0.002	0.002	0.003	0.003	0.003	0.003	0.003	0.001	0.002	0.001	0.002	0.002	0.002	0.002	0.003	0.002	0.002	0.001	0.002	0.002	0.002	0.002	0.002	0.001	0.003	0.004	0.003	0.004	0.003	0.003	0.003	0.003	0.006	0.005	0.006	0.006	0.003	0.005	0.002	0.006
Candidatus Saccharimonadaceae	0.005	0.003	0.003	0.002	0.003	0.003	0.006	0.002	0.001	0.001	0.002	0.003	0.004	0.003	0.004	0.001	0.002	0.002	0.002	0.006	0.005	0.008	0.004	0.006	0.005	0.002	0.001	0.004	0.004	0.006	0.003	0.005	0.002	0.004	0.002	0.002	0.004	0.002	0.002	0.002	0.002	0.002	0.001	0.002	0.002	0.001	0.001	0.001
Cardiobacteriaceae	0.004	0.004	0.004	0.003	0.005	0.003	0.004	0.002	0.002	0.002	0.003	0.004	0.003	0.003	0.002	0.002	0.003	0.001	0.003	0.003	0.003	0.002	0.002	0.002	0.002	0.001	0.002	0.002	0.002	0.002	0.002	0.002	0.003	0.003	0.003	0.003	0.003	0.003	0.002	0.002	0.006	0.005	0.006	0.005	0.003	0.004	0.002	0.005
Salinibacteraceae	0.004	0.003	0.003	0.003	0.003	0.004	0.003	0.002	0.002	0.002	0.003	0.003	0.003	0.003	0.002	0.002	0.002	0.001	0.003	0.003	0.002	0.002	0.003	0.002	0.002	0.002	0.002	0.002	0.002	0.002	0.002	0.002	0.003	0.004	0.003	0.003	0.003	0.003	0.003	0.002	0.006	0.005	0.006	0.005	0.003	0.005	0.002	0.005
Idiomarinaceae	0.004	0.004	0.004	0.004	0.005	0.004	0.004	0.002	0.002	0.002	0.003	0.004	0.003	0.003	0.003	0.002	0.002	0.001	0.002	0.002	0.002	0.002	0.002	0.002	0.002	0.002	0.003	0.002	0.002	0.002	0.002	0.001	0.003	0.004	0.003	0.003	0.003	0.003	0.003	0.002	0.005	0.005	0.004	0.006	0.002	0.003	0.002	0.004
Muribaculaceae	0.004	0.003	0.005	0.003	0.004	0.004	0.004	0.002	0.002	0.001	0.003	0.004	0.004	0.003	0.002	0.002	0.002	0.002	0.002	0.002	0.002	0.002	0.002	0.001	0.002	0.002	0.002	0.002	0.002	0.002	0.001	0.002	0.003	0.003	0.003	0.004	0.003	0.004	0.003	0.003	0.006	0.005	0.004	0.005	0.003	0.003	0.003	0.004
Synergistaceae	0.004	0.004	0.004	0.003	0.003	0.003	0.003	0.002	0.002	0.002	0.002	0.002	0.003	0.003	0.003	0.002	0.003	0.002	0.003	0.002	0.002	0.002	0.003	0.002	0.002	0.002	0.003	0.002	0.003	0.002	0.002	0.002	0.003	0.004	0.004	0.004	0.002	0.002	0.003	0.002	0.004	0.003	0.006	0.004	0.003	0.004	0.003	0.004
Porphyromonadaceae	0.004	0.003	0.005	0.003	0.005	0.004	0.004	0.002	0.002	0.001	0.003	0.005	0.003	0.003	0.002	0.002	0.002	0.001	0.002	0.003	0.002	0.002	0.002	0.002	0.002	0.002	0.002	0.002	0.002	0.002	0.002	0.002	0.003	0.003	0.003	0.005	0.003	0.003	0.003	0.002	0.005	0.005	0.004	0.004	0.002	0.003	0.002	0.004
Listeriaceae	0.002	0.002	0.002	0.003	0.003	0.003	0.003	0.006	0.002	0.002	0.002	0.002	0.002	0.002	0.002	0.002	0.002	0.002	0.003	0.002	0.006	0.005	0.001	0.002	0.002	0.001	0.002	0.001	0.002	0.002	0.002	0.002	0.004	0.003	0.003	0.003	0.006999999999999999	0.003	0.002	0.004	0.004	0.003	0.004	0.003	0.006999999999999999	0.003	0.002	0.003
Odoribacteraceae	0.003	0.002	0.003	0.003	0.005	0.004	0.003	0.003	0.002	0.002	0.002	0.004	0.002	0.002	0.003	0.002	0.002	0.001	0.002	0.002	0.002	0.002	0.001	0.003	0.002	0.002	0.003	0.001	0.002	0.003	0.002	0.001	0.005	0.002	0.005	0.005	0.003	0.004	0.004	0.004	0.005	0.004	0.003	0.003	0.003	0.002	0.002	0.002
Desulfitobacteriaceae	0.003	0.003	0.003	0.003	0.003	0.003	0.003	0.004	0.002	0.002	0.003	0.003	0.003	0.003	0.002	0.002	0.002	0.001	0.002	0.002	0.002	0.002	0.002	0.002	0.002	0.001	0.002	0.002	0.002	0.002	0.002	0.001	0.003	0.004	0.004	0.003	0.002	0.003	0.002	0.003	0.004	0.006	0.005	0.005	0.004	0.003	0.002	0.004
Aphanothecaceae	0.002	0.002	0.002	0.004	0.004	0.005	0.006	0.011000000000000001	0.004	0.005	0.003	0.002	0.002	0.001	0.001	0.004	0.001	0.004	0.004	0.002	0.002	0.002	0.001	0.004	0.001	0.001	0.001	0.001	0.001	0.001	0.001	0.002	0.002	0.002	0.002	0.002	0.002	0.002	0.002	0.002	0.003	0.001	0.003	0.002	0.008	0.002	0.003	0.003
Thermococcaceae	0.003	0.003	0.003	0.003	0.003	0.003	0.003	0.003	0.002	0.002	0.002	0.003	0.003	0.002	0.002	0.002	0.002	0.002	0.002	0.002	0.002	0.002	0.002	0.002	0.002	0.001	0.002	0.002	0.002	0.002	0.002	0.002	0.003	0.004	0.003	0.003	0.002	0.002	0.003	0.004	0.004	0.004	0.005	0.004	0.004	0.003	0.002	0.003
Aphanizomenonaceae	0.003	0.003	0.004	0.003	0.004	0.004	0.003	0.006	0.001	0.001	0.002	0.002	0.002	0.002	0.003	0.002	0.001	0.001	0.002	0.002	0.001	0.001	0.001	0.002	0.003	0.001	0.001	0.001	0.003	0.001	0.002	0.002	0.005	0.003	0.003	0.003	0.002	0.002	0.004	0.005	0.005	0.002	0.005	0.003	0.005	0.002	0.003	0.003
Bernardetiaceae	0.004	0.004	0.004	0.004	0.004	0.005	0.004	0.006999999999999999	0.002	0.002	0.003	0.002	0.003	0.002	0.002	0.002	0.001	0.002	0.002	0.002	0.002	0.002	0.001	0.001	0.002	0.001	0.002	0.001	0.002	0.002	0.001	0.001	0.003	0.002	0.002	0.002	0.002	0.003	0.002	0.003	0.004	0.004	0.003	0.003	0.004	0.002	0.002	0.003
Peptococcaceae	0.003	0.003	0.003	0.002	0.004	0.003	0.002	0.002	0.002	0.002	0.003	0.002	0.002	0.002	0.002	0.002	0.002	0.001	0.002	0.002	0.002	0.002	0.001	0.002	0.001	0.001	0.002	0.002	0.003	0.002	0.002	0.001	0.004	0.003	0.003	0.004	0.002	0.003	0.003	0.003	0.004	0.004	0.005	0.005	0.003	0.003	0.002	0.003
Natronoarchaeaceae	0.003	0.003	0.002	0.003	0.003	0.003	0.003	0.002	0.001	0.002	0.002	0.003	0.002	0.003	0.002	0.002	0.002	0.002	0.002	0.002	0.002	0.002	0.002	0.001	0.003	0.001	0.002	0.002	0.003	0.002	0.002	0.001	0.003	0.004	0.003	0.003	0.002	0.002	0.003	0.002	0.004	0.004	0.004	0.004	0.003	0.004	0.002	0.003
Syntrophobacteraceae	0.003	0.002	0.003	0.003	0.004	0.003	0.004	0.002	0.001	0.001	0.002	0.003	0.003	0.003	0.001	0.001	0.002	0.001	0.002	0.002	0.001	0.002	0.002	0.001	0.001	0.001	0.002	0.001	0.002	0.002	0.001	0.001	0.002	0.004	0.003	0.003	0.002	0.002	0.002	0.002	0.006	0.004	0.005	0.006	0.004	0.004	0.002	0.004
Orbaceae	0.002	0.003	0.005	0.004	0.006	0.006	0.003	0.005	0.002	0.002	0.002	0.002	0.002	0.001	0.005	0.002	0.001	0.001	0.002	0.001	0.002	0.001	0.001	0.002	0.004	0.001	0.001	0.001	0.002	0.001	0.002	0.001	0.002	0.002	0.003	0.002	0.002	0.002	0.002	0.003	0.003	0.002	0.003	0.003	0.006999999999999999	0.002	0.002	0.002
Candidatus Pseudothioglobaceae	0.001	0.004	0.003	0.004	0.002	0.003	0.005	0.005	0.002	0.003	0.003	0.002	0.004	0.002	0.001	0.003	0.001	0.002	0.001	0.002	0.002	0.002	0.001	0.002	0.002	0.001	0.001	0.002	0.001	0.001	0.002	0.001	0.003	0.003	0.003	0.001	0.003	0.003	0.002	0.004	0.003	0.001	0.003	0.003	0.005	0.002	0.002	0.004
Desulfocapsaceae	0.003	0.002	0.002	0.002	0.002	0.003	0.004	0.002	0.002	0.002	0.003	0.003	0.003	0.003	0.003	0.002	0.002	0.001	0.002	0.002	0.002	0.002	0.001	0.001	0.002	0.001	0.002	0.002	0.002	0.002	0.001	0.001	0.003	0.003	0.003	0.002	0.002	0.002	0.002	0.003	0.004	0.004	0.004	0.005	0.003	0.003	0.002	0.004
Oculatellaceae	0.003	0.003	0.004	0.002	0.003	0.003	0.002	0.003	0.001	0.002	0.002	0.002	0.002	0.002	0.002	0.001	0.002	0.002	0.001	0.002	0.002	0.002	0.002	0.002	0.002	0.002	0.002	0.002	0.002	0.001	0.002	0.001	0.003	0.003	0.002	0.003	0.003	0.002	0.002	0.003	0.005	0.004	0.004	0.004	0.003	0.003	0.002	0.003
Thalassiosiraceae	0.002	0.002	0.003	0.003	0.004	0.004	0.004	0.004	0.001	0.001	0.002	0.002	0.002	0.001	0.002	0.001	0.001	0.001	0.001	0.001	0.001	0.001	0.001	0.001	0.001	0.001	0.001	0.001	0.002	0.001	0.002	0.001	0.006	0.005	0.004	0.005	0.002	0.003	0.005	0.008	0.002	0.002	0.004	0.002	0.005	0.001	0.002	0.002
Sulfolobaceae	0.002	0.002	0.004	0.002	0.003	0.004	0.003	0.006999999999999999	0.002	0.003	0.002	0.002	0.002	0.002	0.002	0.003	0.001	0.001	0.002	0.001	0.002	0.002	0.001	0.002	0.002	0.001	0.001	0.001	0.001	0.002	0.002	0.002	0.005	0.003	0.004	0.002	0.002	0.002	0.003	0.005	0.002	0.002	0.004	0.001	0.004	0.001	0.002	0.002
Trichomonascaceae	0.002	0.004	0.002	0.003	0.003	0.002	0.004	0.002	0.001	0.002	0.002	0.002	0.004	0.003	0.002	0.002	0.001	0.002	0.003	0.002	0.001	0.001	0.001	0.001	0.003	0.001	0.001	0.001	0.001	0.001	0.001	0.002	0.005	0.006999999999999999	0.005	0.002	0.004	0.002	0.003	0.003	0.002	0.003	0.002	0.004	0.004	0.001	0.001	0.002
Marinifilaceae	0.003	0.003	0.003	0.002	0.003	0.004	0.003	0.005	0.002	0.002	0.003	0.002	0.002	0.001	0.002	0.002	0.002	0.001	0.001	0.002	0.002	0.001	0.001	0.002	0.002	0.001	0.002	0.002	0.002	0.001	0.001	0.001	0.003	0.001	0.003	0.004	0.002	0.003	0.002	0.003	0.004	0.003	0.004	0.003	0.004	0.002	0.002	0.003
Aerococcaceae	0.003	0.003	0.001	0.002	0.002	0.003	0.003	0.009000000000000001	0.002	0.002	0.002	0.003	0.002	0.002	0.002	0.003	0.001	0.002	0.002	0.002	0.002	0.002	0.001	0.002	0.002	0.001	0.001	0.001	0.001	0.001	0.002	0.001	0.002	0.003	0.002	0.003	0.002	0.003	0.003	0.003	0.003	0.003	0.003	0.003	0.004	0.002	0.002	0.003
Spirochaetaceae	0.003	0.004	0.004	0.004	0.004	0.004	0.003	0.003	0.001	0.002	0.003	0.003	0.002	0.002	0.002	0.002	0.001	0.001	0.002	0.002	0.002	0.001	0.001	0.001	0.002	0.001	0.001	0.001	0.001	0.001	0.001	0.001	0.002	0.003	0.002	0.002	0.002	0.002	0.003	0.003	0.004	0.003	0.004	0.004	0.003	0.003	0.002	0.003
Acholeplasmataceae	0.002	0.004	0.003	0.003	0.005	0.005	0.003	0.005	0.002	0.003	0.002	0.002	0.003	0.002	0.003	0.003	0.001	0.002	0.002	0.001	0.002	0.001	0.001	0.002	0.002	0.001	0.001	0.001	0.002	0.001	0.002	0.001	0.003	0.002	0.002	0.003	0.003	0.002	0.002	0.004	0.002	0.002	0.003	0.002	0.004	0.001	0.002	0.001
Francisellaceae	0.002	0.002	0.003	0.003	0.005	0.002	0.004	0.006	0.002	0.003	0.002	0.002	0.002	0.002	0.002	0.003	0.001	0.001	0.002	0.002	0.002	0.001	0.001	0.002	0.002	0.002	0.001	0.001	0.001	0.001	0.001	0.001	0.005	0.003	0.003	0.003	0.002	0.002	0.002	0.003	0.003	0.002	0.003	0.002	0.003	0.002	0.002	0.003
Lewinellaceae	0.003	0.003	0.003	0.002	0.003	0.003	0.004	0.002	0.002	0.002	0.003	0.003	0.002	0.002	0.003	0.002	0.002	0.001	0.002	0.002	0.002	0.002	0.002	0.002	0.001	0.001	0.002	0.001	0.002	0.001	0.002	0.001	0.002	0.002	0.003	0.002	0.002	0.002	0.002	0.002	0.004	0.004	0.003	0.004	0.003	0.002	0.002	0.003
Schizosaccharomycetaceae	0.002	0.003	0.004	0.002	0.004	0.003	0.003	0.005	0.002	0.002	0.002	0.002	0.004	0.002	0.003	0.002	0.001	0.002	0.002	0.001	0.001	0.001	0.001	0.002	0.002	0.001	0.002	0.001	0.002	0.001	0.002	0.003	0.004	0.003	0.002	0.003	0.003	0.003	0.003	0.003	0.002	0.002	0.002	0.001	0.003	0.001	0.002	0.002
Saprospiraceae	0.002	0.003	0.003	0.003	0.003	0.004	0.003	0.004	0.001	0.001	0.003	0.003	0.002	0.002	0.002	0.002	0.002	0.001	0.002	0.002	0.002	0.002	0.001	0.002	0.002	0.001	0.002	0.002	0.002	0.001	0.001	0.001	0.003	0.002	0.002	0.003	0.002	0.003	0.002	0.002	0.004	0.003	0.003	0.003	0.003	0.002	0.002	0.003
Temperatibacteraceae	0.002	0.003	0.003	0.002	0.003	0.002	0.002	0.001	0.002	0.002	0.002	0.003	0.002	0.003	0.002	0.002	0.002	0.001	0.002	0.002	0.002	0.002	0.002	0.001	0.002	0.001	0.002	0.002	0.002	0.002	0.001	0.001	0.001	0.003	0.003	0.003	0.002	0.002	0.002	0.002	0.004	0.004	0.004	0.005	0.002	0.003	0.002	0.003
Butyricicoccaceae	0.002	0.003	0.002	0.003	0.002	0.003	0.003	0.002	0.001	0.001	0.002	0.002	0.003	0.002	0.002	0.001	0.002	0.001	0.002	0.002	0.002	0.002	0.002	0.001	0.002	0.001	0.002	0.002	0.002	0.002	0.002	0.001	0.003	0.003	0.002	0.003	0.002	0.002	0.002	0.002	0.004	0.004	0.004	0.004	0.002	0.003	0.002	0.003
Cerasicoccaceae	0.003	0.002	0.003	0.003	0.003	0.003	0.003	0.001	0.001	0.001	0.002	0.002	0.003	0.002	0.001	0.001	0.001	0.001	0.002	0.002	0.002	0.002	0.002	0.001	0.002	0.001	0.002	0.001	0.002	0.001	0.002	0.001	0.002	0.002	0.003	0.002	0.002	0.002	0.003	0.001	0.005	0.005	0.005	0.005	0.002	0.003	0.002	0.004
Robiginitomaculaceae	0.003	0.003	0.003	0.002	0.003	0.001	0.002	0.002	0.001	0.002	0.002	0.003	0.003	0.003	0.002	0.001	0.002	0.001	0.002	0.002	0.002	0.001	0.002	0.002	0.002	0.001	0.002	0.002	0.002	0.002	0.001	0.001	0.002	0.002	0.002	0.002	0.002	0.002	0.002	0.002	0.004	0.005	0.004	0.004	0.002	0.003	0.002	0.003
Segniliparaceae	0.003	0.002	0.002	0.002	0.002	0.002	0.002	0.002	0.001	0.001	0.002	0.002	0.002	0.002	0.002	0.001	0.002	0.002	0.002	0.002	0.002	0.002	0.002	0.002	0.002	0.002	0.002	0.002	0.002	0.002	0.002	0.001	0.001	0.003	0.002	0.003	0.002	0.002	0.002	0.002	0.004	0.003	0.003	0.003	0.002	0.004	0.002	0.004
Rountreeviridae	0.002	0.003	0.001	0.005	0.003	0.008	0.002	0.002	0.001	0.001	0.003	0.001	0.005	0.002	0.002	0.003	0.002	0.004	0.003	0.001	0.002	0.004	0.0	0.005	0.003	0.004	0.0	0.001	0.005	0.002	0.002	0.001	0.001	0.001	0.002	0.001	0.0	0.001	0.002	0.001	0.0	0.001	0.001	0.0	0.005	0.0	0.001	0.001
Neomoorellaceae	0.003	0.003	0.002	0.003	0.002	0.002	0.002	0.001	0.001	0.001	0.002	0.002	0.002	0.003	0.001	0.001	0.002	0.001	0.002	0.001	0.002	0.001	0.001	0.001	0.002	0.001	0.001	0.002	0.002	0.002	0.002	0.001	0.002	0.003	0.002	0.002	0.002	0.002	0.003	0.003	0.004	0.004	0.004	0.004	0.002	0.003	0.002	0.004
Granulosicoccaceae	0.002	0.003	0.002	0.003	0.003	0.002	0.003	0.001	0.002	0.002	0.002	0.003	0.002	0.003	0.002	0.001	0.001	0.001	0.002	0.002	0.001	0.002	0.001	0.001	0.002	0.001	0.002	0.001	0.001	0.001	0.001	0.001	0.002	0.002	0.003	0.002	0.002	0.001	0.002	0.001	0.004	0.005	0.003	0.005	0.003	0.003	0.002	0.003
Persicobacteraceae	0.004	0.003	0.004	0.003	0.003	0.002	0.003	0.003	0.002	0.001	0.003	0.003	0.002	0.002	0.002	0.001	0.001	0.0	0.001	0.001	0.002	0.002	0.001	0.001	0.002	0.001	0.001	0.001	0.001	0.001	0.002	0.001	0.002	0.002	0.002	0.002	0.002	0.002	0.003	0.002	0.004	0.003	0.003	0.003	0.002	0.002	0.002	0.002
Acutalibacteraceae	0.003	0.002	0.003	0.002	0.002	0.002	0.002	0.001	0.001	0.002	0.002	0.003	0.002	0.002	0.002	0.001	0.002	0.001	0.002	0.002	0.002	0.002	0.002	0.001	0.002	0.001	0.002	0.001	0.002	0.001	0.001	0.001	0.002	0.003	0.002	0.002	0.002	0.002	0.002	0.002	0.004	0.003	0.004	0.004	0.002	0.003	0.001	0.003
Brachyspiraceae	0.002	0.002	0.002	0.002	0.003	0.002	0.002	0.006	0.002	0.003	0.002	0.002	0.003	0.002	0.002	0.003	0.001	0.002	0.003	0.001	0.002	0.001	0.001	0.002	0.001	0.001	0.001	0.001	0.001	0.001	0.002	0.001	0.003	0.002	0.002	0.002	0.002	0.002	0.001	0.004	0.002	0.002	0.002	0.002	0.004	0.001	0.002	0.002
Syntrophotaleaceae	0.003	0.002	0.003	0.003	0.002	0.003	0.003	0.001	0.001	0.001	0.002	0.002	0.002	0.002	0.002	0.001	0.001	0.001	0.002	0.001	0.001	0.001	0.002	0.001	0.001	0.001	0.002	0.001	0.001	0.002	0.002	0.001	0.002	0.003	0.002	0.002	0.002	0.002	0.002	0.001	0.004	0.004	0.004	0.005	0.002	0.003	0.001	0.004
Thermoflexaceae	0.008	0.002	0.001	0.008	0.002	0.002	0.001	0.001	0.001	0.001	0.005	0.001	0.002	0.001	0.001	0.001	0.001	0.001	0.001	0.001	0.001	0.001	0.001	0.001	0.001	0.001	0.001	0.001	0.001	0.002	0.002	0.001	0.001	0.002	0.002	0.002	0.002	0.001	0.001	0.001	0.009000000000000001	0.002	0.003	0.002	0.002	0.003	0.001	0.006999999999999999
Acidothermaceae	0.002	0.002	0.002	0.002	0.001	0.002	0.002	0.001	0.001	0.001	0.001	0.002	0.002	0.002	0.001	0.001	0.002	0.001	0.002	0.002	0.001	0.001	0.001	0.002	0.002	0.001	0.002	0.002	0.002	0.001	0.001	0.001	0.002	0.004	0.002	0.002	0.002	0.002	0.002	0.002	0.004	0.004	0.005	0.004	0.003	0.003	0.002	0.003
Theileriidae	0.002	0.002	0.002	0.001	0.002	0.003	0.002	0.006999999999999999	0.002	0.002	0.002	0.002	0.002	0.002	0.001	0.002	0.001	0.002	0.002	0.001	0.002	0.001	0.001	0.002	0.002	0.001	0.001	0.001	0.002	0.001	0.001	0.002	0.003	0.003	0.002	0.002	0.002	0.002	0.002	0.004	0.002	0.001	0.003	0.001	0.004	0.001	0.002	0.002
Babesiidae	0.002	0.003	0.003	0.002	0.003	0.003	0.002	0.004	0.002	0.002	0.002	0.002	0.003	0.002	0.002	0.001	0.001	0.002	0.002	0.001	0.001	0.002	0.001	0.001	0.002	0.001	0.002	0.001	0.002	0.001	0.002	0.001	0.003	0.004	0.003	0.002	0.001	0.001	0.002	0.003	0.002	0.002	0.002	0.001	0.003	0.001	0.001	0.002
Desulfococcaceae	0.002	0.002	0.002	0.002	0.002	0.002	0.002	0.002	0.002	0.001	0.001	0.002	0.002	0.002	0.001	0.001	0.002	0.001	0.001	0.001	0.001	0.002	0.001	0.002	0.001	0.001	0.002	0.001	0.001	0.001	0.002	0.001	0.003	0.003	0.002	0.002	0.002	0.002	0.002	0.002	0.004	0.003	0.005	0.004	0.002	0.003	0.002	0.003
Trueperaceae	0.002	0.002	0.003	0.003	0.002	0.002	0.002	0.002	0.001	0.002	0.002	0.002	0.002	0.002	0.002	0.001	0.002	0.001	0.001	0.001	0.002	0.002	0.002	0.002	0.002	0.001	0.002	0.001	0.001	0.001	0.001	0.001	0.001	0.003	0.002	0.002	0.002	0.002	0.002	0.001	0.003	0.003	0.003	0.003	0.002	0.003	0.002	0.003
Limnochordaceae	0.002	0.002	0.002	0.002	0.002	0.002	0.002	0.001	0.001	0.001	0.001	0.002	0.002	0.002	0.001	0.001	0.002	0.002	0.002	0.002	0.002	0.002	0.001	0.001	0.001	0.001	0.002	0.002	0.002	0.001	0.002	0.001	0.002	0.003	0.002	0.002	0.002	0.002	0.002	0.001	0.004	0.003	0.003	0.004	0.002	0.004	0.001	0.003
Thermoactinomycetaceae	0.003	0.002	0.002	0.002	0.003	0.002	0.003	0.002	0.001	0.001	0.002	0.002	0.002	0.002	0.002	0.001	0.001	0.001	0.002	0.001	0.001	0.001	0.001	0.001	0.001	0.001	0.002	0.001	0.001	0.002	0.001	0.001	0.002	0.002	0.002	0.003	0.002	0.001	0.001	0.002	0.004	0.003	0.004	0.004	0.002	0.003	0.002	0.004
Microcystaceae	0.002	0.002	0.002	0.006999999999999999	0.003	0.003	0.002	0.006	0.001	0.002	0.002	0.001	0.001	0.002	0.002	0.001	0.001	0.001	0.002	0.001	0.001	0.001	0.001	0.001	0.002	0.001	0.002	0.001	0.002	0.001	0.001	0.001	0.002	0.002	0.002	0.002	0.001	0.002	0.002	0.002	0.002	0.002	0.003	0.002	0.003	0.003	0.001	0.002
Nitrososphaeraceae	0.006	0.002	0.002	0.003	0.002	0.002	0.003	0.001	0.002	0.001	0.002	0.001	0.002	0.001	0.002	0.001	0.001	0.001	0.001	0.001	0.001	0.006999999999999999	0.0	0.001	0.001	0.001	0.001	0.006	0.003	0.002	0.001	0.0	0.002	0.001	0.006999999999999999	0.004	0.001	0.001	0.002	0.002	0.002	0.001	0.001	0.001	0.002	0.002	0.001	0.001
Budviciaceae	0.002	0.002	0.002	0.002	0.003	0.002	0.004	0.002	0.001	0.002	0.002	0.002	0.002	0.002	0.002	0.001	0.002	0.001	0.002	0.001	0.001	0.002	0.001	0.001	0.001	0.001	0.002	0.001	0.001	0.001	0.001	0.001	0.003	0.003	0.002	0.002	0.001	0.002	0.002	0.002	0.003	0.003	0.003	0.003	0.002	0.002	0.002	0.003
Caldilineaceae	0.003	0.003	0.002	0.002	0.002	0.002	0.003	0.001	0.001	0.001	0.002	0.002	0.001	0.002	0.001	0.001	0.001	0.001	0.001	0.001	0.001	0.001	0.001	0.001	0.001	0.001	0.001	0.001	0.001	0.001	0.001	0.001	0.002	0.002	0.01	0.002	0.002	0.002	0.002	0.002	0.004	0.003	0.003	0.003	0.002	0.003	0.001	0.003
Owenweeksiaceae	0.003	0.002	0.002	0.002	0.004	0.003	0.004	0.001	0.001	0.002	0.002	0.002	0.002	0.002	0.001	0.002	0.001	0.0	0.001	0.001	0.002	0.0	0.001	0.002	0.001	0.001	0.001	0.001	0.002	0.002	0.001	0.001	0.003	0.001	0.003	0.003	0.002	0.003	0.002	0.002	0.003	0.002	0.002	0.003	0.003	0.002	0.001	0.002
Coraliomargaritaceae	0.003	0.002	0.003	0.002	0.003	0.003	0.002	0.001	0.001	0.001	0.002	0.002	0.002	0.002	0.001	0.001	0.001	0.001	0.002	0.001	0.001	0.001	0.001	0.001	0.001	0.001	0.001	0.001	0.001	0.001	0.001	0.001	0.001	0.002	0.002	0.003	0.002	0.002	0.002	0.001	0.004	0.004	0.004	0.004	0.002	0.003	0.001	0.003
Chloroflexaceae	0.002	0.002	0.002	0.002	0.001	0.002	0.002	0.001	0.001	0.001	0.002	0.002	0.002	0.002	0.002	0.001	0.001	0.001	0.001	0.001	0.001	0.001	0.002	0.001	0.002	0.001	0.002	0.001	0.001	0.001	0.001	0.001	0.002	0.002	0.003	0.003	0.002	0.002	0.002	0.002	0.004	0.003	0.004	0.003	0.002	0.003	0.001	0.003
Dethiosulfovibrionaceae	0.002	0.002	0.002	0.002	0.003	0.002	0.002	0.001	0.001	0.001	0.002	0.002	0.002	0.002	0.001	0.001	0.001	0.001	0.001	0.002	0.002	0.002	0.002	0.001	0.001	0.001	0.002	0.001	0.002	0.001	0.001	0.001	0.002	0.003	0.002	0.002	0.002	0.002	0.002	0.001	0.003	0.003	0.003	0.003	0.002	0.003	0.001	0.002
Desulfobacteraceae	0.002	0.002	0.002	0.002	0.002	0.002	0.001	0.002	0.001	0.001	0.002	0.002	0.001	0.002	0.001	0.001	0.001	0.001	0.001	0.001	0.001	0.001	0.001	0.001	0.001	0.001	0.001	0.001	0.001	0.001	0.001	0.001	0.004	0.002	0.003	0.003	0.001	0.002	0.003	0.003	0.003	0.003	0.003	0.003	0.002	0.002	0.002	0.003
Dehalococcoidaceae	0.002	0.002	0.002	0.002	0.001	0.002	0.002	0.001	0.001	0.001	0.002	0.002	0.002	0.002	0.001	0.001	0.001	0.001	0.001	0.001	0.001	0.001	0.001	0.001	0.001	0.001	0.001	0.001	0.001	0.001	0.001	0.001	0.002	0.002	0.002	0.002	0.002	0.001	0.001	0.002	0.004	0.004	0.004	0.004	0.002	0.004	0.002	0.003
Phototrophicaceae	0.002	0.002	0.002	0.002	0.001	0.001	0.002	0.001	0.001	0.001	0.002	0.001	0.008	0.006	0.001	0.001	0.001	0.001	0.001	0.001	0.002	0.001	0.001	0.001	0.001	0.0	0.001	0.001	0.001	0.001	0.001	0.0	0.001	0.001	0.002	0.002	0.002	0.001	0.001	0.001	0.004	0.003	0.003	0.003	0.001	0.005	0.001	0.003
Metschnikowiaceae	0.001	0.002	0.002	0.002	0.001	0.002	0.003	0.003	0.001	0.001	0.002	0.002	0.003	0.002	0.002	0.001	0.002	0.001	0.001	0.001	0.001	0.001	0.001	0.001	0.002	0.001	0.001	0.001	0.002	0.001	0.001	0.001	0.003	0.004	0.002	0.002	0.001	0.002	0.001	0.003	0.002	0.003	0.002	0.002	0.002	0.001	0.001	0.002
Hoyosellaceae	0.002	0.001	0.001	0.001	0.001	0.002	0.002	0.001	0.001	0.001	0.001	0.002	0.002	0.002	0.001	0.001	0.002	0.001	0.001	0.002	0.002	0.001	0.002	0.001	0.002	0.001	0.002	0.001	0.002	0.001	0.002	0.001	0.001	0.003	0.003	0.002	0.002	0.002	0.002	0.001	0.003	0.002	0.003	0.003	0.002	0.003	0.001	0.002
Mimiviridae	0.001	0.001	0.001	0.002	0.002	0.003	0.002	0.006	0.002	0.003	0.002	0.001	0.001	0.001	0.001	0.003	0.001	0.002	0.002	0.001	0.001	0.001	0.001	0.001	0.001	0.001	0.001	0.001	0.001	0.002	0.002	0.001	0.003	0.002	0.002	0.001	0.001	0.002	0.001	0.002	0.002	0.001	0.003	0.001	0.003	0.001	0.002	0.002
Aquisediminimonadaceae	0.002	0.002	0.001	0.001	0.002	0.002	0.002	0.001	0.001	0.001	0.002	0.002	0.002	0.002	0.002	0.001	0.002	0.001	0.002	0.003	0.002	0.001	0.002	0.001	0.002	0.001	0.002	0.002	0.002	0.001	0.001	0.002	0.001	0.002	0.002	0.002	0.001	0.001	0.001	0.001	0.002	0.002	0.002	0.003	0.002	0.002	0.001	0.002
Magnetovibrionaceae	0.002	0.002	0.002	0.001	0.002	0.001	0.002	0.001	0.001	0.001	0.002	0.002	0.002	0.002	0.001	0.001	0.001	0.001	0.002	0.001	0.001	0.001	0.001	0.001	0.001	0.001	0.002	0.001	0.001	0.001	0.001	0.001	0.002	0.002	0.001	0.002	0.002	0.001	0.001	0.001	0.003	0.004	0.004	0.004	0.002	0.003	0.002	0.003
Acidimicrobiaceae	0.002	0.002	0.002	0.002	0.002	0.003	0.001	0.001	0.001	0.001	0.001	0.002	0.002	0.002	0.001	0.001	0.002	0.001	0.001	0.001	0.001	0.001	0.001	0.001	0.001	0.001	0.001	0.001	0.002	0.001	0.002	0.001	0.001	0.002	0.002	0.001	0.002	0.001	0.001	0.001	0.004	0.003	0.003	0.003	0.002	0.004	0.001	0.003
Anaerolineaceae	0.002	0.002	0.002	0.002	0.002	0.002	0.001	0.001	0.001	0.001	0.001	0.001	0.002	0.002	0.001	0.001	0.001	0.001	0.001	0.001	0.001	0.001	0.001	0.001	0.001	0.001	0.001	0.001	0.001	0.001	0.001	0.0	0.002	0.002	0.002	0.002	0.009000000000000001	0.001	0.001	0.001	0.003	0.003	0.003	0.003	0.002	0.002	0.001	0.003
Thermoguttaceae	0.001	0.002	0.001	0.001	0.001	0.001	0.001	0.0	0.0	0.011000000000000001	0.001	0.001	0.001	0.018000000000000002	0.001	0.001	0.001	0.0	0.001	0.001	0.001	0.001	0.001	0.001	0.0	0.001	0.001	0.0	0.001	0.001	0.001	0.001	0.001	0.001	0.001	0.001	0.001	0.001	0.001	0.001	0.003	0.002	0.002	0.002	0.001	0.002	0.001	0.002
Flectobacillaceae	0.003	0.002	0.002	0.003	0.003	0.003	0.003	0.001	0.001	0.001	0.002	0.002	0.002	0.001	0.001	0.001	0.001	0.0	0.001	0.001	0.001	0.001	0.001	0.001	0.001	0.001	0.001	0.001	0.001	0.001	0.001	0.001	0.002	0.001	0.002	0.002	0.002	0.002	0.002	0.002	0.003	0.003	0.002	0.002	0.002	0.001	0.001	0.002
Coprobacillaceae	0.002	0.001	0.002	0.001	0.002	0.002	0.001	0.003	0.001	0.002	0.002	0.001	0.001	0.001	0.001	0.002	0.001	0.001	0.001	0.001	0.001	0.001	0.001	0.001	0.001	0.001	0.001	0.001	0.001	0.001	0.002	0.001	0.003	0.002	0.003	0.002	0.002	0.002	0.002	0.003	0.002	0.001	0.002	0.001	0.004	0.001	0.002	0.002
Kordiimonadaceae	0.002	0.003	0.003	0.002	0.002	0.002	0.002	0.002	0.001	0.001	0.002	0.002	0.002	0.002	0.001	0.001	0.001	0.001	0.002	0.001	0.001	0.001	0.001	0.001	0.001	0.001	0.001	0.001	0.001	0.001	0.001	0.001	0.001	0.002	0.002	0.002	0.001	0.001	0.001	0.001	0.002	0.003	0.002	0.004	0.002	0.002	0.001	0.002
Anaerovoracaceae	0.002	0.001	0.002	0.002	0.002	0.002	0.001	0.003	0.001	0.002	0.001	0.001	0.002	0.001	0.002	0.001	0.001	0.001	0.001	0.001	0.001	0.001	0.001	0.001	0.001	0.001	0.001	0.001	0.002	0.001	0.001	0.001	0.002	0.002	0.002	0.002	0.002	0.002	0.001	0.002	0.002	0.002	0.003	0.002	0.002	0.001	0.001	0.002
Psychromonadaceae	0.002	0.002	0.002	0.002	0.002	0.002	0.003	0.002	0.001	0.002	0.002	0.002	0.003	0.003	0.003	0.001	0.001	0.001	0.001	0.001	0.001	0.001	0.001	0.001	0.001	0.001	0.001	0.001	0.001	0.001	0.001	0.001	0.002	0.001	0.002	0.001	0.001	0.001	0.001	0.002	0.002	0.001	0.002	0.002	0.002	0.001	0.001	0.001
Merismopediaceae	0.001	0.001	0.002	0.002	0.002	0.001	0.001	0.002	0.001	0.001	0.001	0.001	0.001	0.001	0.0	0.001	0.001	0.001	0.001	0.001	0.001	0.001	0.001	0.001	0.001	0.001	0.001	0.001	0.001	0.001	0.001	0.001	0.002	0.001	0.002	0.003	0.001	0.001	0.002	0.002	0.002	0.002	0.003	0.01	0.002	0.002	0.001	0.002
Salaquimonadaceae	0.001	0.002	0.002	0.001	0.001	0.002	0.002	0.001	0.001	0.001	0.001	0.002	0.002	0.002	0.001	0.001	0.001	0.001	0.002	0.001	0.001	0.001	0.001	0.001	0.002	0.001	0.002	0.002	0.002	0.001	0.001	0.001	0.001	0.002	0.002	0.001	0.001	0.001	0.001	0.001	0.002	0.003	0.002	0.003	0.001	0.003	0.001	0.002
Caldicellulosiruptoraceae	0.001	0.002	0.001	0.001	0.003	0.002	0.002	0.003	0.001	0.001	0.001	0.001	0.001	0.002	0.002	0.001	0.001	0.001	0.001	0.001	0.001	0.001	0.001	0.001	0.001	0.001	0.001	0.001	0.001	0.001	0.001	0.001	0.002	0.003	0.002	0.002	0.001	0.001	0.002	0.004	0.001	0.002	0.003	0.002	0.002	0.001	0.001	0.001
Bacillales Family X. Incertae Sedis	0.002	0.002	0.002	0.002	0.002	0.002	0.003	0.001	0.001	0.001	0.001	0.002	0.002	0.002	0.001	0.001	0.001	0.001	0.001	0.001	0.001	0.001	0.001	0.001	0.001	0.001	0.002	0.001	0.001	0.001	0.001	0.001	0.001	0.002	0.001	0.002	0.002	0.001	0.001	0.001	0.003	0.002	0.002	0.002	0.001	0.003	0.001	0.002
Saccharomycodaceae	0.002	0.002	0.002	0.001	0.002	0.002	0.001	0.004	0.001	0.002	0.003	0.001	0.001	0.001	0.001	0.001	0.001	0.001	0.001	0.001	0.001	0.001	0.001	0.001	0.001	0.001	0.001	0.001	0.001	0.001	0.001	0.001	0.003	0.002	0.001	0.002	0.001	0.001	0.002	0.002	0.001	0.003	0.001	0.001	0.004	0.001	0.001	0.001
Candidatus Spongiisociaceae	0.002	0.002	0.002	0.002	0.001	0.001	0.001	0.001	0.001	0.001	0.001	0.001	0.001	0.001	0.001	0.001	0.001	0.001	0.002	0.001	0.001	0.001	0.001	0.001	0.001	0.001	0.002	0.001	0.001	0.001	0.001	0.001	0.001	0.002	0.002	0.002	0.002	0.001	0.001	0.001	0.003	0.002	0.003	0.002	0.002	0.003	0.001	0.002
Hexamitidae	0.001	0.002	0.001	0.001	0.002	0.001	0.001	0.004	0.001	0.002	0.001	0.001	0.002	0.001	0.001	0.002	0.001	0.001	0.001	0.001	0.001	0.001	0.001	0.001	0.001	0.001	0.001	0.001	0.001	0.001	0.001	0.001	0.003	0.003	0.001	0.002	0.001	0.001	0.001	0.003	0.001	0.001	0.003	0.001	0.002	0.001	0.001	0.001
Hydrogenophilaceae	0.002	0.002	0.001	0.002	0.002	0.001	0.002	0.001	0.001	0.001	0.001	0.001	0.001	0.001	0.001	0.001	0.001	0.001	0.001	0.001	0.001	0.001	0.001	0.001	0.001	0.001	0.001	0.001	0.001	0.001	0.001	0.001	0.002	0.002	0.002	0.001	0.001	0.001	0.001	0.001	0.003	0.003	0.002	0.003	0.002	0.002	0.001	0.002
Bacteriovoracaceae	0.002	0.003	0.002	0.001	0.003	0.003	0.002	0.003	0.001	0.001	0.003	0.002	0.001	0.001	0.001	0.001	0.001	0.0	0.0	0.0	0.001	0.001	0.001	0.001	0.002	0.002	0.001	0.001	0.001	0.001	0.001	0.001	0.002	0.001	0.001	0.002	0.001	0.001	0.001	0.001	0.001	0.001	0.001	0.001	0.003	0.002	0.001	0.001
Nodosilineaceae	0.001	0.001	0.002	0.002	0.002	0.002	0.001	0.001	0.001	0.001	0.002	0.001	0.001	0.002	0.001	0.001	0.001	0.001	0.001	0.001	0.001	0.001	0.001	0.001	0.001	0.001	0.001	0.001	0.001	0.001	0.001	0.001	0.001	0.002	0.002	0.002	0.001	0.001	0.001	0.001	0.002	0.003	0.002	0.002	0.002	0.002	0.001	0.002
Petrotogaceae	0.001	0.001	0.002	0.002	0.002	0.002	0.002	0.006	0.001	0.001	0.001	0.001	0.001	0.001	0.001	0.002	0.0	0.001	0.001	0.001	0.001	0.001	0.001	0.001	0.001	0.001	0.0	0.001	0.001	0.001	0.001	0.001	0.002	0.002	0.002	0.002	0.001	0.002	0.001	0.003	0.001	0.001	0.001	0.001	0.002	0.001	0.001	0.001
Nitrospinaceae	0.002	0.002	0.002	0.002	0.001	0.001	0.002	0.0	0.001	0.001	0.001	0.002	0.001	0.001	0.001	0.001	0.001	0.0	0.001	0.001	0.001	0.001	0.001	0.001	0.001	0.001	0.001	0.001	0.0	0.001	0.001	0.001	0.001	0.002	0.002	0.002	0.001	0.001	0.001	0.001	0.003	0.003	0.002	0.003	0.001	0.002	0.001	0.003
Phaeodactylaceae	0.001	0.002	0.002	0.002	0.003	0.002	0.003	0.002	0.001	0.001	0.002	0.001	0.002	0.001	0.002	0.001	0.001	0.001	0.001	0.001	0.001	0.001	0.001	0.001	0.001	0.001	0.001	0.001	0.001	0.001	0.001	0.001	0.002	0.001	0.001	0.001	0.001	0.001	0.001	0.001	0.002	0.001	0.002	0.002	0.001	0.001	0.001	0.001
Hydrogenimonadaceae	0.002	0.001	0.002	0.001	0.002	0.001	0.001	0.001	0.001	0.001	0.002	0.002	0.002	0.001	0.001	0.001	0.001	0.001	0.001	0.001	0.001	0.001	0.001	0.001	0.001	0.001	0.001	0.001	0.001	0.001	0.001	0.001	0.001	0.002	0.002	0.001	0.001	0.001	0.002	0.001	0.002	0.002	0.003	0.002	0.001	0.002	0.001	0.002
Methanocellaceae	0.002	0.001	0.001	0.001	0.001	0.002	0.002	0.001	0.001	0.001	0.001	0.002	0.001	0.001	0.001	0.001	0.001	0.001	0.001	0.001	0.001	0.001	0.001	0.001	0.001	0.001	0.001	0.001	0.001	0.001	0.001	0.001	0.002	0.002	0.002	0.002	0.001	0.001	0.002	0.001	0.002	0.002	0.002	0.002	0.002	0.002	0.001	0.002
Acidaminococcaceae	0.001	0.002	0.002	0.002	0.001	0.002	0.001	0.001	0.001	0.001	0.001	0.002	0.001	0.002	0.001	0.001	0.001	0.001	0.001	0.001	0.001	0.001	0.001	0.001	0.001	0.001	0.001	0.001	0.001	0.001	0.001	0.001	0.002	0.001	0.001	0.001	0.002	0.002	0.001	0.001	0.002	0.003	0.002	0.003	0.001	0.001	0.001	0.002
Fictibacillaceae	0.001	0.002	0.001	0.002	0.002	0.001	0.001	0.001	0.001	0.001	0.001	0.001	0.002	0.001	0.002	0.001	0.001	0.001	0.001	0.001	0.001	0.001	0.001	0.001	0.001	0.001	0.001	0.001	0.001	0.001	0.001	0.001	0.001	0.002	0.002	0.001	0.001	0.001	0.002	0.002	0.002	0.002	0.002	0.002	0.002	0.001	0.001	0.002
Candidatus Nanopelagicaceae	0.001	0.002	0.002	0.001	0.001	0.001	0.002	0.001	0.001	0.001	0.001	0.002	0.001	0.001	0.001	0.001	0.001	0.001	0.001	0.001	0.001	0.001	0.001	0.001	0.001	0.001	0.001	0.001	0.001	0.001	0.001	0.001	0.002	0.001	0.001	0.001	0.001	0.001	0.001	0.001	0.002	0.002	0.002	0.006	0.002	0.001	0.001	0.002
Sirenicapillariaceae	0.001	0.001	0.001	0.001	0.002	0.003	0.001	0.005	0.001	0.001	0.001	0.001	0.001	0.001	0.001	0.001	0.001	0.001	0.001	0.001	0.001	0.001	0.0	0.001	0.001	0.001	0.001	0.001	0.001	0.0	0.001	0.001	0.002	0.002	0.001	0.001	0.001	0.002	0.001	0.001	0.002	0.001	0.003	0.001	0.002	0.001	0.001	0.002
Sulfurovaceae	0.001	0.002	0.001	0.002	0.001	0.001	0.002	0.001	0.001	0.001	0.001	0.001	0.001	0.001	0.001	0.001	0.001	0.0	0.001	0.001	0.001	0.001	0.001	0.001	0.001	0.001	0.001	0.001	0.001	0.001	0.001	0.001	0.002	0.002	0.001	0.002	0.001	0.002	0.002	0.002	0.002	0.002	0.002	0.002	0.001	0.001	0.001	0.001
Nosematidae	0.001	0.001	0.001	0.001	0.001	0.002	0.001	0.004	0.001	0.002	0.001	0.001	0.002	0.001	0.001	0.001	0.001	0.001	0.001	0.001	0.001	0.001	0.0	0.001	0.001	0.0	0.001	0.0	0.001	0.001	0.001	0.001	0.002	0.002	0.002	0.002	0.001	0.001	0.001	0.003	0.001	0.001	0.002	0.001	0.002	0.0	0.002	0.001
Cryptosporidiidae	0.001	0.002	0.001	0.001	0.003	0.002	0.002	0.003	0.001	0.001	0.001	0.001	0.001	0.001	0.001	0.001	0.001	0.001	0.001	0.001	0.001	0.001	0.001	0.001	0.001	0.001	0.001	0.001	0.001	0.001	0.001	0.001	0.002	0.002	0.001	0.001	0.001	0.001	0.001	0.002	0.001	0.001	0.001	0.001	0.002	0.001	0.001	0.001
Halalkalicoccaceae	0.002	0.001	0.001	0.001	0.001	0.001	0.002	0.001	0.001	0.001	0.001	0.002	0.001	0.001	0.001	0.001	0.001	0.001	0.001	0.001	0.001	0.001	0.001	0.001	0.001	0.001	0.001	0.001	0.001	0.001	0.001	0.001	0.002	0.002	0.002	0.001	0.001	0.001	0.001	0.001	0.002	0.002	0.002	0.001	0.002	0.002	0.001	0.001
Microvenatoraceae	0.001	0.001	0.002	0.001	0.001	0.001	0.003	0.001	0.001	0.001	0.001	0.002	0.002	0.001	0.001	0.001	0.001	0.0	0.001	0.002	0.002	0.001	0.001	0.001	0.001	0.001	0.001	0.001	0.001	0.001	0.001	0.001	0.001	0.002	0.001	0.001	0.001	0.001	0.001	0.001	0.002	0.002	0.001	0.002	0.001	0.001	0.001	0.001
Ignatzschineriaceae	0.001	0.001	0.001	0.004	0.001	0.001	0.001	0.0	0.0	0.0	0.001	0.004	0.003	0.002	0.001	0.0	0.0	0.002	0.003	0.0	0.001	0.001	0.001	0.0	0.0	0.0	0.003	0.0	0.0	0.0	0.002	0.0	0.001	0.001	0.003	0.002	0.0	0.001	0.001	0.0	0.003	0.001	0.003	0.002	0.001	0.002	0.002	0.001
Kangiellaceae	0.001	0.001	0.001	0.001	0.001	0.001	0.001	0.001	0.001	0.001	0.001	0.001	0.001	0.001	0.001	0.001	0.001	0.001	0.001	0.001	0.001	0.001	0.001	0.001	0.001	0.001	0.001	0.001	0.0	0.001	0.001	0.0	0.003	0.002	0.002	0.003	0.001	0.001	0.005	0.003	0.001	0.001	0.002	0.001	0.001	0.001	0.0	0.001
Simkaniaceae	0.002	0.002	0.002	0.002	0.002	0.003	0.002	0.003	0.0	0.001	0.001	0.001	0.002	0.001	0.002	0.001	0.0	0.001	0.0	0.0	0.0	0.0	0.0	0.001	0.001	0.0	0.001	0.0	0.001	0.001	0.001	0.001	0.002	0.001	0.002	0.002	0.001	0.001	0.002	0.003	0.001	0.001	0.002	0.001	0.001	0.001	0.001	0.0
Mycoplasmoidaceae	0.001	0.001	0.001	0.001	0.001	0.002	0.001	0.003	0.001	0.002	0.001	0.001	0.001	0.001	0.001	0.002	0.001	0.001	0.001	0.001	0.001	0.001	0.0	0.001	0.001	0.001	0.0	0.0	0.001	0.001	0.001	0.001	0.002	0.001	0.001	0.002	0.001	0.002	0.001	0.002	0.002	0.001	0.001	0.001	0.003	0.001	0.001	0.001
Calotrichaceae	0.001	0.001	0.001	0.001	0.002	0.002	0.001	0.002	0.001	0.001	0.001	0.001	0.001	0.001	0.001	0.001	0.001	0.001	0.001	0.001	0.001	0.001	0.001	0.001	0.0	0.001	0.0	0.001	0.001	0.001	0.001	0.001	0.002	0.002	0.001	0.001	0.001	0.001	0.001	0.003	0.002	0.001	0.002	0.001	0.002	0.002	0.001	0.001
Thermomicrobiaceae	0.001	0.001	0.001	0.002	0.001	0.001	0.001	0.001	0.001	0.001	0.001	0.001	0.001	0.001	0.001	0.0	0.001	0.001	0.001	0.001	0.001	0.001	0.001	0.001	0.001	0.001	0.001	0.001	0.001	0.001	0.001	0.001	0.001	0.001	0.001	0.001	0.001	0.001	0.001	0.001	0.003	0.002	0.002	0.002	0.002	0.002	0.001	0.002
Orthoherpesviridae	0.002	0.002	0.001	0.001	0.001	0.001	0.001	0.001	0.001	0.001	0.001	0.001	0.001	0.001	0.001	0.001	0.001	0.001	0.001	0.001	0.001	0.001	0.001	0.001	0.001	0.001	0.001	0.001	0.001	0.001	0.001	0.001	0.001	0.002	0.001	0.001	0.001	0.001	0.001	0.001	0.002	0.003	0.002	0.002	0.001	0.001	0.001	0.001
Nodulariaceae	0.001	0.001	0.001	0.001	0.002	0.002	0.001	0.002	0.001	0.001	0.001	0.001	0.001	0.001	0.001	0.001	0.001	0.0	0.001	0.001	0.001	0.001	0.001	0.0	0.001	0.001	0.001	0.0	0.001	0.001	0.001	0.0	0.001	0.002	0.001	0.002	0.001	0.001	0.001	0.001	0.002	0.002	0.003	0.002	0.002	0.001	0.001	0.002
Thermoproteaceae	0.002	0.001	0.001	0.002	0.001	0.001	0.002	0.001	0.001	0.001	0.001	0.001	0.001	0.001	0.001	0.001	0.001	0.001	0.001	0.001	0.001	0.001	0.001	0.001	0.001	0.001	0.001	0.001	0.001	0.001	0.001	0.001	0.001	0.002	0.001	0.001	0.001	0.001	0.001	0.001	0.001	0.001	0.002	0.001	0.002	0.001	0.001	0.002
Moritellaceae	0.001	0.001	0.002	0.001	0.002	0.001	0.002	0.001	0.001	0.001	0.001	0.001	0.001	0.001	0.001	0.001	0.001	0.001	0.001	0.001	0.001	0.001	0.001	0.0	0.001	0.001	0.001	0.001	0.001	0.001	0.0	0.001	0.001	0.001	0.002	0.001	0.001	0.001	0.001	0.005	0.001	0.001	0.001	0.002	0.001	0.001	0.001	0.001
Balneatrichaceae	0.002	0.001	0.002	0.001	0.001	0.002	0.002	0.001	0.001	0.001	0.001	0.001	0.001	0.001	0.001	0.001	0.001	0.001	0.001	0.001	0.001	0.001	0.001	0.001	0.001	0.001	0.001	0.001	0.001	0.001	0.001	0.0	0.001	0.001	0.001	0.001	0.001	0.001	0.001	0.001	0.001	0.002	0.002	0.002	0.001	0.001	0.001	0.002
Sedimentisphaeraceae	0.001	0.001	0.002	0.001	0.001	0.002	0.001	0.002	0.001	0.001	0.001	0.001	0.001	0.002	0.001	0.001	0.001	0.0	0.001	0.001	0.001	0.001	0.001	0.0	0.001	0.001	0.001	0.001	0.001	0.001	0.001	0.0	0.002	0.001	0.001	0.001	0.001	0.001	0.001	0.001	0.002	0.002	0.003	0.002	0.001	0.001	0.001	0.001
Amoebophilaceae	0.001	0.001	0.001	0.001	0.003	0.001	0.002	0.002	0.001	0.001	0.001	0.002	0.001	0.001	0.0	0.001	0.0	0.0	0.001	0.001	0.001	0.001	0.001	0.001	0.002	0.001	0.001	0.0	0.002	0.001	0.0	0.0	0.001	0.001	0.001	0.001	0.001	0.001	0.001	0.002	0.002	0.001	0.001	0.002	0.003	0.001	0.001	0.002
Silvanigrellaceae	0.001	0.001	0.001	0.001	0.002	0.002	0.001	0.003	0.001	0.001	0.001	0.001	0.001	0.001	0.001	0.001	0.001	0.001	0.001	0.001	0.001	0.001	0.001	0.001	0.001	0.001	0.001	0.001	0.001	0.001	0.001	0.001	0.002	0.002	0.001	0.001	0.001	0.001	0.002	0.001	0.001	0.001	0.001	0.001	0.001	0.0	0.001	0.001
Candidatus Desulforudaceae	0.001	0.001	0.001	0.001	0.001	0.002	0.001	0.001	0.001	0.001	0.001	0.001	0.001	0.001	0.001	0.0	0.001	0.0	0.001	0.001	0.001	0.001	0.001	0.001	0.001	0.001	0.001	0.001	0.001	0.001	0.001	0.0	0.001	0.002	0.001	0.001	0.001	0.001	0.001	0.001	0.002	0.001	0.003	0.002	0.002	0.002	0.001	0.002
Chroococcidiopsidaceae	0.001	0.001	0.002	0.001	0.001	0.001	0.001	0.001	0.001	0.001	0.001	0.001	0.001	0.001	0.001	0.001	0.001	0.001	0.001	0.001	0.001	0.001	0.001	0.001	0.001	0.001	0.001	0.001	0.001	0.001	0.001	0.0	0.001	0.003	0.001	0.001	0.001	0.001	0.001	0.002	0.002	0.001	0.002	0.001	0.001	0.001	0.001	0.002
Coralliovaceae	0.001	0.001	0.001	0.001	0.001	0.001	0.001	0.002	0.001	0.001	0.001	0.001	0.001	0.001	0.001	0.001	0.001	0.001	0.001	0.001	0.001	0.001	0.001	0.001	0.001	0.001	0.001	0.001	0.001	0.001	0.001	0.0	0.001	0.001	0.001	0.001	0.001	0.001	0.001	0.001	0.002	0.002	0.002	0.002	0.001	0.002	0.001	0.002
Tichowtungiaceae	0.001	0.001	0.001	0.001	0.001	0.001	0.002	0.0	0.001	0.001	0.001	0.001	0.001	0.001	0.001	0.001	0.001	0.0	0.001	0.001	0.001	0.001	0.001	0.001	0.001	0.001	0.001	0.001	0.001	0.001	0.001	0.0	0.001	0.002	0.001	0.001	0.001	0.001	0.0	0.001	0.003	0.002	0.002	0.002	0.001	0.002	0.001	0.002
Pseudanabaenaceae	0.001	0.001	0.002	0.001	0.001	0.001	0.001	0.001	0.001	0.001	0.001	0.001	0.001	0.001	0.0	0.0	0.001	0.001	0.001	0.001	0.001	0.001	0.0	0.001	0.001	0.0	0.001	0.001	0.0	0.001	0.001	0.001	0.001	0.002	0.001	0.002	0.001	0.001	0.001	0.002	0.002	0.003	0.002	0.002	0.001	0.001	0.001	0.002
Geitlerinemataceae	0.001	0.001	0.002	0.001	0.002	0.001	0.001	0.001	0.001	0.0	0.001	0.001	0.001	0.001	0.001	0.001	0.001	0.0	0.001	0.001	0.001	0.001	0.0	0.001	0.001	0.001	0.001	0.0	0.001	0.001	0.001	0.001	0.001	0.002	0.001	0.001	0.001	0.001	0.001	0.001	0.002	0.002	0.002	0.001	0.002	0.001	0.001	0.002
Thermosynechococcaceae	0.001	0.001	0.001	0.001	0.001	0.001	0.001	0.001	0.001	0.001	0.001	0.001	0.001	0.001	0.001	0.001	0.001	0.0	0.001	0.001	0.001	0.001	0.001	0.001	0.001	0.001	0.001	0.001	0.001	0.001	0.0	0.001	0.001	0.002	0.001	0.001	0.001	0.001	0.001	0.001	0.002	0.002	0.002	0.002	0.001	0.001	0.001	0.002
Methanoregulaceae	0.001	0.001	0.001	0.001	0.001	0.001	0.001	0.002	0.001	0.001	0.001	0.001	0.001	0.001	0.001	0.001	0.001	0.001	0.001	0.001	0.001	0.001	0.001	0.001	0.001	0.001	0.001	0.001	0.001	0.001	0.001	0.001	0.001	0.001	0.001	0.001	0.001	0.001	0.001	0.001	0.002	0.001	0.001	0.002	0.001	0.001	0.001	0.002
Breznakiellaceae	0.001	0.002	0.002	0.002	0.001	0.002	0.001	0.001	0.001	0.001	0.001	0.001	0.001	0.001	0.001	0.0	0.001	0.0	0.001	0.001	0.001	0.001	0.001	0.001	0.001	0.001	0.001	0.0	0.001	0.001	0.001	0.0	0.001	0.001	0.001	0.001	0.001	0.001	0.001	0.001	0.002	0.002	0.002	0.002	0.001	0.001	0.001	0.001
Marinilabiliaceae	0.001	0.002	0.002	0.001	0.002	0.002	0.002	0.001	0.001	0.001	0.001	0.001	0.001	0.001	0.001	0.001	0.001	0.0	0.001	0.001	0.001	0.001	0.0	0.001	0.001	0.001	0.001	0.001	0.0	0.001	0.0	0.0	0.001	0.001	0.002	0.002	0.001	0.001	0.002	0.001	0.002	0.001	0.001	0.001	0.001	0.001	0.001	0.001
Fervidobacteriaceae	0.001	0.002	0.001	0.001	0.001	0.001	0.002	0.001	0.001	0.001	0.001	0.001	0.001	0.001	0.001	0.001	0.0	0.0	0.001	0.001	0.001	0.001	0.001	0.002	0.001	0.001	0.001	0.001	0.001	0.0	0.0	0.001	0.001	0.002	0.002	0.001	0.001	0.001	0.001	0.001	0.002	0.001	0.001	0.001	0.002	0.001	0.001	0.001
Tectiviridae	0.003	0.011000000000000001	0.001	0.003	0.002	0.002	0.009000000000000001	0.004	0.0	0.0	0.001	0.002	0.001	0.0	0.003	0.0	0.002	0.0	0.0	0.0	0.0	0.0	0.0	0.0	0.001	0.0	0.0	0.0	0.003	0.001	0.0	0.0	0.0	0.0	0.0	0.0	0.0	0.0	0.002	0.0	0.0	0.0	0.0	0.0	0.0	0.0	0.0	0.0
Sneathiellaceae	0.001	0.001	0.001	0.001	0.001	0.001	0.001	0.001	0.0	0.0	0.001	0.001	0.001	0.001	0.001	0.001	0.001	0.0	0.001	0.001	0.001	0.001	0.001	0.001	0.001	0.001	0.001	0.001	0.001	0.001	0.001	0.001	0.001	0.001	0.001	0.001	0.001	0.001	0.001	0.001	0.002	0.002	0.002	0.002	0.001	0.001	0.001	0.002
Syntrophaceae	0.001	0.001	0.001	0.001	0.001	0.001	0.001	0.001	0.001	0.001	0.001	0.001	0.001	0.001	0.001	0.0	0.001	0.0	0.001	0.001	0.001	0.001	0.001	0.001	0.001	0.001	0.001	0.0	0.001	0.001	0.001	0.0	0.001	0.001	0.001	0.001	0.001	0.001	0.001	0.001	0.002	0.002	0.002	0.002	0.001	0.002	0.001	0.002
Nitrosopumilaceae	0.001	0.001	0.001	0.001	0.001	0.001	0.001	0.003	0.001	0.001	0.001	0.001	0.001	0.001	0.001	0.001	0.001	0.001	0.001	0.0	0.001	0.001	0.0	0.001	0.001	0.0	0.0	0.0	0.001	0.001	0.001	0.0	0.003	0.001	0.001	0.002	0.001	0.001	0.002	0.003	0.001	0.001	0.001	0.001	0.002	0.0	0.001	0.001
Aminobacteriaceae	0.002	0.002	0.001	0.001	0.001	0.001	0.001	0.0	0.001	0.001	0.001	0.001	0.001	0.001	0.001	0.0	0.001	0.001	0.001	0.001	0.001	0.001	0.001	0.001	0.001	0.001	0.001	0.001	0.001	0.001	0.001	0.0	0.0	0.001	0.001	0.001	0.001	0.001	0.001	0.0	0.002	0.002	0.002	0.001	0.001	0.001	0.001	0.001
Gemellaceae	0.0	0.001	0.001	0.001	0.001	0.001	0.001	0.002	0.001	0.002	0.001	0.001	0.001	0.001	0.001	0.001	0.0	0.001	0.001	0.001	0.001	0.001	0.001	0.001	0.001	0.0	0.001	0.0	0.0	0.0	0.001	0.0	0.002	0.002	0.001	0.001	0.001	0.002	0.001	0.002	0.001	0.001	0.002	0.001	0.002	0.0	0.001	0.001
Candidatus Poriferihabitaceae	0.001	0.001	0.001	0.001	0.001	0.001	0.001	0.0	0.001	0.001	0.001	0.001	0.001	0.001	0.001	0.0	0.001	0.0	0.001	0.001	0.001	0.001	0.001	0.0	0.001	0.0	0.001	0.001	0.001	0.001	0.001	0.001	0.001	0.001	0.001	0.001	0.001	0.001	0.001	0.001	0.002	0.002	0.002	0.003	0.001	0.001	0.001	0.001
Thermodesulfobacteriaceae	0.001	0.001	0.001	0.001	0.002	0.001	0.001	0.001	0.001	0.001	0.001	0.001	0.001	0.001	0.001	0.001	0.001	0.001	0.001	0.001	0.001	0.001	0.001	0.001	0.0	0.001	0.0	0.0	0.001	0.001	0.001	0.001	0.001	0.001	0.001	0.001	0.001	0.001	0.001	0.001	0.001	0.001	0.001	0.002	0.001	0.001	0.001	0.001
Christensenellaceae	0.001	0.001	0.001	0.002	0.001	0.001	0.001	0.001	0.001	0.001	0.001	0.001	0.001	0.001	0.001	0.0	0.001	0.0	0.001	0.001	0.001	0.001	0.0	0.001	0.001	0.001	0.001	0.001	0.001	0.001	0.001	0.0	0.001	0.001	0.001	0.001	0.001	0.001	0.001	0.001	0.001	0.002	0.001	0.001	0.001	0.001	0.001	0.002
Candidatus Uabimicrobiaceae	0.001	0.001	0.001	0.001	0.001	0.001	0.001	0.002	0.001	0.001	0.001	0.001	0.001	0.001	0.001	0.001	0.0	0.001	0.001	0.001	0.0	0.001	0.001	0.001	0.001	0.0	0.0	0.001	0.001	0.0	0.0	0.0	0.001	0.001	0.002	0.001	0.001	0.001	0.001	0.004	0.001	0.001	0.002	0.001	0.001	0.001	0.001	0.001
Heliobacteriaceae	0.001	0.001	0.001	0.001	0.001	0.001	0.001	0.001	0.001	0.001	0.001	0.001	0.001	0.001	0.001	0.0	0.0	0.001	0.001	0.001	0.001	0.001	0.001	0.001	0.001	0.001	0.001	0.001	0.001	0.001	0.0	0.0	0.001	0.001	0.001	0.001	0.001	0.001	0.001	0.001	0.001	0.001	0.001	0.002	0.001	0.001	0.001	0.002
Desulfatibacillaceae	0.001	0.001	0.002	0.001	0.001	0.001	0.001	0.001	0.0	0.001	0.001	0.001	0.001	0.001	0.001	0.0	0.001	0.0	0.001	0.001	0.0	0.001	0.001	0.001	0.001	0.0	0.001	0.0	0.001	0.001	0.0	0.0	0.001	0.001	0.001	0.001	0.001	0.001	0.001	0.001	0.002	0.002	0.002	0.002	0.001	0.001	0.001	0.002
Parachlamydiaceae	0.001	0.001	0.001	0.001	0.001	0.001	0.001	0.001	0.001	0.001	0.001	0.001	0.001	0.001	0.001	0.0	0.001	0.001	0.001	0.0	0.001	0.001	0.0	0.0	0.001	0.001	0.001	0.001	0.001	0.0	0.0	0.0	0.001	0.001	0.001	0.001	0.001	0.001	0.001	0.001	0.002	0.002	0.002	0.002	0.001	0.001	0.001	0.002
Halorubellaceae	0.001	0.001	0.0	0.001	0.001	0.001	0.001	0.001	0.001	0.001	0.001	0.001	0.001	0.001	0.001	0.001	0.001	0.001	0.001	0.0	0.001	0.001	0.001	0.001	0.001	0.001	0.001	0.001	0.001	0.001	0.001	0.0	0.001	0.001	0.001	0.001	0.001	0.001	0.001	0.001	0.001	0.001	0.001	0.001	0.001	0.001	0.001	0.001
Winmispiraceae	0.001	0.001	0.001	0.001	0.001	0.001	0.001	0.0	0.001	0.001	0.001	0.001	0.001	0.001	0.0	0.001	0.001	0.001	0.0	0.001	0.001	0.0	0.001	0.001	0.0	0.001	0.001	0.001	0.001	0.0	0.001	0.0	0.001	0.001	0.001	0.001	0.001	0.001	0.001	0.001	0.002	0.002	0.002	0.002	0.001	0.001	0.001	0.001
Poxviridae	0.001	0.001	0.002	0.001	0.001	0.001	0.004	0.002	0.001	0.001	0.001	0.001	0.001	0.001	0.0	0.001	0.001	0.0	0.001	0.0	0.001	0.001	0.0	0.0	0.0	0.001	0.0	0.001	0.0	0.0	0.001	0.0	0.001	0.002	0.001	0.001	0.001	0.001	0.001	0.002	0.001	0.001	0.001	0.001	0.001	0.001	0.001	0.001
Sulfurospirillaceae	0.001	0.001	0.001	0.001	0.001	0.001	0.001	0.001	0.001	0.001	0.001	0.001	0.001	0.001	0.001	0.001	0.001	0.001	0.001	0.001	0.001	0.001	0.001	0.0	0.001	0.001	0.0	0.001	0.0	0.0	0.001	0.0	0.001	0.001	0.001	0.001	0.001	0.001	0.001	0.001	0.002	0.001	0.001	0.001	0.001	0.001	0.001	0.001
Fluviibacteraceae	0.001	0.001	0.001	0.001	0.001	0.001	0.001	0.001	0.0	0.001	0.001	0.001	0.001	0.001	0.001	0.001	0.001	0.0	0.001	0.001	0.001	0.001	0.001	0.001	0.0	0.0	0.001	0.0	0.0	0.0	0.0	0.0	0.001	0.001	0.001	0.001	0.001	0.001	0.001	0.001	0.002	0.002	0.002	0.003	0.001	0.001	0.001	0.001
Balneolaceae	0.001	0.001	0.001	0.001	0.001	0.001	0.001	0.001	0.001	0.001	0.001	0.001	0.001	0.001	0.001	0.0	0.001	0.0	0.001	0.001	0.001	0.001	0.0	0.001	0.001	0.0	0.001	0.0	0.001	0.001	0.001	0.001	0.001	0.001	0.001	0.002	0.001	0.001	0.001	0.001	0.001	0.001	0.001	0.001	0.001	0.001	0.001	0.001
Nitratiruptoraceae	0.001	0.001	0.0	0.001	0.001	0.001	0.0	0.003	0.001	0.001	0.001	0.001	0.001	0.001	0.001	0.001	0.0	0.001	0.001	0.001	0.001	0.001	0.001	0.001	0.0	0.001	0.001	0.0	0.0	0.0	0.001	0.001	0.001	0.001	0.001	0.001	0.001	0.001	0.001	0.001	0.001	0.001	0.001	0.001	0.002	0.001	0.001	0.001
Entomoplasmataceae	0.001	0.0	0.001	0.001	0.001	0.002	0.001	0.004	0.001	0.001	0.001	0.001	0.001	0.001	0.001	0.001	0.001	0.001	0.001	0.001	0.001	0.001	0.0	0.001	0.001	0.0	0.0	0.001	0.001	0.001	0.0	0.0	0.001	0.001	0.001	0.001	0.001	0.001	0.001	0.001	0.001	0.0	0.001	0.0	0.002	0.0	0.001	0.001
Baculoviridae	0.001	0.001	0.001	0.001	0.001	0.001	0.001	0.003	0.001	0.001	0.001	0.001	0.001	0.001	0.001	0.001	0.0	0.001	0.001	0.001	0.001	0.0	0.001	0.0	0.001	0.001	0.001	0.001	0.001	0.0	0.0	0.0	0.001	0.001	0.001	0.001	0.001	0.001	0.001	0.001	0.001	0.001	0.001	0.001	0.001	0.001	0.001	0.001
Jeanschmidtviridae	0.001	0.001	0.0	0.003	0.001	0.001	0.001	0.001	0.001	0.0	0.002	0.0	0.001	0.001	0.001	0.0	0.001	0.0	0.0	0.001	0.001	0.001	0.001	0.001	0.0	0.0	0.001	0.001	0.001	0.001	0.0	0.0	0.001	0.002	0.001	0.0	0.0	0.001	0.0	0.001	0.003	0.002	0.001	0.001	0.001	0.002	0.0	0.003
Coleofasciculaceae	0.001	0.002	0.001	0.001	0.001	0.001	0.001	0.001	0.001	0.001	0.001	0.001	0.001	0.001	0.001	0.0	0.001	0.0	0.001	0.001	0.001	0.001	0.0	0.001	0.001	0.0	0.001	0.0	0.0	0.001	0.001	0.0	0.001	0.001	0.001	0.001	0.001	0.001	0.001	0.001	0.001	0.001	0.002	0.001	0.001	0.001	0.001	0.001
Holosporaceae	0.001	0.001	0.001	0.001	0.001	0.001	0.002	0.001	0.001	0.001	0.001	0.001	0.001	0.001	0.001	0.001	0.001	0.0	0.001	0.001	0.001	0.0	0.001	0.0	0.001	0.001	0.001	0.0	0.001	0.0	0.001	0.0	0.001	0.001	0.001	0.001	0.001	0.001	0.001	0.001	0.001	0.001	0.001	0.001	0.001	0.001	0.001	0.001
Mariprofundaceae	0.001	0.001	0.001	0.001	0.001	0.001	0.001	0.0	0.0	0.0	0.001	0.001	0.001	0.001	0.001	0.001	0.001	0.0	0.001	0.001	0.001	0.0	0.001	0.0	0.0	0.0	0.001	0.001	0.001	0.001	0.001	0.0	0.001	0.001	0.001	0.001	0.001	0.001	0.001	0.001	0.002	0.002	0.001	0.002	0.001	0.001	0.001	0.001
Ferrovaceae	0.001	0.002	0.001	0.001	0.001	0.001	0.001	0.0	0.001	0.001	0.001	0.001	0.001	0.001	0.0	0.001	0.001	0.0	0.001	0.001	0.001	0.0	0.001	0.0	0.001	0.0	0.001	0.0	0.0	0.0	0.0	0.0	0.001	0.001	0.001	0.001	0.001	0.0	0.001	0.001	0.002	0.002	0.002	0.002	0.001	0.002	0.001	0.001
Natronincolaceae	0.001	0.001	0.001	0.001	0.001	0.001	0.001	0.002	0.001	0.001	0.001	0.001	0.001	0.001	0.001	0.001	0.0	0.0	0.001	0.001	0.001	0.001	0.0	0.001	0.001	0.0	0.0	0.001	0.001	0.0	0.001	0.001	0.001	0.001	0.001	0.001	0.001	0.001	0.001	0.001	0.001	0.0	0.001	0.001	0.001	0.001	0.001	0.001
Chrysiogenaceae	0.001	0.001	0.001	0.001	0.001	0.001	0.002	0.0	0.001	0.0	0.001	0.001	0.001	0.001	0.0	0.001	0.001	0.0	0.001	0.001	0.0	0.0	0.001	0.001	0.0	0.0	0.001	0.0	0.001	0.001	0.0	0.0	0.001	0.002	0.001	0.001	0.001	0.001	0.001	0.001	0.002	0.002	0.002	0.002	0.0	0.001	0.0	0.002
Phycodnaviridae	0.001	0.001	0.002	0.001	0.001	0.002	0.001	0.003	0.001	0.001	0.001	0.0	0.001	0.001	0.001	0.001	0.0	0.001	0.001	0.0	0.001	0.001	0.0	0.001	0.001	0.0	0.0	0.0	0.001	0.0	0.001	0.001	0.001	0.001	0.001	0.001	0.001	0.001	0.001	0.002	0.001	0.001	0.001	0.001	0.001	0.0	0.0	0.0
Methylacidiphilaceae	0.001	0.001	0.001	0.001	0.001	0.001	0.001	0.0	0.001	0.001	0.001	0.001	0.001	0.001	0.001	0.001	0.001	0.0	0.001	0.0	0.0	0.001	0.0	0.0	0.001	0.0	0.001	0.001	0.001	0.0	0.001	0.0	0.001	0.001	0.001	0.002	0.001	0.001	0.001	0.001	0.001	0.003	0.001	0.001	0.001	0.001	0.0	0.001
Paludibacteraceae	0.001	0.001	0.002	0.001	0.001	0.001	0.002	0.001	0.001	0.0	0.001	0.001	0.001	0.001	0.001	0.001	0.0	0.001	0.0	0.001	0.0	0.001	0.001	0.0	0.0	0.001	0.001	0.001	0.0	0.001	0.0	0.0	0.001	0.0	0.001	0.001	0.001	0.001	0.001	0.001	0.001	0.001	0.001	0.001	0.001	0.001	0.001	0.001
Methanococcaceae	0.001	0.001	0.001	0.001	0.001	0.001	0.001	0.002	0.001	0.001	0.001	0.001	0.001	0.001	0.0	0.001	0.0	0.001	0.001	0.0	0.0	0.001	0.0	0.001	0.001	0.0	0.0	0.0	0.0	0.001	0.001	0.001	0.001	0.001	0.001	0.001	0.001	0.001	0.001	0.001	0.001	0.001	0.001	0.001	0.002	0.0	0.001	0.001
Terasakiellaceae	0.001	0.001	0.001	0.001	0.001	0.001	0.001	0.001	0.001	0.001	0.001	0.001	0.001	0.001	0.0	0.0	0.0	0.0	0.001	0.001	0.001	0.0	0.0	0.0	0.001	0.001	0.001	0.001	0.001	0.0	0.0	0.0	0.001	0.001	0.001	0.001	0.001	0.0	0.001	0.0	0.002	0.002	0.001	0.002	0.001	0.001	0.001	0.002
Methanocaldococcaceae	0.001	0.001	0.001	0.001	0.001	0.001	0.001	0.003	0.001	0.001	0.0	0.001	0.001	0.001	0.001	0.001	0.001	0.001	0.001	0.001	0.0	0.001	0.0	0.001	0.0	0.001	0.0	0.0	0.0	0.0	0.001	0.0	0.001	0.001	0.001	0.001	0.001	0.001	0.001	0.001	0.001	0.001	0.001	0.0	0.002	0.0	0.001	0.001
Halanaerobiaceae	0.001	0.001	0.0	0.001	0.001	0.001	0.001	0.002	0.0	0.001	0.001	0.001	0.001	0.001	0.001	0.001	0.0	0.001	0.001	0.001	0.0	0.001	0.0	0.001	0.001	0.0	0.0	0.0	0.001	0.001	0.001	0.0	0.001	0.001	0.001	0.001	0.001	0.001	0.001	0.002	0.001	0.001	0.001	0.001	0.001	0.0	0.001	0.0
Litorivicinaceae	0.001	0.001	0.001	0.001	0.001	0.001	0.001	0.0	0.0	0.0	0.001	0.001	0.001	0.001	0.001	0.001	0.001	0.0	0.001	0.001	0.001	0.001	0.001	0.001	0.0	0.0	0.0	0.001	0.001	0.001	0.0	0.0	0.001	0.001	0.001	0.001	0.0	0.001	0.001	0.0	0.001	0.001	0.001	0.002	0.001	0.001	0.001	0.002
Tolypothrichaceae	0.0	0.001	0.001	0.001	0.001	0.001	0.001	0.002	0.001	0.001	0.001	0.0	0.001	0.0	0.001	0.001	0.001	0.001	0.002	0.001	0.0	0.001	0.0	0.001	0.0	0.0	0.0	0.0	0.0	0.001	0.0	0.0	0.001	0.001	0.001	0.001	0.001	0.001	0.001	0.001	0.001	0.001	0.002	0.001	0.001	0.001	0.001	0.001
Desulfosudaceae	0.001	0.001	0.001	0.001	0.001	0.001	0.001	0.0	0.0	0.0	0.001	0.001	0.001	0.001	0.0	0.0	0.001	0.0	0.001	0.001	0.001	0.001	0.001	0.001	0.001	0.001	0.0	0.001	0.001	0.001	0.0	0.0	0.001	0.001	0.001	0.001	0.0	0.001	0.001	0.001	0.001	0.001	0.002	0.001	0.001	0.001	0.0	0.001
Sphaerochaetaceae	0.001	0.001	0.001	0.001	0.001	0.001	0.001	0.001	0.0	0.001	0.001	0.001	0.001	0.001	0.001	0.001	0.001	0.0	0.001	0.001	0.0	0.0	0.001	0.001	0.001	0.0	0.0	0.0	0.001	0.0	0.0	0.0	0.001	0.001	0.001	0.001	0.001	0.0	0.001	0.001	0.001	0.001	0.001	0.002	0.001	0.001	0.001	0.001
Candidatus Chloroheliaceae	0.001	0.001	0.001	0.001	0.0	0.001	0.001	0.002	0.0	0.0	0.001	0.001	0.001	0.001	0.001	0.0	0.001	0.001	0.001	0.0	0.0	0.001	0.0	0.0	0.001	0.0	0.001	0.0	0.001	0.001	0.0	0.001	0.0	0.001	0.001	0.0	0.001	0.001	0.001	0.0	0.001	0.001	0.002	0.001	0.001	0.001	0.001	0.001
Desulfolunaceae	0.001	0.001	0.001	0.001	0.0	0.001	0.001	0.0	0.0	0.001	0.001	0.001	0.001	0.001	0.0	0.0	0.001	0.0	0.001	0.0	0.001	0.0	0.001	0.001	0.001	0.0	0.001	0.001	0.001	0.0	0.0	0.0	0.0	0.001	0.001	0.001	0.001	0.001	0.001	0.001	0.001	0.001	0.002	0.001	0.001	0.001	0.001	0.001
Tissierellaceae	0.001	0.001	0.001	0.001	0.0	0.001	0.001	0.001	0.001	0.001	0.001	0.001	0.001	0.001	0.001	0.001	0.0	0.001	0.001	0.0	0.001	0.0	0.0	0.001	0.0	0.001	0.0	0.0	0.001	0.001	0.001	0.0	0.001	0.001	0.0	0.0	0.001	0.001	0.001	0.002	0.001	0.001	0.001	0.001	0.001	0.0	0.0	0.001
Stackebrandtviridae	0.001	0.0	0.001	0.001	0.0	0.001	0.001	0.0	0.001	0.001	0.001	0.001	0.001	0.001	0.001	0.0	0.0	0.0	0.0	0.002	0.0	0.001	0.0	0.0	0.002	0.0	0.0	0.0	0.0	0.001	0.001	0.0	0.0	0.001	0.001	0.0	0.001	0.002	0.001	0.001	0.003	0.002	0.002	0.001	0.001	0.0	0.0	0.001
Aristaeellaceae	0.001	0.001	0.001	0.001	0.001	0.0	0.001	0.0	0.0	0.001	0.001	0.001	0.001	0.0	0.001	0.0	0.001	0.001	0.001	0.0	0.001	0.0	0.001	0.0	0.001	0.0	0.001	0.0	0.0	0.001	0.0	0.0	0.001	0.001	0.001	0.001	0.001	0.001	0.001	0.001	0.001	0.001	0.001	0.002	0.001	0.001	0.0	0.001
Hapalosiphonaceae	0.001	0.001	0.001	0.001	0.001	0.001	0.001	0.001	0.001	0.0	0.001	0.0	0.001	0.001	0.001	0.001	0.0	0.001	0.001	0.0	0.001	0.0	0.0	0.001	0.0	0.0	0.0	0.0	0.0	0.0	0.0	0.001	0.001	0.001	0.001	0.001	0.001	0.001	0.001	0.001	0.001	0.001	0.001	0.001	0.001	0.001	0.001	0.001
Zymomonadaceae	0.0	0.001	0.0	0.001	0.001	0.001	0.001	0.001	0.0	0.001	0.001	0.001	0.0	0.001	0.001	0.0	0.001	0.0	0.001	0.0	0.001	0.0	0.0	0.0	0.001	0.001	0.001	0.0	0.001	0.001	0.0	0.0	0.0	0.001	0.0	0.001	0.0	0.001	0.001	0.0	0.002	0.001	0.002	0.002	0.001	0.001	0.002	0.001
Gloeomargaritaceae	0.0	0.001	0.0	0.001	0.001	0.0	0.0	0.0	0.0	0.0	0.0	0.005	0.0	0.0	0.0	0.0	0.001	0.0	0.0	0.0	0.0	0.0	0.0	0.0	0.0	0.0	0.0	0.0	0.0	0.0	0.0	0.0	0.0	0.009000000000000001	0.0	0.001	0.001	0.008	0.0	0.0	0.001	0.001	0.001	0.001	0.001	0.001	0.0	0.001
Anaerohalosphaeraceae	0.001	0.001	0.001	0.001	0.001	0.001	0.001	0.0	0.001	0.0	0.001	0.001	0.001	0.001	0.0	0.0	0.001	0.0	0.001	0.001	0.0	0.0	0.0	0.001	0.001	0.001	0.001	0.0	0.001	0.001	0.001	0.0	0.0	0.0	0.0	0.0	0.001	0.001	0.001	0.001	0.001	0.001	0.001	0.001	0.001	0.001	0.0	0.001
Vallitaleaceae	0.001	0.001	0.001	0.0	0.001	0.001	0.001	0.002	0.001	0.001	0.001	0.0	0.001	0.0	0.001	0.001	0.0	0.0	0.001	0.001	0.0	0.0	0.0	0.001	0.001	0.0	0.0	0.0	0.0	0.0	0.001	0.0	0.001	0.001	0.001	0.001	0.001	0.001	0.001	0.002	0.001	0.0	0.001	0.001	0.001	0.0	0.001	0.0
Anthocerotibacteraceae	0.0	0.002	0.003	0.001	0.002	0.002	0.001	0.006	0.0	0.0	0.001	0.0	0.001	0.0	0.0	0.0	0.0	0.0	0.0	0.0	0.0	0.0	0.0	0.0	0.0	0.0	0.0	0.0	0.001	0.0	0.0	0.0	0.001	0.0	0.001	0.001	0.001	0.0	0.001	0.0	0.001	0.001	0.001	0.001	0.001	0.001	0.001	0.001
Pseudohongiellaceae	0.001	0.001	0.001	0.001	0.001	0.0	0.001	0.001	0.001	0.001	0.001	0.001	0.001	0.0	0.001	0.001	0.0	0.0	0.0	0.0	0.001	0.0	0.0	0.0	0.001	0.001	0.001	0.001	0.0	0.001	0.0	0.0	0.001	0.0	0.001	0.001	0.001	0.0	0.0	0.0	0.001	0.002	0.001	0.001	0.001	0.001	0.0	0.001
Methanotrichaceae	0.001	0.001	0.001	0.001	0.001	0.001	0.0	0.001	0.0	0.001	0.0	0.001	0.001	0.0	0.0	0.0	0.001	0.0	0.001	0.001	0.0	0.0	0.0	0.0	0.001	0.0	0.0	0.001	0.001	0.0	0.0	0.0	0.001	0.001	0.001	0.001	0.001	0.001	0.001	0.001	0.001	0.001	0.001	0.001	0.001	0.001	0.001	0.001
Turicibacteraceae	0.001	0.001	0.001	0.001	0.001	0.001	0.001	0.002	0.001	0.001	0.0	0.001	0.001	0.0	0.0	0.0	0.0	0.001	0.0	0.0	0.0	0.0	0.0	0.0	0.0	0.0	0.0	0.0	0.001	0.0	0.0	0.0	0.001	0.001	0.001	0.001	0.001	0.001	0.001	0.001	0.001	0.001	0.001	0.001	0.001	0.001	0.001	0.001
Sanyastnellaceae	0.001	0.002	0.001	0.001	0.001	0.001	0.001	0.001	0.0	0.0	0.002	0.001	0.001	0.001	0.001	0.0	0.001	0.0	0.0	0.001	0.0	0.001	0.001	0.0	0.0	0.0	0.001	0.0	0.0	0.0	0.001	0.0	0.001	0.0	0.0	0.002	0.0	0.001	0.001	0.001	0.001	0.001	0.001	0.001	0.0	0.0	0.0	0.0
Aquificaceae	0.001	0.001	0.001	0.0	0.001	0.001	0.001	0.002	0.0	0.0	0.001	0.001	0.001	0.001	0.001	0.0	0.0	0.0	0.0	0.0	0.0	0.0	0.0	0.0	0.0	0.0	0.0	0.0	0.0	0.0	0.001	0.0	0.001	0.001	0.001	0.001	0.001	0.001	0.0	0.001	0.001	0.001	0.002	0.001	0.001	0.001	0.001	0.001
Ketobacteraceae	0.001	0.001	0.001	0.0	0.001	0.0	0.001	0.001	0.0	0.0	0.001	0.001	0.001	0.001	0.001	0.0	0.0	0.0	0.0	0.001	0.0	0.0	0.0	0.0	0.0	0.0	0.001	0.001	0.001	0.001	0.0	0.0	0.001	0.001	0.001	0.001	0.001	0.0	0.001	0.0	0.001	0.001	0.001	0.001	0.001	0.001	0.001	0.001
Mangrovivirgaceae	0.001	0.001	0.002	0.001	0.002	0.001	0.001	0.001	0.001	0.001	0.001	0.001	0.001	0.0	0.0	0.0	0.0	0.0	0.0	0.0	0.001	0.0	0.0	0.0	0.0	0.0	0.001	0.0	0.0	0.0	0.0	0.0	0.001	0.0	0.001	0.001	0.001	0.001	0.001	0.001	0.001	0.001	0.001	0.001	0.001	0.0	0.0	0.001
Celerinatantimonadaceae	0.001	0.001	0.001	0.001	0.002	0.0	0.0	0.0	0.0	0.001	0.0	0.001	0.001	0.0	0.0	0.0	0.0	0.0	0.001	0.0	0.0	0.001	0.001	0.0	0.001	0.0	0.001	0.0	0.005	0.001	0.001	0.002	0.0	0.0	0.0	0.001	0.001	0.001	0.0	0.0	0.0	0.001	0.001	0.001	0.0	0.0	0.0	0.001
Candidatus Midichloriaceae	0.001	0.001	0.001	0.001	0.001	0.001	0.001	0.001	0.0	0.0	0.001	0.001	0.001	0.001	0.0	0.001	0.0	0.0	0.001	0.0	0.001	0.0	0.0	0.0	0.0	0.001	0.0	0.0	0.001	0.0	0.0	0.0	0.001	0.001	0.0	0.001	0.0	0.0	0.001	0.001	0.001	0.001	0.001	0.001	0.001	0.001	0.001	0.0
Candidatus Thermobaculaceae	0.001	0.001	0.001	0.001	0.001	0.001	0.001	0.001	0.0	0.0	0.0	0.0	0.0	0.0	0.0	0.0	0.001	0.0	0.0	0.001	0.001	0.001	0.001	0.0	0.0	0.001	0.001	0.001	0.001	0.0	0.001	0.0	0.001	0.001	0.0	0.001	0.0	0.001	0.0	0.0	0.001	0.001	0.001	0.001	0.0	0.001	0.001	0.001
Thermotogaceae	0.001	0.0	0.001	0.001	0.001	0.001	0.001	0.001	0.0	0.001	0.001	0.0	0.001	0.001	0.0	0.0	0.0	0.0	0.001	0.0	0.0	0.0	0.0	0.0	0.001	0.0	0.0	0.0	0.0	0.0	0.0	0.0	0.001	0.001	0.001	0.001	0.001	0.001	0.001	0.001	0.001	0.001	0.001	0.001	0.001	0.001	0.001	0.001
Trichocoleusaceae	0.001	0.001	0.001	0.001	0.001	0.001	0.001	0.001	0.0	0.0	0.0	0.001	0.001	0.0	0.001	0.0	0.0	0.0	0.001	0.001	0.0	0.0	0.0	0.0	0.0	0.0	0.0	0.0	0.0	0.0	0.0	0.0	0.001	0.001	0.001	0.001	0.001	0.0	0.001	0.001	0.002	0.001	0.001	0.001	0.001	0.001	0.001	0.001
Chthonomonadaceae	0.001	0.0	0.0	0.001	0.001	0.0	0.0	0.001	0.0	0.0	0.001	0.001	0.001	0.001	0.001	0.0	0.0	0.0	0.001	0.0	0.0	0.0	0.0	0.0	0.0	0.0	0.0	0.0	0.0	0.0	0.0	0.0	0.001	0.001	0.001	0.001	0.001	0.001	0.001	0.0	0.001	0.001	0.001	0.006999999999999999	0.0	0.001	0.0	0.001
Halobacteroidaceae	0.001	0.0	0.001	0.0	0.001	0.001	0.001	0.001	0.0	0.001	0.001	0.001	0.001	0.001	0.001	0.001	0.0	0.0	0.001	0.0	0.0	0.0	0.0	0.0	0.001	0.0	0.0	0.0	0.0	0.001	0.0	0.0	0.001	0.001	0.001	0.0	0.001	0.001	0.0	0.001	0.001	0.001	0.001	0.001	0.001	0.0	0.0	0.001
Ignavibacteriaceae	0.0	0.001	0.001	0.001	0.001	0.001	0.001	0.002	0.0	0.0	0.001	0.001	0.001	0.0	0.001	0.0	0.0	0.0	0.001	0.0	0.0	0.0	0.0	0.0	0.0	0.0	0.0	0.0	0.0	0.001	0.0	0.0	0.001	0.001	0.001	0.001	0.001	0.001	0.0	0.001	0.001	0.001	0.001	0.001	0.001	0.001	0.0	0.001
Nautiliaceae	0.001	0.001	0.001	0.001	0.001	0.001	0.001	0.002	0.001	0.001	0.0	0.0	0.001	0.0	0.0	0.001	0.0	0.0	0.001	0.001	0.001	0.001	0.0	0.0	0.0	0.0	0.0	0.0	0.0	0.0	0.0	0.0	0.001	0.0	0.001	0.001	0.0	0.001	0.0	0.001	0.001	0.0	0.001	0.001	0.001	0.001	0.0	0.001
Geminigeraceae	0.0	0.0	0.0	0.001	0.001	0.001	0.001	0.002	0.0	0.001	0.001	0.001	0.002	0.002	0.001	0.0	0.001	0.0	0.0	0.0	0.0	0.0	0.0	0.0	0.0	0.001	0.0	0.0	0.001	0.0	0.001	0.0	0.001	0.001	0.001	0.0	0.0	0.0	0.001	0.001	0.0	0.001	0.001	0.0	0.001	0.001	0.0	0.001
Cyclonatronaceae	0.001	0.001	0.001	0.0	0.001	0.001	0.0	0.0	0.0	0.0	0.001	0.0	0.0	0.0	0.0	0.0	0.0	0.0	0.001	0.001	0.0	0.001	0.001	0.0	0.0	0.0	0.0	0.0	0.0	0.0	0.001	0.0	0.001	0.001	0.001	0.0	0.001	0.001	0.0	0.001	0.002	0.001	0.001	0.002	0.001	0.001	0.001	0.001
Candidatus Bipolaricaulaceae	0.0	0.001	0.001	0.001	0.0	0.001	0.001	0.001	0.0	0.0	0.001	0.001	0.0	0.001	0.0	0.0	0.001	0.0	0.0	0.0	0.0	0.0	0.001	0.0	0.0	0.0	0.001	0.0	0.001	0.0	0.0	0.0	0.0	0.001	0.001	0.0	0.001	0.0	0.001	0.001	0.002	0.001	0.001	0.001	0.001	0.001	0.0	0.001
Desulfallaceae	0.001	0.001	0.001	0.001	0.001	0.0	0.0	0.001	0.001	0.0	0.001	0.0	0.001	0.001	0.0	0.0	0.0	0.0	0.001	0.0	0.0	0.0	0.0	0.0	0.001	0.0	0.0	0.0	0.0	0.0	0.0	0.0	0.001	0.001	0.0	0.001	0.0	0.001	0.001	0.001	0.001	0.001	0.001	0.001	0.001	0.001	0.0	0.001
Sporolactobacillaceae	0.0	0.001	0.001	0.001	0.0	0.001	0.001	0.001	0.0	0.0	0.0	0.001	0.001	0.0	0.0	0.0	0.0	0.0	0.0	0.0	0.0	0.0	0.001	0.0	0.0	0.0	0.0	0.001	0.0	0.001	0.0	0.0	0.0	0.001	0.001	0.001	0.001	0.001	0.001	0.0	0.001	0.001	0.001	0.001	0.001	0.001	0.001	0.001
Desulfurococcaceae	0.001	0.0	0.001	0.001	0.001	0.001	0.001	0.001	0.0	0.0	0.001	0.0	0.001	0.001	0.0	0.001	0.0	0.0	0.001	0.0	0.0	0.001	0.0	0.0	0.0	0.0	0.0	0.0	0.0	0.0	0.0	0.0	0.0	0.001	0.001	0.001	0.0	0.001	0.0	0.001	0.001	0.001	0.001	0.001	0.001	0.001	0.001	0.0
Promethearchaeaceae	0.0	0.001	0.0	0.0	0.0	0.0	0.0	0.001	0.0	0.001	0.0	0.0	0.0	0.0	0.0	0.0	0.0	0.0	0.0	0.0	0.0	0.0	0.0	0.0	0.0	0.0	0.006999999999999999	0.004	0.0	0.0	0.0	0.0	0.001	0.001	0.001	0.001	0.001	0.002	0.001	0.001	0.0	0.0	0.001	0.001	0.0	0.0	0.0	0.0
Acaryochloridaceae	0.001	0.0	0.0	0.001	0.0	0.0	0.001	0.001	0.0	0.0	0.001	0.001	0.001	0.001	0.001	0.0	0.0	0.0	0.001	0.0	0.0	0.0	0.0	0.001	0.0	0.0	0.001	0.0	0.0	0.0	0.0	0.0	0.0	0.001	0.001	0.001	0.0	0.001	0.0	0.001	0.001	0.001	0.001	0.001	0.001	0.001	0.0	0.001
Candidatus Puniceispirillaceae	0.0	0.0	0.001	0.001	0.001	0.001	0.001	0.0	0.0	0.0	0.001	0.001	0.0	0.001	0.001	0.0	0.0	0.0	0.0	0.0	0.0	0.0	0.0	0.0	0.0	0.0	0.0	0.001	0.001	0.0	0.0	0.0	0.001	0.001	0.001	0.001	0.0	0.0	0.0	0.001	0.001	0.001	0.001	0.001	0.001	0.001	0.001	0.001
Pleioneaceae	0.001	0.001	0.0	0.001	0.001	0.0	0.001	0.001	0.0	0.001	0.001	0.0	0.0	0.0	0.0	0.001	0.0	0.0	0.0	0.0	0.0	0.0	0.0	0.001	0.001	0.0	0.0	0.0	0.0	0.0	0.0	0.0	0.001	0.0	0.001	0.001	0.0	0.001	0.001	0.001	0.001	0.001	0.0	0.001	0.001	0.001	0.0	0.001
Hyellaceae	0.001	0.001	0.0	0.001	0.001	0.0	0.0	0.001	0.0	0.0	0.001	0.001	0.001	0.001	0.0	0.0	0.0	0.0	0.0	0.0	0.0	0.0	0.0	0.0	0.0	0.0	0.0	0.0	0.0	0.0	0.0	0.0	0.0	0.001	0.001	0.001	0.001	0.001	0.0	0.0	0.001	0.001	0.001	0.001	0.001	0.001	0.001	0.001
Mesyanzhinovviridae	0.0	0.0	0.0	0.0	0.002	0.0	0.001	0.0	0.0	0.0	0.002	0.0	0.0	0.001	0.0	0.001	0.001	0.0	0.001	0.0	0.001	0.0	0.0	0.0	0.001	0.001	0.0	0.001	0.001	0.001	0.0	0.0	0.0	0.001	0.0	0.0	0.002	0.0	0.0	0.001	0.0	0.001	0.0	0.0	0.001	0.001	0.0	0.0
Oleiphilaceae	0.0	0.001	0.001	0.0	0.0	0.001	0.001	0.0	0.001	0.0	0.001	0.0	0.0	0.0	0.0	0.001	0.0	0.0	0.0	0.0	0.001	0.0	0.0	0.0	0.001	0.0	0.0	0.0	0.0	0.0	0.001	0.0	0.0	0.001	0.001	0.0	0.0	0.0	0.0	0.001	0.001	0.001	0.001	0.001	0.001	0.001	0.001	0.001
Candidatus Paracaedibacteraceae	0.001	0.001	0.001	0.0	0.001	0.0	0.001	0.0	0.0	0.0	0.001	0.0	0.001	0.0	0.001	0.0	0.001	0.0	0.0	0.0	0.0	0.0	0.0	0.0	0.0	0.0	0.0	0.001	0.0	0.001	0.001	0.0	0.001	0.0	0.0	0.001	0.0	0.0	0.0	0.0	0.001	0.001	0.001	0.001	0.001	0.001	0.0	0.001
Candidatus Brocadiaceae	0.0	0.001	0.001	0.001	0.001	0.0	0.001	0.0	0.0	0.0	0.001	0.0	0.001	0.001	0.0	0.0	0.0	0.0	0.0	0.0	0.0	0.0	0.0	0.001	0.0	0.0	0.0	0.0	0.0	0.0	0.0	0.001	0.0	0.0	0.001	0.001	0.0	0.0	0.0	0.001	0.001	0.001	0.001	0.001	0.001	0.001	0.001	0.001
Chroococcaceae	0.001	0.0	0.001	0.001	0.001	0.0	0.0	0.0	0.0	0.0	0.001	0.0	0.0	0.0	0.0	0.0	0.0	0.0	0.0	0.0	0.001	0.0	0.0	0.0	0.0	0.0	0.0	0.0	0.0	0.0	0.0	0.0	0.001	0.001	0.001	0.001	0.0	0.001	0.001	0.001	0.001	0.001	0.001	0.001	0.001	0.001	0.001	0.001
Sporanaerobacteraceae	0.0	0.001	0.001	0.0	0.001	0.001	0.001	0.001	0.001	0.0	0.0	0.001	0.0	0.0	0.001	0.0	0.0	0.0	0.001	0.0	0.0	0.0	0.0	0.0	0.0	0.0	0.0	0.0	0.0	0.0	0.0	0.0	0.0	0.002	0.001	0.0	0.0	0.0	0.0	0.002	0.0	0.0	0.001	0.002	0.001	0.0	0.0	0.002
Casjensviridae	0.001	0.001	0.0	0.001	0.0	0.002	0.0	0.0	0.0	0.0	0.001	0.001	0.0	0.0	0.0	0.0	0.001	0.0	0.0	0.0	0.001	0.0	0.0	0.002	0.001	0.0	0.001	0.0	0.0	0.002	0.0	0.0	0.002	0.0	0.0	0.001	0.0	0.0	0.001	0.001	0.0	0.0	0.0	0.001	0.0	0.0	0.0	0.0
Calditrichaceae	0.001	0.001	0.001	0.001	0.0	0.001	0.0	0.0	0.0	0.0	0.001	0.001	0.0	0.001	0.0	0.0	0.0	0.0	0.0	0.0	0.0	0.0	0.0	0.0	0.0	0.0	0.0	0.0	0.0	0.0	0.0	0.0	0.001	0.001	0.001	0.0	0.001	0.001	0.0	0.0	0.001	0.001	0.001	0.001	0.001	0.001	0.0	0.001
Jonesiaceae	0.001	0.001	0.001	0.001	0.0	0.001	0.0	0.0	0.0	0.0	0.0	0.001	0.0	0.0	0.0	0.0	0.001	0.001	0.0	0.0	0.0	0.0	0.0	0.0	0.001	0.0	0.0	0.001	0.001	0.0	0.001	0.0	0.0	0.001	0.0	0.0	0.001	0.001	0.0	0.001	0.001	0.0	0.001	0.001	0.0	0.0	0.0	0.001
Candidatus Rhabdochlamydiaceae	0.0	0.001	0.001	0.0	0.0	0.0	0.0	0.001	0.0	0.0	0.0	0.0	0.0	0.0	0.0	0.0	0.0	0.0	0.0	0.0	0.0	0.0	0.0	0.0	0.0	0.0	0.0	0.0	0.0	0.0	0.0	0.0	0.0	0.001	0.0	0.0	0.0	0.0	0.0	0.0	0.002	0.003	0.002	0.001	0.003	0.002	0.001	0.002
Syntrophomonadaceae	0.001	0.001	0.001	0.001	0.001	0.0	0.001	0.001	0.0	0.001	0.0	0.001	0.0	0.0	0.0	0.0	0.0	0.0	0.0	0.0	0.0	0.0	0.0	0.0	0.001	0.0	0.0	0.0	0.0	0.0	0.0	0.0	0.0	0.001	0.0	0.001	0.001	0.0	0.0	0.001	0.001	0.001	0.001	0.001	0.001	0.0	0.0	0.0
Thermodesulfovibrionaceae	0.001	0.001	0.001	0.001	0.001	0.001	0.0	0.001	0.0	0.0	0.001	0.0	0.0	0.0	0.0	0.001	0.0	0.0	0.0	0.0	0.0	0.0	0.0	0.0	0.0	0.0	0.0	0.0	0.0	0.0	0.0	0.0	0.001	0.001	0.0	0.0	0.0	0.001	0.001	0.001	0.001	0.001	0.001	0.0	0.001	0.0	0.0	0.001
Guptibacillaceae	0.0	0.001	0.001	0.001	0.0	0.001	0.001	0.0	0.0	0.0	0.0	0.001	0.0	0.001	0.0	0.0	0.0	0.0	0.0	0.0	0.0	0.0	0.0	0.0	0.0	0.0	0.0	0.0	0.0	0.0	0.0	0.0	0.001	0.0	0.0	0.001	0.001	0.0	0.001	0.001	0.001	0.001	0.001	0.0	0.001	0.001	0.0	0.001
Fibrobacteraceae	0.001	0.0	0.0	0.0	0.0	0.001	0.001	0.0	0.0	0.001	0.001	0.001	0.0	0.001	0.0	0.0	0.0	0.0	0.0	0.0	0.0	0.0	0.0	0.0	0.0	0.0	0.0	0.0	0.001	0.0	0.0	0.0	0.0	0.001	0.001	0.001	0.0	0.0	0.001	0.0	0.001	0.001	0.001	0.001	0.0	0.001	0.0	0.001
Tenuifilaceae	0.001	0.001	0.001	0.001	0.001	0.001	0.001	0.001	0.0	0.0	0.0	0.0	0.0	0.001	0.0	0.001	0.0	0.0	0.0	0.0	0.0	0.0	0.0	0.0	0.0	0.0	0.0	0.0	0.0	0.0	0.0	0.0	0.0	0.0	0.001	0.001	0.0	0.0	0.0	0.001	0.001	0.001	0.0	0.001	0.001	0.0	0.0	0.001
Candidatus Njordibacteraceae	0.001	0.001	0.001	0.001	0.001	0.001	0.001	0.001	0.0	0.0	0.001	0.0	0.0	0.0	0.0	0.0	0.0	0.0	0.0	0.0	0.0	0.0	0.0	0.0	0.0	0.0	0.0	0.0	0.0	0.0	0.0	0.0	0.0	0.001	0.0	0.001	0.0	0.0	0.0	0.0	0.001	0.001	0.001	0.001	0.001	0.001	0.0	0.001
Chamaesiphonaceae	0.0	0.0	0.001	0.001	0.0	0.001	0.0	0.002	0.0	0.0	0.0	0.0	0.0	0.0	0.0	0.0	0.0	0.0	0.0	0.0	0.0	0.0	0.0	0.0	0.0	0.0	0.0	0.0	0.0	0.0	0.0	0.0	0.001	0.0	0.0	0.001	0.001	0.001	0.001	0.001	0.001	0.001	0.001	0.001	0.0	0.001	0.001	0.001
Desulfomonilaceae	0.001	0.001	0.0	0.0	0.0	0.001	0.001	0.0	0.0	0.0	0.0	0.0	0.001	0.001	0.0	0.0	0.0	0.0	0.0	0.0	0.0	0.0	0.0	0.0	0.0	0.0	0.0	0.0	0.0	0.0	0.0	0.0	0.001	0.001	0.0	0.001	0.0	0.001	0.0	0.0	0.001	0.001	0.001	0.001	0.001	0.001	0.0	0.001
Herelleviridae	0.0	0.001	0.002	0.0	0.0	0.0	0.0	0.001	0.0	0.0	0.001	0.0	0.0	0.001	0.0	0.001	0.0	0.001	0.0	0.0	0.0	0.001	0.0	0.001	0.0	0.0	0.0	0.002	0.0	0.0	0.001	0.0	0.0	0.0	0.0	0.0	0.0	0.001	0.0	0.0	0.001	0.0	0.0	0.0	0.001	0.0	0.0	0.0
Magnetococcaceae	0.001	0.001	0.001	0.001	0.0	0.001	0.001	0.0	0.0	0.0	0.0	0.001	0.0	0.0	0.0	0.0	0.0	0.0	0.0	0.0	0.0	0.0	0.0	0.0	0.0	0.0	0.0	0.0	0.0	0.0	0.0	0.0	0.0	0.001	0.0	0.0	0.0	0.0	0.0	0.0	0.001	0.001	0.001	0.001	0.001	0.001	0.0	0.001
Zierdtviridae	0.001	0.0	0.0	0.0	0.0	0.0	0.0	0.0	0.0	0.0	0.001	0.001	0.002	0.0	0.0	0.0	0.001	0.001	0.0	0.0	0.0	0.001	0.0	0.0	0.001	0.0	0.0	0.001	0.0	0.0	0.0	0.0	0.0	0.0	0.001	0.0	0.001	0.0	0.0	0.0	0.0	0.001	0.0	0.001	0.0	0.0	0.0	0.0
Desulfobaccaceae	0.0	0.001	0.0	0.0	0.001	0.0	0.001	0.0	0.0	0.0	0.0	0.001	0.001	0.0	0.0	0.0	0.0	0.0	0.0	0.0	0.0	0.0	0.0	0.0	0.0	0.0	0.0	0.0	0.0	0.0	0.0	0.0	0.001	0.0	0.0	0.0	0.0	0.0	0.0	0.001	0.001	0.001	0.001	0.001	0.001	0.001	0.0	0.001
Elusimicrobiaceae	0.0	0.0	0.001	0.0	0.001	0.001	0.0	0.001	0.0	0.0	0.0	0.0	0.0	0.0	0.0	0.0	0.0	0.0	0.0	0.0	0.0	0.0	0.0	0.0	0.0	0.0	0.0	0.0	0.0	0.001	0.0	0.0	0.001	0.001	0.001	0.0	0.0	0.0	0.0	0.001	0.001	0.001	0.001	0.001	0.0	0.001	0.0	0.0
Haliovirgaceae	0.0	0.0	0.001	0.0	0.0	0.0	0.0	0.001	0.0	0.0	0.0	0.0	0.0	0.0	0.0	0.0	0.001	0.0	0.0	0.0	0.0	0.0	0.001	0.0	0.0	0.0	0.0	0.001	0.001	0.0	0.0	0.0	0.0	0.0	0.0	0.001	0.002	0.0	0.0	0.001	0.0	0.0	0.001	0.0	0.002	0.001	0.0	0.0
Acidilutibacteraceae	0.0	0.001	0.0	0.001	0.0	0.0	0.0	0.004	0.0	0.0	0.001	0.0	0.0	0.0	0.0	0.002	0.0	0.002	0.0	0.0	0.0	0.0	0.0	0.0	0.0	0.0	0.0	0.0	0.0	0.0	0.0	0.0	0.0	0.0	0.001	0.0	0.0	0.0	0.0	0.001	0.0	0.0	0.0	0.0	0.001	0.0	0.0	0.0
Hydrogenothermaceae	0.0	0.001	0.0	0.0	0.001	0.0	0.0	0.001	0.0	0.0	0.0	0.001	0.0	0.0	0.001	0.001	0.0	0.0	0.0	0.0	0.0	0.0	0.0	0.0	0.0	0.0	0.0	0.0	0.0	0.0	0.0	0.0	0.0	0.0	0.0	0.0	0.0	0.0	0.001	0.0	0.001	0.001	0.001	0.001	0.001	0.0	0.0	0.001
Salinivirgaceae	0.0	0.001	0.001	0.0	0.0	0.001	0.0	0.0	0.0	0.0	0.0	0.0	0.0	0.0	0.001	0.0	0.0	0.0	0.0	0.0	0.0	0.0	0.0	0.0	0.0	0.0	0.0	0.0	0.0	0.0	0.0	0.0	0.001	0.0	0.001	0.001	0.001	0.0	0.0	0.001	0.001	0.001	0.0	0.001	0.001	0.0	0.0	0.0
Chimalliviridae	0.0	0.001	0.0	0.0	0.0	0.0	0.0	0.001	0.0	0.0	0.001	0.0	0.002	0.001	0.0	0.0	0.0	0.0	0.001	0.0	0.0	0.0	0.001	0.0	0.0	0.001	0.0	0.0	0.001	0.0	0.0	0.001	0.0	0.0	0.0	0.0	0.0	0.0	0.0	0.0	0.0	0.001	0.0	0.0	0.0	0.001	0.0	0.0
Methanopyraceae	0.0	0.0	0.001	0.0	0.0	0.0	0.0	0.001	0.0	0.0	0.001	0.0	0.001	0.001	0.0	0.0	0.0	0.0	0.0	0.0	0.0	0.0	0.0	0.0	0.0	0.0	0.0	0.0	0.0	0.0	0.0	0.0	0.001	0.0	0.001	0.001	0.0	0.0	0.001	0.001	0.0	0.0	0.001	0.001	0.0	0.001	0.0	0.0
Tepidimicrobiaceae	0.0	0.001	0.0	0.0	0.001	0.0	0.0	0.001	0.0	0.001	0.0	0.0	0.001	0.0	0.0	0.0	0.0	0.0	0.0	0.0	0.0	0.0	0.0	0.0	0.0	0.0	0.0	0.0	0.0	0.0	0.0	0.0	0.0	0.0	0.0	0.0	0.0	0.0	0.0	0.0	0.001	0.0	0.003	0.0	0.004	0.0	0.0	0.0
Filifactoraceae	0.0	0.0	0.001	0.0	0.0	0.0	0.0	0.001	0.0	0.0	0.001	0.0	0.0	0.001	0.0	0.0	0.0	0.0	0.0	0.0	0.0	0.0	0.0	0.0	0.0	0.0	0.0	0.0	0.0	0.0	0.0	0.0	0.001	0.001	0.001	0.0	0.0	0.0	0.001	0.001	0.0	0.0	0.0	0.001	0.0	0.001	0.0	0.001
Hodgkinviridae	0.001	0.0	0.0	0.0	0.0	0.0	0.0	0.0	0.0	0.0	0.0	0.001	0.0	0.001	0.0	0.0	0.0	0.0	0.0	0.001	0.002	0.0	0.0	0.0	0.001	0.0	0.0	0.0	0.0	0.0	0.0	0.0	0.0	0.0	0.0	0.0	0.0	0.0	0.0	0.0	0.0	0.002	0.001	0.001	0.001	0.0	0.0	0.0
Rivulariaceae	0.0	0.001	0.0	0.0	0.0	0.001	0.0	0.001	0.0	0.0	0.0	0.001	0.0	0.0	0.0	0.001	0.0	0.0	0.0	0.0	0.0	0.0	0.0	0.0	0.0	0.0	0.0	0.0	0.0	0.0	0.0	0.0	0.001	0.001	0.0	0.001	0.0	0.0	0.001	0.001	0.0	0.0	0.001	0.0	0.001	0.0	0.0	0.0
Lawsonellaceae	0.001	0.001	0.001	0.001	0.0	0.0	0.0	0.0	0.0	0.0	0.0	0.0	0.0	0.0	0.0	0.0	0.0	0.0	0.0	0.0	0.0	0.001	0.0	0.0	0.0	0.0	0.0	0.0	0.0	0.0	0.0	0.0	0.0	0.001	0.0	0.0	0.0	0.0	0.0	0.0	0.001	0.001	0.0	0.001	0.0	0.001	0.0	0.001
Candidatus Izemoplasmataceae	0.0	0.001	0.001	0.0	0.001	0.0	0.001	0.001	0.0	0.0	0.0	0.0	0.0	0.0	0.001	0.0	0.0	0.0	0.0	0.0	0.0	0.0	0.0	0.0	0.0	0.0	0.0	0.0	0.0	0.0	0.0	0.0	0.001	0.001	0.0	0.001	0.0	0.0	0.0	0.001	0.0	0.0	0.001	0.0	0.0	0.0	0.0	0.0
Scytonemataceae	0.0	0.001	0.001	0.0	0.0	0.0	0.001	0.001	0.0	0.0	0.0	0.0	0.001	0.0	0.0	0.0	0.0	0.0	0.0	0.0	0.0	0.0	0.0	0.0	0.0	0.0	0.0	0.0	0.0	0.0	0.0	0.0	0.0	0.0	0.0	0.001	0.0	0.0	0.0	0.0	0.0	0.001	0.001	0.001	0.001	0.0	0.001	0.0
Chlorogloeopsidaceae	0.0	0.001	0.001	0.0	0.0	0.001	0.0	0.001	0.0	0.0	0.0	0.0	0.0	0.0	0.0	0.0	0.0	0.0	0.0	0.0	0.0	0.0	0.0	0.0	0.0	0.0	0.0	0.0	0.0	0.0	0.0	0.0	0.001	0.0	0.001	0.0	0.0	0.0	0.0	0.001	0.001	0.001	0.001	0.0	0.001	0.0	0.0	0.0
Lentisphaeraceae	0.0	0.0	0.0	0.0	0.0	0.001	0.001	0.001	0.0	0.0	0.001	0.001	0.0	0.0	0.0	0.0	0.0	0.0	0.001	0.0	0.0	0.0	0.0	0.0	0.0	0.0	0.0	0.0	0.0	0.0	0.0	0.0	0.0	0.0	0.0	0.0	0.0	0.001	0.001	0.0	0.0	0.0	0.0	0.001	0.001	0.0	0.0	0.0
Desertifilaceae	0.0	0.001	0.0	0.0	0.001	0.0	0.0	0.0	0.0	0.0	0.001	0.0	0.001	0.0	0.0	0.0	0.0	0.0	0.0	0.0	0.0	0.0	0.0	0.0	0.0	0.0	0.0	0.0	0.0	0.0	0.0	0.0	0.0	0.0	0.0	0.0	0.0	0.0	0.0	0.0	0.001	0.001	0.001	0.001	0.0	0.001	0.0	0.001
Chloroherpetonaceae	0.0	0.0	0.001	0.0	0.0	0.0	0.0	0.0	0.0	0.0	0.0	0.0	0.0	0.0	0.0	0.0	0.0	0.0	0.0	0.0	0.0	0.0	0.0	0.0	0.0	0.0	0.0	0.0	0.0	0.0	0.0	0.0	0.001	0.0	0.0	0.0	0.0	0.0	0.001	0.001	0.001	0.001	0.001	0.001	0.001	0.0	0.0	0.001
Kyanoviridae	0.001	0.0	0.0	0.001	0.0	0.001	0.001	0.001	0.0	0.001	0.0	0.0	0.0	0.0	0.0	0.001	0.0	0.0	0.0	0.0	0.0	0.0	0.0	0.0	0.0	0.0	0.0	0.0	0.0	0.0	0.0	0.0	0.0	0.0	0.001	0.001	0.0	0.0	0.0	0.0	0.0	0.0	0.0	0.0	0.001	0.0	0.0	0.0
Straboviridae	0.0	0.0	0.001	0.0	0.001	0.001	0.001	0.002	0.0	0.0	0.0	0.0	0.0	0.0	0.0	0.0	0.0	0.0	0.0	0.0	0.0	0.0	0.0	0.0	0.0	0.0	0.0	0.0	0.0	0.0	0.0	0.0	0.0	0.0	0.0	0.0	0.0	0.001	0.0	0.0	0.0	0.0	0.001	0.001	0.001	0.0	0.0	0.0
Dethiobacteraceae	0.0	0.0	0.001	0.001	0.0	0.001	0.0	0.001	0.0	0.001	0.0	0.0	0.0	0.0	0.0	0.0	0.0	0.0	0.0	0.0	0.0	0.0	0.0	0.0	0.0	0.0	0.0	0.0	0.0	0.0	0.0	0.0	0.0	0.001	0.0	0.001	0.0	0.0	0.0	0.0	0.001	0.0	0.0	0.0	0.001	0.0	0.0	0.001
Proteinivoracaceae	0.0	0.0	0.001	0.0	0.0	0.001	0.001	0.001	0.0	0.0	0.0	0.0	0.0	0.0	0.0	0.001	0.0	0.0	0.0	0.0	0.0	0.0	0.0	0.0	0.0	0.0	0.0	0.0	0.0	0.0	0.0	0.0	0.001	0.0	0.001	0.0	0.0	0.0	0.0	0.0	0.0	0.001	0.001	0.0	0.001	0.0	0.0	0.0
Desulfohalobiaceae	0.001	0.0	0.0	0.0	0.0	0.001	0.0	0.0	0.0	0.0	0.0	0.001	0.0	0.0	0.0	0.0	0.0	0.0	0.0	0.0	0.0	0.0	0.0	0.0	0.0	0.0	0.0	0.0	0.0	0.0	0.0	0.0	0.0	0.001	0.0	0.0	0.0	0.0	0.0	0.0	0.001	0.001	0.001	0.001	0.0	0.001	0.0	0.001
Clostridiales Family XVI. Incertae Sedis	0.0	0.0	0.0	0.002	0.0	0.0	0.0	0.0	0.0	0.0	0.0	0.0	0.001	0.0	0.0	0.0	0.0	0.0	0.0	0.0	0.0	0.0	0.0	0.0	0.0	0.0	0.0	0.0	0.0	0.001	0.0	0.0	0.0	0.001	0.0	0.0	0.001	0.0	0.0	0.0	0.0	0.001	0.001	0.001	0.0	0.0	0.0	0.0
Adenoviridae	0.0	0.0	0.0	0.0	0.0	0.0	0.0	0.0	0.0	0.001	0.0	0.0	0.0	0.002	0.0	0.0	0.0	0.0	0.0	0.0	0.001	0.0	0.0	0.0	0.0	0.0	0.0	0.0	0.0	0.002	0.0	0.0	0.0	0.0	0.003	0.0	0.0	0.0	0.0	0.0	0.0	0.0	0.0	0.0	0.0	0.0	0.0	0.0
Kribbibacteriaceae	0.001	0.0	0.001	0.001	0.0	0.0	0.0	0.0	0.0	0.0	0.0	0.0	0.001	0.0	0.0	0.0	0.0	0.0	0.0	0.0	0.0	0.0	0.0	0.0	0.0	0.0	0.0	0.0	0.0	0.0	0.0	0.0	0.001	0.0	0.001	0.0	0.0	0.0	0.0	0.0	0.0	0.001	0.001	0.0	0.0	0.001	0.0	0.0
Halobacteriovoraceae	0.0	0.001	0.001	0.0	0.001	0.001	0.001	0.001	0.0	0.0	0.0	0.0	0.001	0.0	0.0	0.0	0.0	0.0	0.0	0.0	0.0	0.0	0.0	0.0	0.0	0.0	0.0	0.0	0.0	0.0	0.0	0.0	0.0	0.0	0.0	0.0	0.0	0.0	0.0	0.001	0.0	0.0	0.0	0.0	0.001	0.0	0.0	0.0
Archaeoglobaceae	0.0	0.0	0.0	0.0	0.0	0.001	0.001	0.001	0.0	0.0	0.001	0.0	0.0	0.0	0.0	0.0	0.0	0.0	0.0	0.0	0.0	0.0	0.0	0.0	0.001	0.0	0.0	0.0	0.0	0.0	0.0	0.0	0.0	0.001	0.001	0.0	0.0	0.0	0.0	0.0	0.001	0.0	0.001	0.0	0.0	0.0	0.0	0.0
Cellulosilyticaceae	0.0	0.0	0.0	0.0	0.0	0.001	0.0	0.001	0.001	0.0	0.0	0.0	0.0	0.0	0.0	0.001	0.0	0.0	0.0	0.0	0.0	0.0	0.0	0.0	0.0	0.0	0.0	0.0	0.0	0.0	0.0	0.0	0.001	0.001	0.001	0.0	0.0	0.0	0.0	0.001	0.0	0.0	0.0	0.0	0.001	0.0	0.0	0.0
Schitoviridae	0.001	0.0	0.0	0.0	0.0	0.0	0.0	0.0	0.0	0.0	0.0	0.0	0.0	0.0	0.0	0.0	0.001	0.0	0.0	0.0	0.0	0.0	0.001	0.0	0.001	0.0	0.0	0.0	0.001	0.001	0.0	0.0	0.0	0.0	0.0	0.0	0.0	0.0	0.0	0.0	0.001	0.0	0.001	0.0	0.0	0.0	0.0	0.0
Thermohalobacteraceae	0.0	0.0	0.0	0.0	0.0	0.0	0.0	0.001	0.0	0.0	0.0	0.0	0.0	0.0	0.0	0.0	0.0	0.0	0.001	0.0	0.0	0.001	0.0	0.0	0.0	0.0	0.0	0.0	0.0	0.0	0.0	0.0	0.0	0.0	0.002	0.0	0.0	0.002	0.0	0.0	0.0	0.0	0.0	0.0	0.001	0.0	0.0	0.0
Candidatus Caldatribacteriaceae	0.0	0.0	0.0	0.001	0.001	0.0	0.0	0.0	0.0	0.0	0.0	0.0	0.0	0.0	0.0	0.0	0.0	0.0	0.0	0.0	0.0	0.0	0.0	0.0	0.0	0.0	0.0	0.0	0.0	0.0	0.0	0.0	0.0	0.0	0.0	0.0	0.0	0.0	0.0	0.0	0.0	0.001	0.001	0.001	0.001	0.001	0.0	0.001
Demerecviridae	0.005	0.001	0.0	0.0	0.0	0.0	0.001	0.0	0.0	0.0	0.0	0.0	0.0	0.0	0.0	0.0	0.0	0.0	0.0	0.0	0.0	0.0	0.0	0.0	0.0	0.0	0.0	0.0	0.0	0.0	0.0	0.0	0.0	0.0	0.0	0.0	0.0	0.0	0.0	0.0	0.0	0.0	0.0	0.0	0.001	0.0	0.0	0.0
Parvicellaceae	0.0	0.0	0.001	0.001	0.001	0.0	0.0	0.001	0.0	0.0	0.0	0.0	0.0	0.0	0.0	0.0	0.0	0.0	0.0	0.0	0.0	0.0	0.0	0.0	0.0	0.0	0.0	0.0	0.0	0.0	0.0	0.0	0.001	0.0	0.0	0.0	0.001	0.0	0.0	0.0	0.001	0.0	0.0	0.001	0.0	0.0	0.0	0.0
Thalassoporaceae	0.001	0.001	0.0	0.0	0.0	0.001	0.0	0.0	0.0	0.0	0.0	0.0	0.0	0.0	0.0	0.0	0.0	0.0	0.0	0.0	0.0	0.0	0.0	0.0	0.0	0.0	0.0	0.0	0.0	0.0	0.0	0.0	0.0	0.0	0.0	0.0	0.0	0.001	0.0	0.0	0.0	0.001	0.0	0.001	0.0	0.0	0.001	0.001
Melioribacteraceae	0.001	0.001	0.0	0.0	0.0	0.0	0.001	0.0	0.0	0.0	0.0	0.0	0.0	0.0	0.0	0.0	0.0	0.0	0.0	0.0	0.0	0.0	0.0	0.0	0.0	0.0	0.0	0.0	0.0	0.0	0.0	0.0	0.001	0.0	0.0	0.001	0.0	0.0	0.0	0.0	0.001	0.0	0.001	0.001	0.0	0.0	0.0	0.0
Aminiphilaceae	0.0	0.0	0.0	0.0	0.0	0.0	0.0	0.0	0.0	0.0	0.001	0.001	0.0	0.0	0.0	0.0	0.0	0.0	0.0	0.0	0.0	0.0	0.0	0.0	0.0	0.0	0.0	0.0	0.0	0.0	0.0	0.0	0.0	0.0	0.0	0.0	0.0	0.0	0.0	0.0	0.001	0.002	0.0	0.0	0.001	0.001	0.0	0.001
Zooshikellaceae	0.001	0.0	0.0	0.0	0.001	0.0	0.0	0.002	0.0	0.0	0.0	0.0	0.0	0.0	0.0	0.0	0.0	0.0	0.0	0.0	0.0	0.0	0.0	0.0	0.0	0.0	0.0	0.0	0.0	0.0	0.0	0.0	0.0	0.0	0.001	0.0	0.0	0.0	0.0	0.0	0.0	0.0	0.001	0.001	0.0	0.0	0.0	0.001
Eubacteriales Family XII. Incertae Sedis	0.0	0.0	0.0	0.0	0.002	0.0	0.0	0.002	0.0	0.0	0.0	0.0	0.0	0.0	0.0	0.0	0.0	0.0	0.0	0.0	0.0	0.0	0.0	0.0	0.001	0.0	0.0	0.0	0.0	0.0	0.0	0.0	0.0	0.0	0.0	0.0	0.0	0.0	0.0	0.0	0.001	0.0	0.0	0.001	0.0	0.0	0.0	0.0
Geovibrionaceae	0.0	0.0	0.0	0.0	0.0	0.0	0.0	0.0	0.0	0.0	0.0	0.0	0.0	0.001	0.0	0.0	0.0	0.0	0.0	0.0	0.0	0.0	0.0	0.0	0.0	0.0	0.0	0.0	0.001	0.0	0.0	0.0	0.001	0.0	0.0	0.0	0.0	0.0	0.0	0.0	0.001	0.001	0.001	0.001	0.0	0.0	0.0	0.0
Anaerotignaceae	0.0	0.0	0.0	0.0	0.0	0.0	0.001	0.001	0.0	0.0	0.0	0.0	0.0	0.0	0.001	0.0	0.0	0.0	0.0	0.0	0.0	0.0	0.0	0.0	0.0	0.0	0.0	0.0	0.0	0.0	0.0	0.0	0.0	0.0	0.0	0.0	0.0	0.0	0.0	0.001	0.001	0.001	0.001	0.0	0.0	0.0	0.0	0.0
Aminithiophilaceae	0.0	0.0	0.0	0.0	0.0	0.0	0.0	0.0	0.0	0.0	0.0	0.0	0.0	0.0	0.0	0.0	0.0	0.0	0.0	0.0	0.0	0.0	0.0	0.0	0.0	0.0	0.0	0.0	0.0	0.0	0.0	0.0	0.0	0.001	0.0	0.0	0.001	0.0	0.0	0.001	0.001	0.0	0.0	0.002	0.0	0.001	0.0	0.0
Mahapunaviridae	0.002	0.001	0.0	0.0	0.0	0.0	0.0	0.002	0.0	0.0	0.0	0.0	0.0	0.0	0.0	0.0	0.0	0.0	0.0	0.0	0.0	0.0	0.0	0.0	0.0	0.0	0.0	0.0	0.0	0.0	0.0	0.001	0.0	0.0	0.0	0.0	0.0	0.0	0.0	0.0	0.0	0.0	0.0	0.0	0.0	0.0	0.0	0.0
Hemiselmidaceae	0.001	0.001	0.001	0.0	0.001	0.0	0.001	0.001	0.0	0.0	0.0	0.0	0.0	0.0	0.0	0.0	0.0	0.0	0.0	0.0	0.0	0.0	0.0	0.0	0.0	0.0	0.0	0.0	0.0	0.0	0.0	0.0	0.0	0.0	0.0	0.0	0.0	0.0	0.0	0.0	0.0	0.0	0.0	0.0	0.0	0.0	0.0	0.0
Succinivibrionaceae	0.0	0.001	0.0	0.0	0.0	0.0	0.0	0.0	0.0	0.001	0.0	0.0	0.001	0.001	0.0	0.0	0.0	0.0	0.0	0.0	0.0	0.0	0.0	0.0	0.0	0.0	0.0	0.0	0.0	0.0	0.0	0.0	0.0	0.0	0.0	0.0	0.0	0.0	0.0	0.0	0.0	0.001	0.0	0.001	0.0	0.0	0.0	0.0
Gottschalkiaceae	0.0	0.0	0.0	0.0	0.001	0.001	0.0	0.0	0.0	0.0	0.0	0.0	0.0	0.0	0.0	0.0	0.0	0.0	0.0	0.0	0.001	0.0	0.0	0.0	0.0	0.0	0.0	0.0	0.0	0.0	0.0	0.0	0.0	0.0	0.0	0.0	0.0	0.0	0.0	0.001	0.0	0.0	0.0	0.0	0.001	0.0	0.0	0.001
Kosmotogaceae	0.0	0.0	0.0	0.0	0.0	0.0	0.0	0.0	0.0	0.0	0.0	0.0	0.0	0.0	0.0	0.0	0.0	0.0	0.0	0.0	0.0	0.0	0.0	0.0	0.0	0.0	0.0	0.0	0.0	0.0	0.0	0.0	0.0	0.0	0.001	0.0	0.001	0.0	0.001	0.0	0.001	0.001	0.0	0.001	0.0	0.0	0.0	0.0
Halothecacae	0.0	0.0	0.0	0.0	0.001	0.0	0.0	0.001	0.0	0.0	0.0	0.0	0.001	0.0	0.0	0.0	0.0	0.0	0.0	0.0	0.0	0.0	0.0	0.0	0.0	0.0	0.0	0.0	0.0	0.0	0.0	0.0	0.0	0.0	0.0	0.0	0.0	0.001	0.0	0.0	0.001	0.001	0.0	0.0	0.0	0.0	0.0	0.0
Caulimoviridae	0.0	0.0	0.0	0.0	0.0	0.0	0.0	0.001	0.0	0.0	0.0	0.0	0.0	0.0	0.0	0.0	0.0	0.001	0.0	0.0	0.0	0.0	0.0	0.0	0.0	0.0	0.0	0.0	0.0	0.0	0.0	0.0	0.001	0.0	0.0	0.0	0.0	0.0	0.0	0.0	0.0	0.0	0.003	0.0	0.0	0.0	0.0	0.0
Dermocarpellaceae	0.001	0.001	0.0	0.0	0.0	0.0	0.0	0.001	0.0	0.0	0.0	0.0	0.0	0.0	0.0	0.0	0.0	0.0	0.0	0.0	0.0	0.0	0.0	0.0	0.0	0.0	0.0	0.0	0.0	0.0	0.0	0.0	0.0	0.0	0.0	0.0	0.0	0.0	0.0	0.0	0.0	0.0	0.001	0.0	0.001	0.0	0.001	0.0
Rhabdoviridae	0.0	0.0	0.0	0.0	0.0	0.0	0.0	0.0	0.0	0.0	0.0	0.0	0.0	0.0	0.0	0.0	0.0	0.0	0.0	0.0	0.0	0.0	0.0	0.0	0.0	0.0	0.0	0.0	0.0	0.0	0.0	0.0	0.002	0.0	0.0	0.001	0.0	0.0	0.001	0.001	0.0	0.0	0.001	0.0	0.0	0.0	0.0	0.0
Cymatolegaceae	0.0	0.001	0.0	0.001	0.0	0.0	0.0	0.0	0.0	0.0	0.0	0.0	0.0	0.0	0.0	0.0	0.0	0.0	0.0	0.0	0.0	0.0	0.0	0.0	0.0	0.0	0.0	0.001	0.001	0.0	0.0	0.0	0.001	0.0	0.0	0.0	0.0	0.0	0.0	0.0	0.0	0.0	0.0	0.0	0.0	0.0	0.0	0.0
Methanospirillaceae	0.0	0.0	0.001	0.0	0.0	0.0	0.001	0.001	0.0	0.0	0.0	0.0	0.0	0.0	0.0	0.0	0.0	0.0	0.0	0.0	0.0	0.0	0.0	0.0	0.0	0.0	0.0	0.0	0.001	0.0	0.0	0.0	0.0	0.0	0.0	0.0	0.0	0.0	0.0	0.001	0.0	0.0	0.0	0.0	0.0	0.0	0.0	0.0
Pyrodictiaceae	0.0	0.0	0.0	0.0	0.0	0.001	0.0	0.0	0.0	0.0	0.0	0.0	0.0	0.0	0.0	0.0	0.0	0.0	0.0	0.001	0.0	0.0	0.0	0.0	0.0	0.0	0.0	0.0	0.0	0.0	0.0	0.0	0.0	0.0	0.0	0.0	0.0	0.0	0.0	0.0	0.001	0.001	0.001	0.0	0.0	0.0	0.0	0.0
Vilmaviridae	0.0	0.001	0.0	0.0	0.001	0.0	0.0	0.0	0.0	0.0	0.0	0.0	0.0	0.0	0.0	0.0	0.001	0.0	0.0	0.0	0.0	0.0	0.0	0.0	0.0	0.0	0.001	0.0	0.0	0.0	0.0	0.0	0.0	0.0	0.0	0.0	0.0	0.0	0.0	0.0	0.0	0.0	0.0	0.0	0.0	0.001	0.0	0.0
Tepidanaerobacteraceae	0.0	0.0	0.0	0.0	0.001	0.001	0.0	0.0	0.0	0.0	0.0	0.0	0.0	0.0	0.0	0.0	0.0	0.0	0.0	0.0	0.0	0.0	0.0	0.0	0.0	0.0	0.0	0.0	0.0	0.0	0.0	0.0	0.001	0.001	0.001	0.0	0.0	0.0	0.0	0.0	0.0	0.0	0.0	0.0	0.0	0.0	0.0	0.0
Atribacteraceae	0.0	0.0	0.001	0.0	0.0	0.001	0.0	0.002	0.0	0.0	0.0	0.0	0.0	0.0	0.0	0.0	0.0	0.0	0.0	0.0	0.0	0.0	0.0	0.0	0.0	0.0	0.0	0.0	0.0	0.0	0.0	0.0	0.0	0.0	0.0	0.0	0.0	0.0	0.0	0.0	0.001	0.0	0.0	0.0	0.0	0.0	0.0	0.0
Conexivisphaeraceae	0.001	0.0	0.0	0.0	0.0	0.0	0.0	0.0	0.0	0.0	0.0	0.0	0.0	0.0	0.001	0.0	0.0	0.0	0.0	0.0	0.0	0.0	0.0	0.0	0.0	0.0	0.0	0.0	0.0	0.0	0.0	0.0	0.0	0.0	0.0	0.0	0.0	0.001	0.001	0.0	0.0	0.0	0.0	0.001	0.0	0.0	0.0	0.0
Monoglobaceae	0.0	0.0	0.0	0.0	0.0	0.001	0.0	0.001	0.0	0.0	0.001	0.0	0.0	0.0	0.0	0.0	0.0	0.0	0.0	0.0	0.0	0.0	0.0	0.0	0.0	0.0	0.0	0.0	0.0	0.0	0.0	0.0	0.001	0.0	0.0	0.0	0.0	0.001	0.0	0.0	0.0	0.0	0.0	0.0	0.0	0.0	0.0	0.0
Geminiviridae	0.0	0.0	0.0	0.0	0.0	0.0	0.0	0.0	0.0	0.0	0.0	0.0	0.0	0.0	0.0	0.0	0.0	0.0	0.0	0.0	0.0	0.0	0.0	0.0	0.0	0.0	0.0	0.0	0.0	0.0	0.0	0.0	0.0	0.0	0.0	0.0	0.0	0.004	0.0	0.0	0.0	0.0	0.0	0.0	0.0	0.0	0.0	0.0
Candidatus Hepatoplasmataceae	0.0	0.0	0.0	0.0	0.0	0.0	0.0	0.0	0.0	0.0	0.0	0.004	0.0	0.0	0.0	0.0	0.0	0.0	0.0	0.0	0.0	0.0	0.0	0.0	0.0	0.0	0.0	0.0	0.0	0.0	0.0	0.0	0.0	0.0	0.0	0.0	0.0	0.0	0.0	0.0	0.0	0.0	0.0	0.0	0.0	0.0	0.0	0.0
Endomicrobiaceae	0.0	0.0	0.0	0.001	0.0	0.0	0.0	0.0	0.0	0.0	0.0	0.0	0.0	0.0	0.0	0.0	0.0	0.0	0.0	0.0	0.0	0.0	0.0	0.0	0.001	0.0	0.0	0.001	0.0	0.0	0.0	0.0	0.0	0.0	0.0	0.0	0.0	0.0	0.0	0.0	0.0	0.001	0.0	0.0	0.0	0.0	0.0	0.0
Natranaerobiaceae	0.0	0.0	0.0	0.0	0.0	0.0	0.0	0.001	0.0	0.0	0.0	0.0	0.0	0.0	0.0	0.0	0.0	0.0	0.0	0.0	0.0	0.0	0.0	0.0	0.0	0.0	0.0	0.0	0.0	0.0	0.0	0.0	0.0	0.001	0.0	0.0	0.0	0.0	0.0	0.001	0.0	0.0	0.001	0.0	0.0	0.0	0.0	0.0
Unikaryonidae	0.0	0.0	0.001	0.0	0.0	0.0	0.0	0.001	0.0	0.0	0.0	0.0	0.0	0.0	0.0	0.001	0.0	0.0	0.0	0.0	0.0	0.0	0.0	0.0	0.0	0.0	0.0	0.0	0.0	0.0	0.0	0.0	0.0	0.0	0.0	0.001	0.0	0.0	0.0	0.0	0.0	0.0	0.0	0.0	0.0	0.0	0.0	0.0
Casidaviridae	0.0	0.0	0.0	0.0	0.0	0.001	0.0	0.0	0.0	0.0	0.0	0.0	0.0	0.0	0.0	0.001	0.0	0.0	0.0	0.0	0.0	0.0	0.0	0.0	0.0	0.0	0.0	0.0	0.0	0.0	0.0	0.0	0.0	0.0	0.0	0.001	0.0	0.0	0.0	0.0	0.001	0.0	0.0	0.0	0.0	0.0	0.0	0.0
Ackermannviridae	0.0	0.0	0.0	0.0	0.0	0.0	0.0	0.0	0.0	0.0	0.0	0.0	0.0	0.0	0.0	0.0	0.0	0.0	0.0	0.0	0.0	0.0	0.0	0.0	0.0	0.0	0.0	0.0	0.0	0.0	0.0	0.0	0.003	0.0	0.0	0.0	0.0	0.0	0.0	0.0	0.0	0.0	0.0	0.0	0.0	0.0	0.0	0.0
Candidatus Babeliaceae	0.0	0.0	0.0	0.0	0.0	0.0	0.0	0.001	0.0	0.0	0.0	0.0	0.0	0.0	0.0	0.0	0.0	0.0	0.0	0.0	0.0	0.0	0.0	0.0	0.0	0.0	0.0	0.0	0.0	0.0	0.0	0.0	0.0	0.0	0.0	0.0	0.0	0.0	0.0	0.001	0.0	0.0	0.001	0.0	0.0	0.0	0.0	0.0
Thermofilaceae	0.0	0.0	0.0	0.0	0.0	0.0	0.0	0.0	0.0	0.0	0.0	0.0	0.0	0.0	0.0	0.0	0.0	0.0	0.0	0.0	0.0	0.0	0.0	0.0	0.0	0.0	0.0	0.0	0.0	0.0	0.0	0.0	0.0	0.0	0.0	0.001	0.0	0.0	0.001	0.0	0.0	0.0	0.001	0.0	0.0	0.0	0.0	0.0
Natranaerofabaceae	0.0	0.0	0.0	0.0	0.0	0.0	0.0	0.001	0.0	0.0	0.0	0.0	0.0	0.0	0.0	0.0	0.0	0.0	0.0	0.0	0.0	0.0	0.0	0.0	0.0	0.0	0.0	0.0	0.0	0.0	0.0	0.0	0.0	0.0	0.0	0.001	0.0	0.0	0.0	0.001	0.0	0.0	0.0	0.0	0.0	0.0	0.0	0.0
Ferroplasmaceae	0.0	0.0	0.0	0.0	0.001	0.0	0.0	0.001	0.0	0.0	0.0	0.0	0.0	0.0	0.0	0.0	0.0	0.0	0.0	0.0	0.0	0.0	0.0	0.0	0.0	0.0	0.0	0.0	0.0	0.0	0.0	0.0	0.0	0.0	0.0	0.0	0.0	0.0	0.0	0.001	0.0	0.0	0.0	0.0	0.0	0.0	0.0	0.0
Halothermotrichaceae	0.0	0.0	0.0	0.0	0.0	0.0	0.0	0.0	0.0	0.0	0.0	0.001	0.0	0.0	0.0	0.0	0.0	0.0	0.0	0.0	0.0	0.0	0.0	0.0	0.0	0.0	0.0	0.0	0.0	0.0	0.0	0.0	0.0	0.0	0.001	0.0	0.0	0.0	0.0	0.0	0.0	0.0	0.0	0.0	0.001	0.0	0.0	0.0
Candidatus Johnevansiaceae	0.0	0.0	0.0	0.0	0.0	0.0	0.0	0.0	0.0	0.0	0.0	0.0	0.0	0.0	0.0	0.0	0.0	0.0	0.0	0.0	0.0	0.0	0.0	0.0	0.0	0.0	0.0	0.0	0.0	0.0	0.0	0.0	0.0	0.001	0.001	0.0	0.0	0.0	0.0	0.0	0.0	0.0	0.0	0.0	0.001	0.0	0.0	0.0
Alloherpesviridae	0.0	0.0	0.0	0.0	0.0	0.0	0.0	0.0	0.0	0.0	0.0	0.0	0.0	0.0	0.0	0.0	0.0	0.0	0.0	0.0	0.0	0.0	0.0	0.0	0.0	0.0	0.0	0.0	0.0	0.0	0.0	0.0	0.0	0.0	0.0	0.0	0.0	0.0	0.0	0.0	0.0	0.003	0.0	0.0	0.0	0.0	0.0	0.0
Deferribacteraceae	0.0	0.0	0.0	0.001	0.001	0.0	0.0	0.0	0.0	0.0	0.0	0.0	0.0	0.0	0.0	0.0	0.0	0.0	0.0	0.0	0.0	0.0	0.0	0.0	0.0	0.0	0.0	0.0	0.0	0.0	0.0	0.0	0.0	0.0	0.0	0.0	0.0	0.0	0.0	0.001	0.0	0.0	0.0	0.0	0.0	0.0	0.0	0.0
Candidatus Levibacteraceae	0.0	0.0	0.0	0.0	0.0	0.0	0.0	0.001	0.0	0.0	0.0	0.0	0.001	0.0	0.0	0.0	0.0	0.0	0.0	0.0	0.0	0.0	0.0	0.0	0.0	0.0	0.0	0.0	0.0	0.0	0.0	0.0	0.0	0.0	0.0	0.001	0.0	0.0	0.0	0.0	0.0	0.0	0.0	0.0	0.0	0.0	0.0	0.0
Candidatus Deianiraeaceae	0.0	0.0	0.0	0.0	0.0	0.0	0.0	0.0	0.0	0.0	0.0	0.0	0.0	0.0	0.0	0.0	0.0	0.0	0.0	0.0	0.0	0.0	0.0	0.0	0.0	0.0	0.0	0.0	0.0	0.0	0.0	0.0	0.001	0.0	0.0	0.0	0.0	0.0	0.0	0.0	0.0	0.0	0.0	0.0	0.0	0.0	0.0	0.001
Ichthyobacteriaceae	0.0	0.0	0.0	0.0	0.001	0.001	0.0	0.0	0.0	0.0	0.0	0.0	0.0	0.0	0.0	0.0	0.0	0.0	0.0	0.0	0.0	0.0	0.0	0.0	0.0	0.0	0.0	0.0	0.0	0.0	0.0	0.0	0.0	0.0	0.0	0.0	0.0	0.0	0.0	0.0	0.0	0.0	0.0	0.0	0.0	0.0	0.0	0.0
Thermotaleaceae	0.0	0.0	0.0	0.0	0.0	0.0	0.0	0.0	0.0	0.0	0.0	0.0	0.0	0.0	0.0	0.0	0.0	0.0	0.0	0.0	0.0	0.0	0.0	0.0	0.0	0.0	0.0	0.0	0.0	0.0	0.0	0.0	0.001	0.0	0.0	0.0	0.0	0.0	0.0	0.001	0.0	0.0	0.0	0.0	0.0	0.0	0.0	0.0
Candidatus Lucifugimonadaceae	0.0	0.0	0.001	0.0	0.0	0.0	0.0	0.0	0.0	0.0	0.0	0.0	0.0	0.0	0.0	0.0	0.0	0.0	0.0	0.0	0.0	0.0	0.0	0.0	0.0	0.0	0.0	0.0	0.0	0.0	0.0	0.0	0.0	0.0	0.001	0.0	0.0	0.0	0.0	0.0	0.0	0.0	0.0	0.0	0.0	0.0	0.0	0.0
Hujiaoplasmataceae	0.0	0.0	0.0	0.0	0.0	0.0	0.0	0.001	0.0	0.0	0.0	0.0	0.0	0.0	0.0	0.0	0.0	0.0	0.0	0.0	0.0	0.0	0.0	0.0	0.0	0.0	0.0	0.0	0.0	0.0	0.0	0.0	0.0	0.0	0.0	0.0	0.0	0.0	0.0	0.0	0.0	0.0	0.0	0.0	0.001	0.0	0.0	0.0
Marinicellaceae	0.0	0.0	0.001	0.0	0.001	0.0	0.0	0.0	0.0	0.0	0.0	0.0	0.0	0.0	0.0	0.0	0.0	0.0	0.0	0.0	0.0	0.0	0.0	0.0	0.0	0.0	0.0	0.0	0.0	0.0	0.0	0.0	0.0	0.0	0.0	0.0	0.0	0.0	0.0	0.0	0.0	0.0	0.0	0.0	0.0	0.0	0.0	0.0
Fidelibacteraceae	0.0	0.0	0.0	0.0	0.0	0.0	0.0	0.0	0.0	0.0	0.0	0.0	0.0	0.0	0.0	0.0	0.0	0.0	0.0	0.0	0.0	0.0	0.0	0.0	0.0	0.0	0.0	0.0	0.0	0.0	0.0	0.0	0.0	0.0	0.0	0.0	0.0	0.001	0.0	0.0	0.001	0.0	0.0	0.0	0.0	0.0	0.0	0.0
Vandenendeviridae	0.0	0.0	0.0	0.0	0.0	0.0	0.0	0.0	0.0	0.0	0.0	0.0	0.0	0.0	0.0	0.0	0.0	0.0	0.0	0.0	0.0	0.0	0.0	0.0	0.0	0.0	0.0	0.0	0.0	0.0	0.0	0.0	0.0	0.0	0.0	0.0	0.0	0.0	0.0	0.0	0.0	0.0	0.0	0.0	0.0	0.0	0.0	0.001
Desulfotomaculaceae	0.0	0.0	0.0	0.0	0.0	0.0	0.0	0.0	0.0	0.0	0.0	0.0	0.0	0.0	0.0	0.0	0.0	0.0	0.0	0.0	0.0	0.0	0.0	0.0	0.0	0.0	0.0	0.0	0.0	0.0	0.0	0.0	0.0	0.0	0.0	0.0	0.0	0.0	0.0	0.0	0.0	0.0	0.001	0.0	0.0	0.0	0.0	0.0
Orlajensenviridae	0.0	0.0	0.0	0.0	0.0	0.0	0.0	0.0	0.0	0.0	0.0	0.0	0.0	0.0	0.0	0.0	0.0	0.0	0.0	0.0	0.0	0.0	0.0	0.0	0.0	0.0	0.0	0.0	0.0	0.0	0.0	0.0	0.0	0.0	0.0	0.0	0.0	0.0	0.0	0.0	0.0	0.0	0.0	0.0	0.0	0.001	0.0	0.0
Sarkviridae	0.0	0.0	0.0	0.0	0.0	0.0	0.0	0.0	0.0	0.0	0.0	0.0	0.0	0.0	0.0	0.0	0.0	0.0	0.0	0.0	0.0	0.0	0.001	0.0	0.0	0.0	0.0	0.0	0.0	0.0	0.0	0.0	0.0	0.0	0.0	0.0	0.0	0.0	0.0	0.0	0.0	0.0	0.0	0.0	0.0	0.0	0.0	0.0
Mucispirillaceae	0.0	0.0	0.0	0.0	0.0	0.0	0.0	0.001	0.0	0.0	0.0	0.0	0.0	0.0	0.0	0.0	0.0	0.0	0.0	0.0	0.0	0.0	0.0	0.0	0.0	0.0	0.0	0.0	0.0	0.0	0.0	0.0	0.0	0.0	0.0	0.0	0.0	0.0	0.0	0.0	0.0	0.0	0.0	0.0	0.0	0.0	0.0	0.0
Candidatus Chromulinivoraceae	0.0	0.0	0.0	0.0	0.0	0.0	0.0	0.0	0.0	0.0	0.0	0.0	0.0	0.0	0.0	0.0	0.0	0.0	0.0	0.0	0.0	0.0	0.0	0.0	0.0	0.0	0.0	0.0	0.0	0.0	0.0	0.0	0.0	0.0	0.0	0.0	0.0	0.0	0.0	0.0	0.0	0.0	0.0	0.0	0.0	0.001	0.0	0.0
Gomontiellaceae	0.0	0.0	0.0	0.0	0.0	0.0	0.0	0.0	0.0	0.0	0.0	0.0	0.0	0.0	0.0	0.0	0.0	0.0	0.0	0.0	0.0	0.0	0.0	0.0	0.0	0.0	0.0	0.0	0.0	0.0	0.0	0.0	0.0	0.0	0.0	0.0	0.0	0.0	0.0	0.0	0.0	0.0	0.0	0.0	0.0	0.0	0.0	0.001
Thermoanaerobacterales Family IV. Incertae Sedis	0.0	0.0	0.0	0.0	0.0	0.0	0.0	0.0	0.0	0.0	0.0	0.0	0.0	0.0	0.0	0.0	0.0	0.0	0.0	0.0	0.0	0.0	0.0	0.0	0.0	0.0	0.0	0.0	0.0	0.0	0.0	0.0	0.0	0.0	0.0	0.0	0.0	0.0	0.0	0.0	0.0	0.0	0.001	0.0	0.0	0.0	0.0	0.0
Dictyoglomaceae	0.0	0.0	0.0	0.0	0.0	0.0	0.0	0.001	0.0	0.0	0.0	0.0	0.0	0.0	0.0	0.0	0.0	0.0	0.0	0.0	0.0	0.0	0.0	0.0	0.0	0.0	0.0	0.0	0.0	0.0	0.0	0.0	0.0	0.0	0.0	0.0	0.0	0.0	0.0	0.0	0.0	0.0	0.0	0.0	0.0	0.0	0.0	0.0
Candidatus Absconditicoccaceae	0.0	0.0	0.0	0.0	0.0	0.0	0.0	0.0	0.0	0.0	0.0	0.0	0.0	0.0	0.0	0.0	0.0	0.0	0.0	0.0	0.0	0.0	0.0	0.0	0.0	0.0	0.0	0.0	0.0	0.0	0.0	0.0	0.0	0.0	0.0	0.0	0.0	0.001	0.0	0.0	0.0	0.0	0.0	0.0	0.0	0.0	0.0	0.0
Fastidiosibacteraceae	0.0	0.0	0.0	0.0	0.0	0.0	0.0	0.0	0.0	0.0	0.0	0.0	0.0	0.0	0.0	0.0	0.0	0.0	0.0	0.0	0.0	0.0	0.0	0.0	0.0	0.0	0.0	0.0	0.0	0.0	0.0	0.0	0.0	0.0	0.0	0.001	0.0	0.0	0.0	0.0	0.0	0.0	0.0	0.0	0.0	0.0	0.0	0.0
Candidatus Azoamicaceae	0.0	0.0	0.0	0.0	0.0	0.0	0.0	0.0	0.0	0.0	0.0	0.0	0.0	0.0	0.0	0.001	0.0	0.0	0.0	0.0	0.0	0.0	0.0	0.0	0.0	0.0	0.0	0.0	0.0	0.0	0.0	0.0	0.0	0.0	0.0	0.0	0.0	0.0	0.0	0.0	0.0	0.0	0.0	0.0	0.0	0.0	0.0	0.0
Acidilobaceae	0.0	0.0	0.0	0.0	0.0	0.0	0.0	0.0	0.0	0.0	0.0	0.0	0.0	0.0	0.0	0.0	0.0	0.0	0.0	0.0	0.0	0.0	0.0	0.0	0.0	0.0	0.0	0.0	0.0	0.0	0.0	0.0	0.0	0.0	0.0	0.0	0.0	0.0	0.0	0.001	0.0	0.0	0.0	0.0	0.0	0.0	0.0	0.0
Zhaonellaceae	0.0	0.0	0.0	0.0	0.0	0.0	0.0	0.0	0.0	0.0	0.0	0.0	0.0	0.0	0.0	0.0	0.0	0.0	0.0	0.0	0.0	0.0	0.0	0.0	0.0	0.0	0.0	0.0	0.0	0.0	0.0	0.0	0.0	0.0	0.0	0.0	0.0	0.0	0.0	0.0	0.0	0.0	0.0	0.0	0.001	0.0	0.0	0.0
Orpheoviridae	0.0	0.0	0.0	0.0	0.0	0.001	0.0	0.0	0.0	0.0	0.0	0.0	0.0	0.0	0.0	0.0	0.0	0.0	0.0	0.0	0.0	0.0	0.0	0.0	0.0	0.0	0.0	0.0	0.0	0.0	0.0	0.0	0.0	0.0	0.0	0.0	0.0	0.0	0.0	0.0	0.0	0.0	0.0	0.0	0.0	0.0	0.0	0.0
Genomoviridae	0.0	0.0	0.0	0.0	0.0	0.001	0.0	0.0	0.0	0.0	0.0	0.0	0.0	0.0	0.0	0.0	0.0	0.0	0.0	0.0	0.0	0.0	0.0	0.0	0.0	0.0	0.0	0.0	0.0	0.0	0.0	0.0	0.0	0.0	0.0	0.0	0.0	0.0	0.0	0.0	0.0	0.0	0.0	0.0	0.0	0.0	0.0	0.0
Caminicellaceae	0.0	0.0	0.0	0.0	0.0	0.0	0.0	0.001	0.0	0.0	0.0	0.0	0.0	0.0	0.0	0.0	0.0	0.0	0.0	0.0	0.0	0.0	0.0	0.0	0.0	0.0	0.0	0.0	0.0	0.0	0.0	0.0	0.0	0.0	0.0	0.0	0.0	0.0	0.0	0.0	0.0	0.0	0.0	0.0	0.0	0.0	0.0	0.0
Schizomimiviridae	0.0	0.0	0.0	0.0	0.0	0.0	0.0	0.0	0.0	0.0	0.0	0.0	0.0	0.0	0.0	0.0	0.0	0.0	0.0	0.0	0.0	0.0	0.0	0.0	0.0	0.0	0.0	0.0	0.0	0.0	0.0	0.0	0.0	0.0	0.0	0.0	0.0	0.0	0.0	0.001	0.0	0.0	0.0	0.0	0.0	0.0	0.0	0.0
Candidatus Nanohalobiaceae	0.0	0.0	0.0	0.0	0.0	0.0	0.0	0.0	0.0	0.0	0.0	0.0	0.0	0.0	0.0	0.0	0.0	0.0	0.0	0.0	0.0	0.0	0.0	0.0	0.0	0.0	0.0	0.0	0.0	0.0	0.0	0.0	0.0	0.0	0.0	0.0	0.0	0.0	0.0	0.0	0.0	0.0	0.0	0.0	0.0	0.0	0.0	0.0
Connertonviridae	0.0	0.0	0.0	0.0	0.0	0.0	0.0	0.0	0.0	0.0	0.0	0.0	0.0	0.0	0.0	0.0	0.0	0.0	0.0	0.0	0.0	0.0	0.0	0.0	0.0	0.0	0.0	0.0	0.0	0.0	0.0	0.0	0.0	0.0	0.0	0.0	0.0	0.0	0.0	0.0	0.0	0.0	0.0	0.0	0.0	0.0	0.0	0.0
Aliceevansviridae	0.0	0.0	0.0	0.0	0.0	0.0	0.0	0.0	0.0	0.0	0.0	0.0	0.0	0.0	0.0	0.0	0.0	0.0	0.0	0.0	0.0	0.0	0.0	0.0	0.0	0.0	0.0	0.0	0.0	0.0	0.0	0.0	0.0	0.0	0.0	0.0	0.0	0.0	0.0	0.0	0.0	0.0	0.0	0.0	0.0	0.0	0.0	0.0
Vertoviridae	0.0	0.0	0.0	0.0	0.0	0.0	0.0	0.0	0.0	0.0	0.0	0.0	0.0	0.0	0.0	0.0	0.0	0.0	0.0	0.0	0.0	0.0	0.0	0.0	0.0	0.0	0.0	0.0	0.0	0.0	0.0	0.0	0.0	0.0	0.0	0.0	0.0	0.0	0.0	0.0	0.0	0.0	0.0	0.0	0.0	0.0	0.0	0.0
Cryptomonadaceae	0.0	0.0	0.0	0.0	0.0	0.0	0.0	0.0	0.0	0.0	0.0	0.0	0.0	0.0	0.0	0.0	0.0	0.0	0.0	0.0	0.0	0.0	0.0	0.0	0.0	0.0	0.0	0.0	0.0	0.0	0.0	0.0	0.0	0.0	0.0	0.0	0.0	0.0	0.0	0.0	0.0	0.0	0.0	0.0	0.0	0.0	0.0	0.0
Pootjesviridae	0.0	0.0	0.0	0.0	0.0	0.0	0.0	0.0	0.0	0.0	0.0	0.0	0.0	0.0	0.0	0.0	0.0	0.0	0.0	0.0	0.0	0.0	0.0	0.0	0.0	0.0	0.0	0.0	0.0	0.0	0.0	0.0	0.0	0.0	0.0	0.0	0.0	0.0	0.0	0.0	0.0	0.0	0.0	0.0	0.0	0.0	0.0	0.0
Autotranscriptaviridae	0.0	0.0	0.0	0.0	0.0	0.0	0.0	0.0	0.0	0.0	0.0	0.0	0.0	0.0	0.0	0.0	0.0	0.0	0.0	0.0	0.0	0.0	0.0	0.0	0.0	0.0	0.0	0.0	0.0	0.0	0.0	0.0	0.0	0.0	0.0	0.0	0.0	0.0	0.0	0.0	0.0	0.0	0.0	0.0	0.0	0.0	0.0	0.0
Hippeaceae	0.0	0.0	0.0	0.0	0.0	0.0	0.0	0.0	0.0	0.0	0.0	0.0	0.0	0.0	0.0	0.0	0.0	0.0	0.0	0.0	0.0	0.0	0.0	0.0	0.0	0.0	0.0	0.0	0.0	0.0	0.0	0.0	0.0	0.0	0.0	0.0	0.0	0.0	0.0	0.0	0.0	0.0	0.0	0.0	0.0	0.0	0.0	0.0
Steigviridae	0.0	0.0	0.0	0.0	0.0	0.0	0.0	0.0	0.0	0.0	0.0	0.0	0.0	0.0	0.0	0.0	0.0	0.0	0.0	0.0	0.0	0.0	0.0	0.0	0.0	0.0	0.0	0.0	0.0	0.0	0.0	0.0	0.0	0.0	0.0	0.0	0.0	0.0	0.0	0.0	0.0	0.0	0.0	0.0	0.0	0.0	0.0	0.0
Saparoviridae	0.0	0.0	0.0	0.0	0.0	0.0	0.0	0.0	0.0	0.0	0.0	0.0	0.0	0.0	0.0	0.0	0.0	0.0	0.0	0.0	0.0	0.0	0.0	0.0	0.0	0.0	0.0	0.0	0.0	0.0	0.0	0.0	0.0	0.0	0.0	0.0	0.0	0.0	0.0	0.0	0.0	0.0	0.0	0.0	0.0	0.0	0.0	0.0
Sphaerolipoviridae	0.0	0.0	0.0	0.0	0.0	0.0	0.0	0.0	0.0	0.0	0.0	0.0	0.0	0.0	0.0	0.0	0.0	0.0	0.0	0.0	0.0	0.0	0.0	0.0	0.0	0.0	0.0	0.0	0.0	0.0	0.0	0.0	0.0	0.0	0.0	0.0	0.0	0.0	0.0	0.0	0.0	0.0	0.0	0.0	0.0	0.0	0.0	0.0
Thermotomaculaceae	0.0	0.0	0.0	0.0	0.0	0.0	0.0	0.0	0.0	0.0	0.0	0.0	0.0	0.0	0.0	0.0	0.0	0.0	0.0	0.0	0.0	0.0	0.0	0.0	0.0	0.0	0.0	0.0	0.0	0.0	0.0	0.0	0.0	0.0	0.0	0.0	0.0	0.0	0.0	0.0	0.0	0.0	0.0	0.0	0.0	0.0	0.0	0.0
Fervidicoccaceae	0.0	0.0	0.0	0.0	0.0	0.0	0.0	0.0	0.0	0.0	0.0	0.0	0.0	0.0	0.0	0.0	0.0	0.0	0.0	0.0	0.0	0.0	0.0	0.0	0.0	0.0	0.0	0.0	0.0	0.0	0.0	0.0	0.0	0.0	0.0	0.0	0.0	0.0	0.0	0.0	0.0	0.0	0.0	0.0	0.0	0.0	0.0	0.0
Nanobdellaceae	0.0	0.0	0.0	0.0	0.0	0.0	0.0	0.0	0.0	0.0	0.0	0.0	0.0	0.0	0.0	0.0	0.0	0.0	0.0	0.0	0.0	0.0	0.0	0.0	0.0	0.0	0.0	0.0	0.0	0.0	0.0	0.0	0.0	0.0	0.0	0.0	0.0	0.0	0.0	0.0	0.0	0.0	0.0	0.0	0.0	0.0	0.0	0.0
Hafunaviridae	0.0	0.0	0.0	0.0	0.0	0.0	0.0	0.0	0.0	0.0	0.0	0.0	0.0	0.0	0.0	0.0	0.0	0.0	0.0	0.0	0.0	0.0	0.0	0.0	0.0	0.0	0.0	0.0	0.0	0.0	0.0	0.0	0.0	0.0	0.0	0.0	0.0	0.0	0.0	0.0	0.0	0.0	0.0	0.0	0.0	0.0	0.0	0.0
Caldisphaeraceae	0.0	0.0	0.0	0.0	0.0	0.0	0.0	0.0	0.0	0.0	0.0	0.0	0.0	0.0	0.0	0.0	0.0	0.0	0.0	0.0	0.0	0.0	0.0	0.0	0.0	0.0	0.0	0.0	0.0	0.0	0.0	0.0	0.0	0.0	0.0	0.0	0.0	0.0	0.0	0.0	0.0	0.0	0.0	0.0	0.0	0.0	0.0	0.0
Desulfitibacteraceae	0.0	0.0	0.0	0.0	0.0	0.0	0.0	0.0	0.0	0.0	0.0	0.0	0.0	0.0	0.0	0.0	0.0	0.0	0.0	0.0	0.0	0.0	0.0	0.0	0.0	0.0	0.0	0.0	0.0	0.0	0.0	0.0	0.0	0.0	0.0	0.0	0.0	0.0	0.0	0.0	0.0	0.0	0.0	0.0	0.0	0.0	0.0	0.0
Berryhillviridae	0.0	0.0	0.0	0.0	0.0	0.0	0.0	0.0	0.0	0.0	0.0	0.0	0.0	0.0	0.0	0.0	0.0	0.0	0.0	0.0	0.0	0.0	0.0	0.0	0.0	0.0	0.0	0.0	0.0	0.0	0.0	0.0	0.0	0.0	0.0	0.0	0.0	0.0	0.0	0.0	0.0	0.0	0.0	0.0	0.0	0.0	0.0	0.0
Candidatus Chazhemtobacteraceae	0.0	0.0	0.0	0.0	0.0	0.0	0.0	0.0	0.0	0.0	0.0	0.0	0.0	0.0	0.0	0.0	0.0	0.0	0.0	0.0	0.0	0.0	0.0	0.0	0.0	0.0	0.0	0.0	0.0	0.0	0.0	0.0	0.0	0.0	0.0	0.0	0.0	0.0	0.0	0.0	0.0	0.0	0.0	0.0	0.0	0.0	0.0	0.0
Minisyncoccaceae	0.0	0.0	0.0	0.0	0.0	0.0	0.0	0.0	0.0	0.0	0.0	0.0	0.0	0.0	0.0	0.0	0.0	0.0	0.0	0.0	0.0	0.0	0.0	0.0	0.0	0.0	0.0	0.0	0.0	0.0	0.0	0.0	0.0	0.0	0.0	0.0	0.0	0.0	0.0	0.0	0.0	0.0	0.0	0.0	0.0	0.0	0.0	0.0
Candidatus Nitrosocaldaceae	0.0	0.0	0.0	0.0	0.0	0.0	0.0	0.0	0.0	0.0	0.0	0.0	0.0	0.0	0.0	0.0	0.0	0.0	0.0	0.0	0.0	0.0	0.0	0.0	0.0	0.0	0.0	0.0	0.0	0.0	0.0	0.0	0.0	0.0	0.0	0.0	0.0	0.0	0.0	0.0	0.0	0.0	0.0	0.0	0.0	0.0	0.0	0.0
Thermosediminibacteraceae	0.0	0.0	0.0	0.0	0.0	0.0	0.0	0.0	0.0	0.0	0.0	0.0	0.0	0.0	0.0	0.0	0.0	0.0	0.0	0.0	0.0	0.0	0.0	0.0	0.0	0.0	0.0	0.0	0.0	0.0	0.0	0.0	0.0	0.0	0.0	0.0	0.0	0.0	0.0	0.0	0.0	0.0	0.0	0.0	0.0	0.0	0.0	0.0
Mesoaciditogaceae	0.0	0.0	0.0	0.0	0.0	0.0	0.0	0.0	0.0	0.0	0.0	0.0	0.0	0.0	0.0	0.0	0.0	0.0	0.0	0.0	0.0	0.0	0.0	0.0	0.0	0.0	0.0	0.0	0.0	0.0	0.0	0.0	0.0	0.0	0.0	0.0	0.0	0.0	0.0	0.0	0.0	0.0	0.0	0.0	0.0	0.0	0.0	0.0
Nitrosotaleaceae	0.0	0.0	0.0	0.0	0.0	0.0	0.0	0.0	0.0	0.0	0.0	0.0	0.0	0.0	0.0	0.0	0.0	0.0	0.0	0.0	0.0	0.0	0.0	0.0	0.0	0.0	0.0	0.0	0.0	0.0	0.0	0.0	0.0	0.0	0.0	0.0	0.0	0.0	0.0	0.0	0.0	0.0	0.0	0.0	0.0	0.0	0.0	0.0
Solemoviridae	0.0	0.0	0.0	0.0	0.0	0.0	0.0	0.0	0.0	0.0	0.0	0.0	0.0	0.0	0.0	0.0	0.0	0.0	0.0	0.0	0.0	0.0	0.0	0.0	0.0	0.0	0.0	0.0	0.0	0.0	0.0	0.0	0.0	0.0	0.0	0.0	0.0	0.0	0.0	0.0	0.0	0.0	0.0	0.0	0.0	0.0	0.0	0.0
Coprothermobacteraceae	0.0	0.0	0.0	0.0	0.0	0.0	0.0	0.0	0.0	0.0	0.0	0.0	0.0	0.0	0.0	0.0	0.0	0.0	0.0	0.0	0.0	0.0	0.0	0.0	0.0	0.0	0.0	0.0	0.0	0.0	0.0	0.0	0.0	0.0	0.0	0.0	0.0	0.0	0.0	0.0	0.0	0.0	0.0	0.0	0.0	0.0	0.0	0.0
Ascoviridae	0.0	0.0	0.0	0.0	0.0	0.0	0.0	0.0	0.0	0.0	0.0	0.0	0.0	0.0	0.0	0.0	0.0	0.0	0.0	0.0	0.0	0.0	0.0	0.0	0.0	0.0	0.0	0.0	0.0	0.0	0.0	0.0	0.0	0.0	0.0	0.0	0.0	0.0	0.0	0.0	0.0	0.0	0.0	0.0	0.0	0.0	0.0	0.0
Autoscriptoviridae	0.0	0.0	0.0	0.0	0.0	0.0	0.0	0.0	0.0	0.0	0.0	0.0	0.0	0.0	0.0	0.0	0.0	0.0	0.0	0.0	0.0	0.0	0.0	0.0	0.0	0.0	0.0	0.0	0.0	0.0	0.0	0.0	0.0	0.0	0.0	0.0	0.0	0.0	0.0	0.0	0.0	0.0	0.0	0.0	0.0	0.0	0.0	0.0
Thermosulfidibacteraceae	0.0	0.0	0.0	0.0	0.0	0.0	0.0	0.0	0.0	0.0	0.0	0.0	0.0	0.0	0.0	0.0	0.0	0.0	0.0	0.0	0.0	0.0	0.0	0.0	0.0	0.0	0.0	0.0	0.0	0.0	0.0	0.0	0.0	0.0	0.0	0.0	0.0	0.0	0.0	0.0	0.0	0.0	0.0	0.0	0.0	0.0	0.0	0.0
Parvoviridae	0.0	0.0	0.0	0.0	0.0	0.0	0.0	0.0	0.0	0.0	0.0	0.0	0.0	0.0	0.0	0.0	0.0	0.0	0.0	0.0	0.0	0.0	0.0	0.0	0.0	0.0	0.0	0.0	0.0	0.0	0.0	0.0	0.0	0.0	0.0	0.0	0.0	0.0	0.0	0.0	0.0	0.0	0.0	0.0	0.0	0.0	0.0	0.0
Coronaviridae	0.0	0.0	0.0	0.0	0.0	0.0	0.0	0.0	0.0	0.0	0.0	0.0	0.0	0.0	0.0	0.0	0.0	0.0	0.0	0.0	0.0	0.0	0.0	0.0	0.0	0.0	0.0	0.0	0.0	0.0	0.0	0.0	0.0	0.0	0.0	0.0	0.0	0.0	0.0	0.0	0.0	0.0	0.0	0.0	0.0	0.0	0.0	0.0
Mononiviridae	0.0	0.0	0.0	0.0	0.0	0.0	0.0	0.0	0.0	0.0	0.0	0.0	0.0	0.0	0.0	0.0	0.0	0.0	0.0	0.0	0.0	0.0	0.0	0.0	0.0	0.0	0.0	0.0	0.0	0.0	0.0	0.0	0.0	0.0	0.0	0.0	0.0	0.0	0.0	0.0	0.0	0.0	0.0	0.0	0.0	0.0	0.0	0.0
Marnaviridae	0.0	0.0	0.0	0.0	0.0	0.0	0.0	0.0	0.0	0.0	0.0	0.0	0.0	0.0	0.0	0.0	0.0	0.0	0.0	0.0	0.0	0.0	0.0	0.0	0.0	0.0	0.0	0.0	0.0	0.0	0.0	0.0	0.0	0.0	0.0	0.0	0.0	0.0	0.0	0.0	0.0	0.0	0.0	0.0	0.0	0.0	0.0	0.0
Kruegerviridae	0.0	0.0	0.0	0.0	0.0	0.0	0.0	0.0	0.0	0.0	0.0	0.0	0.0	0.0	0.0	0.0	0.0	0.0	0.0	0.0	0.0	0.0	0.0	0.0	0.0	0.0	0.0	0.0	0.0	0.0	0.0	0.0	0.0	0.0	0.0	0.0	0.0	0.0	0.0	0.0	0.0	0.0	0.0	0.0	0.0	0.0	0.0	0.0
Thermoplasmataceae	0.0	0.0	0.0	0.0	0.0	0.0	0.0	0.0	0.0	0.0	0.0	0.0	0.0	0.0	0.0	0.0	0.0	0.0	0.0	0.0	0.0	0.0	0.0	0.0	0.0	0.0	0.0	0.0	0.0	0.0	0.0	0.0	0.0	0.0	0.0	0.0	0.0	0.0	0.0	0.0	0.0	0.0	0.0	0.0	0.0	0.0	0.0	0.0
Methanocorpusculaceae	0.0	0.0	0.0	0.0	0.0	0.0	0.0	0.0	0.0	0.0	0.0	0.0	0.0	0.0	0.0	0.0	0.0	0.0	0.0	0.0	0.0	0.0	0.0	0.0	0.0	0.0	0.0	0.0	0.0	0.0	0.0	0.0	0.0	0.0	0.0	0.0	0.0	0.0	0.0	0.0	0.0	0.0	0.0	0.0	0.0	0.0	0.0	0.0
Candidatus Cloacimonadaceae	0.0	0.0	0.0	0.0	0.0	0.0	0.0	0.0	0.0	0.0	0.0	0.0	0.0	0.0	0.0	0.0	0.0	0.0	0.0	0.0	0.0	0.0	0.0	0.0	0.0	0.0	0.0	0.0	0.0	0.0	0.0	0.0	0.0	0.0	0.0	0.0	0.0	0.0	0.0	0.0	0.0	0.0	0.0	0.0	0.0	0.0	0.0	0.0
Cuniculiplasmataceae	0.0	0.0	0.0	0.0	0.0	0.0	0.0	0.0	0.0	0.0	0.0	0.0	0.0	0.0	0.0	0.0	0.0	0.0	0.0	0.0	0.0	0.0	0.0	0.0	0.0	0.0	0.0	0.0	0.0	0.0	0.0	0.0	0.0	0.0	0.0	0.0	0.0	0.0	0.0	0.0	0.0	0.0	0.0	0.0	0.0	0.0	0.0	0.0
Nudiviridae	0.0	0.0	0.0	0.0	0.0	0.0	0.0	0.0	0.0	0.0	0.0	0.0	0.0	0.0	0.0	0.0	0.0	0.0	0.0	0.0	0.0	0.0	0.0	0.0	0.0	0.0	0.0	0.0	0.0	0.0	0.0	0.0	0.0	0.0	0.0	0.0	0.0	0.0	0.0	0.0	0.0	0.0	0.0	0.0	0.0	0.0	0.0	0.0
Caldisericaceae	0.0	0.0	0.0	0.0	0.0	0.0	0.0	0.0	0.0	0.0	0.0	0.0	0.0	0.0	0.0	0.0	0.0	0.0	0.0	0.0	0.0	0.0	0.0	0.0	0.0	0.0	0.0	0.0	0.0	0.0	0.0	0.0	0.0	0.0	0.0	0.0	0.0	0.0	0.0	0.0	0.0	0.0	0.0	0.0	0.0	0.0	0.0	0.0
Vahlkampfiidae	0.0	0.0	0.0	0.0	0.0	0.0	0.0	0.0	0.0	0.0	0.0	0.0	0.0	0.0	0.0	0.0	0.0	0.0	0.0	0.0	0.0	0.0	0.0	0.0	0.0	0.0	0.0	0.0	0.0	0.0	0.0	0.0	0.0	0.0	0.0	0.0	0.0	0.0	0.0	0.0	0.0	0.0	0.0	0.0	0.0	0.0	0.0	0.0
Thermincolaceae	0.0	0.0	0.0	0.0	0.0	0.0	0.0	0.0	0.0	0.0	0.0	0.0	0.0	0.0	0.0	0.0	0.0	0.0	0.0	0.0	0.0	0.0	0.0	0.0	0.0	0.0	0.0	0.0	0.0	0.0	0.0	0.0	0.0	0.0	0.0	0.0	0.0	0.0	0.0	0.0	0.0	0.0	0.0	0.0	0.0	0.0	0.0	0.0
Flexistipitaceae	0.0	0.0	0.0	0.0	0.0	0.0	0.0	0.0	0.0	0.0	0.0	0.0	0.0	0.0	0.0	0.0	0.0	0.0	0.0	0.0	0.0	0.0	0.0	0.0	0.0	0.0	0.0	0.0	0.0	0.0	0.0	0.0	0.0	0.0	0.0	0.0	0.0	0.0	0.0	0.0	0.0	0.0	0.0	0.0	0.0	0.0	0.0	0.0
Calditerrivibrionaceae	0.0	0.0	0.0	0.0	0.0	0.0	0.0	0.0	0.0	0.0	0.0	0.0	0.0	0.0	0.0	0.0	0.0	0.0	0.0	0.0	0.0	0.0	0.0	0.0	0.0	0.0	0.0	0.0	0.0	0.0	0.0	0.0	0.0	0.0	0.0	0.0	0.0	0.0	0.0	0.0	0.0	0.0	0.0	0.0	0.0	0.0	0.0	0.0
Dissulfurispiraceae	0.0	0.0	0.0	0.0	0.0	0.0	0.0	0.0	0.0	0.0	0.0	0.0	0.0	0.0	0.0	0.0	0.0	0.0	0.0	0.0	0.0	0.0	0.0	0.0	0.0	0.0	0.0	0.0	0.0	0.0	0.0	0.0	0.0	0.0	0.0	0.0	0.0	0.0	0.0	0.0	0.0	0.0	0.0	0.0	0.0	0.0	0.0	0.0
Thermodesulfatatoraceae	0.0	0.0	0.0	0.0	0.0	0.0	0.0	0.0	0.0	0.0	0.0	0.0	0.0	0.0	0.0	0.0	0.0	0.0	0.0	0.0	0.0	0.0	0.0	0.0	0.0	0.0	0.0	0.0	0.0	0.0	0.0	0.0	0.0	0.0	0.0	0.0	0.0	0.0	0.0	0.0	0.0	0.0	0.0	0.0	0.0	0.0	0.0	0.0
Waddliaceae	0.0	0.0	0.0	0.0	0.0	0.0	0.0	0.0	0.0	0.0	0.0	0.0	0.0	0.0	0.0	0.0	0.0	0.0	0.0	0.0	0.0	0.0	0.0	0.0	0.0	0.0	0.0	0.0	0.0	0.0	0.0	0.0	0.0	0.0	0.0	0.0	0.0	0.0	0.0	0.0	0.0	0.0	0.0	0.0	0.0	0.0	0.0	0.0
Candidatus Desulfofervidaceae	0.0	0.0	0.0	0.0	0.0	0.0	0.0	0.0	0.0	0.0	0.0	0.0	0.0	0.0	0.0	0.0	0.0	0.0	0.0	0.0	0.0	0.0	0.0	0.0	0.0	0.0	0.0	0.0	0.0	0.0	0.0	0.0	0.0	0.0	0.0	0.0	0.0	0.0	0.0	0.0	0.0	0.0	0.0	0.0	0.0	0.0	0.0	0.0
Marseilleviridae	0.0	0.0	0.0	0.0	0.0	0.0	0.0	0.0	0.0	0.0	0.0	0.0	0.0	0.0	0.0	0.0	0.0	0.0	0.0	0.0	0.0	0.0	0.0	0.0	0.0	0.0	0.0	0.0	0.0	0.0	0.0	0.0	0.0	0.0	0.0	0.0	0.0	0.0	0.0	0.0	0.0	0.0	0.0	0.0	0.0	0.0	0.0	0.0
Methanomassiliicoccaceae	0.0	0.0	0.0	0.0	0.0	0.0	0.0	0.0	0.0	0.0	0.0	0.0	0.0	0.0	0.0	0.0	0.0	0.0	0.0	0.0	0.0	0.0	0.0	0.0	0.0	0.0	0.0	0.0	0.0	0.0	0.0	0.0	0.0	0.0	0.0	0.0	0.0	0.0	0.0	0.0	0.0	0.0	0.0	0.0	0.0	0.0	0.0	0.0
Desulfurobacteriaceae	0.0	0.0	0.0	0.0	0.0	0.0	0.0	0.0	0.0	0.0	0.0	0.0	0.0	0.0	0.0	0.0	0.0	0.0	0.0	0.0	0.0	0.0	0.0	0.0	0.0	0.0	0.0	0.0	0.0	0.0	0.0	0.0	0.0	0.0	0.0	0.0	0.0	0.0	0.0	0.0	0.0	0.0	0.0	0.0	0.0	0.0	0.0	0.0
Thermodesulfobiaceae	0.0	0.0	0.0	0.0	0.0	0.0	0.0	0.0	0.0	0.0	0.0	0.0	0.0	0.0	0.0	0.0	0.0	0.0	0.0	0.0	0.0	0.0	0.0	0.0	0.0	0.0	0.0	0.0	0.0	0.0	0.0	0.0	0.0	0.0	0.0	0.0	0.0	0.0	0.0	0.0	0.0	0.0	0.0	0.0	0.0	0.0	0.0	0.0
Suoliviridae	0.0	0.0	0.0	0.0	0.0	0.0	0.0	0.0	0.0	0.0	0.0	0.0	0.0	0.0	0.0	0.0	0.0	0.0	0.0	0.0	0.0	0.0	0.0	0.0	0.0	0.0	0.0	0.0	0.0	0.0	0.0	0.0	0.0	0.0	0.0	0.0	0.0	0.0	0.0	0.0	0.0	0.0	0.0	0.0	0.0	0.0	0.0	0.0
Porticoccaceae	0.0	0.0	0.0	0.0	0.0	0.0	0.0	0.0	0.0	0.0	0.0	0.0	0.0	0.0	0.0	0.0	0.0	0.0	0.0	0.0	0.0	0.0	0.0	0.0	0.0	0.0	0.0	0.0	0.0	0.0	0.0	0.0	0.0	0.0	0.0	0.0	0.0	0.0	0.0	0.0	0.0	0.0	0.0	0.0	0.0	0.0	0.0	0.0
Autonotataviridae	0.0	0.0	0.0	0.0	0.0	0.0	0.0	0.0	0.0	0.0	0.0	0.0	0.0	0.0	0.0	0.0	0.0	0.0	0.0	0.0	0.0	0.0	0.0	0.0	0.0	0.0	0.0	0.0	0.0	0.0	0.0	0.0	0.0	0.0	0.0	0.0	0.0	0.0	0.0	0.0	0.0	0.0	0.0	0.0	0.0	0.0	0.0	0.0
Methanomethylophilaceae	0.0	0.0	0.0	0.0	0.0	0.0	0.0	0.0	0.0	0.0	0.0	0.0	0.0	0.0	0.0	0.0	0.0	0.0	0.0	0.0	0.0	0.0	0.0	0.0	0.0	0.0	0.0	0.0	0.0	0.0	0.0	0.0	0.0	0.0	0.0	0.0	0.0	0.0	0.0	0.0	0.0	0.0	0.0	0.0	0.0	0.0	0.0	0.0
Candidatus Nucleicultricaceae	0.0	0.0	0.0	0.0	0.0	0.0	0.0	0.0	0.0	0.0	0.0	0.0	0.0	0.0	0.0	0.0	0.0	0.0	0.0	0.0	0.0	0.0	0.0	0.0	0.0	0.0	0.0	0.0	0.0	0.0	0.0	0.0	0.0	0.0	0.0	0.0	0.0	0.0	0.0	0.0	0.0	0.0	0.0	0.0	0.0	0.0	0.0	0.0
Parameciidae	0.0	0.0	0.0	0.0	0.0	0.0	0.0	0.0	0.0	0.0	0.0	0.0	0.0	0.0	0.0	0.0	0.0	0.0	0.0	0.0	0.0	0.0	0.0	0.0	0.0	0.0	0.0	0.0	0.0	0.0	0.0	0.0	0.0	0.0	0.0	0.0	0.0	0.0	0.0	0.0	0.0	0.0	0.0	0.0	0.0	0.0	0.0	0.0
Defluviitaleaceae	0.0	0.0	0.0	0.0	0.0	0.0	0.0	0.0	0.0	0.0	0.0	0.0	0.0	0.0	0.0	0.0	0.0	0.0	0.0	0.0	0.0	0.0	0.0	0.0	0.0	0.0	0.0	0.0	0.0	0.0	0.0	0.0	0.0	0.0	0.0	0.0	0.0	0.0	0.0	0.0	0.0	0.0	0.0	0.0	0.0	0.0	0.0	0.0
Polydnaviriformidae	0.0	0.0	0.0	0.0	0.0	0.0	0.0	0.0	0.0	0.0	0.0	0.0	0.0	0.0	0.0	0.0	0.0	0.0	0.0	0.0	0.0	0.0	0.0	0.0	0.0	0.0	0.0	0.0	0.0	0.0	0.0	0.0	0.0	0.0	0.0	0.0	0.0	0.0	0.0	0.0	0.0	0.0	0.0	0.0	0.0	0.0	0.0	0.0
Methanonatronarchaeaceae	0.0	0.0	0.0	0.0	0.0	0.0	0.0	0.0	0.0	0.0	0.0	0.0	0.0	0.0	0.0	0.0	0.0	0.0	0.0	0.0	0.0	0.0	0.0	0.0	0.0	0.0	0.0	0.0	0.0	0.0	0.0	0.0	0.0	0.0	0.0	0.0	0.0	0.0	0.0	0.0	0.0	0.0	0.0	0.0	0.0	0.0	0.0	0.0
Intestiviridae	0.0	0.0	0.0	0.0	0.0	0.0	0.0	0.0	0.0	0.0	0.0	0.0	0.0	0.0	0.0	0.0	0.0	0.0	0.0	0.0	0.0	0.0	0.0	0.0	0.0	0.0	0.0	0.0	0.0	0.0	0.0	0.0	0.0	0.0	0.0	0.0	0.0	0.0	0.0	0.0	0.0	0.0	0.0	0.0	0.0	0.0	0.0	0.0
Picrophilaceae	0.0	0.0	0.0	0.0	0.0	0.0	0.0	0.0	0.0	0.0	0.0	0.0	0.0	0.0	0.0	0.0	0.0	0.0	0.0	0.0	0.0	0.0	0.0	0.0	0.0	0.0	0.0	0.0	0.0	0.0	0.0	0.0	0.0	0.0	0.0	0.0	0.0	0.0	0.0	0.0	0.0	0.0	0.0	0.0	0.0	0.0	0.0	0.0
Iridoviridae	0.0	0.0	0.0	0.0	0.0	0.0	0.0	0.0	0.0	0.0	0.0	0.0	0.0	0.0	0.0	0.0	0.0	0.0	0.0	0.0	0.0	0.0	0.0	0.0	0.0	0.0	0.0	0.0	0.0	0.0	0.0	0.0	0.0	0.0	0.0	0.0	0.0	0.0	0.0	0.0	0.0	0.0	0.0	0.0	0.0	0.0	0.0	0.0
Peptoclostridiaceae	0.0	0.0	0.0	0.0	0.0	0.0	0.0	0.0	0.0	0.0	0.0	0.0	0.0	0.0	0.0	0.0	0.0	0.0	0.0	0.0	0.0	0.0	0.0	0.0	0.0	0.0	0.0	0.0	0.0	0.0	0.0	0.0	0.0	0.0	0.0	0.0	0.0	0.0	0.0	0.0	0.0	0.0	0.0	0.0	0.0	0.0	0.0	0.0
Abyssicoccaceae	0.0	0.0	0.0	0.0	0.0	0.0	0.0	0.0	0.0	0.0	0.0	0.0	0.0	0.0	0.0	0.0	0.0	0.0	0.0	0.0	0.0	0.0	0.0	0.0	0.0	0.0	0.0	0.0	0.0	0.0	0.0	0.0	0.0	0.0	0.0	0.0	0.0	0.0	0.0	0.0	0.0	0.0	0.0	0.0	0.0	0.0	0.0	0.0
Tropherymataceae	0.0	0.0	0.0	0.0	0.0	0.0	0.0	0.0	0.0	0.0	0.0	0.0	0.0	0.0	0.0	0.0	0.0	0.0	0.0	0.0	0.0	0.0	0.0	0.0	0.0	0.0	0.0	0.0	0.0	0.0	0.0	0.0	0.0	0.0	0.0	0.0	0.0	0.0	0.0	0.0	0.0	0.0	0.0	0.0	0.0	0.0	0.0	0.0
Candidatus Comchoanobacteraceae	0.0	0.0	0.0	0.0	0.0	0.0	0.0	0.0	0.0	0.0	0.0	0.0	0.0	0.0	0.0	0.0	0.0	0.0	0.0	0.0	0.0	0.0	0.0	0.0	0.0	0.0	0.0	0.0	0.0	0.0	0.0	0.0	0.0	0.0	0.0	0.0	0.0	0.0	0.0	0.0	0.0	0.0	0.0	0.0	0.0	0.0	0.0	0.0
Thermospiraceae	0.0	0.0	0.0	0.0	0.0	0.0	0.0	0.0	0.0	0.0	0.0	0.0	0.0	0.0	0.0	0.0	0.0	0.0	0.0	0.0	0.0	0.0	0.0	0.0	0.0	0.0	0.0	0.0	0.0	0.0	0.0	0.0	0.0	0.0	0.0	0.0	0.0	0.0	0.0	0.0	0.0	0.0	0.0	0.0	0.0	0.0	0.0	0.0
Koleobacteraceae	0.0	0.0	0.0	0.0	0.0	0.0	0.0	0.0	0.0	0.0	0.0	0.0	0.0	0.0	0.0	0.0	0.0	0.0	0.0	0.0	0.0	0.0	0.0	0.0	0.0	0.0	0.0	0.0	0.0	0.0	0.0	0.0	0.0	0.0	0.0	0.0	0.0	0.0	0.0	0.0	0.0	0.0	0.0	0.0	0.0	0.0	0.0	0.0
Drexlerviridae	0.0	0.0	0.0	0.0	0.0	0.0	0.0	0.0	0.0	0.0	0.0	0.0	0.0	0.0	0.0	0.0	0.0	0.0	0.0	0.0	0.0	0.0	0.0	0.0	0.0	0.0	0.0	0.0	0.0	0.0	0.0	0.0	0.0	0.0	0.0	0.0	0.0	0.0	0.0	0.0	0.0	0.0	0.0	0.0	0.0	0.0	0.0	0.0
