name	E1	E2	E3	E4	E5	E6	E7	E8	H10	H11	H12	H5	H6	H7	H8	H9	K1	K10	K11	K12	K13	K14	K15	K16	K2	K3	K4	K5	K6	K7	K8	K9	R1	R2	R3	R4	R5	R6	R7	R8	W1	W2	W3	W4	W5	W6	W7	W8
Streptomyces	17.119	19.776	13.806	9.693	13.414000000000001	12.408	16.109	10.408000000000001	4.857	5.9639999999999995	7.976999999999999	8.814	11.562999999999999	11.547	16.573	5.27	13.22	13.297	9.533	15.857	18.733	17.006	15.365	15.722	13.308	14.279	11.804	16.939	12.714	16.555	12.032	12.964	13.952	10.857	17.596999999999998	16.047	12.733	15.024999999999999	15.529000000000002	13.532	8.754000000000001	7.5	9.557	8.533	11.712	11.08	5.398	6.787
Bradyrhizobium	8.116	9.0	8.158999999999999	6.58	7.425	6.946	9.049	3.8089999999999997	7.478999999999999	8.126	9.687999999999999	11.62	10.451	12.124	6.665	6.526	7.156	5.612	11.331	6.304	4.675	7.580000000000001	6.162	7.475999999999999	4.58	7.7170000000000005	8.903	4.875	4.309	6.639	7.734000000000001	7.718999999999999	9.824	11.805	6.895	9.483	8.497	7.707999999999999	9.995	5.826	13.064	18.501	16.384	15.367	14.411	12.659999999999998	19.825	13.883000000000001
Rhizobium	9.110999999999999	1.3050000000000002	1.585	27.99	16.384999999999998	11.991	2.835	33.005	47.821999999999996	37.303	5.863	2.488	1.59	1.137	8.459	38.076	0.88	1.253	6.855	1.6969999999999998	2.4899999999999998	1.6789999999999998	1.236	4.02	1.791	1.47	0.98	1.209	1.291	1.035	1.873	1.013	2.101	0.676	0.7020000000000001	1.2919999999999998	11.93	7.047000000000001	1.799	11.993	3.856	1.141	2.267	4.3180000000000005	5.364	1.989	36.307	18.562
Amycolatopsis	0.762	0.512	0.651	0.485	0.517	0.618	0.856	0.344	2.3	1.171	2.085	1.718	5.7299999999999995	5.771	4.684	1.0670000000000002	8.808	11.814	11.962	8.244	5.66	9.734	10.563	11.815000000000001	5.680000000000001	7.702000000000001	5.3580000000000005	6.042	4.941	8.461	8.726	13.453999999999999	6.3549999999999995	7.102	2.1270000000000002	4.734	4.713	6.133	8.99	3.06	0.699	0.643	0.7939999999999999	0.703	0.611	0.719	0.381	0.557
Actinoplanes	2.4	3.356	4.9430000000000005	2.467	2.346	3.2190000000000003	2.798	3.4070000000000005	1.383	1.587	2.2159999999999997	5.122999999999999	3.35	5.158	4.0280000000000005	1.2109999999999999	4.798	2.339	2.987	6.970999999999999	5.377	3.742	5.045	3.9570000000000003	3.753	4.038	4.857	4.045	4.531000000000001	4.572	3.026	6.0600000000000005	3.528	3.141	5.8020000000000005	2.823	4.997999999999999	6.263000000000001	4.797	3.388	1.209	1.398	1.933	2.108	3.47	2.188	1.431	1.303
Homo	3.345	4.321	4.855	3.421	5.1209999999999996	5.364	5.353	7.747	2.3	3.213	2.997	2.574	3.4450000000000003	3.288	3.49	3.007	1.711	2.881	2.552	1.629	1.8870000000000002	2.158	1.476	2.939	2.243	2.061	2.048	1.9980000000000002	2.532	2.081	2.382	2.162	4.956	4.4639999999999995	3.926	4.1450000000000005	2.886	3.848	4.037	6.646000000000001	3.27	2.6149999999999998	3.871	2.386	4.342	2.089	2.261	2.5340000000000003
Xanthomonas	1.5	1.6230000000000002	1.6920000000000002	2.197	1.6039999999999999	1.699	1.162	1.248	1.7770000000000001	6.912	13.420000000000002	4.170999999999999	4.14	1.918	1.451	12.792	1.637	12.545	1.677	0.8380000000000001	2.842	3.775	2.658	4.315	1.691	7.043000000000001	6.519	4.4350000000000005	5.475	7.463	7.564	7.91	0.6910000000000001	0.6649999999999999	1.019	0.634	0.416	0.6479999999999999	0.796	0.6839999999999999	0.7000000000000001	1.276	1.2550000000000001	0.849	1.243	0.471	0.48900000000000005	0.66
Rhizophagus	0.517	0.373	0.155	0.40499999999999997	0.3	0.88	0.845	1.9460000000000002	1.562	1.217	2.689	2.662	2.2720000000000002	2.468	1.9029999999999998	1.7409999999999999	2.986	1.637	2.398	0.911	2.373	2.933	3.5029999999999997	2.398	2.6	2.0340000000000003	1.894	1.2919999999999998	4.181	4.561	9.891	2.5839999999999996	7.437	2.013	8.838	6.133	3.0460000000000003	5.2540000000000004	5.022	6.115	2.559	1.5650000000000002	1.258	0.361	2.2800000000000002	0.6799999999999999	1.406	0.8869999999999999
Micromonospora	1.362	1.176	1.683	1.239	0.928	1.078	1.189	0.9129999999999999	0.597	0.742	0.8699999999999999	1.737	1.3379999999999999	1.566	1.35	0.549	1.7409999999999999	1.042	1.246	2.1239999999999997	2.3009999999999997	1.543	1.659	1.4489999999999998	1.598	3.105	1.73	7.042	2.223	1.6469999999999998	1.15	2.005	1.562	1.711	2.33	1.456	2.072	2.268	1.81	1.653	1.376	1.388	1.5650000000000002	1.71	1.717	2.023	0.8109999999999999	1.1520000000000001
Variovorax	2.128	1.9879999999999998	2.568	1.672	1.7930000000000001	2.421	1.26	0.755	0.886	1.2309999999999999	2.085	1.859	1.598	1.5939999999999999	1.854	1.088	1.4409999999999998	0.876	1.2510000000000001	1.775	1.706	1.436	2.0650000000000004	1.089	1.424	1.8880000000000001	2.0740000000000003	1.318	1.745	1.288	1.2890000000000001	0.898	1.196	0.6839999999999999	1.345	1.662	1.2269999999999999	1.111	1.123	1.438	1.764	1.5709999999999997	1.262	1.4460000000000002	1.532	2.563	0.8699999999999999	1.366
Nocardioides	1.664	1.111	1.8960000000000001	1.281	1.163	2.0500000000000003	1.667	0.847	0.5539999999999999	0.664	0.735	1.239	1.134	1.131	1.365	0.49500000000000005	1.828	1.595	0.9650000000000001	1.798	2.121	1.9	2.021	1.455	2.334	1.472	1.91	2.7640000000000002	2.932	1.841	1.628	1.024	0.893	1.331	1.522	1.646	1.472	1.134	1.5070000000000001	1.6340000000000001	1.526	1.014	1.332	1.2630000000000001	1.401	1.4949999999999999	0.763	0.923
Mesorhizobium	1.347	1.3599999999999999	1.138	0.865	0.8460000000000001	0.9530000000000001	1.638	0.882	0.733	0.924	1.0250000000000001	1.6310000000000002	2.031	1.7309999999999999	1.3820000000000001	0.5519999999999999	2.026	2.484	2.072	1.377	2.076	1.6629999999999998	1.502	1.448	1.696	2.026	2.315	1.502	1.4909999999999999	1.4120000000000001	1.5959999999999999	1.8190000000000002	1.155	0.983	0.8160000000000001	1.47	0.97	0.636	1.22	0.985	1.014	1.169	0.895	0.985	1.036	2.009	0.69	1.052
Mycolicibacterium	1.1159999999999999	0.711	1.005	0.632	0.604	0.97	1.302	0.517	0.762	0.737	1.086	1.384	1.3860000000000001	1.6070000000000002	1.585	0.599	1.771	1.918	1.281	1.163	1.304	1.3	1.213	1.173	1.9380000000000002	2.941	1.78	2.292	3.012	1.2510000000000001	1.8429999999999997	1.226	1.159	1.41	1.039	1.266	1.477	0.95	1.205	1.085	1.307	1.3379999999999999	1.396	1.239	1.3419999999999999	1.46	0.741	1.055
Pseudomonas	1.3299999999999998	2.1260000000000003	1.6070000000000002	1.314	1.485	1.3719999999999999	1.419	1.2510000000000001	0.776	0.786	1.194	1.6119999999999999	1.354	1.2710000000000001	1.1480000000000001	0.742	1.0070000000000001	0.8460000000000001	1.142	0.983	1.0410000000000001	0.877	1.204	0.746	1.471	1.024	1.509	0.8999999999999999	0.975	0.839	0.8170000000000001	0.664	1.149	1.22	1.167	1.4000000000000001	1.203	1.038	1.094	0.971	1.756	2.1229999999999998	1.9539999999999997	2.177	1.609	1.923	0.8580000000000001	1.897
Microbacterium	1.122	1.106	1.498	0.918	1.2409999999999999	1.746	1.606	0.951	0.639	0.826	0.819	1.464	1.2890000000000001	1.1119999999999999	1.217	0.748	1.438	1.814	0.8710000000000001	1.098	1.48	0.993	1.347	0.909	2.373	1.485	1.43	1.781	2.239	0.931	1.214	0.8420000000000001	0.897	1.117	0.905	0.8500000000000001	0.9950000000000001	0.828	1.013	0.987	1.463	1.3780000000000001	1.244	1.228	1.474	1.7229999999999999	0.803	1.075
Lentzea	0.216	0.077	0.14300000000000002	0.11399999999999999	0.08	0.092	0.19	0.262	0.263	0.19	0.385	0.8370000000000001	0.633	1.055	1.236	0.211	3.689	1.149	0.365	4.127	1.509	3.007	2.459	5.002	1.433	1.779	2.512	1.6	2.714	3.438	2.698	3.75	1.171	1.331	1.773	0.368	0.5559999999999999	1.049	0.32	0.9610000000000001	0.179	0.18	0.149	0.098	0.459	0.329	0.078	0.404
Sphingomonas	1.354	1.337	1.418	0.8540000000000001	1.159	1.29	1.7760000000000002	0.756	0.6709999999999999	0.7979999999999999	1.107	1.248	1.6389999999999998	1.593	1.2670000000000001	0.636	1.206	1.026	1.224	1.373	1.2229999999999999	1.198	1.221	1.076	1.6230000000000002	1.142	1.2710000000000001	1.371	0.8920000000000001	1.164	1.061	1.034	0.877	1.091	0.786	1.053	1.097	0.7779999999999999	0.992	0.707	1.174	1.513	1.133	1.266	1.248	1.337	0.606	1.032
Dactylosporangium	1.3599999999999999	0.681	1.026	1.0290000000000001	0.8160000000000001	0.633	1.537	0.959	0.905	0.479	1.506	1.415	2.182	1.384	1.035	0.688	1.3780000000000001	0.72	2.141	0.9730000000000001	1.0250000000000001	1.012	0.8420000000000001	0.752	0.756	1.484	0.61	0.716	1.09	0.935	0.8370000000000001	0.878	1.8270000000000002	1.611	1.444	1.3010000000000002	1.431	1.214	1.084	0.9129999999999999	0.622	0.596	0.74	0.882	2.373	0.753	0.418	0.588
Kribbella	0.44	0.22799999999999998	0.295	0.22100000000000003	0.197	0.252	0.416	0.20500000000000002	0.626	0.357	1.336	0.378	0.47800000000000004	1.052	2.012	0.316	1.6019999999999999	2.4819999999999998	1.432	1.94	1.2850000000000001	2.061	1.2959999999999998	1.6400000000000001	1.645	1.6969999999999998	0.571	1.6400000000000001	1.363	1.717	2.168	3.101	1.414	1.064	0.9769999999999999	1.167	1.184	1.012	1.361	0.83	0.38999999999999996	0.271	0.35100000000000003	0.303	0.6669999999999999	0.632	0.174	0.29
Mycobacterium	0.8049999999999999	0.541	0.651	0.5329999999999999	0.506	0.748	0.807	0.359	0.409	0.44200000000000006	0.637	0.771	0.814	0.919	0.906	0.42500000000000004	0.927	1.055	0.787	0.616	0.6689999999999999	0.745	0.6629999999999999	0.661	0.9900000000000001	1.008	0.9860000000000001	0.9900000000000001	1.303	0.694	0.8869999999999999	0.644	0.79	1.172	0.7799999999999999	0.717	0.8580000000000001	0.6479999999999999	0.823	0.7040000000000001	0.851	0.777	1.0670000000000002	0.787	0.808	0.895	0.43299999999999994	0.655
Burkholderia	0.538	0.514	0.611	0.503	0.5309999999999999	0.508	0.513	0.642	0.338	0.44600000000000006	2.524	0.635	0.639	0.5599999999999999	0.43	0.328	0.334	0.27499999999999997	0.49899999999999994	0.357	0.532	0.337	0.357	0.262	0.398	0.259	0.466	0.272	0.316	0.511	0.28600000000000003	1.52	0.41700000000000004	2.809	0.513	0.49300000000000005	0.44799999999999995	0.483	0.475	0.42100000000000004	3.2399999999999998	0.774	0.732	0.759	0.544	0.673	0.631	0.988
Stenotrophomonas	0.511	0.968	0.528	0.416	0.59	0.5930000000000001	0.697	0.618	0.29	0.22999999999999998	0.326	0.559	0.44	1.106	0.42	0.201	0.769	0.585	0.377	0.48	1.028	0.507	1.056	0.35400000000000004	2.174	0.788	0.519	0.815	0.715	0.49	0.34099999999999997	0.296	0.314	0.378	0.31	0.331	0.318	0.302	0.46499999999999997	0.263	0.407	0.637	0.586	0.551	0.715	3.137	0.243	0.507
Umezawaea	0.163	0.068	0.082	0.151	0.091	0.033	0.047	0.06899999999999999	0.079	0.013999999999999999	0.027999999999999997	0.165	0.418	0.034999999999999996	0.24	0.047	2.65	0.357	0.326	3.312	1.429	1.9040000000000001	1.016	1.968	0.6799999999999999	1.288	1.6099999999999999	0.845	1.28	0.9950000000000001	1.34	1.397	0.649	0.11900000000000001	0.585	0.38	0.748	1.022	0.192	0.674	0.025	0.037	0.027	0.034999999999999996	0.025	0.11800000000000001	0.013	0.13699999999999998
Piscinibacter	0.5780000000000001	0.567	0.992	0.6839999999999999	0.728	0.626	0.294	0.186	0.44799999999999995	0.447	1.043	0.865	0.76	0.618	0.8200000000000001	0.523	0.28400000000000003	0.066	0.32	0.668	0.314	0.51	0.516	0.311	0.18	0.211	0.59	0.13	0.248	0.358	0.317	0.19	0.803	0.264	0.9990000000000001	0.859	0.736	0.768	0.596	0.6459999999999999	0.43299999999999994	0.49500000000000005	0.36	0.523	0.318	0.305	0.316	0.407
Niastella	0.649	0.565	0.538	0.45599999999999996	0.588	0.42700000000000005	1.057	0.602	0.257	0.437	1.061	0.422	0.571	1.016	0.5599999999999999	0.49500000000000005	0.391	0.058	0.438	0.539	0.252	0.471	0.13999999999999999	0.7080000000000001	0.12	0.302	0.392	0.13	0.259	0.394	0.304	0.484	0.972	0.22300000000000003	0.701	1.027	0.587	1.098	0.672	0.619	0.168	0.20400000000000001	0.11299999999999999	0.10300000000000001	1.406	0.157	0.149	0.109
Pseudonocardia	0.27599999999999997	0.345	0.299	0.23700000000000002	0.199	0.28300000000000003	0.28800000000000003	0.154	0.23600000000000002	0.266	0.272	0.28900000000000003	0.335	0.38999999999999996	0.345	0.167	0.741	0.784	0.41700000000000004	0.528	0.967	0.597	0.5559999999999999	0.592	0.976	0.395	0.415	0.54	0.764	0.5740000000000001	0.5	0.649	0.732	1.028	0.5890000000000001	0.43	0.629	0.852	0.522	0.609	0.426	0.34299999999999997	0.49300000000000005	0.413	0.371	0.46499999999999997	0.219	0.33899999999999997
Devosia	0.571	0.5950000000000001	0.775	0.336	0.685	0.477	0.807	0.803	0.252	0.248	0.46699999999999997	0.507	0.434	0.325	0.49899999999999994	0.22300000000000003	0.565	0.441	0.432	0.5309999999999999	0.7849999999999999	0.45599999999999996	0.7230000000000001	0.521	1.2590000000000001	0.729	0.521	0.755	0.909	0.43299999999999994	0.44	0.481	0.271	0.243	0.3	0.359	0.27699999999999997	0.22999999999999998	0.33	0.20500000000000002	0.28400000000000003	0.369	0.231	0.333	0.28600000000000003	0.439	0.14400000000000002	0.338
Sorangium	0.63	0.5	0.6629999999999999	0.622	0.647	0.5720000000000001	0.62	0.293	0.336	0.308	0.479	0.5519999999999999	0.47400000000000003	0.47800000000000004	0.384	0.265	0.395	0.134	0.317	0.356	0.335	0.292	0.384	0.25	0.28800000000000003	0.22799999999999998	0.44	0.28800000000000003	0.334	0.359	0.27399999999999997	0.198	0.53	0.645	0.602	0.562	0.506	0.391	0.47600000000000003	0.392	0.918	0.898	0.753	0.844	0.453	0.48700000000000004	0.384	0.72
Roseateles	0.5910000000000001	0.8460000000000001	0.946	0.672	0.901	0.759	0.42100000000000004	0.27599999999999997	0.41900000000000004	0.5	1.061	0.698	0.609	0.5499999999999999	0.619	0.525	0.22300000000000003	0.07100000000000001	0.315	0.379	0.22200000000000003	0.35400000000000004	0.312	0.212	0.17099999999999999	0.20600000000000002	0.422	0.172	0.215	0.27799999999999997	0.28300000000000003	0.185	0.42700000000000005	0.268	0.486	0.5539999999999999	0.45799999999999996	0.40299999999999997	0.42500000000000004	0.905	0.481	0.5369999999999999	0.43099999999999994	0.51	0.414	0.347	0.346	0.46499999999999997
Caulobacter	0.608	0.668	0.505	0.35000000000000003	0.541	0.414	0.714	0.418	0.23600000000000002	0.201	0.488	0.333	0.625	0.382	0.509	0.28900000000000003	0.394	0.28800000000000003	0.484	0.613	0.494	0.758	0.5640000000000001	0.486	0.46699999999999997	0.33899999999999997	0.33899999999999997	0.521	0.469	0.453	0.45999999999999996	0.443	0.735	0.295	0.47000000000000003	0.492	0.526	0.437	0.496	0.27999999999999997	0.365	0.44400000000000006	0.32399999999999995	0.379	0.404	0.711	0.18	0.44600000000000006
Nocardia	0.365	0.331	0.377	0.319	0.304	0.361	0.449	0.198	0.22200000000000003	0.243	0.326	0.385	0.42100000000000004	0.428	0.42700000000000005	0.197	0.5499999999999999	0.436	0.41000000000000003	0.47200000000000003	0.437	0.49699999999999994	0.41700000000000004	0.45999999999999996	0.538	0.386	0.44	0.42500000000000004	0.523	0.47600000000000003	0.49100000000000005	0.46299999999999997	0.451	0.5700000000000001	0.43299999999999994	0.413	0.443	0.471	0.438	0.416	0.629	0.473	0.544	0.498	0.394	0.502	0.255	0.411
Mucilaginibacter	0.504	0.315	0.464	0.313	0.329	0.464	0.624	0.27399999999999997	0.168	0.337	0.42700000000000005	0.599	0.35500000000000004	0.5309999999999999	0.47200000000000003	0.248	0.305	0.544	0.72	0.358	0.432	0.483	0.188	0.345	0.309	0.319	0.434	0.48700000000000004	0.34199999999999997	0.386	0.49699999999999994	0.33	0.475	0.254	0.244	0.411	0.333	0.33999999999999997	0.434	0.29	0.372	0.5499999999999999	0.376	0.45599999999999996	0.262	0.14300000000000002	0.27299999999999996	0.41000000000000003
Polaromonas	0.822	0.835	0.907	0.462	0.827	0.709	0.23600000000000002	0.281	0.202	0.245	0.629	0.374	0.391	0.303	0.569	0.33999999999999997	0.35100000000000003	0.036000000000000004	0.22499999999999998	0.5309999999999999	0.327	0.33	0.35500000000000004	0.298	0.217	0.14100000000000001	0.40499999999999997	0.178	0.281	0.27299999999999996	0.27699999999999997	0.295	0.23900000000000002	0.056999999999999995	0.46299999999999997	0.744	0.318	0.197	0.365	0.7060000000000001	0.233	0.136	0.06999999999999999	0.10200000000000001	0.121	0.33	0.048	0.149
Acidovorax	0.5499999999999999	1.574	0.8380000000000001	0.378	0.874	0.814	0.402	0.587	0.20400000000000001	0.19499999999999998	0.404	0.35100000000000003	0.34199999999999997	0.26	0.376	0.36	0.196	0.11800000000000001	0.157	0.266	0.28300000000000003	0.246	0.319	0.168	0.219	0.147	0.299	0.218	0.308	0.192	0.161	0.11800000000000001	0.232	0.147	0.325	0.40299999999999997	0.23900000000000002	0.234	0.249	0.36	0.294	0.307	0.26	0.315	0.258	0.391	0.164	0.27399999999999997
Cellulomonas	0.33899999999999997	0.373	0.377	0.318	0.27399999999999997	0.604	0.376	0.258	0.14100000000000001	0.169	0.201	0.296	0.28700000000000003	0.291	0.27999999999999997	0.14300000000000002	0.38	0.315	0.20500000000000002	0.298	0.43099999999999994	0.32299999999999995	0.41700000000000004	0.29	0.502	0.28200000000000003	0.38	0.542	0.8880000000000001	0.251	0.4	0.192	0.27299999999999996	0.31	0.326	0.303	0.368	0.318	0.344	0.27299999999999996	0.464	0.321	0.369	0.347	0.445	0.45599999999999996	0.20500000000000002	0.315
Cupriavidus	0.414	0.38999999999999996	0.443	0.359	0.40800000000000003	0.38999999999999996	0.387	0.156	0.242	0.28600000000000003	0.391	0.45599999999999996	0.393	0.395	0.434	0.248	0.254	0.168	0.375	0.28800000000000003	0.266	0.245	0.272	0.187	0.20600000000000002	0.20600000000000002	0.396	0.198	0.232	0.22499999999999998	0.22100000000000003	0.174	0.313	0.332	0.37	0.395	0.334	0.294	0.32	0.306	0.5499999999999999	0.584	0.5519999999999999	0.5950000000000001	0.34299999999999997	0.44	0.263	0.469
Paraburkholderia	0.347	0.38	0.38899999999999996	0.312	0.35300000000000004	0.315	0.7040000000000001	0.216	0.209	0.27999999999999997	0.407	0.899	0.334	0.40099999999999997	0.268	0.211	0.201	0.22200000000000003	0.33999999999999997	0.234	0.196	0.20400000000000001	0.23800000000000002	0.159	0.305	0.17500000000000002	0.28200000000000003	0.193	0.20600000000000002	0.185	0.17500000000000002	0.14200000000000002	0.253	0.41900000000000004	0.295	0.32	0.281	0.253	0.294	0.319	0.441	0.63	0.44999999999999996	0.7000000000000001	0.43299999999999994	0.378	0.256	0.501
Kitasatospora	0.317	0.309	0.35300000000000004	0.28300000000000003	0.291	0.307	0.334	0.164	0.165	0.22899999999999998	0.22599999999999998	0.329	0.33999999999999997	0.34099999999999997	0.257	0.156	0.35000000000000003	0.269	0.3	0.35400000000000004	0.335	0.314	0.297	0.28600000000000003	0.326	0.22799999999999998	0.32399999999999995	0.281	0.316	0.293	0.27	0.27499999999999997	0.346	0.45999999999999996	0.357	0.325	0.35400000000000004	0.378	0.35400000000000004	0.32299999999999995	0.459	0.438	0.542	0.469	0.34299999999999997	0.392	0.241	0.384
Flavobacterium	0.5499999999999999	1.069	0.602	0.356	0.897	1.008	0.579	1.273	0.183	0.13	0.28200000000000003	0.194	0.186	0.126	0.469	0.345	0.161	0.215	0.164	0.148	0.443	0.167	0.414	0.23900000000000002	0.42100000000000004	0.32299999999999995	0.186	0.415	0.415	0.14200000000000002	0.152	0.132	0.12	0.06899999999999999	0.159	0.147	0.11199999999999999	0.107	0.106	0.11199999999999999	0.157	0.116	0.089	0.151	0.394	0.747	0.08499999999999999	0.15
Nonomuraea	0.45799999999999996	0.20600000000000002	0.217	0.189	0.185	0.19	0.579	0.126	0.127	0.125	0.261	0.201	0.243	0.259	0.373	0.11199999999999999	0.366	0.382	0.47000000000000003	0.407	0.266	0.32	0.249	0.43	0.36	0.462	0.297	0.207	0.265	0.363	0.327	0.523	0.799	0.385	0.377	0.293	0.447	0.547	0.46299999999999997	0.377	0.27	0.231	0.306	0.27599999999999997	0.245	0.251	0.14300000000000002	0.212
Kutzneria	0.43499999999999994	0.186	0.121	0.08499999999999999	0.06999999999999999	0.094	0.14300000000000002	0.061	0.125	0.462	0.346	0.153	0.336	0.826	0.19499999999999998	0.193	0.249	0.588	0.899	0.468	0.26	0.198	0.64	0.22100000000000003	0.475	0.24	0.232	0.209	0.17700000000000002	0.409	0.422	0.32399999999999995	0.271	1.6920000000000002	0.181	0.125	0.348	0.197	0.381	0.163	0.155	0.272	0.13899999999999998	0.2	0.147	0.093	0.11	0.126
Agrobacterium	0.28700000000000003	0.44600000000000006	0.853	0.22599999999999998	0.5	0.729	0.391	0.366	0.16	0.182	0.234	0.27299999999999996	0.338	0.22200000000000003	0.22699999999999998	0.191	0.24	0.182	0.193	0.22300000000000003	0.363	0.20400000000000001	0.349	0.136	0.992	0.267	0.233	0.272	0.39899999999999997	0.187	0.154	0.197	0.135	0.152	0.184	0.189	0.149	0.156	0.152	0.146	0.32299999999999995	0.331	0.261	0.35200000000000004	0.264	0.432	0.232	0.291
Massilia	0.404	0.505	0.502	0.296	0.494	0.473	0.382	0.233	0.192	0.20400000000000001	0.34299999999999997	0.272	0.314	0.27299999999999996	0.381	0.22899999999999998	0.214	0.502	0.203	0.231	0.234	0.272	0.295	0.256	0.601	0.214	0.243	0.41000000000000003	0.269	0.20600000000000002	0.16199999999999998	0.207	0.192	0.183	0.214	0.232	0.208	0.19	0.179	0.22899999999999998	0.28900000000000003	0.306	0.295	0.317	0.209	0.263	0.168	0.253
Rhodococcus	0.266	0.27	0.27599999999999997	0.22300000000000003	0.215	0.363	0.498	0.147	0.134	0.152	0.184	0.257	0.249	0.255	0.22699999999999998	0.125	0.294	0.299	0.22200000000000003	0.25	0.281	0.245	0.253	0.23500000000000001	0.386	0.23600000000000002	0.272	0.27599999999999997	0.366	0.22899999999999998	0.302	0.216	0.264	0.406	0.268	0.254	0.264	0.27999999999999997	0.265	0.27599999999999997	0.382	0.306	0.368	0.32	0.304	0.409	0.17600000000000002	0.317
Lysobacter	0.41200000000000003	0.418	0.32	0.27399999999999997	0.32	0.321	0.371	0.22399999999999998	0.149	0.208	0.219	0.34199999999999997	0.308	0.234	0.262	0.14200000000000002	0.411	0.187	0.24	0.337	0.409	0.314	0.268	0.234	0.453	0.194	0.251	0.33899999999999997	0.418	0.268	0.254	0.216	0.187	0.203	0.178	0.332	0.22	0.134	0.159	0.189	0.305	0.307	0.251	0.27699999999999997	0.198	0.213	0.136	0.22599999999999998
Tardiphaga	0.135	0.164	0.27899999999999997	0.11800000000000001	0.16199999999999998	0.192	0.15	0.089	0.22599999999999998	0.212	0.415	0.415	0.42700000000000005	0.317	0.348	0.13	0.28400000000000003	0.23700000000000002	0.42500000000000004	0.264	0.457	0.34299999999999997	0.496	0.234	0.264	0.724	0.386	0.209	0.258	0.253	0.269	0.281	0.219	0.252	0.151	0.213	0.23700000000000002	0.17600000000000002	0.201	0.191	0.3	0.34299999999999997	0.192	0.258	0.218	0.262	0.13799999999999998	0.27
Hydrogenophaga	0.34099999999999997	0.362	0.466	0.331	0.406	0.382	0.242	0.16199999999999998	0.193	0.211	0.378	0.346	0.322	0.27999999999999997	0.319	0.22100000000000003	0.178	0.066	0.166	0.262	0.197	0.208	0.23800000000000002	0.145	0.15	0.146	0.265	0.15	0.184	0.178	0.16	0.10200000000000001	0.28700000000000003	0.23800000000000002	0.348	0.413	0.27499999999999997	0.261	0.27299999999999996	0.357	0.327	0.36	0.311	0.368	0.215	0.261	0.184	0.31
Fusarium	0.259	0.613	0.32299999999999995	0.196	0.13899999999999998	0.20500000000000002	0.22599999999999998	0.35300000000000004	0.131	0.077	0.298	0.18	0.219	0.198	0.16199999999999998	0.093	0.765	0.633	0.161	0.181	0.326	0.179	0.469	0.154	0.52	0.473	0.19	0.28800000000000003	0.22599999999999998	0.16199999999999998	0.209	0.152	0.202	0.263	0.123	0.189	0.123	0.207	0.116	0.375	0.208	0.22200000000000003	0.402	0.187	0.482	0.217	0.181	0.179
Leifsonia	0.20500000000000002	0.233	0.231	0.13699999999999998	0.13	0.186	0.387	0.20600000000000002	0.11	0.16199999999999998	0.23600000000000002	0.44799999999999995	0.598	0.45799999999999996	0.364	0.094	0.318	0.588	0.28500000000000003	0.191	0.203	0.14400000000000002	0.251	0.13999999999999999	0.292	0.35200000000000004	0.27499999999999997	0.302	0.232	0.214	0.183	0.186	0.16	0.304	0.145	0.203	0.304	0.166	0.365	0.216	0.301	0.298	0.329	0.24	0.258	0.36	0.17600000000000002	0.214
Luteibacter	0.201	0.23900000000000002	0.22999999999999998	0.15	0.117	0.149	0.46299999999999997	0.167	0.116	0.242	0.6819999999999999	1.817	0.28200000000000003	0.326	0.40499999999999997	0.359	0.164	0.348	0.373	0.077	0.337	0.083	0.211	0.051000000000000004	0.129	0.629	0.311	0.127	0.073	0.07100000000000001	0.097	0.164	0.076	0.23900000000000002	0.053	0.077	0.264	0.095	0.29	0.091	0.248	0.211	0.094	0.27699999999999997	0.34299999999999997	0.20400000000000001	0.079	0.418
Rhodanobacter	0.17500000000000002	0.422	0.123	0.156	0.172	0.11800000000000001	0.897	0.449	0.067	0.187	0.097	0.193	0.16999999999999998	0.11499999999999999	0.12	0.06	0.23600000000000002	1.931	0.35300000000000004	0.104	0.23800000000000002	0.14300000000000002	0.245	0.121	1.149	0.301	0.516	0.9979999999999999	0.22499999999999998	0.134	0.11399999999999999	0.218	0.056999999999999995	0.08099999999999999	0.049	0.068	0.065	0.046	0.067	0.05	0.11100000000000002	0.147	0.107	0.124	0.07100000000000001	0.104	0.06	0.098
Baekduia	0.126	0.083	0.098	0.087	0.07200000000000001	0.106	0.132	0.044000000000000004	0.12	0.13	0.16199999999999998	0.383	0.331	0.844	0.24	0.11900000000000001	0.422	0.311	0.502	0.193	0.368	0.214	0.27899999999999997	0.22300000000000003	0.254	0.248	0.372	0.314	0.14200000000000002	0.392	0.20400000000000001	0.38899999999999996	0.243	0.496	0.191	0.23700000000000002	0.47200000000000003	0.22399999999999998	0.407	0.16199999999999998	0.22	0.181	0.163	0.108	0.148	0.22699999999999998	0.055	0.116
Arthrobacter	0.27	0.388	0.298	0.217	0.209	0.302	0.313	0.232	0.11199999999999999	0.134	0.149	0.23600000000000002	0.22100000000000003	0.233	0.212	0.10200000000000001	0.23600000000000002	0.27499999999999997	0.17700000000000002	0.198	0.20400000000000001	0.191	0.207	0.196	0.263	0.179	0.215	0.259	0.271	0.19	0.192	0.168	0.21	0.256	0.22200000000000003	0.21	0.233	0.243	0.233	0.213	0.331	0.272	0.311	0.29	0.292	0.521	0.155	0.28800000000000003
Methylobacterium	0.28900000000000003	0.22499999999999998	0.49500000000000005	0.198	0.268	0.361	0.259	0.179	0.13999999999999999	0.22599999999999998	0.211	0.25	0.254	0.26	0.174	0.128	0.202	0.14300000000000002	0.192	0.207	0.219	0.156	0.197	0.146	0.255	0.301	0.258	0.211	0.27999999999999997	0.14100000000000001	0.154	0.145	0.174	0.317	0.22100000000000003	0.20400000000000001	0.248	0.197	0.198	0.19	0.32399999999999995	0.326	0.359	0.347	0.251	0.311	0.182	0.272
Reyranella	0.257	0.28200000000000003	0.196	0.207	0.196	0.187	0.202	0.079	0.13999999999999999	0.08800000000000001	0.158	0.166	0.17700000000000002	0.167	0.126	0.084	0.159	0.104	0.213	0.149	0.2	0.129	0.172	0.126	0.14400000000000002	0.219	0.32299999999999995	0.17500000000000002	0.23900000000000002	0.134	0.173	0.084	0.132	0.28400000000000003	0.19499999999999998	0.186	0.161	0.189	0.17099999999999999	0.124	0.641	0.484	0.519	0.43	0.47400000000000003	0.804	0.157	0.42300000000000004
Sphingobium	0.243	0.255	0.308	0.186	0.241	0.22999999999999998	0.3	0.134	0.16199999999999998	0.158	0.242	0.318	0.327	0.27299999999999996	0.212	0.146	0.249	0.15	0.22799999999999998	0.215	0.23600000000000002	0.19499999999999998	0.251	0.156	0.272	0.22699999999999998	0.244	0.214	0.207	0.187	0.198	0.149	0.185	0.213	0.17500000000000002	0.20500000000000002	0.188	0.158	0.182	0.136	0.27799999999999997	0.33	0.29	0.32399999999999995	0.244	0.303	0.13799999999999998	0.265
Dyella	0.214	0.243	0.184	0.219	0.20600000000000002	0.16	0.49899999999999994	0.169	0.116	0.20400000000000001	0.17700000000000002	0.376	0.335	0.20600000000000002	0.153	0.10300000000000001	0.272	0.6819999999999999	0.464	0.122	0.372	0.132	0.28600000000000003	0.105	0.29	0.59	0.5660000000000001	0.254	0.12	0.127	0.12	0.209	0.108	0.154	0.089	0.11199999999999999	0.11499999999999999	0.084	0.124	0.08099999999999999	0.192	0.269	0.217	0.23600000000000002	0.124	0.165	0.11299999999999999	0.22100000000000003
Curtobacterium	0.193	0.197	0.395	0.168	0.233	0.209	0.311	0.13899999999999998	0.10300000000000001	0.178	0.185	0.298	0.245	0.241	0.2	0.1	0.293	0.242	0.203	0.212	0.234	0.173	0.211	0.169	0.263	0.194	0.25	0.257	0.27399999999999997	0.167	0.16999999999999998	0.154	0.184	0.23600000000000002	0.193	0.178	0.234	0.214	0.22499999999999998	0.193	0.27499999999999997	0.28800000000000003	0.395	0.27	0.23800000000000002	0.301	0.153	0.20500000000000002
Actinomadura	0.257	0.21	0.183	0.17600000000000002	0.154	0.183	0.22599999999999998	0.11900000000000001	0.116	0.116	0.189	0.16	0.253	0.254	0.203	0.105	0.20500000000000002	0.174	0.20500000000000002	0.18	0.194	0.186	0.154	0.184	0.254	0.191	0.172	0.264	0.173	0.201	0.16	0.21	0.384	0.502	0.25	0.358	0.28900000000000003	0.33899999999999997	0.331	0.35100000000000003	0.254	0.199	0.264	0.241	0.198	0.209	0.132	0.188
Isoptericola	0.23800000000000002	0.17600000000000002	0.22699999999999998	0.2	0.191	0.16999999999999998	0.27	0.06899999999999999	0.099	0.107	0.083	0.272	0.25	0.22	0.148	0.073	0.231	0.11199999999999999	0.161	0.27299999999999996	0.209	0.193	0.218	0.169	0.203	0.134	0.198	0.216	0.22399999999999998	0.164	0.19499999999999998	0.099	0.267	0.256	0.327	0.23900000000000002	0.27899999999999997	0.3	0.263	0.20600000000000002	0.313	0.373	0.479	0.387	0.243	0.28600000000000003	0.17099999999999999	0.309
Bosea	0.245	0.262	0.316	0.161	0.189	0.434	0.24	0.2	0.104	0.121	0.18	0.213	0.22799999999999998	0.183	0.212	0.11499999999999999	0.251	0.22599999999999998	0.145	0.245	0.29	0.215	0.267	0.17500000000000002	0.43099999999999994	0.347	0.22399999999999998	0.34199999999999997	0.35100000000000003	0.191	0.213	0.17099999999999999	0.11100000000000002	0.145	0.149	0.157	0.125	0.11100000000000002	0.11800000000000001	0.165	0.215	0.219	0.218	0.22300000000000003	0.27999999999999997	0.42700000000000005	0.124	0.20400000000000001
Brevundimonas	0.21	0.258	0.348	0.155	0.35000000000000003	0.247	0.249	0.18	0.131	0.151	0.21	0.26	0.233	0.20600000000000002	0.194	0.14400000000000002	0.186	0.147	0.169	0.196	0.21	0.16999999999999998	0.263	0.158	0.35300000000000004	0.27499999999999997	0.217	0.20400000000000001	0.264	0.158	0.13699999999999998	0.13999999999999999	0.16	0.181	0.167	0.166	0.152	0.133	0.15	0.11199999999999999	0.256	0.33	0.268	0.292	0.25	0.28600000000000003	0.13	0.233
Achromobacter	0.215	0.22399999999999998	0.249	0.19	0.214	0.193	0.20400000000000001	0.101	0.14300000000000002	0.134	0.20500000000000002	0.22599999999999998	0.212	0.216	0.199	0.155	0.14400000000000002	0.23600000000000002	0.169	0.157	0.17099999999999999	0.135	0.218	0.11499999999999999	0.874	0.136	0.182	0.136	0.128	0.125	0.13	0.10200000000000001	0.165	0.183	0.194	0.212	0.168	0.158	0.161	0.151	0.28200000000000003	0.43099999999999994	0.27699999999999997	0.311	0.214	0.234	0.165	0.257
Pseudoxanthomonas	0.264	0.23700000000000002	0.19	0.173	0.192	0.179	0.259	0.11800000000000001	0.09	0.091	0.133	0.25	0.193	0.146	0.199	0.078	0.42	0.193	0.155	0.32	0.469	0.265	0.346	0.16999999999999998	0.464	0.198	0.22799999999999998	0.37	0.334	0.34299999999999997	0.20500000000000002	0.122	0.122	0.126	0.152	0.149	0.127	0.094	0.105	0.086	0.16199999999999998	0.186	0.163	0.192	0.134	0.169	0.079	0.158
Agromyces	0.187	0.163	0.185	0.13799999999999998	0.149	0.184	0.281	0.11399999999999999	0.104	0.147	0.135	0.29	0.23800000000000002	0.219	0.24	0.094	0.249	0.234	0.182	0.183	0.22599999999999998	0.166	0.22100000000000003	0.14300000000000002	0.27599999999999997	0.16199999999999998	0.219	0.27899999999999997	0.3	0.161	0.246	0.134	0.146	0.2	0.163	0.158	0.189	0.16199999999999998	0.198	0.153	0.259	0.27299999999999996	0.208	0.24	0.242	0.363	0.13899999999999998	0.187
Comamonas	0.244	0.373	0.337	0.24	0.28800000000000003	0.27699999999999997	0.216	0.124	0.123	0.151	0.23600000000000002	0.244	0.213	0.22	0.20600000000000002	0.269	0.11800000000000001	0.051000000000000004	0.13799999999999998	0.19499999999999998	0.13899999999999998	0.14400000000000002	0.166	0.105	0.129	0.093	0.186	0.10300000000000001	0.128	0.11399999999999999	0.10300000000000001	0.07100000000000001	0.172	0.14200000000000002	0.246	0.304	0.182	0.174	0.172	0.256	0.308	0.271	0.243	0.315	0.209	0.308	0.135	0.247
Novosphingobium	0.213	0.22200000000000003	0.247	0.17099999999999999	0.244	0.22799999999999998	0.243	0.14100000000000001	0.135	0.152	0.217	0.22599999999999998	0.23500000000000001	0.197	0.192	0.151	0.182	0.157	0.22	0.163	0.22699999999999998	0.16	0.212	0.147	0.42100000000000004	0.154	0.181	0.155	0.149	0.15	0.17500000000000002	0.12	0.13	0.159	0.136	0.169	0.145	0.126	0.14100000000000001	0.11399999999999999	0.219	0.27499999999999997	0.257	0.34099999999999997	0.219	0.255	0.126	0.268
Rhodoferax	0.231	0.311	0.379	0.22599999999999998	0.322	0.292	0.16999999999999998	0.109	0.11800000000000001	0.129	0.247	0.234	0.21	0.17099999999999999	0.22799999999999998	0.14200000000000002	0.12	0.041	0.10300000000000001	0.193	0.136	0.132	0.157	0.099	0.091	0.086	0.181	0.097	0.129	0.109	0.10200000000000001	0.066	0.189	0.093	0.24	0.375	0.193	0.166	0.186	0.484	0.216	0.22499999999999998	0.186	0.268	0.134	0.164	0.116	0.22799999999999998
Rhodopseudomonas	0.156	0.181	0.208	0.14100000000000001	0.173	0.17700000000000002	0.209	0.089	0.124	0.152	0.209	0.202	0.2	0.264	0.11299999999999999	0.129	0.184	0.15	0.17099999999999999	0.13999999999999999	0.214	0.127	0.174	0.10300000000000001	0.184	0.232	0.21	0.161	0.17600000000000002	0.131	0.125	0.116	0.11100000000000002	0.2	0.128	0.13699999999999998	0.13799999999999998	0.105	0.151	0.093	0.295	0.4	0.331	0.325	0.211	0.271	0.16999999999999998	0.272
Sphingopyxis	0.234	0.265	0.28800000000000003	0.15	0.19499999999999998	0.332	0.316	0.178	0.095	0.092	0.146	0.17500000000000002	0.188	0.16199999999999998	0.13999999999999999	0.094	0.203	0.14100000000000001	0.149	0.165	0.217	0.157	0.219	0.131	0.302	0.248	0.156	0.26	0.191	0.183	0.172	0.121	0.11499999999999999	0.13799999999999998	0.126	0.165	0.126	0.10200000000000001	0.11199999999999999	0.091	0.169	0.189	0.166	0.186	0.164	0.332	0.08800000000000001	0.152
Saccharothrix	0.08	0.061	0.07100000000000001	0.074	0.059000000000000004	0.064	0.061	0.04	0.05	0.041	0.053	0.091	0.136	0.079	0.123	0.04	0.5599999999999999	0.136	0.124	0.651	0.328	0.475	0.25	0.439	0.21	0.27799999999999997	0.35100000000000003	0.202	0.313	0.296	0.307	0.363	0.187	0.132	0.17099999999999999	0.13	0.198	0.257	0.106	0.20400000000000001	0.08499999999999999	0.079	0.098	0.084	0.067	0.089	0.042	0.082
Herbaspirillum	0.19	0.311	0.32299999999999995	0.192	0.243	0.3	0.22499999999999998	0.174	0.125	0.161	0.20400000000000001	0.20600000000000002	0.27899999999999997	0.272	0.22999999999999998	0.22499999999999998	0.087	0.131	0.174	0.107	0.097	0.123	0.092	0.096	0.097	0.105	0.106	0.083	0.126	0.116	0.101	0.096	0.20600000000000002	0.20400000000000001	0.14100000000000001	0.149	0.11100000000000002	0.11399999999999999	0.123	0.193	0.242	0.259	0.266	0.22799999999999998	0.309	0.185	0.121	0.155
Aeromicrobium	0.147	0.104	0.173	0.11199999999999999	0.101	0.163	0.13699999999999998	0.07100000000000001	0.065	0.086	0.067	0.134	0.373	0.13	0.281	0.045	0.248	0.434	0.155	0.244	0.362	0.258	0.193	0.188	0.296	0.28700000000000003	0.23700000000000002	0.388	0.32	0.20500000000000002	0.168	0.152	0.15	0.11900000000000001	0.128	0.203	0.17600000000000002	0.122	0.179	0.126	0.148	0.10200000000000001	0.11499999999999999	0.11299999999999999	0.091	0.157	0.06999999999999999	0.078
Phenylobacterium	0.246	0.19499999999999998	0.188	0.148	0.218	0.184	0.231	0.127	0.127	0.117	0.22999999999999998	0.202	0.191	0.20400000000000001	0.166	0.13899999999999998	0.134	0.077	0.169	0.124	0.1	0.148	0.11800000000000001	0.133	0.123	0.123	0.157	0.108	0.126	0.127	0.133	0.146	0.257	0.151	0.217	0.2	0.178	0.166	0.13	0.125	0.245	0.35100000000000003	0.267	0.255	0.186	0.194	0.128	0.216
Streptosporangium	0.14300000000000002	0.129	0.13699999999999998	0.32	0.094	0.108	0.128	0.146	0.068	0.06899999999999999	0.097	0.11	0.132	0.13999999999999999	0.128	0.055	0.132	0.105	0.121	0.187	0.121	0.15	0.125	0.13799999999999998	0.124	0.409	0.131	0.128	0.22899999999999998	0.131	0.104	0.147	0.22	0.201	0.216	0.179	0.203	0.2	0.185	0.625	0.155	0.133	0.172	0.164	0.153	0.532	0.08	0.11900000000000001
Corynebacterium	0.173	0.16199999999999998	0.186	0.16199999999999998	0.153	0.172	0.16999999999999998	0.09	0.093	0.108	0.13	0.179	0.164	0.165	0.133	0.083	0.163	0.122	0.13799999999999998	0.152	0.147	0.133	0.13999999999999999	0.129	0.159	0.126	0.154	0.147	0.168	0.13799999999999998	0.124	0.107	0.169	0.22699999999999998	0.18	0.165	0.169	0.165	0.165	0.16	0.28300000000000003	0.26	0.313	0.27399999999999997	0.181	0.315	0.131	0.22499999999999998
Chitinophaga	0.196	0.249	0.28500000000000003	0.189	0.22599999999999998	0.22799999999999998	0.254	0.159	0.11	0.13999999999999999	0.477	0.19499999999999998	0.16999999999999998	0.231	0.318	0.192	0.11299999999999999	0.038	0.117	0.156	0.182	0.11199999999999999	0.16999999999999998	0.151	0.079	0.128	0.121	0.108	0.129	0.14300000000000002	0.134	0.109	0.197	0.084	0.146	0.201	0.123	0.15	0.13899999999999998	0.125	0.174	0.185	0.128	0.16999999999999998	0.157	0.163	0.076	0.121
Methylibium	0.20600000000000002	0.22	0.33	0.23500000000000001	0.248	0.22899999999999998	0.126	0.099	0.15	0.17700000000000002	0.348	0.249	0.22899999999999998	0.20600000000000002	0.232	0.184	0.087	0.026	0.11399999999999999	0.168	0.087	0.14200000000000002	0.11399999999999999	0.087	0.056999999999999995	0.07200000000000001	0.16999999999999998	0.051000000000000004	0.07200000000000001	0.11499999999999999	0.1	0.066	0.201	0.101	0.22499999999999998	0.256	0.192	0.18	0.17500000000000002	0.183	0.197	0.212	0.17700000000000002	0.22699999999999998	0.129	0.125	0.145	0.178
Bacillus	0.133	0.178	0.232	0.157	0.157	0.233	0.166	0.19	0.092	0.096	0.107	0.17600000000000002	0.203	0.20400000000000001	0.122	0.131	0.16	0.084	0.117	0.08099999999999999	0.101	0.14300000000000002	0.067	0.11499999999999999	0.079	0.046	0.13	0.16199999999999998	0.187	0.125	0.098	0.05	0.216	0.17600000000000002	0.128	0.306	0.11199999999999999	0.133	0.129	0.234	0.263	0.258	0.41700000000000004	0.22399999999999998	0.312	0.319	0.13799999999999998	0.201
Rubrivivax	0.2	0.208	0.308	0.22399999999999998	0.254	0.22899999999999998	0.156	0.093	0.147	0.184	0.321	0.248	0.22100000000000003	0.22	0.22699999999999998	0.17500000000000002	0.082	0.025	0.109	0.13699999999999998	0.079	0.13999999999999999	0.1	0.078	0.063	0.07200000000000001	0.156	0.06	0.08099999999999999	0.109	0.091	0.061	0.166	0.11100000000000002	0.199	0.23700000000000002	0.184	0.151	0.154	0.163	0.201	0.22499999999999998	0.182	0.234	0.124	0.123	0.149	0.188
Pseudoduganella	0.262	0.245	0.319	0.22300000000000003	0.348	0.359	0.155	0.099	0.107	0.117	0.21	0.165	0.182	0.16199999999999998	0.20400000000000001	0.124	0.101	0.101	0.134	0.128	0.13699999999999998	0.161	0.154	0.10200000000000001	0.147	0.117	0.14400000000000002	0.128	0.14100000000000001	0.104	0.09	0.123	0.121	0.106	0.134	0.148	0.11800000000000001	0.11299999999999999	0.108	0.14200000000000002	0.17500000000000002	0.184	0.169	0.19	0.173	0.135	0.1	0.154
Bordetella	0.16199999999999998	0.17500000000000002	0.17099999999999999	0.152	0.153	0.14100000000000001	0.178	0.055	0.086	0.094	0.148	0.192	0.168	0.156	0.296	0.077	0.101	0.083	0.271	0.11800000000000001	0.11	0.099	0.11	0.08	0.078	0.091	0.145	0.086	0.27599999999999997	0.093	0.076	0.218	0.122	0.153	0.165	0.15	0.121	0.122	0.128	0.11399999999999999	0.305	0.618	0.234	0.248	0.12	0.165	0.092	0.18
Actinoallomurus	0.079	0.06	0.054	0.055999999999999994	0.052	0.08800000000000001	0.07200000000000001	0.039	0.148	0.051000000000000004	0.146	0.11499999999999999	0.344	0.21	0.131	0.073	0.11499999999999999	0.28900000000000003	0.382	0.129	0.156	0.133	0.08	0.17500000000000002	0.194	0.097	0.173	0.10300000000000001	0.077	0.092	0.104	0.22599999999999998	0.358	0.931	0.1	0.281	0.207	0.255	0.348	0.14100000000000001	0.06899999999999999	0.058	0.079	0.06999999999999999	0.052	0.055999999999999994	0.034999999999999996	0.054
Delftia	0.146	0.35400000000000004	0.20600000000000002	0.14100000000000001	0.173	0.20400000000000001	0.13699999999999998	0.12	0.078	0.092	0.13699999999999998	0.157	0.125	0.124	0.11900000000000001	0.086	0.083	0.031	0.076	0.096	0.076	0.08499999999999999	0.095	0.056999999999999995	0.51	0.055999999999999994	0.12	0.08099999999999999	0.077	0.08	0.076	0.039	0.107	0.091	0.198	0.172	0.121	0.107	0.11199999999999999	0.116	0.165	0.178	0.156	0.187	0.16999999999999998	0.993	0.075	0.163
Klebsiella	0.167	0.158	0.11800000000000001	0.126	0.16999999999999998	0.11	0.179	0.074	0.07100000000000001	0.10200000000000001	0.107	0.179	0.135	0.161	0.583	0.054	0.096	0.05	0.10200000000000001	0.124	0.083	0.108	0.095	0.08	0.068	0.064	0.11100000000000002	0.087	0.082	0.27799999999999997	0.086	0.051000000000000004	0.13899999999999998	0.187	0.154	0.134	0.131	0.14200000000000002	0.126	0.096	0.245	0.267	0.373	0.269	0.188	0.16199999999999998	0.27399999999999997	0.183
Gordonia	0.148	0.13	0.152	0.129	0.122	0.147	0.148	0.075	0.08499999999999999	0.098	0.11199999999999999	0.151	0.163	0.158	0.122	0.07200000000000001	0.164	0.13899999999999998	0.135	0.14100000000000001	0.151	0.136	0.14300000000000002	0.126	0.16199999999999998	0.125	0.154	0.156	0.185	0.13699999999999998	0.13	0.116	0.147	0.198	0.16199999999999998	0.154	0.157	0.157	0.157	0.146	0.22699999999999998	0.187	0.233	0.21	0.17700000000000002	0.22300000000000003	0.108	0.172
Escherichia	0.117	0.128	0.125	0.096	0.122	0.13999999999999999	0.13699999999999998	0.058	0.096	0.1	0.08099999999999999	0.10300000000000001	0.06999999999999999	0.11	0.04	0.037	0.20500000000000002	0.037	0.066	0.06	0.048	0.048	0.054	0.048	0.034999999999999996	0.048	0.07200000000000001	0.054	0.036000000000000004	0.05	0.059000000000000004	0.044000000000000004	0.08499999999999999	0.11399999999999999	0.08	0.087	0.068	0.065	0.094	0.075	0.36	1.0170000000000001	0.415	0.547	0.306	0.416	0.147	0.249
Afipia	0.14200000000000002	0.131	0.11399999999999999	0.078	0.12	0.089	0.212	0.065	0.068	0.244	0.14400000000000002	0.5780000000000001	0.20400000000000001	0.154	0.051000000000000004	0.097	0.06899999999999999	0.132	0.17500000000000002	0.065	0.063	0.064	0.077	0.067	0.07100000000000001	0.062	0.14200000000000002	0.056999999999999995	0.053	0.063	0.082	0.083	0.045	0.203	0.063	0.068	0.056999999999999995	0.054	0.091	0.048	0.163	0.317	0.381	0.331	0.167	0.172	0.174	0.319
Neorhizobium	0.089	0.091	0.184	0.093	0.11100000000000002	0.116	0.104	0.11800000000000001	0.066	0.065	0.193	0.108	0.22699999999999998	0.159	0.183	0.056999999999999995	0.133	0.123	0.12	0.27899999999999997	0.179	0.18	0.17600000000000002	0.156	0.7080000000000001	0.19	0.10200000000000001	0.13999999999999999	0.165	0.124	0.086	0.153	0.117	0.076	0.06999999999999999	0.08	0.077	0.07200000000000001	0.06899999999999999	0.059000000000000004	0.087	0.08499999999999999	0.06999999999999999	0.11199999999999999	0.079	0.097	0.067	0.094
Rugositalea	0.101	0.129	0.065	0.073	0.11399999999999999	0.07100000000000001	0.07200000000000001	0.027999999999999997	0.11100000000000002	0.32399999999999995	0.151	0.199	0.215	0.295	0.08499999999999999	0.07100000000000001	0.084	0.106	0.404	0.068	0.073	0.041	0.059000000000000004	0.084	0.047	0.058	0.247	0.042	0.034999999999999996	0.053	0.042	0.084	0.095	0.309	0.125	0.11100000000000002	0.099	0.173	0.151	0.066	0.166	0.199	0.22200000000000003	0.256	0.15	0.17600000000000002	0.092	0.216
Pedobacter	0.202	0.23700000000000002	0.38	0.14200000000000002	0.19499999999999998	0.393	0.199	0.154	0.047	0.058	0.122	0.10200000000000001	0.093	0.074	0.129	0.08499999999999999	0.099	0.109	0.073	0.105	0.18	0.109	0.10200000000000001	0.106	0.247	0.28700000000000003	0.08800000000000001	0.15	0.154	0.101	0.077	0.084	0.089	0.039	0.08	0.101	0.06899999999999999	0.078	0.06899999999999999	0.064	0.089	0.09	0.059000000000000004	0.092	0.104	0.166	0.054	0.07100000000000001
Duganella	0.179	0.216	0.494	0.147	0.272	0.364	0.092	0.094	0.073	0.075	0.182	0.106	0.169	0.125	0.213	0.11499999999999999	0.059000000000000004	0.109	0.13899999999999998	0.075	0.097	0.191	0.11399999999999999	0.084	0.22200000000000003	0.127	0.095	0.163	0.146	0.064	0.077	0.075	0.055	0.04	0.061	0.055	0.08	0.07100000000000001	0.055999999999999994	0.08099999999999999	0.077	0.07100000000000001	0.08099999999999999	0.08499999999999999	0.182	0.086	0.063	0.092
Caldimonas	0.157	0.153	0.245	0.17600000000000002	0.188	0.17099999999999999	0.107	0.059000000000000004	0.11399999999999999	0.134	0.253	0.19	0.179	0.168	0.17500000000000002	0.136	0.066	0.02	0.09	0.12	0.062	0.106	0.086	0.061	0.044000000000000004	0.055	0.131	0.044000000000000004	0.055	0.08499999999999999	0.07200000000000001	0.046	0.13699999999999998	0.08099999999999999	0.154	0.18	0.13699999999999998	0.126	0.125	0.136	0.146	0.166	0.14100000000000001	0.161	0.091	0.08800000000000001	0.1	0.126
Sinorhizobium	0.117	0.124	0.131	0.11	0.109	0.12	0.125	0.095	0.091	0.09	0.107	0.11499999999999999	0.11199999999999999	0.11299999999999999	0.093	0.065	0.099	0.078	0.109	0.1	0.12	0.086	0.121	0.076	0.20400000000000001	0.094	0.11299999999999999	0.11499999999999999	0.134	0.08800000000000001	0.08800000000000001	0.078	0.087	0.104	0.10300000000000001	0.123	0.201	0.14100000000000001	0.091	0.16199999999999998	0.17500000000000002	0.163	0.168	0.186	0.14200000000000002	0.19499999999999998	0.17600000000000002	0.2
Paracoccus	0.13699999999999998	0.13699999999999998	0.13799999999999998	0.11499999999999999	0.127	0.124	0.136	0.068	0.076	0.086	0.123	0.151	0.134	0.125	0.1	0.068	0.106	0.075	0.117	0.105	0.108	0.092	0.108	0.08499999999999999	0.11199999999999999	0.079	0.126	0.10200000000000001	0.11499999999999999	0.099	0.086	0.07200000000000001	0.1	0.13799999999999998	0.127	0.132	0.109	0.101	0.11199999999999999	0.096	0.209	0.214	0.19499999999999998	0.22100000000000003	0.131	0.174	0.089	0.168
Azospirillum	0.127	0.129	0.125	0.116	0.12	0.12	0.13	0.06899999999999999	0.082	0.086	0.123	0.134	0.131	0.135	0.098	0.074	0.1	0.068	0.11399999999999999	0.1	0.093	0.09	0.098	0.078	0.096	0.076	0.117	0.087	0.097	0.09	0.08499999999999999	0.078	0.11	0.159	0.124	0.136	0.11199999999999999	0.108	0.11199999999999999	0.098	0.20600000000000002	0.22499999999999998	0.22300000000000003	0.233	0.132	0.178	0.1	0.178
Conexibacter	0.105	0.075	0.078	0.074	0.061	0.09	0.133	0.034	0.056999999999999995	0.066	0.059000000000000004	0.09	0.13799999999999998	0.131	0.075	0.042	0.122	0.169	0.122	0.1	0.11399999999999999	0.123	0.13	0.11100000000000002	0.14300000000000002	0.08099999999999999	0.13999999999999999	0.178	0.247	0.091	0.124	0.079	0.08800000000000001	0.265	0.167	0.125	0.135	0.109	0.11800000000000001	0.10300000000000001	0.183	0.109	0.168	0.107	0.125	0.209	0.055	0.117
Saccharopolyspora	0.08800000000000001	0.084	0.092	0.082	0.07200000000000001	0.084	0.084	0.049	0.055999999999999994	0.059000000000000004	0.06899999999999999	0.092	0.106	0.10300000000000001	0.098	0.044000000000000004	0.179	0.11	0.10200000000000001	0.17700000000000002	0.147	0.165	0.11900000000000001	0.159	0.14200000000000002	0.11199999999999999	0.136	0.117	0.14300000000000002	0.136	0.125	0.148	0.121	0.167	0.121	0.109	0.126	0.14100000000000001	0.11	0.133	0.133	0.11499999999999999	0.14300000000000002	0.129	0.1	0.126	0.066	0.109
Acinetobacter	0.11399999999999999	0.159	0.251	0.14100000000000001	0.17500000000000002	0.214	0.203	0.261	0.042	0.047	0.062	0.083	0.082	0.074	0.094	0.049	0.039	0.049	0.047	0.041	0.034	0.047	0.037	0.043	0.044000000000000004	0.029	0.048	0.054	0.068	0.036000000000000004	0.06	0.034	0.22499999999999998	0.338	0.192	0.24	0.086	0.096	0.213	0.246	0.1	0.098	0.174	0.096	0.178	0.047	0.06	0.08099999999999999
Protaetiibacter	0.104	0.08099999999999999	0.094	0.065	0.07200000000000001	0.086	0.218	0.06999999999999999	0.05	0.106	0.067	0.199	0.145	0.14300000000000002	0.124	0.051000000000000004	0.14200000000000002	0.147	0.11499999999999999	0.089	0.13899999999999998	0.083	0.129	0.06899999999999999	0.164	0.077	0.13999999999999999	0.178	0.148	0.084	0.098	0.073	0.068	0.087	0.065	0.07200000000000001	0.094	0.074	0.117	0.06899999999999999	0.122	0.165	0.094	0.121	0.131	0.151	0.075	0.083
Diaphorobacter	0.155	0.164	0.201	0.128	0.167	0.129	0.104	0.052	0.075	0.089	0.14400000000000002	0.152	0.146	0.121	0.11299999999999999	0.087	0.074	0.029	0.067	0.10200000000000001	0.08	0.089	0.089	0.06	0.054	0.054	0.10200000000000001	0.067	0.073	0.067	0.056999999999999995	0.038	0.11100000000000002	0.073	0.14200000000000002	0.166	0.104	0.108	0.11	0.13	0.145	0.164	0.14400000000000002	0.16999999999999998	0.08499999999999999	0.121	0.073	0.14300000000000002
Luteimonas	0.15	0.157	0.116	0.11499999999999999	0.13	0.123	0.153	0.089	0.074	0.074	0.093	0.149	0.13	0.095	0.10200000000000001	0.063	0.161	0.08800000000000001	0.101	0.1	0.145	0.094	0.13	0.073	0.196	0.1	0.105	0.14400000000000002	0.194	0.11	0.083	0.061	0.066	0.08499999999999999	0.07200000000000001	0.08099999999999999	0.07200000000000001	0.058	0.067	0.055	0.11499999999999999	0.131	0.11399999999999999	0.116	0.083	0.097	0.058	0.1
Ralstonia	0.134	0.13799999999999998	0.148	0.126	0.14100000000000001	0.128	0.117	0.051000000000000004	0.08499999999999999	0.092	0.133	0.14400000000000002	0.132	0.129	0.11	0.083	0.079	0.044000000000000004	0.091	0.09	0.07100000000000001	0.084	0.078	0.055999999999999994	0.062	0.059000000000000004	0.106	0.056999999999999995	0.068	0.068	0.066	0.048	0.101	0.10200000000000001	0.11499999999999999	0.146	0.096	0.096	0.101	0.093	0.16199999999999998	0.181	0.17600000000000002	0.184	0.104	0.123	0.087	0.146
Ramlibacter	0.151	0.152	0.185	0.13	0.161	0.161	0.122	0.06999999999999999	0.074	0.08	0.157	0.129	0.116	0.10200000000000001	0.116	0.086	0.067	0.024	0.06	0.099	0.091	0.084	0.091	0.06	0.058	0.044000000000000004	0.11299999999999999	0.063	0.078	0.074	0.066	0.047	0.097	0.064	0.157	0.156	0.11900000000000001	0.109	0.095	0.17700000000000002	0.14200000000000002	0.129	0.098	0.129	0.084	0.11399999999999999	0.063	0.10200000000000001
Salmonella	0.255	0.122	0.14300000000000002	0.105	0.07100000000000001	0.11199999999999999	0.124	0.188	0.06999999999999999	0.047	0.052	0.116	0.13699999999999998	0.14400000000000002	0.059000000000000004	0.034999999999999996	0.073	0.031	0.079	0.101	0.066	0.05	0.077	0.043	0.065	0.05	0.066	0.061	0.06	0.11900000000000001	0.052	0.026	0.20500000000000002	0.122	0.11399999999999999	0.149	0.068	0.075	0.08099999999999999	0.076	0.157	0.169	0.16199999999999998	0.219	0.123	0.11399999999999999	0.068	0.23900000000000002
Sphaerotilus	0.13	0.126	0.192	0.149	0.165	0.145	0.097	0.058	0.091	0.11199999999999999	0.193	0.163	0.13899999999999998	0.136	0.146	0.105	0.052	0.017	0.074	0.089	0.052	0.084	0.063	0.046	0.037	0.043	0.101	0.038	0.046	0.064	0.054	0.036000000000000004	0.106	0.068	0.11199999999999999	0.161	0.10300000000000001	0.094	0.105	0.108	0.124	0.146	0.128	0.14300000000000002	0.077	0.07200000000000001	0.08800000000000001	0.117
Enterobacter	0.10300000000000001	0.10200000000000001	0.101	0.09	0.095	0.093	0.11199999999999999	0.044000000000000004	0.067	0.059000000000000004	0.06	0.13999999999999999	0.096	0.14200000000000002	0.062	0.051000000000000004	0.065	0.036000000000000004	0.06999999999999999	0.07100000000000001	0.055	0.068	0.13899999999999998	0.055	0.10300000000000001	0.075	0.065	0.056999999999999995	0.058	0.053	0.05	0.033	0.075	0.092	0.096	0.22100000000000003	0.087	0.063	0.08099999999999999	0.066	0.128	0.13999999999999999	0.16999999999999998	0.541	0.08099999999999999	0.128	0.054	0.13899999999999998
Labrys	0.097	0.066	0.1	0.05	0.038	0.039	0.1	0.03	0.049	0.161	0.107	0.199	0.291	0.13899999999999998	0.059000000000000004	0.05	0.06999999999999999	0.034	0.644	0.065	0.06999999999999999	0.034	0.108	0.047	0.03	0.078	0.14100000000000001	0.019	0.027999999999999997	0.046	0.051000000000000004	0.034	0.063	0.124	0.044000000000000004	0.07200000000000001	0.076	0.06899999999999999	0.087	0.045	0.13999999999999999	0.207	0.123	0.145	0.08800000000000001	0.093	0.049	0.117
Nakamurella	0.079	0.062	0.074	0.059000000000000004	0.046	0.099	0.08099999999999999	0.034999999999999996	0.034	0.059000000000000004	0.039	0.1	0.064	0.064	0.058	0.032	0.154	0.15	0.054	0.084	0.109	0.08099999999999999	0.13	0.1	0.17500000000000002	0.129	0.151	0.132	0.22599999999999998	0.11900000000000001	0.159	0.045	0.047	0.063	0.054	0.045	0.06999999999999999	0.059000000000000004	0.06	0.061	0.135	0.101	0.14100000000000001	0.099	0.13999999999999999	0.29	0.06999999999999999	0.11299999999999999
Couchioplanes	0.056999999999999995	0.054	0.08499999999999999	0.056999999999999995	0.041	0.05	0.065	0.051000000000000004	0.031	0.044000000000000004	0.046	0.148	0.084	0.107	0.089	0.027	0.131	0.062	0.084	0.18	0.148	0.11800000000000001	0.133	0.107	0.106	0.10200000000000001	0.14100000000000001	0.104	0.11499999999999999	0.152	0.087	0.173	0.094	0.08800000000000001	0.22999999999999998	0.087	0.158	0.19499999999999998	0.148	0.11900000000000001	0.041	0.043	0.051000000000000004	0.067	0.077	0.059000000000000004	0.036000000000000004	0.04
Dokdonella	0.155	0.158	0.116	0.127	0.134	0.109	0.14300000000000002	0.094	0.084	0.10200000000000001	0.12	0.241	0.183	0.14400000000000002	0.11199999999999999	0.075	0.068	0.036000000000000004	0.148	0.06	0.101	0.052	0.074	0.045	0.062	0.042	0.101	0.059000000000000004	0.06	0.09	0.055	0.039	0.068	0.089	0.036000000000000004	0.048	0.064	0.043	0.07100000000000001	0.039	0.108	0.17700000000000002	0.104	0.127	0.08499999999999999	0.096	0.066	0.094
Shinella	0.083	0.11900000000000001	0.106	0.064	0.077	0.109	0.098	0.06999999999999999	0.043	0.049	0.074	0.095	0.08	0.083	0.065	0.046	0.10300000000000001	0.087	0.07100000000000001	0.094	0.154	0.074	0.159	0.064	0.19499999999999998	0.107	0.127	0.14300000000000002	0.157	0.09	0.076	0.078	0.052	0.07100000000000001	0.09	0.087	0.058	0.052	0.063	0.058	0.11100000000000002	0.117	0.107	0.11399999999999999	0.091	0.164	0.056999999999999995	0.091
Caballeronia	0.107	0.11	0.13	0.098	0.105	0.109	0.11900000000000001	0.041	0.061	0.1	0.087	0.156	0.105	0.104	0.077	0.061	0.059000000000000004	0.061	0.11100000000000002	0.065	0.054	0.055	0.065	0.046	0.06899999999999999	0.055	0.08	0.051000000000000004	0.058	0.053	0.053	0.037	0.077	0.11800000000000001	0.082	0.157	0.106	0.08800000000000001	0.128	0.12	0.123	0.16199999999999998	0.132	0.149	0.106	0.106	0.059000000000000004	0.11800000000000001
Rathayibacter	0.091	0.083	0.11199999999999999	0.067	0.082	0.095	0.128	0.055999999999999994	0.046	0.07100000000000001	0.064	0.136	0.11499999999999999	0.10300000000000001	0.095	0.046	0.109	0.11	0.086	0.089	0.099	0.07200000000000001	0.092	0.067	0.11900000000000001	0.077	0.104	0.11499999999999999	0.117	0.06899999999999999	0.077	0.06	0.06999999999999999	0.094	0.07200000000000001	0.07200000000000001	0.086	0.075	0.091	0.07100000000000001	0.11399999999999999	0.122	0.101	0.11299999999999999	0.101	0.131	0.065	0.082
Paenibacillus	0.108	0.109	0.11100000000000002	0.10200000000000001	0.107	0.104	0.105	0.08499999999999999	0.06	0.06	0.087	0.10200000000000001	0.094	0.093	0.077	0.062	0.07100000000000001	0.049	0.078	0.068	0.065	0.064	0.064	0.055999999999999994	0.082	0.052	0.075	0.058	0.07100000000000001	0.064	0.06	0.047	0.10200000000000001	0.117	0.098	0.10300000000000001	0.084	0.083	0.09	0.084	0.149	0.159	0.153	0.151	0.104	0.135	0.06999999999999999	0.134
Catenulispora	0.034	0.044000000000000004	0.034	0.019	0.04	0.032	0.214	0.025	0.015	0.041	0.022000000000000002	0.027999999999999997	0.021	0.04	0.018000000000000002	0.021	0.099	0.22399999999999998	0.296	0.033	0.053	0.034999999999999996	0.06	0.023	0.42900000000000005	0.065	0.027	0.062	0.039	0.06	0.061	0.068	0.017	0.22100000000000003	0.02	0.021	0.021	0.02	0.023	0.017	0.107	0.27499999999999997	0.361	0.22999999999999998	0.231	0.044000000000000004	0.193	0.186
Actinomycetospora	0.05	0.047	0.053	0.041	0.039	0.05	0.046	0.023	0.036000000000000004	0.046	0.043	0.06	0.058	0.06899999999999999	0.053	0.027	0.178	0.11399999999999999	0.056999999999999995	0.11100000000000002	0.14400000000000002	0.11800000000000001	0.11499999999999999	0.083	0.212	0.14300000000000002	0.146	0.136	0.213	0.097	0.11499999999999999	0.082	0.08099999999999999	0.197	0.11499999999999999	0.082	0.11	0.11399999999999999	0.107	0.12	0.075	0.06	0.08	0.06899999999999999	0.053	0.07200000000000001	0.036000000000000004	0.058
Aquihabitans	0.106	0.106	0.106	0.08800000000000001	0.099	0.132	0.109	0.06	0.044000000000000004	0.034999999999999996	0.056999999999999995	0.108	0.08	0.056999999999999995	0.067	0.04	0.068	0.052	0.039	0.058	0.101	0.068	0.094	0.061	0.145	0.078	0.093	0.096	0.13899999999999998	0.07200000000000001	0.095	0.037	0.043	0.06899999999999999	0.068	0.061	0.077	0.052	0.055999999999999994	0.054	0.184	0.117	0.13	0.128	0.197	0.211	0.075	0.117
Phyllobacterium	0.025	0.022000000000000002	0.025	0.026	0.023	0.018000000000000002	0.04	0.017	0.029	0.017	0.07200000000000001	0.065	0.03	0.021	0.13899999999999998	0.013	0.131	0.16199999999999998	0.14100000000000001	0.168	0.082	0.11900000000000001	0.16199999999999998	0.096	0.146	0.35100000000000003	0.065	0.379	0.104	0.179	0.22	0.121	0.086	0.022000000000000002	0.067	0.211	0.041	0.041	0.067	0.066	0.032	0.033	0.026	0.032	0.017	0.027999999999999997	0.013999999999999999	0.025
Clavibacter	0.07100000000000001	0.078	0.094	0.061	0.066	0.07200000000000001	0.10300000000000001	0.045	0.039	0.066	0.054	0.11199999999999999	0.095	0.087	0.074	0.038	0.091	0.09	0.06999999999999999	0.075	0.08800000000000001	0.064	0.09	0.068	0.099	0.06899999999999999	0.09	0.106	0.098	0.061	0.063	0.053	0.062	0.13799999999999998	0.16999999999999998	0.08800000000000001	0.076	0.066	0.107	0.064	0.106	0.107	0.092	0.099	0.087	0.109	0.054	0.11299999999999999
Plantactinospora	0.061	0.064	0.075	0.11100000000000002	0.055	0.058	0.075	0.045	0.034999999999999996	0.045	0.051000000000000004	0.10300000000000001	0.08	0.091	0.07200000000000001	0.033	0.097	0.055	0.074	0.101	0.126	0.086	0.089	0.08099999999999999	0.08800000000000001	0.074	0.089	0.091	0.092	0.096	0.064	0.091	0.086	0.104	0.135	0.08	0.107	0.131	0.105	0.089	0.083	0.08800000000000001	0.096	0.101	0.083	0.089	0.044000000000000004	0.068
Rhizobacter	0.099	0.109	0.157	0.11399999999999999	0.121	0.116	0.055999999999999994	0.037	0.06999999999999999	0.08499999999999999	0.166	0.116	0.11100000000000002	0.1	0.11399999999999999	0.084	0.043	0.01	0.055	0.08499999999999999	0.039	0.068	0.055999999999999994	0.042	0.026	0.032	0.082	0.022000000000000002	0.034999999999999996	0.053	0.049	0.034	0.10200000000000001	0.046	0.131	0.117	0.091	0.099	0.089	0.097	0.11900000000000001	0.105	0.093	0.127	0.066	0.07100000000000001	0.074	0.109
Halomonas	0.096	0.093	0.097	0.09	0.095	0.083	0.092	0.053	0.055999999999999994	0.054	0.083	0.098	0.094	0.09	0.067	0.049	0.07200000000000001	0.043	0.074	0.07200000000000001	0.068	0.062	0.07100000000000001	0.054	0.062	0.051000000000000004	0.08099999999999999	0.06	0.064	0.065	0.055999999999999994	0.046	0.079	0.099	0.097	0.092	0.075	0.07100000000000001	0.07100000000000001	0.067	0.134	0.13799999999999998	0.131	0.132	0.086	0.106	0.062	0.11499999999999999
Myxococcus	0.08499999999999999	0.077	0.413	0.084	0.08099999999999999	0.092	0.091	0.045	0.042	0.037	0.062	0.136	0.064	0.067	0.052	0.037	0.05	0.022000000000000002	0.042	0.055	0.047	0.044000000000000004	0.048	0.037	0.04	0.033	0.056999999999999995	0.037	0.047	0.046	0.039	0.03	0.064	0.084	0.07100000000000001	0.07100000000000001	0.062	0.055999999999999994	0.058	0.052	0.108	0.22300000000000003	0.271	0.197	0.064	0.08	0.05	0.18
Agrococcus	0.073	0.064	0.077	0.059000000000000004	0.074	0.06999999999999999	0.092	0.052	0.044000000000000004	0.06	0.055999999999999994	0.104	0.099	0.083	0.077	0.042	0.093	0.084	0.06999999999999999	0.077	0.094	0.067	0.08800000000000001	0.06	0.123	0.066	0.091	0.10300000000000001	0.116	0.063	0.065	0.054	0.06	0.09	0.07200000000000001	0.066	0.076	0.067	0.078	0.059000000000000004	0.11299999999999999	0.11100000000000002	0.105	0.105	0.091	0.11800000000000001	0.062	0.08499999999999999
Microbispora	0.06899999999999999	0.06	0.076	0.061	0.05	0.056999999999999995	0.062	0.062	0.037	0.039	0.052	0.06899999999999999	0.073	0.079	0.064	0.032	0.074	0.052	0.067	0.083	0.064	0.07100000000000001	0.058	0.064	0.066	0.052	0.064	0.056999999999999995	0.064	0.064	0.056999999999999995	0.067	0.187	0.11499999999999999	0.086	0.083	0.12	0.101	0.123	0.094	0.086	0.07100000000000001	0.097	0.09	0.196	0.23900000000000002	0.047	0.06999999999999999
Microcella	0.075	0.061	0.078	0.051000000000000004	0.053	0.062	0.14100000000000001	0.049	0.038	0.067	0.052	0.13	0.10200000000000001	0.099	0.08800000000000001	0.036000000000000004	0.1	0.093	0.073	0.068	0.093	0.061	0.087	0.049	0.11100000000000002	0.063	0.089	0.11299999999999999	0.108	0.062	0.067	0.051000000000000004	0.056999999999999995	0.076	0.056999999999999995	0.058	0.073	0.059000000000000004	0.086	0.06	0.10200000000000001	0.124	0.082	0.099	0.094	0.123	0.055	0.067
Chryseobacterium	0.08099999999999999	0.303	0.232	0.146	0.11399999999999999	0.121	0.096	0.11299999999999999	0.038	0.043	0.074	0.073	0.06999999999999999	0.05	0.061	0.051000000000000004	0.043	0.039	0.043	0.054	0.06	0.046	0.046	0.047	0.11800000000000001	0.077	0.051000000000000004	0.058	0.075	0.045	0.042	0.043	0.077	0.04	0.077	0.08	0.06	0.067	0.061	0.077	0.087	0.075	0.056999999999999995	0.075	0.09	0.154	0.04	0.068
Actinokineospora	0.052	0.048	0.05	0.044000000000000004	0.041	0.048	0.05	0.027999999999999997	0.034999999999999996	0.032	0.04	0.054	0.064	0.059000000000000004	0.066	0.026	0.163	0.068	0.066	0.16999999999999998	0.11100000000000002	0.15	0.087	0.163	0.109	0.091	0.105	0.08800000000000001	0.109	0.11800000000000001	0.101	0.13999999999999999	0.074	0.099	0.08099999999999999	0.074	0.082	0.096	0.066	0.1	0.06999999999999999	0.061	0.074	0.068	0.054	0.065	0.034999999999999996	0.056999999999999995
Promicromonospora	0.025	0.024	0.026	0.023	0.021	0.026	0.026	0.013999999999999999	0.015	0.015	0.02	0.027999999999999997	0.027999999999999997	0.027	0.044000000000000004	0.012	0.131	0.159	0.052	0.28900000000000003	0.05	0.33999999999999997	0.148	0.347	0.174	0.124	0.041	0.172	0.182	0.116	0.16	0.369	0.027999999999999997	0.034999999999999996	0.03	0.042	0.029	0.03	0.027999999999999997	0.027	0.038	0.032	0.036000000000000004	0.033	0.029	0.034	0.019	0.026
Aquincola	0.1	0.101	0.16	0.107	0.11800000000000001	0.11100000000000002	0.068	0.042	0.06899999999999999	0.083	0.157	0.124	0.116	0.10300000000000001	0.11199999999999999	0.087	0.042	0.011000000000000001	0.053	0.079	0.042	0.066	0.056999999999999995	0.039	0.029	0.034999999999999996	0.086	0.029	0.034	0.05	0.044000000000000004	0.029	0.092	0.046	0.107	0.136	0.08800000000000001	0.08	0.083	0.095	0.083	0.098	0.084	0.097	0.054	0.051000000000000004	0.06	0.075
Aeromonas	0.11100000000000002	0.096	0.094	0.082	0.079	0.08499999999999999	0.091	0.043	0.055	0.052	0.06899999999999999	0.105	0.08800000000000001	0.079	0.06	0.04	0.064	0.033	0.077	0.07200000000000001	0.058	0.055999999999999994	0.061	0.047	0.047	0.046	0.075	0.052	0.058	0.058	0.049	0.039	0.077	0.09	0.089	0.10200000000000001	0.077	0.06999999999999999	0.08	0.068	0.131	0.129	0.151	0.151	0.077	0.101	0.055	0.12
Opitutus	0.11100000000000002	0.10200000000000001	0.1	0.128	0.135	0.091	0.087	0.048	0.036000000000000004	0.027	0.073	0.064	0.051000000000000004	0.041	0.031	0.03	0.03	0.009000000000000001	0.032	0.031	0.034	0.027999999999999997	0.03	0.024	0.023	0.015	0.03	0.02	0.029	0.027	0.027	0.017	0.042	0.039	0.054	0.058	0.042	0.039	0.053	0.037	0.386	0.307	0.22799999999999998	0.23900000000000002	0.073	0.06999999999999999	0.11900000000000001	0.232
Chryseolinea	0.27	0.38999999999999996	0.202	0.28500000000000003	0.20400000000000001	0.166	0.16	0.147	0.05	0.016	0.106	0.046	0.037	0.031	0.068	0.043	0.019	0.005	0.031	0.05	0.017	0.047	0.018000000000000002	0.034	0.016	0.015	0.037	0.011000000000000001	0.026	0.067	0.038	0.016	0.136	0.065	0.034999999999999996	0.104	0.022000000000000002	0.049	0.041	0.063	0.08099999999999999	0.039	0.011000000000000001	0.017	0.116	0.029	0.024	0.036000000000000004
Actinosynnema	0.038	0.034	0.039	0.037	0.029	0.034	0.029	0.021	0.024	0.021	0.027	0.042	0.059000000000000004	0.038	0.053	0.019	0.216	0.058	0.054	0.247	0.131	0.178	0.097	0.17099999999999999	0.08800000000000001	0.11199999999999999	0.13699999999999998	0.08099999999999999	0.126	0.11	0.116	0.13999999999999999	0.076	0.058	0.06899999999999999	0.058	0.084	0.098	0.049	0.087	0.044000000000000004	0.042	0.05	0.042	0.033	0.044000000000000004	0.023	0.041
Leucobacter	0.073	0.066	0.077	0.062	0.061	0.06899999999999999	0.101	0.041	0.04	0.058	0.054	0.099	0.087	0.089	0.07100000000000001	0.037	0.076	0.074	0.066	0.062	0.074	0.062	0.07100000000000001	0.049	0.087	0.06	0.077	0.08	0.087	0.056999999999999995	0.059000000000000004	0.047	0.064	0.083	0.067	0.065	0.07200000000000001	0.066	0.073	0.058	0.106	0.11399999999999999	0.10300000000000001	0.104	0.09	0.11399999999999999	0.055999999999999994	0.084
Gemmata	0.08800000000000001	0.065	0.096	0.064	0.054	0.054	0.054	0.018000000000000002	0.062	0.056999999999999995	0.092	0.076	0.087	0.11499999999999999	0.052	0.045	0.056999999999999995	0.013	0.06	0.044000000000000004	0.037	0.039	0.04	0.031	0.024	0.025	0.062	0.025	0.036000000000000004	0.036000000000000004	0.047	0.024	0.11800000000000001	0.123	0.083	0.07200000000000001	0.087	0.077	0.07200000000000001	0.059000000000000004	0.185	0.17600000000000002	0.174	0.131	0.124	0.11399999999999999	0.065	0.134
Spirillospora	0.059000000000000004	0.08099999999999999	0.066	0.061	0.058	0.063	0.062	0.034	0.038	0.039	0.059000000000000004	0.048	0.079	0.095	0.076	0.037	0.065	0.058	0.07200000000000001	0.062	0.052	0.065	0.05	0.061	0.067	0.046	0.058	0.049	0.055	0.079	0.054	0.075	0.147	0.14400000000000002	0.086	0.12	0.10200000000000001	0.128	0.124	0.132	0.08800000000000001	0.065	0.08800000000000001	0.075	0.063	0.06899999999999999	0.043	0.058
Pendulispora	0.097	0.074	0.10200000000000001	0.093	0.097	0.082	0.11	0.048	0.051000000000000004	0.049	0.08099999999999999	0.08099999999999999	0.073	0.076	0.06999999999999999	0.042	0.054	0.016	0.044000000000000004	0.05	0.049	0.042	0.055	0.034	0.041	0.034999999999999996	0.052	0.04	0.045	0.053	0.039	0.03	0.083	0.083	0.08499999999999999	0.09	0.06899999999999999	0.055	0.073	0.055999999999999994	0.153	0.18	0.126	0.146	0.063	0.064	0.067	0.109
Alicycliphilus	0.094	0.101	0.116	0.091	0.104	0.096	0.087	0.032	0.052	0.055	0.089	0.101	0.089	0.075	0.078	0.062	0.049	0.021	0.049	0.062	0.05	0.054	0.054	0.037	0.036000000000000004	0.036000000000000004	0.06899999999999999	0.033	0.052	0.047	0.045	0.023	0.06899999999999999	0.052	0.09	0.11499999999999999	0.07100000000000001	0.067	0.068	0.082	0.101	0.117	0.105	0.11100000000000002	0.058	0.086	0.049	0.091
Pedococcus	0.096	0.079	0.089	0.05	0.044000000000000004	0.108	0.133	0.083	0.025	0.027999999999999997	0.026	0.064	0.055999999999999994	0.043	0.083	0.019	0.13	0.135	0.045	0.076	0.06	0.11399999999999999	0.068	0.089	0.148	0.092	0.054	0.174	0.079	0.108	0.083	0.079	0.038	0.058	0.06999999999999999	0.066	0.06999999999999999	0.051000000000000004	0.041	0.08499999999999999	0.04	0.031	0.049	0.039	0.036000000000000004	0.058	0.02	0.034999999999999996
Pseudarthrobacter	0.066	0.086	0.08499999999999999	0.062	0.06899999999999999	0.08099999999999999	0.083	0.051000000000000004	0.034	0.036000000000000004	0.044000000000000004	0.07100000000000001	0.064	0.06999999999999999	0.061	0.03	0.077	0.087	0.054	0.065	0.064	0.064	0.065	0.063	0.08499999999999999	0.059000000000000004	0.068	0.10300000000000001	0.08	0.068	0.056999999999999995	0.058	0.066	0.079	0.067	0.067	0.07100000000000001	0.07100000000000001	0.07100000000000001	0.058	0.095	0.08499999999999999	0.095	0.089	0.076	0.109	0.047	0.08
Thauera	0.087	0.09	0.089	0.08	0.07200000000000001	0.073	0.075	0.031	0.047	0.048	0.065	0.08800000000000001	0.082	0.079	0.054	0.039	0.052	0.025	0.056999999999999995	0.059000000000000004	0.047	0.051000000000000004	0.056999999999999995	0.041	0.039	0.037	0.064	0.042	0.05	0.049	0.043	0.029	0.068	0.082	0.08499999999999999	0.08499999999999999	0.06999999999999999	0.064	0.067	0.056999999999999995	0.135	0.135	0.14100000000000001	0.156	0.079	0.099	0.053	0.117
Thermomonas	0.145	0.158	0.11299999999999999	0.093	0.124	0.14400000000000002	0.16	0.11800000000000001	0.03	0.032	0.048	0.07200000000000001	0.056999999999999995	0.04	0.055999999999999994	0.03	0.11399999999999999	0.053	0.045	0.056999999999999995	0.134	0.06999999999999999	0.087	0.041	0.134	0.054	0.06899999999999999	0.11399999999999999	0.096	0.076	0.051000000000000004	0.029	0.027	0.034	0.032	0.037	0.031	0.025	0.026	0.022000000000000002	0.049	0.054	0.044000000000000004	0.055999999999999994	0.126	0.048	0.031	0.041
Microvirga	0.064	0.064	0.06999999999999999	0.055	0.054	0.109	0.075	0.045	0.058	0.051000000000000004	0.06	0.063	0.068	0.065	0.049	0.036000000000000004	0.068	0.052	0.053	0.063	0.06	0.055	0.068	0.054	0.07200000000000001	0.05	0.083	0.086	0.10200000000000001	0.052	0.058	0.046	0.048	0.073	0.073	0.061	0.062	0.051000000000000004	0.055999999999999994	0.047	0.11299999999999999	0.1	0.106	0.108	0.092	0.11800000000000001	0.10300000000000001	0.105
Sandaracinus	0.11100000000000002	0.08499999999999999	0.105	0.106	0.105	0.09	0.13	0.058	0.052	0.067	0.099	0.09	0.07200000000000001	0.08	0.055	0.054	0.048	0.019	0.038	0.046	0.045	0.034	0.05	0.029	0.039	0.027999999999999997	0.047	0.036000000000000004	0.042	0.041	0.037	0.022000000000000002	0.062	0.083	0.074	0.073	0.068	0.055999999999999994	0.098	0.051000000000000004	0.123	0.133	0.098	0.11900000000000001	0.064	0.067	0.066	0.11299999999999999
Hymenobacter	0.092	0.083	0.11299999999999999	0.082	0.11399999999999999	0.08800000000000001	0.089	0.054	0.043	0.047	0.079	0.08099999999999999	0.064	0.068	0.062	0.045	0.052	0.026	0.059000000000000004	0.063	0.047	0.05	0.046	0.044000000000000004	0.043	0.038	0.06	0.04	0.051000000000000004	0.049	0.043	0.039	0.1	0.077	0.096	0.099	0.095	0.079	0.076	0.06899999999999999	0.105	0.1	0.092	0.099	0.064	0.06899999999999999	0.045	0.083
Janibacter	0.079	0.06999999999999999	0.077	0.065	0.063	0.082	0.075	0.04	0.036000000000000004	0.044000000000000004	0.047	0.07200000000000001	0.06999999999999999	0.068	0.056999999999999995	0.032	0.067	0.064	0.054	0.06	0.063	0.064	0.061	0.055	0.075	0.048	0.063	0.074	0.076	0.058	0.055999999999999994	0.046	0.064	0.087	0.075	0.07100000000000001	0.074	0.075	0.074	0.073	0.11100000000000002	0.08499999999999999	0.109	0.099	0.08	0.11800000000000001	0.052	0.086
Colletotrichum	0.053	0.08499999999999999	0.153	0.148	0.06999999999999999	0.062	0.068	0.044000000000000004	0.08800000000000001	0.024	0.149	0.082	0.06999999999999999	0.087	0.055	0.054	0.08499999999999999	0.036000000000000004	0.045	0.053	0.055	0.06999999999999999	0.041	0.042	0.054	0.053	0.066	0.06999999999999999	0.05	0.063	0.037	0.027	0.094	0.123	0.059000000000000004	0.098	0.048	0.064	0.041	0.082	0.066	0.101	0.056999999999999995	0.094	0.06	0.07200000000000001	0.032	0.046
Microlunatus	0.061	0.04	0.065	0.046	0.042	0.07200000000000001	0.058	0.03	0.024	0.041	0.036000000000000004	0.06899999999999999	0.055	0.05	0.047	0.025	0.101	0.082	0.038	0.075	0.10200000000000001	0.074	0.082	0.073	0.17099999999999999	0.079	0.089	0.154	0.168	0.083	0.074	0.043	0.04	0.08	0.054	0.048	0.074	0.051000000000000004	0.056999999999999995	0.058	0.079	0.056999999999999995	0.079	0.059000000000000004	0.063	0.11199999999999999	0.036000000000000004	0.055
Brevibacterium	0.066	0.064	0.07200000000000001	0.063	0.049	0.066	0.06999999999999999	0.034	0.036000000000000004	0.045	0.048	0.073	0.06899999999999999	0.067	0.056999999999999995	0.032	0.066	0.056999999999999995	0.055	0.056999999999999995	0.067	0.053	0.059000000000000004	0.048	0.089	0.05	0.067	0.061	0.08099999999999999	0.055999999999999994	0.052	0.042	0.068	0.092	0.07200000000000001	0.06999999999999999	0.07100000000000001	0.07100000000000001	0.07100000000000001	0.06999999999999999	0.11399999999999999	0.1	0.11100000000000002	0.107	0.079	0.106	0.052	0.091
Roseomonas	0.07100000000000001	0.068	0.074	0.063	0.065	0.068	0.068	0.034	0.04	0.05	0.063	0.06999999999999999	0.07100000000000001	0.06999999999999999	0.054	0.036000000000000004	0.058	0.038	0.067	0.059000000000000004	0.059000000000000004	0.048	0.059000000000000004	0.04	0.06	0.048	0.07200000000000001	0.054	0.063	0.047	0.045	0.037	0.054	0.087	0.065	0.063	0.063	0.055999999999999994	0.062	0.048	0.11900000000000001	0.11900000000000001	0.123	0.13	0.08499999999999999	0.13899999999999998	0.053	0.10200000000000001
Singulisphaera	0.086	0.06	0.055	0.05	0.045	0.063	0.096	0.027999999999999997	0.038	0.055	0.052	0.084	0.08	0.089	0.055999999999999994	0.034999999999999996	0.055999999999999994	0.061	0.104	0.039	0.043	0.032	0.045	0.037	0.048	0.051000000000000004	0.068	0.048	0.044000000000000004	0.039	0.048	0.027999999999999997	0.046	0.096	0.047	0.045	0.063	0.045	0.054	0.042	0.156	0.11900000000000001	0.167	0.11100000000000002	0.107	0.134	0.046	0.108
Anaeromyxobacter	0.084	0.083	0.077	0.08800000000000001	0.084	0.084	0.076	0.036000000000000004	0.048	0.041	0.059000000000000004	0.074	0.073	0.06999999999999999	0.046	0.039	0.048	0.024	0.042	0.049	0.042	0.04	0.049	0.034999999999999996	0.034999999999999996	0.03	0.053	0.038	0.043	0.044000000000000004	0.037	0.027	0.059000000000000004	0.099	0.078	0.06899999999999999	0.066	0.055999999999999994	0.061	0.047	0.14200000000000002	0.133	0.135	0.13899999999999998	0.073	0.094	0.061	0.121
Dyadobacter	0.095	0.056999999999999995	0.12	0.046	0.076	0.193	0.07200000000000001	0.068	0.021	0.027	0.056999999999999995	0.05	0.047	0.03	0.091	0.038	0.053	0.055	0.03	0.098	0.106	0.048	0.073	0.074	0.13699999999999998	0.178	0.07200000000000001	0.089	0.163	0.056999999999999995	0.048	0.042	0.06	0.022000000000000002	0.058	0.078	0.039	0.049	0.037	0.041	0.034999999999999996	0.034	0.024	0.036000000000000004	0.05	0.098	0.019	0.029
Brachybacterium	0.065	0.061	0.064	0.054	0.055999999999999994	0.063	0.064	0.034	0.038	0.044000000000000004	0.047	0.065	0.065	0.065	0.05	0.032	0.065	0.049	0.053	0.055999999999999994	0.063	0.054	0.056999999999999995	0.05	0.091	0.061	0.067	0.063	0.08	0.056999999999999995	0.051000000000000004	0.043	0.061	0.084	0.06899999999999999	0.064	0.066	0.065	0.065	0.059000000000000004	0.099	0.082	0.098	0.08800000000000001	0.065	0.091	0.046	0.075
Nannocystis	0.08	0.065	0.07200000000000001	0.07100000000000001	0.146	0.061	0.064	0.06999999999999999	0.039	0.034999999999999996	0.06	0.055	0.062	0.054	0.394	0.032	0.055999999999999994	0.027999999999999997	0.034	0.051000000000000004	0.054	0.036000000000000004	0.055999999999999994	0.033	0.041	0.027999999999999997	0.048	0.051000000000000004	0.043	0.042	0.032	0.022000000000000002	0.049	0.07200000000000001	0.055999999999999994	0.065	0.055	0.043	0.046	0.043	0.084	0.08	0.079	0.08	0.051000000000000004	0.061	0.041	0.07100000000000001
Janthinobacterium	0.076	0.11199999999999999	0.105	0.06999999999999999	0.089	0.089	0.077	0.042	0.039	0.045	0.08	0.067	0.06999999999999999	0.066	0.064	0.047	0.04	0.042	0.055	0.048	0.077	0.06	0.06	0.037	0.078	0.042	0.055999999999999994	0.049	0.046	0.054	0.036000000000000004	0.032	0.05	0.049	0.054	0.058	0.054	0.047	0.048	0.058	0.086	0.091	0.08	0.099	0.059000000000000004	0.078	0.049	0.079
Corallococcus	0.079	0.122	0.09	0.06899999999999999	0.078	0.188	0.152	0.066	0.039	0.038	0.058	0.051000000000000004	0.093	0.06	0.055999999999999994	0.036000000000000004	0.058	0.022000000000000002	0.036000000000000004	0.047	0.041	0.037	0.041	0.032	0.036000000000000004	0.029	0.047	0.04	0.043	0.038	0.031	0.038	0.054	0.075	0.064	0.062	0.053	0.046	0.049	0.049	0.093	0.06899999999999999	0.075	0.075	0.12	0.084	0.044000000000000004	0.065
Pyrenophora	0.034	0.067	0.211	0.04	0.076	0.048	0.063	0.029	0.013999999999999999	0.021	0.026	0.031	0.041	0.034	0.034	0.012	0.041	0.202	0.095	0.08	0.064	0.024	0.11499999999999999	0.02	0.093	0.098	0.051000000000000004	0.026	0.07200000000000001	0.019	0.107	0.099	0.166	0.08499999999999999	0.132	0.064	0.092	0.101	0.033	0.092	0.026	0.034	0.03	0.024	0.032	0.013	0.025	0.027999999999999997
Tahibacter	0.11100000000000002	0.136	0.128	0.092	0.098	0.06899999999999999	0.078	0.051000000000000004	0.054	0.063	0.093	0.132	0.10200000000000001	0.075	0.07100000000000001	0.05	0.045	0.023	0.077	0.038	0.052	0.034	0.051000000000000004	0.029	0.03	0.03	0.06	0.037	0.038	0.059000000000000004	0.033	0.025	0.042	0.059000000000000004	0.032	0.039	0.038	0.027	0.041	0.032	0.07100000000000001	0.105	0.074	0.08499999999999999	0.056999999999999995	0.06	0.045	0.06899999999999999
Archangium	0.08099999999999999	0.08	0.077	0.076	0.076	0.091	0.09	0.039	0.048	0.038	0.066	0.066	0.064	0.062	0.047	0.045	0.047	0.033	0.043	0.052	0.044000000000000004	0.042	0.047	0.037	0.037	0.034	0.056999999999999995	0.037	0.044000000000000004	0.045	0.044000000000000004	0.03	0.066	0.086	0.074	0.06999999999999999	0.066	0.056999999999999995	0.062	0.052	0.108	0.095	0.104	0.098	0.061	0.078	0.05	0.087
Iamia	0.045	0.038	0.036000000000000004	0.034	0.031	0.042	0.034	0.016	0.019	0.018000000000000002	0.023	0.036000000000000004	0.033	0.026	0.026	0.015	0.068	0.06	0.022000000000000002	0.093	0.099	0.077	0.372	0.06	0.186	0.032	0.075	0.122	0.154	0.108	0.054	0.042	0.03	0.039	0.062	0.055999999999999994	0.036000000000000004	0.03	0.027	0.03	0.084	0.055999999999999994	0.07100000000000001	0.058	0.06	0.087	0.027	0.056999999999999995
Herbiconiux	0.051000000000000004	0.045	0.075	0.034999999999999996	0.043	0.052	0.086	0.034999999999999996	0.029	0.043	0.041	0.084	0.066	0.089	0.06	0.025	0.116	0.074	0.053	0.079	0.06999999999999999	0.04	0.063	0.036000000000000004	0.089	0.089	0.059000000000000004	0.075	0.095	0.041	0.06999999999999999	0.041	0.041	0.05	0.06899999999999999	0.039	0.056999999999999995	0.045	0.055999999999999994	0.099	0.061	0.06999999999999999	0.051000000000000004	0.063	0.063	0.078	0.033	0.046
Pandoraea	0.07200000000000001	0.075	0.08	0.063	0.074	0.065	0.062	0.032	0.045	0.049	0.07200000000000001	0.08099999999999999	0.073	0.075	0.054	0.045	0.042	0.027	0.055	0.049	0.042	0.043	0.046	0.034	0.037	0.032	0.059000000000000004	0.034999999999999996	0.039	0.041	0.038	0.027999999999999997	0.058	0.065	0.066	0.06999999999999999	0.055999999999999994	0.053	0.055	0.052	0.108	0.11199999999999999	0.10300000000000001	0.11800000000000001	0.065	0.08	0.05	0.091
Tundrisphaera	0.07200000000000001	0.039	0.05	0.042	0.031	0.07100000000000001	0.077	0.026	0.032	0.063	0.052	0.08099999999999999	0.076	0.082	0.05	0.034999999999999996	0.059000000000000004	0.053	0.073	0.038	0.056999999999999995	0.032	0.048	0.03	0.059000000000000004	0.096	0.084	0.058	0.06999999999999999	0.029	0.04	0.027999999999999997	0.049	0.095	0.047	0.044000000000000004	0.06	0.04	0.052	0.051000000000000004	0.109	0.08099999999999999	0.123	0.082	0.086	0.091	0.036000000000000004	0.074
Stutzerimonas	0.067	0.076	0.06999999999999999	0.06899999999999999	0.07200000000000001	0.056999999999999995	0.067	0.031	0.041	0.039	0.062	0.08	0.077	0.066	0.05	0.036000000000000004	0.05	0.026	0.056999999999999995	0.053	0.047	0.045	0.05	0.04	0.041	0.034999999999999996	0.053	0.039	0.046	0.043	0.039	0.029	0.054	0.07100000000000001	0.068	0.076	0.06	0.055999999999999994	0.06	0.048	0.095	0.104	0.1	0.11	0.055999999999999994	0.093	0.046	0.09
Deinococcus	0.06899999999999999	0.066	0.108	0.062	0.06999999999999999	0.086	0.06999999999999999	0.051000000000000004	0.037	0.038	0.054	0.062	0.06	0.059000000000000004	0.048	0.034	0.052	0.034	0.048	0.05	0.046	0.048	0.046	0.04	0.046	0.036000000000000004	0.053	0.045	0.049	0.045	0.042	0.034999999999999996	0.059000000000000004	0.079	0.063	0.063	0.055999999999999994	0.053	0.058	0.053	0.097	0.086	0.095	0.091	0.062	0.08	0.042	0.077
Pseudolabrys	0.083	0.153	0.079	0.056999999999999995	0.084	0.074	0.27899999999999997	0.093	0.025	0.026	0.03	0.04	0.045	0.042	0.026	0.018000000000000002	0.044000000000000004	0.046	0.05	0.038	0.045	0.031	0.043	0.036000000000000004	0.058	0.027	0.044000000000000004	0.055999999999999994	0.047	0.04	0.027999999999999997	0.027999999999999997	0.025	0.05	0.046	0.037	0.03	0.033	0.033	0.025	0.096	0.087	0.106	0.108	0.067	0.109	0.04	0.092
Cryobacterium	0.055999999999999994	0.051000000000000004	0.058	0.041	0.04	0.05	0.094	0.038	0.029	0.044000000000000004	0.04	0.094	0.073	0.068	0.065	0.027	0.074	0.073	0.053	0.055	0.059000000000000004	0.045	0.061	0.042	0.079	0.056999999999999995	0.059000000000000004	0.073	0.077	0.045	0.05	0.039	0.049	0.062	0.046	0.047	0.055	0.05	0.062	0.048	0.073	0.084	0.065	0.079	0.06999999999999999	0.098	0.041	0.055999999999999994
Pantoea	0.059000000000000004	0.073	0.161	0.04	0.109	0.117	0.075	0.164	0.06	0.024	0.062	0.047	0.043	0.04	0.037	0.172	0.029	0.034999999999999996	0.034	0.027999999999999997	0.125	0.067	0.03	0.025	0.045	0.033	0.045	0.041	0.061	0.025	0.022000000000000002	0.021	0.039	0.04	0.039	0.037	0.033	0.034999999999999996	0.037	0.05	0.052	0.055999999999999994	0.132	0.061	0.048	0.045	0.03	0.046
Cellulosimicrobium	0.051000000000000004	0.05	0.06	0.049	0.048	0.059000000000000004	0.059000000000000004	0.029	0.031	0.034	0.04	0.056999999999999995	0.059000000000000004	0.055999999999999994	0.05	0.027999999999999997	0.062	0.054	0.046	0.053	0.06	0.052	0.055	0.045	0.066	0.044000000000000004	0.056999999999999995	0.068	0.082	0.051000000000000004	0.049	0.04	0.056999999999999995	0.073	0.063	0.056999999999999995	0.065	0.061	0.06	0.055	0.086	0.07200000000000001	0.086	0.074	0.063	0.083	0.04	0.066
Nocardiopsis	0.055999999999999994	0.051000000000000004	0.06	0.048	0.05	0.056999999999999995	0.053	0.032	0.03	0.034	0.041	0.053	0.058	0.06	0.045	0.026	0.06	0.046	0.051000000000000004	0.058	0.058	0.053	0.054	0.051000000000000004	0.055	0.039	0.055	0.049	0.06	0.052	0.048	0.048	0.067	0.08800000000000001	0.068	0.062	0.063	0.07100000000000001	0.065	0.062	0.077	0.07100000000000001	0.091	0.083	0.059000000000000004	0.068	0.042	0.066
Actinacidiphila	0.053	0.043	0.051000000000000004	0.055	0.037	0.044000000000000004	0.095	0.048	0.026	0.052	0.043	0.075	0.074	0.07100000000000001	0.047	0.029	0.052	0.066	0.055999999999999994	0.052	0.055999999999999994	0.05	0.045	0.047	0.06	0.044000000000000004	0.061	0.052	0.049	0.049	0.043	0.047	0.058	0.078	0.053	0.053	0.062	0.059000000000000004	0.068	0.056999999999999995	0.067	0.062	0.087	0.074	0.08	0.06	0.04	0.056999999999999995
Blastococcus	0.048	0.04	0.108	0.047	0.046	0.07100000000000001	0.065	0.034	0.029	0.033	0.04	0.055	0.053	0.064	0.046	0.026	0.06	0.068	0.044000000000000004	0.055999999999999994	0.052	0.052	0.054	0.053	0.067	0.046	0.054	0.07100000000000001	0.06899999999999999	0.045	0.056999999999999995	0.041	0.055999999999999994	0.077	0.055	0.053	0.058	0.06899999999999999	0.058	0.054	0.06899999999999999	0.058	0.075	0.067	0.049	0.065	0.033	0.054
Hyphomicrobium	0.05	0.056999999999999995	0.05	0.044000000000000004	0.04	0.042	0.059000000000000004	0.027	0.022000000000000002	0.027	0.032	0.064	0.034999999999999996	0.037	0.026	0.019	0.043	0.039	0.058	0.047	0.048	0.034999999999999996	0.046	0.036000000000000004	0.048	0.024	0.049	0.045	0.049	0.042	0.034	0.031	0.034999999999999996	0.077	0.086	0.065	0.04	0.046	0.053	0.037	0.122	0.145	0.11499999999999999	0.14200000000000002	0.092	0.10300000000000001	0.053	0.11299999999999999
Aminobacter	0.053	0.055999999999999994	0.056999999999999995	0.045	0.045	0.042	0.065	0.034	0.034	0.036000000000000004	0.041	0.052	0.051000000000000004	0.039	0.04	0.022000000000000002	0.053	0.037	0.047	0.051000000000000004	0.058	0.048	0.055999999999999994	0.039	0.078	0.041	0.056999999999999995	0.074	0.078	0.053	0.043	0.034999999999999996	0.041	0.049	0.056999999999999995	0.055999999999999994	0.044000000000000004	0.038	0.045	0.04	0.08099999999999999	0.074	0.08	0.08800000000000001	0.061	0.186	0.048	0.074
Luteitalea	0.086	0.07200000000000001	0.061	0.073	0.058	0.067	0.038	0.023	0.03	0.018000000000000002	0.033	0.034	0.04	0.038	0.031	0.022000000000000002	0.044000000000000004	0.013	0.026	0.052	0.036000000000000004	0.046	0.046	0.04	0.031	0.025	0.046	0.03	0.051000000000000004	0.049	0.048	0.027999999999999997	0.054	0.06899999999999999	0.117	0.06999999999999999	0.074	0.058	0.055	0.06899999999999999	0.123	0.056999999999999995	0.082	0.077	0.101	0.11800000000000001	0.034999999999999996	0.093
Sphingobacterium	0.063	0.107	0.065	0.049	0.061	0.061	0.055	0.063	0.029	0.027999999999999997	0.047	0.055999999999999994	0.041	0.043	0.047	0.047	0.03	0.027999999999999997	0.037	0.039	0.044000000000000004	0.027	0.034999999999999996	0.036000000000000004	0.315	0.038	0.044000000000000004	0.023	0.043	0.03	0.027	0.026	0.055999999999999994	0.029	0.058	0.065	0.046	0.051000000000000004	0.053	0.048	0.064	0.073	0.054	0.065	0.06	0.1	0.027999999999999997	0.051000000000000004
Pyricularia	0.038	0.08	0.166	0.062	0.052	0.051000000000000004	0.047	0.033	0.038	0.016	0.17099999999999999	0.047	0.049	0.10200000000000001	0.041	0.033	0.109	0.016	0.023	0.023	0.047	0.087	0.021	0.038	0.031	0.027999999999999997	0.079	0.126	0.059000000000000004	0.083	0.016	0.012	0.042	0.036000000000000004	0.029	0.093	0.025	0.032	0.019	0.08	0.044000000000000004	0.084	0.027	0.054	0.041	0.094	0.018000000000000002	0.026
Actinomyces	0.056999999999999995	0.053	0.055	0.054	0.051000000000000004	0.056999999999999995	0.052	0.03	0.031	0.034	0.044000000000000004	0.055	0.056999999999999995	0.054	0.046	0.03	0.051000000000000004	0.041	0.045	0.049	0.048	0.046	0.048	0.042	0.054	0.037	0.053	0.049	0.056999999999999995	0.047	0.041	0.036000000000000004	0.052	0.076	0.059000000000000004	0.055	0.056999999999999995	0.058	0.06	0.053	0.08800000000000001	0.075	0.089	0.08	0.061	0.078	0.041	0.068
Paraconexibacter	0.053	0.036000000000000004	0.04	0.037	0.03	0.048	0.048	0.015	0.027999999999999997	0.034999999999999996	0.027999999999999997	0.044000000000000004	0.065	0.065	0.039	0.023	0.06	0.06999999999999999	0.061	0.05	0.049	0.054	0.055999999999999994	0.055	0.056999999999999995	0.04	0.067	0.061	0.064	0.045	0.06	0.038	0.043	0.116	0.076	0.059000000000000004	0.064	0.053	0.055999999999999994	0.05	0.091	0.05	0.06999999999999999	0.05	0.065	0.101	0.026	0.055999999999999994
Paraflavitalea	0.055	0.046	0.049	0.043	0.058	0.044000000000000004	0.055	0.037	0.03	0.037	0.059000000000000004	0.051000000000000004	0.046	0.045	0.046	0.033	0.055999999999999994	0.01	0.044000000000000004	0.066	0.034999999999999996	0.045	0.066	0.073	0.036000000000000004	0.037	0.054	0.017	0.04	0.064	0.051000000000000004	0.063	0.10200000000000001	0.026	0.095	0.153	0.068	0.10200000000000001	0.077	0.06899999999999999	0.055	0.067	0.039	0.048	0.043	0.026	0.031	0.04
Aquabacterium	0.064	0.073	0.098	0.07100000000000001	0.083	0.075	0.054	0.034	0.047	0.059000000000000004	0.10200000000000001	0.076	0.076	0.07200000000000001	0.074	0.061	0.03	0.011000000000000001	0.038	0.049	0.03	0.043	0.034	0.027	0.024	0.026	0.052	0.023	0.027	0.034999999999999996	0.029	0.022000000000000002	0.055	0.034999999999999996	0.065	0.079	0.056999999999999995	0.051000000000000004	0.052	0.067	0.065	0.07100000000000001	0.063	0.07200000000000001	0.04	0.042	0.044000000000000004	0.054
Ancylobacter	0.058	0.062	0.058	0.049	0.05	0.046	0.061	0.032	0.031	0.036000000000000004	0.046	0.058	0.051000000000000004	0.053	0.04	0.031	0.046	0.032	0.054	0.043	0.047	0.037	0.047	0.034999999999999996	0.05	0.037	0.055999999999999994	0.045	0.059000000000000004	0.04	0.04	0.032	0.042	0.063	0.055999999999999994	0.055	0.046	0.042	0.048	0.04	0.094	0.099	0.1	0.098	0.064	0.093	0.042	0.08
Phytohabitans	0.042	0.043	0.05	0.039	0.034	0.04	0.041	0.034	0.023	0.029	0.034	0.063	0.051000000000000004	0.061	0.045	0.022000000000000002	0.062	0.034999999999999996	0.05	0.066	0.086	0.056999999999999995	0.056999999999999995	0.052	0.058	0.045	0.054	0.055999999999999994	0.061	0.063	0.042	0.056999999999999995	0.056999999999999995	0.076	0.084	0.056999999999999995	0.065	0.08099999999999999	0.068	0.053	0.055999999999999994	0.054	0.062	0.066	0.054	0.053	0.032	0.046
Asticcacaulis	0.079	0.11199999999999999	0.073	0.052	0.08099999999999999	0.083	0.216	0.09	0.024	0.033	0.045	0.051000000000000004	0.06999999999999999	0.062	0.06	0.034	0.041	0.053	0.034999999999999996	0.034	0.042	0.042	0.042	0.031	0.06999999999999999	0.042	0.038	0.077	0.041	0.036000000000000004	0.026	0.033	0.032	0.031	0.032	0.033	0.03	0.027	0.044000000000000004	0.02	0.044000000000000004	0.059000000000000004	0.05	0.064	0.055999999999999994	0.051000000000000004	0.027999999999999997	0.058
Urbifossiella	0.06899999999999999	0.046	0.058	0.051000000000000004	0.041	0.055	0.045	0.02	0.04	0.032	0.055	0.045	0.061	0.07100000000000001	0.046	0.03	0.038	0.01	0.033	0.044000000000000004	0.024	0.034999999999999996	0.037	0.031	0.016	0.02	0.053	0.024	0.034	0.03	0.044000000000000004	0.016	0.053	0.083	0.055999999999999994	0.052	0.067	0.08499999999999999	0.053	0.049	0.13	0.091	0.11100000000000002	0.08099999999999999	0.107	0.1	0.042	0.083
Ensifer	0.049	0.056999999999999995	0.063	0.042	0.048	0.052	0.053	0.047	0.031	0.034	0.049	0.055999999999999994	0.051000000000000004	0.05	0.042	0.031	0.041	0.033	0.048	0.042	0.051000000000000004	0.038	0.05	0.036000000000000004	0.078	0.042	0.051000000000000004	0.048	0.056999999999999995	0.037	0.041	0.033	0.04	0.045	0.043	0.052	0.039	0.034	0.039	0.044000000000000004	0.075	0.07200000000000001	0.06999999999999999	0.086	0.066	0.08499999999999999	0.109	0.101
Terrabacter	0.11900000000000001	0.13	0.096	0.073	0.052	0.16	0.124	0.058	0.022000000000000002	0.039	0.033	0.034999999999999996	0.044000000000000004	0.053	0.051000000000000004	0.021	0.036000000000000004	0.06999999999999999	0.027999999999999997	0.026	0.023	0.03	0.03	0.029	0.059000000000000004	0.027999999999999997	0.025	0.048	0.033	0.027	0.029	0.021	0.022000000000000002	0.034	0.03	0.025	0.034	0.027	0.029	0.047	0.07200000000000001	0.037	0.08800000000000001	0.055	0.076	0.126	0.045	0.064
Ideonella	0.063	0.073	0.108	0.078	0.097	0.084	0.062	0.027	0.051000000000000004	0.07200000000000001	0.109	0.09	0.07200000000000001	0.077	0.08	0.062	0.024	0.008	0.038	0.038	0.023	0.04	0.025	0.018000000000000002	0.017	0.023	0.046	0.018000000000000002	0.02	0.029	0.023	0.016	0.045	0.029	0.049	0.067	0.047	0.043	0.049	0.05	0.061	0.087	0.074	0.077	0.03	0.025	0.051000000000000004	0.06
Salinibacterium	0.048	0.043	0.051000000000000004	0.032	0.034999999999999996	0.037	0.091	0.036000000000000004	0.022000000000000002	0.038	0.031	0.084	0.064	0.062	0.065	0.024	0.07200000000000001	0.062	0.043	0.044000000000000004	0.056999999999999995	0.039	0.056999999999999995	0.029	0.077	0.046	0.054	0.075	0.074	0.038	0.045	0.033	0.032	0.044000000000000004	0.036000000000000004	0.034	0.045	0.036000000000000004	0.05	0.037	0.064	0.079	0.047	0.06	0.065	0.093	0.036000000000000004	0.044000000000000004
Ornithinimicrobium	0.055	0.047	0.053	0.044000000000000004	0.041	0.053	0.05	0.026	0.025	0.03	0.034999999999999996	0.049	0.051000000000000004	0.05	0.04	0.023	0.051000000000000004	0.047	0.041	0.048	0.05	0.044000000000000004	0.047	0.041	0.056999999999999995	0.034999999999999996	0.048	0.051000000000000004	0.059000000000000004	0.043	0.041	0.036000000000000004	0.054	0.06899999999999999	0.059000000000000004	0.053	0.056999999999999995	0.062	0.056999999999999995	0.055999999999999994	0.077	0.062	0.08	0.07100000000000001	0.063	0.08	0.036000000000000004	0.06
Capillimicrobium	0.044000000000000004	0.034999999999999996	0.034	0.031	0.027999999999999997	0.053	0.042	0.013999999999999999	0.027999999999999997	0.032	0.027999999999999997	0.044000000000000004	0.076	0.065	0.039	0.022000000000000002	0.052	0.066	0.058	0.043	0.04	0.047	0.051000000000000004	0.046	0.052	0.04	0.059000000000000004	0.054	0.055	0.037	0.055	0.031	0.046	0.116	0.06999999999999999	0.056999999999999995	0.063	0.055999999999999994	0.059000000000000004	0.047	0.08099999999999999	0.054	0.065	0.05	0.062	0.1	0.022000000000000002	0.049
Krasilnikovia	0.033	0.036000000000000004	0.051000000000000004	0.032	0.026	0.037	0.036000000000000004	0.027	0.017	0.03	0.03	0.084	0.053	0.068	0.053	0.019	0.062	0.029	0.048	0.075	0.074	0.055	0.063	0.053	0.052	0.048	0.061	0.055	0.06	0.076	0.041	0.06999999999999999	0.049	0.055	0.096	0.044000000000000004	0.082	0.091	0.078	0.053	0.033	0.03	0.041	0.048	0.043	0.039	0.024	0.032
Serratia	0.056999999999999995	0.058	0.054	0.083	0.051000000000000004	0.048	0.065	0.024	0.034999999999999996	0.031	0.049	0.058	0.055	0.049	0.037	0.034	0.038	0.021	0.054	0.042	0.07200000000000001	0.034	0.036000000000000004	0.027999999999999997	0.091	0.036000000000000004	0.042	0.031	0.034	0.033	0.027	0.023	0.046	0.056999999999999995	0.055	0.054	0.048	0.042	0.043	0.04	0.083	0.087	0.08499999999999999	0.092	0.046	0.058	0.034999999999999996	0.06899999999999999
Georgenia	0.05	0.055	0.055	0.045	0.042	0.051000000000000004	0.047	0.025	0.026	0.031	0.038	0.05	0.051000000000000004	0.051000000000000004	0.038	0.023	0.049	0.039	0.042	0.046	0.05	0.044000000000000004	0.046	0.039	0.053	0.034999999999999996	0.049	0.047	0.06	0.04	0.04	0.034	0.049	0.068	0.056999999999999995	0.053	0.055999999999999994	0.055	0.051000000000000004	0.047	0.08099999999999999	0.068	0.08099999999999999	0.075	0.055999999999999994	0.079	0.038	0.06
Nitrobacter	0.042	0.056999999999999995	0.036000000000000004	0.034	0.041	0.037	0.11800000000000001	0.033	0.024	0.027	0.032	0.033	0.036000000000000004	0.04	0.021	0.024	0.042	0.164	0.042	0.034	0.047	0.03	0.042	0.03	0.131	0.034	0.039	0.13	0.07200000000000001	0.041	0.036000000000000004	0.034	0.021	0.038	0.027	0.026	0.027	0.02	0.027999999999999997	0.017	0.06899999999999999	0.075	0.075	0.06999999999999999	0.056999999999999995	0.11399999999999999	0.036000000000000004	0.064
Edaphobacter	0.023	0.013999999999999999	0.015	0.01	0.012	0.012	0.044000000000000004	0.011000000000000001	0.019	0.077	0.029	0.131	0.063	0.08	0.021	0.027999999999999997	0.048	0.22300000000000003	0.213	0.019	0.04	0.017	0.034	0.019	0.145	0.034999999999999996	0.089	0.09	0.026	0.024	0.025	0.048	0.021	0.06899999999999999	0.022000000000000002	0.029	0.022000000000000002	0.027	0.041	0.023	0.052	0.068	0.064	0.073	0.049	0.029	0.024	0.042
Labilithrix	0.065	0.044000000000000004	0.062	0.062	0.058	0.049	0.065	0.025	0.031	0.034	0.053	0.055	0.049	0.052	0.053	0.025	0.041	0.006999999999999999	0.033	0.045	0.038	0.031	0.04	0.022000000000000002	0.027	0.029	0.045	0.031	0.034	0.036000000000000004	0.034	0.023	0.054	0.058	0.074	0.064	0.061	0.039	0.055	0.039	0.105	0.121	0.077	0.098	0.038	0.043	0.042	0.066
Pararhizobium	0.048	0.047	0.06899999999999999	0.034999999999999996	0.051000000000000004	0.083	0.046	0.046	0.019	0.024	0.034999999999999996	0.04	0.036000000000000004	0.038	0.052	0.02	0.055999999999999994	0.053	0.031	0.055999999999999994	0.075	0.05	0.09	0.034	0.14400000000000002	0.06999999999999999	0.047	0.065	0.09	0.034999999999999996	0.047	0.037	0.022000000000000002	0.025	0.026	0.056999999999999995	0.027999999999999997	0.023	0.026	0.136	0.038	0.04	0.032	0.04	0.042	0.055	0.022000000000000002	0.033
Embleya	0.056999999999999995	0.049	0.044000000000000004	0.038	0.033	0.073	0.049	0.024	0.024	0.026	0.031	0.044000000000000004	0.044000000000000004	0.046	0.059000000000000004	0.021	0.05	0.037	0.04	0.053	0.046	0.044000000000000004	0.04	0.043	0.044000000000000004	0.034999999999999996	0.044000000000000004	0.04	0.046	0.077	0.039	0.042	0.058	0.065	0.06899999999999999	0.055	0.052	0.058	0.052	0.068	0.063	0.055999999999999994	0.084	0.06899999999999999	0.047	0.054	0.03	0.05
Ottowia	0.066	0.065	0.084	0.06	0.075	0.07100000000000001	0.046	0.027	0.037	0.041	0.06899999999999999	0.064	0.059000000000000004	0.051000000000000004	0.055	0.044000000000000004	0.032	0.013999999999999999	0.031	0.044000000000000004	0.036000000000000004	0.034999999999999996	0.038	0.027999999999999997	0.027	0.024	0.05	0.027	0.033	0.034	0.027	0.02	0.045	0.033	0.06	0.074	0.047	0.045	0.044000000000000004	0.066	0.066	0.068	0.06	0.07200000000000001	0.04	0.049	0.034	0.056999999999999995
Clostridium	0.042	0.053	0.068	0.048	0.065	0.073	0.061	0.128	0.034999999999999996	0.043	0.034999999999999996	0.041	0.038	0.034	0.047	0.046	0.021	0.037	0.037	0.022000000000000002	0.026	0.027	0.018000000000000002	0.03	0.027999999999999997	0.019	0.021	0.023	0.034	0.022000000000000002	0.034	0.025	0.079	0.068	0.059000000000000004	0.054	0.06999999999999999	0.097	0.068	0.147	0.043	0.034999999999999996	0.062	0.034	0.077	0.021	0.033	0.034
Usitatibacter	0.052	0.061	0.041	0.053	0.047	0.048	0.022000000000000002	0.016	0.021	0.017	0.025	0.034999999999999996	0.032	0.025	0.023	0.019	0.017	0.006999999999999999	0.017	0.02	0.017	0.019	0.018000000000000002	0.016	0.012	0.011000000000000001	0.023	0.013	0.022000000000000002	0.018000000000000002	0.016	0.011000000000000001	0.051000000000000004	0.043	0.16999999999999998	0.106	0.046	0.048	0.03	0.051000000000000004	0.182	0.08	0.07100000000000001	0.062	0.135	0.17500000000000002	0.031	0.16999999999999998
Rhizorhabdus	0.058	0.053	0.049	0.038	0.054	0.046	0.061	0.027	0.042	0.031	0.059000000000000004	0.056999999999999995	0.06899999999999999	0.06	0.045	0.031	0.047	0.03	0.048	0.048	0.042	0.039	0.045	0.036000000000000004	0.047	0.033	0.058	0.045	0.034999999999999996	0.044000000000000004	0.041	0.036000000000000004	0.042	0.049	0.037	0.068	0.049	0.04	0.043	0.033	0.052	0.064	0.062	0.062	0.046	0.054	0.025	0.051000000000000004
Brucella	0.039	0.041	0.039	0.027999999999999997	0.031	0.033	0.045	0.025	0.027999999999999997	0.025	0.031	0.044000000000000004	0.034999999999999996	0.03	0.025	0.022000000000000002	0.034	0.027999999999999997	0.038	0.033	0.151	0.11100000000000002	0.037	0.026	0.11100000000000002	0.027999999999999997	0.037	0.045	0.045	0.029	0.029	0.027999999999999997	0.026	0.264	0.032	0.036000000000000004	0.027	0.024	0.029	0.024	0.056999999999999995	0.062	0.055999999999999994	0.06899999999999999	0.036000000000000004	0.058	0.027999999999999997	0.056999999999999995
Aureimonas	0.048	0.05	0.06	0.043	0.051000000000000004	0.048	0.046	0.03	0.029	0.034999999999999996	0.044000000000000004	0.055	0.051000000000000004	0.047	0.038	0.026	0.039	0.027	0.044000000000000004	0.044000000000000004	0.044000000000000004	0.034	0.043	0.032	0.054	0.033	0.048	0.042	0.049	0.037	0.032	0.03	0.038	0.054	0.051000000000000004	0.048	0.041	0.038	0.043	0.031	0.078	0.08	0.078	0.079	0.051000000000000004	0.06999999999999999	0.032	0.066
Erythrobacter	0.061	0.058	0.056999999999999995	0.045	0.061	0.055999999999999994	0.064	0.034	0.031	0.03	0.047	0.053	0.059000000000000004	0.049	0.044000000000000004	0.029	0.044000000000000004	0.033	0.046	0.041	0.046	0.036000000000000004	0.048	0.034	0.06899999999999999	0.034999999999999996	0.042	0.045	0.042	0.041	0.039	0.029	0.034	0.046	0.04	0.043	0.04	0.032	0.037	0.027	0.059000000000000004	0.068	0.06	0.066	0.05	0.06	0.029	0.055
Trichoderma	0.027	0.07100000000000001	0.064	0.031	0.034	0.033	0.107	0.021	0.044000000000000004	0.019	0.06	0.06899999999999999	0.05	0.045	0.027	0.056999999999999995	0.04	0.02	0.027	0.027999999999999997	0.027	0.034999999999999996	0.021	0.019	0.031	0.031	0.03	0.029	0.024	0.027	0.019	0.018000000000000002	0.059000000000000004	0.092	0.034	0.053	0.099	0.039	0.026	0.05	0.037	0.122	0.046	0.161	0.084	0.03	0.026	0.046
Tunturiibacter	0.029	0.026	0.02	0.017	0.021	0.019	0.049	0.01	0.018000000000000002	0.065	0.027999999999999997	0.116	0.05	0.065	0.019	0.029	0.03	0.11499999999999999	0.117	0.016	0.025	0.013999999999999999	0.024	0.013999999999999999	0.074	0.022000000000000002	0.053	0.04	0.018000000000000002	0.017	0.019	0.027999999999999997	0.019	0.08	0.023	0.027999999999999997	0.022000000000000002	0.034	0.041	0.024	0.086	0.122	0.11499999999999999	0.13899999999999998	0.053	0.042	0.041	0.06899999999999999
Methylorubrum	0.044000000000000004	0.045	0.053	0.039	0.043	0.045	0.047	0.024	0.026	0.034	0.04	0.048	0.055	0.045	0.038	0.024	0.039	0.029	0.043	0.041	0.044000000000000004	0.033	0.038	0.03	0.043	0.042	0.05	0.042	0.048	0.033	0.033	0.027	0.037	0.055	0.049	0.046	0.049	0.039	0.046	0.034	0.073	0.076	0.079	0.078	0.052	0.068	0.034999999999999996	0.061
Methylocystis	0.049	0.049	0.048	0.039	0.041	0.041	0.055	0.025	0.027	0.034999999999999996	0.038	0.05	0.046	0.045	0.03	0.024	0.034999999999999996	0.027	0.047	0.034999999999999996	0.034999999999999996	0.027999999999999997	0.033	0.026	0.033	0.027999999999999997	0.044000000000000004	0.031	0.034	0.03	0.027999999999999997	0.025	0.034999999999999996	0.056999999999999995	0.044000000000000004	0.043	0.036000000000000004	0.034	0.041	0.032	0.089	0.099	0.10200000000000001	0.10200000000000001	0.055999999999999994	0.083	0.042	0.08
Polyangium	0.064	0.053	0.067	0.068	0.066	0.054	0.065	0.027999999999999997	0.032	0.027999999999999997	0.05	0.05	0.046	0.043	0.039	0.025	0.037	0.008	0.029	0.031	0.031	0.027	0.039	0.021	0.026	0.019	0.039	0.026	0.027999999999999997	0.037	0.025	0.017	0.048	0.055	0.055	0.054	0.05	0.034	0.043	0.036000000000000004	0.09	0.08800000000000001	0.07100000000000001	0.084	0.042	0.044000000000000004	0.036000000000000004	0.073
Spirosoma	0.05	0.042	0.06999999999999999	0.042	0.05	0.047	0.046	0.03	0.026	0.03	0.061	0.065	0.043	0.041	0.041	0.027	0.037	0.012	0.029	0.05	0.039	0.034999999999999996	0.029	0.031	0.033	0.027	0.045	0.031	0.038	0.03	0.03	0.025	0.06	0.036000000000000004	0.067	0.067	0.055999999999999994	0.078	0.063	0.052	0.061	0.06	0.04	0.055999999999999994	0.043	0.03	0.031	0.043
Paracidovorax	0.052	0.06	0.073	0.055	0.062	0.08	0.04	0.043	0.034	0.037	0.068	0.055	0.055999999999999994	0.049	0.055999999999999994	0.051000000000000004	0.029	0.013999999999999999	0.027999999999999997	0.042	0.034	0.034999999999999996	0.034999999999999996	0.023	0.025	0.024	0.046	0.024	0.032	0.029	0.024	0.019	0.04	0.032	0.058	0.065	0.041	0.039	0.042	0.055999999999999994	0.05	0.055	0.046	0.054	0.031	0.04	0.031	0.044000000000000004
Phycicoccus	0.062	0.043	0.053	0.042	0.034999999999999996	0.074	0.055999999999999994	0.023	0.02	0.026	0.027999999999999997	0.045	0.046	0.036000000000000004	0.038	0.02	0.034999999999999996	0.042	0.029	0.032	0.032	0.036000000000000004	0.034	0.031	0.037	0.026	0.034999999999999996	0.042	0.047	0.027999999999999997	0.03	0.021	0.031	0.041	0.04	0.034999999999999996	0.046	0.042	0.043	0.05	0.075	0.047	0.066	0.06899999999999999	0.082	0.10300000000000001	0.036000000000000004	0.059000000000000004
Ascochyta	0.023	0.055999999999999994	0.096	0.027999999999999997	0.067	0.038	0.034	0.03	0.013999999999999999	0.012	0.026	0.029	0.029	0.023	0.027	0.011000000000000001	0.037	0.086	0.038	0.053	0.051000000000000004	0.022000000000000002	0.077	0.017	0.075	0.08499999999999999	0.046	0.023	0.058	0.013999999999999999	0.076	0.055	0.104	0.059000000000000004	0.11499999999999999	0.045	0.074	0.07100000000000001	0.018000000000000002	0.034	0.021	0.025	0.023	0.02	0.025	0.011000000000000001	0.024	0.021
Solwaraspora	0.034999999999999996	0.036000000000000004	0.041	0.034	0.026	0.033	0.034999999999999996	0.023	0.019	0.022000000000000002	0.027	0.053	0.04	0.047	0.039	0.017	0.05	0.029	0.036000000000000004	0.054	0.068	0.045	0.047	0.041	0.047	0.036000000000000004	0.045	0.046	0.049	0.047	0.034	0.049	0.046	0.055	0.064	0.041	0.055999999999999994	0.064	0.055999999999999994	0.047	0.047	0.049	0.052	0.06	0.043	0.044000000000000004	0.027	0.04
Qipengyuania	0.051000000000000004	0.055999999999999994	0.064	0.041	0.052	0.054	0.064	0.036000000000000004	0.03	0.03	0.043	0.05	0.054	0.047	0.043	0.027	0.041	0.031	0.041	0.037	0.042	0.033	0.045	0.033	0.065	0.031	0.039	0.042	0.036000000000000004	0.037	0.036000000000000004	0.027999999999999997	0.029	0.043	0.04	0.04	0.037	0.031	0.036000000000000004	0.027	0.056999999999999995	0.06	0.052	0.056999999999999995	0.044000000000000004	0.053	0.025	0.048
Kocuria	0.044000000000000004	0.04	0.046	0.041	0.036000000000000004	0.039	0.042	0.024	0.026	0.025	0.031	0.046	0.043	0.044000000000000004	0.036000000000000004	0.02	0.043	0.037	0.034999999999999996	0.037	0.042	0.037	0.038	0.033	0.045	0.031	0.041	0.041	0.044000000000000004	0.034999999999999996	0.031	0.029	0.042	0.056999999999999995	0.046	0.044000000000000004	0.047	0.05	0.045	0.042	0.07100000000000001	0.06	0.064	0.065	0.05	0.066	0.032	0.055
Vibrio	0.058	0.058	0.055999999999999994	0.044000000000000004	0.063	0.05	0.061	0.054	0.029	0.032	0.046	0.055	0.046	0.043	0.036000000000000004	0.03	0.027	0.021	0.034	0.029	0.029	0.027999999999999997	0.027	0.026	0.03	0.025	0.03	0.024	0.029	0.025	0.025	0.021	0.053	0.05	0.044000000000000004	0.047	0.034	0.036000000000000004	0.041	0.045	0.061	0.06899999999999999	0.067	0.064	0.056999999999999995	0.043	0.033	0.076
Oryzobacter	0.06899999999999999	0.045	0.05	0.051000000000000004	0.031	0.08499999999999999	0.059000000000000004	0.026	0.019	0.024	0.027999999999999997	0.048	0.045	0.029	0.045	0.021	0.034999999999999996	0.041	0.021	0.032	0.027	0.043	0.032	0.029	0.034999999999999996	0.025	0.034999999999999996	0.043	0.052	0.027	0.033	0.02	0.022000000000000002	0.027999999999999997	0.033	0.03	0.041	0.032	0.04	0.044000000000000004	0.067	0.031	0.048	0.06	0.1	0.10300000000000001	0.033	0.059000000000000004
Pimelobacter	0.044000000000000004	0.034	0.043	0.037	0.034999999999999996	0.043	0.043	0.021	0.021	0.023	0.027999999999999997	0.042	0.043	0.038	0.039	0.018000000000000002	0.047	0.041	0.034999999999999996	0.043	0.05	0.043	0.045	0.038	0.054	0.034999999999999996	0.046	0.053	0.056999999999999995	0.041	0.038	0.032	0.033	0.052	0.046	0.045	0.046	0.042	0.046	0.046	0.056999999999999995	0.044000000000000004	0.054	0.049	0.044000000000000004	0.054	0.027	0.04
Tistrella	0.048	0.045	0.039	0.039	0.041	0.04	0.044000000000000004	0.02	0.027999999999999997	0.029	0.038	0.048	0.043	0.044000000000000004	0.032	0.036000000000000004	0.034	0.021	0.04	0.034999999999999996	0.031	0.029	0.034999999999999996	0.027	0.031	0.024	0.042	0.031	0.033	0.03	0.027	0.024	0.039	0.055	0.043	0.047	0.04	0.034	0.04	0.03	0.075	0.08	0.08	0.084	0.047	0.055999999999999994	0.032	0.061
Leptothrix	0.052	0.053	0.08099999999999999	0.058	0.068	0.06	0.039	0.026	0.038	0.049	0.084	0.064	0.055	0.054	0.063	0.046	0.021	0.006999999999999999	0.029	0.037	0.022000000000000002	0.033	0.026	0.019	0.017	0.018000000000000002	0.041	0.015	0.018000000000000002	0.026	0.023	0.015	0.038	0.026	0.048	0.062	0.043	0.037	0.041	0.042	0.048	0.054	0.045	0.055999999999999994	0.029	0.031	0.037	0.045
Haliangium	0.049	0.04	0.046	0.061	0.055	0.048	0.037	0.02	0.038	0.041	0.043	0.054	0.052	0.058	0.024	0.032	0.034	0.009000000000000001	0.029	0.027999999999999997	0.029	0.019	0.03	0.016	0.02	0.017	0.03	0.024	0.026	0.023	0.019	0.011000000000000001	0.044000000000000004	0.078	0.049	0.055999999999999994	0.052	0.038	0.038	0.027999999999999997	0.073	0.08099999999999999	0.08099999999999999	0.078	0.032	0.032	0.048	0.065
Saccharomonospora	0.029	0.026	0.033	0.027	0.021	0.027999999999999997	0.029	0.017	0.018000000000000002	0.02	0.024	0.027999999999999997	0.036000000000000004	0.034999999999999996	0.034999999999999996	0.013999999999999999	0.07100000000000001	0.046	0.038	0.079	0.051000000000000004	0.062	0.045	0.066	0.052	0.044000000000000004	0.048	0.043	0.052	0.053	0.052	0.065	0.036000000000000004	0.055999999999999994	0.039	0.039	0.041	0.048	0.037	0.047	0.045	0.038	0.046	0.043	0.034	0.042	0.021	0.034999999999999996
Plantibacter	0.036000000000000004	0.044000000000000004	0.099	0.037	0.068	0.077	0.053	0.055999999999999994	0.016	0.02	0.03	0.052	0.034999999999999996	0.031	0.042	0.033	0.043	0.04	0.023	0.039	0.056999999999999995	0.032	0.079	0.041	0.083	0.065	0.046	0.064	0.08800000000000001	0.024	0.024	0.024	0.016	0.023	0.02	0.018000000000000002	0.026	0.02	0.024	0.02	0.032	0.031	0.03	0.033	0.043	0.046	0.019	0.023
Aspergillus	0.03	0.048	0.062	0.027999999999999997	0.033	0.032	0.037	0.03	0.034	0.018000000000000002	0.047	0.077	0.067	0.051000000000000004	0.048	0.023	0.036000000000000004	0.029	0.046	0.03	0.027999999999999997	0.024	0.025	0.025	0.036000000000000004	0.038	0.033	0.026	0.031	0.023	0.022000000000000002	0.021	0.063	0.093	0.045	0.056999999999999995	0.039	0.048	0.03	0.064	0.056999999999999995	0.075	0.041	0.045	0.036000000000000004	0.021	0.026	0.036000000000000004
Botrytis	0.031	0.058	0.066	0.024	0.034999999999999996	0.024	0.032	0.024	0.017	0.01	0.032	0.11299999999999999	0.10200000000000001	0.049	0.051000000000000004	0.017	0.027	0.025	0.061	0.029	0.017	0.013999999999999999	0.02	0.017	0.034999999999999996	0.03	0.034999999999999996	0.03	0.019	0.009000000000000001	0.013999999999999999	0.01	0.077	0.125	0.012	0.047	0.018000000000000002	0.02	0.019	0.07100000000000001	0.092	0.125	0.04	0.041	0.036000000000000004	0.012	0.031	0.055
Podospora	0.031	0.125	0.074	0.034	0.031	0.03	0.043	0.052	0.04	0.01	0.06999999999999999	0.055999999999999994	0.04	0.055	0.025	0.024	0.038	0.025	0.029	0.025	0.034	0.026	0.026	0.023	0.024	0.054	0.027999999999999997	0.034999999999999996	0.024	0.027999999999999997	0.02	0.011000000000000001	0.045	0.046	0.03	0.054	0.024	0.03	0.02	0.041	0.036000000000000004	0.067	0.036000000000000004	0.051000000000000004	0.047	0.124	0.02	0.033
Chromobacterium	0.046	0.05	0.055	0.044000000000000004	0.049	0.046	0.045	0.025	0.029	0.029	0.046	0.046	0.045	0.044000000000000004	0.037	0.027999999999999997	0.031	0.019	0.034999999999999996	0.033	0.029	0.031	0.032	0.026	0.029	0.023	0.034999999999999996	0.026	0.03	0.027999999999999997	0.025	0.021	0.036000000000000004	0.044000000000000004	0.043	0.044000000000000004	0.036000000000000004	0.034	0.034999999999999996	0.034999999999999996	0.065	0.07100000000000001	0.068	0.07200000000000001	0.041	0.051000000000000004	0.033	0.06
Pseudoluteimonas	0.147	0.311	0.121	0.096	0.134	0.129	0.246	0.17700000000000002	0.006999999999999999	0.006999999999999999	0.01	0.017	0.013	0.011000000000000001	0.011000000000000001	0.006	0.022000000000000002	0.03	0.013999999999999999	0.013	0.015	0.018000000000000002	0.013999999999999999	0.008	0.038	0.009000000000000001	0.011000000000000001	0.045	0.017	0.026	0.009000000000000001	0.006999999999999999	0.008	0.011000000000000001	0.006	0.011000000000000001	0.008	0.006	0.008	0.006	0.01	0.013999999999999999	0.01	0.012	0.008	0.01	0.006	0.01
Frigoribacterium	0.034999999999999996	0.041	0.063	0.029	0.047	0.036000000000000004	0.059000000000000004	0.027	0.019	0.03	0.027999999999999997	0.06	0.05	0.042	0.042	0.018000000000000002	0.046	0.047	0.033	0.037	0.042	0.031	0.04	0.03	0.051000000000000004	0.032	0.041	0.049	0.049	0.031	0.031	0.027	0.027999999999999997	0.039	0.03	0.029	0.04	0.033	0.038	0.029	0.05	0.058	0.04	0.048	0.044000000000000004	0.056999999999999995	0.027	0.034999999999999996
Citrobacter	0.042	0.049	0.034	0.033	0.033	0.03	0.043	0.021	0.019	0.025	0.031	0.061	0.044000000000000004	0.045	0.023	0.019	0.031	0.016	0.036000000000000004	0.034999999999999996	0.026	0.026	0.033	0.02	0.026	0.025	0.034999999999999996	0.021	0.034999999999999996	0.021	0.021	0.015	0.038	0.051000000000000004	0.042	0.045	0.038	0.036000000000000004	0.034999999999999996	0.037	0.067	0.063	0.08	0.079	0.06	0.087	0.025	0.061
Stappia	0.041	0.044000000000000004	0.042	0.036000000000000004	0.034	0.036000000000000004	0.044000000000000004	0.021	0.021	0.025	0.034	0.042	0.044000000000000004	0.038	0.027	0.018000000000000002	0.031	0.02	0.037	0.033	0.032	0.026	0.032	0.026	0.034999999999999996	0.023	0.039	0.033	0.038	0.029	0.027999999999999997	0.025	0.03	0.049	0.045	0.043	0.03	0.029	0.034999999999999996	0.025	0.07100000000000001	0.074	0.074	0.075	0.044000000000000004	0.066	0.029	0.056999999999999995
Paludisphaera	0.036000000000000004	0.025	0.025	0.023	0.018000000000000002	0.038	0.043	0.013	0.02	0.032	0.026	0.045	0.042	0.045	0.029	0.018000000000000002	0.037	0.124	0.046	0.022000000000000002	0.03	0.018000000000000002	0.034	0.018000000000000002	0.045	0.047	0.052	0.041	0.032	0.025	0.026	0.022000000000000002	0.019	0.038	0.021	0.02	0.026	0.019	0.023	0.018000000000000002	0.08099999999999999	0.052	0.08	0.056999999999999995	0.068	0.11100000000000002	0.023	0.055999999999999994
Mycolicibacter	0.034	0.025	0.033	0.027999999999999997	0.021	0.032	0.038	0.018000000000000002	0.018000000000000002	0.024	0.031	0.039	0.04	0.044000000000000004	0.039	0.018000000000000002	0.041	0.043	0.038	0.029	0.034	0.034	0.033	0.036000000000000004	0.041	0.039	0.043	0.034999999999999996	0.051000000000000004	0.034	0.034	0.033	0.039	0.053	0.038	0.04	0.041	0.041	0.037	0.034999999999999996	0.05	0.034999999999999996	0.055999999999999994	0.049	0.05	0.054	0.025	0.041
Luteolibacter	0.054	0.04	0.05	0.036000000000000004	0.046	0.059000000000000004	0.048	0.027999999999999997	0.025	0.022000000000000002	0.061	0.059000000000000004	0.055999999999999994	0.034	0.044000000000000004	0.029	0.036000000000000004	0.017	0.027	0.027	0.038	0.03	0.039	0.024	0.045	0.037	0.029	0.04	0.053	0.029	0.03	0.017	0.029	0.027	0.029	0.04	0.025	0.02	0.02	0.02	0.053	0.052	0.038	0.047	0.036000000000000004	0.047	0.019	0.047
Polymorphospora	0.027	0.027999999999999997	0.034	0.026	0.023	0.027999999999999997	0.027999999999999997	0.018000000000000002	0.015	0.019	0.022000000000000002	0.046	0.033	0.037	0.031	0.013999999999999999	0.043	0.025	0.033	0.049	0.06	0.04	0.04	0.039	0.04	0.033	0.043	0.041	0.043	0.04	0.027999999999999997	0.044000000000000004	0.038	0.046	0.059000000000000004	0.04	0.047	0.055999999999999994	0.045	0.039	0.039	0.034	0.044000000000000004	0.044000000000000004	0.036000000000000004	0.047	0.02	0.032
Jatrophihabitans	0.032	0.027999999999999997	0.025	0.021	0.021	0.031	0.04	0.012	0.016	0.037	0.02	0.061	0.045	0.049	0.021	0.017	0.03	0.11499999999999999	0.068	0.022000000000000002	0.022000000000000002	0.019	0.031	0.023	0.044000000000000004	0.019	0.034999999999999996	0.039	0.034999999999999996	0.023	0.023	0.031	0.026	0.07200000000000001	0.027	0.026	0.03	0.034	0.04	0.033	0.05	0.061	0.082	0.059000000000000004	0.029	0.043	0.031	0.038
Tessaracoccus	0.04	0.033	0.038	0.031	0.027	0.039	0.036000000000000004	0.018000000000000002	0.019	0.025	0.027	0.04	0.036000000000000004	0.034	0.027	0.018000000000000002	0.036000000000000004	0.065	0.029	0.033	0.034	0.03	0.032	0.027	0.04	0.027	0.036000000000000004	0.04	0.044000000000000004	0.03	0.029	0.021	0.032	0.046	0.038	0.034	0.036000000000000004	0.033	0.034	0.032	0.062	0.054	0.062	0.054	0.04	0.06	0.027999999999999997	0.049
Lacipirellula	0.034	0.027	0.021	0.027	0.031	0.021	0.036000000000000004	0.012	0.015	0.006	0.017	0.03	0.027999999999999997	0.01	0.025	0.009000000000000001	0.07200000000000001	0.022000000000000002	0.013999999999999999	0.045	0.086	0.053	0.061	0.047	0.075	0.026	0.058	0.078	0.11900000000000001	0.067	0.041	0.03	0.02	0.021	0.047	0.051000000000000004	0.03	0.027	0.02	0.031	0.044000000000000004	0.031	0.03	0.033	0.022000000000000002	0.034	0.01	0.039
Thermothielavioides	0.033	0.064	0.07200000000000001	0.036000000000000004	0.036000000000000004	0.034999999999999996	0.042	0.022000000000000002	0.024	0.009000000000000001	0.07100000000000001	0.04	0.021	0.053	0.02	0.019	0.045	0.032	0.019	0.023	0.033	0.038	0.027	0.025	0.022000000000000002	0.06999999999999999	0.034999999999999996	0.05	0.027	0.042	0.016	0.01	0.034999999999999996	0.033	0.031	0.055	0.022000000000000002	0.029	0.021	0.041	0.026	0.07200000000000001	0.041	0.061	0.043	0.062	0.016	0.027999999999999997
Thermomonospora	0.03	0.04	0.034	0.037	0.032	0.036000000000000004	0.029	0.018000000000000002	0.019	0.021	0.03	0.023	0.039	0.05	0.032	0.019	0.03	0.023	0.031	0.027999999999999997	0.024	0.026	0.022000000000000002	0.025	0.029	0.021	0.026	0.022000000000000002	0.025	0.031	0.024	0.027999999999999997	0.075	0.063	0.048	0.062	0.055999999999999994	0.064	0.067	0.06899999999999999	0.047	0.036000000000000004	0.053	0.047	0.033	0.034	0.025	0.031
Nibricoccus	0.038	0.033	0.042	0.041	0.079	0.038	0.084	0.168	0.02	0.019	0.056999999999999995	0.025	0.025	0.022000000000000002	0.018000000000000002	0.02	0.029	0.012	0.027	0.031	0.046	0.027	0.051000000000000004	0.024	0.062	0.011000000000000001	0.02	0.015	0.027999999999999997	0.022000000000000002	0.02	0.013	0.025	0.02	0.03	0.029	0.021	0.026	0.027	0.017	0.049	0.044000000000000004	0.039	0.05	0.033	0.034999999999999996	0.019	0.04
Paenarthrobacter	0.042	0.053	0.055	0.027	0.04	0.042	0.046	0.07200000000000001	0.013999999999999999	0.019	0.022000000000000002	0.03	0.033	0.031	0.027	0.015	0.039	0.032	0.027999999999999997	0.034	0.03	0.029	0.034999999999999996	0.034999999999999996	0.042	0.027	0.027999999999999997	0.04	0.038	0.03	0.032	0.024	0.027999999999999997	0.034999999999999996	0.034999999999999996	0.03	0.034999999999999996	0.031	0.031	0.03	0.043	0.034999999999999996	0.046	0.045	0.034999999999999996	0.049	0.019	0.046
Bifidobacterium	0.043	0.034999999999999996	0.041	0.034999999999999996	0.033	0.034	0.04	0.02	0.021	0.023	0.029	0.043	0.036000000000000004	0.034999999999999996	0.029	0.017	0.034	0.023	0.032	0.03	0.03	0.026	0.03	0.026	0.031	0.025	0.038	0.029	0.029	0.027999999999999997	0.027	0.022000000000000002	0.033	0.046	0.039	0.037	0.034999999999999996	0.034999999999999996	0.036000000000000004	0.034	0.056999999999999995	0.055999999999999994	0.055	0.055999999999999994	0.039	0.053	0.027	0.049
Roseibium	0.037	0.041	0.041	0.03	0.038	0.032	0.042	0.021	0.021	0.025	0.033	0.042	0.036000000000000004	0.034	0.027	0.017	0.03	0.02	0.037	0.027999999999999997	0.03	0.024	0.027999999999999997	0.025	0.036000000000000004	0.025	0.034999999999999996	0.03	0.033	0.025	0.024	0.023	0.025	0.042	0.034999999999999996	0.036000000000000004	0.027999999999999997	0.029	0.031	0.027999999999999997	0.063	0.068	0.063	0.068	0.041	0.052	0.027	0.051000000000000004
Thermothelomyces	0.027999999999999997	0.06	0.06999999999999999	0.031	0.031	0.029	0.039	0.02	0.027	0.008	0.062	0.044000000000000004	0.034999999999999996	0.046	0.02	0.019	0.039	0.039	0.023	0.022000000000000002	0.027999999999999997	0.032	0.023	0.022000000000000002	0.023	0.086	0.033	0.042	0.023	0.034999999999999996	0.015	0.011000000000000001	0.034999999999999996	0.034	0.024	0.052	0.02	0.026	0.018000000000000002	0.047	0.034999999999999996	0.07200000000000001	0.034	0.045	0.037	0.051000000000000004	0.017	0.029
Aquisphaera	0.04	0.031	0.03	0.027	0.021	0.033	0.047	0.013	0.021	0.027999999999999997	0.025	0.034999999999999996	0.04	0.04	0.021	0.019	0.021	0.023	0.031	0.018000000000000002	0.017	0.016	0.02	0.013999999999999999	0.019	0.018000000000000002	0.029	0.02	0.02	0.015	0.019	0.013	0.025	0.051000000000000004	0.024	0.024	0.03	0.025	0.026	0.021	0.101	0.063	0.126	0.074	0.067	0.09	0.029	0.074
Frigoriglobus	0.042	0.027999999999999997	0.031	0.029	0.027	0.03	0.043	0.011000000000000001	0.024	0.022000000000000002	0.033	0.033	0.039	0.043	0.022000000000000002	0.019	0.019	0.008	0.025	0.02	0.013999999999999999	0.017	0.018000000000000002	0.013999999999999999	0.012	0.012	0.029	0.012	0.016	0.016	0.02	0.01	0.037	0.049	0.03	0.032	0.036000000000000004	0.026	0.03	0.025	0.101	0.092	0.11399999999999999	0.091	0.063	0.062	0.032	0.06999999999999999
Frateuria	0.039	0.036000000000000004	0.033	0.033	0.034	0.029	0.046	0.023	0.022000000000000002	0.03	0.029	0.052	0.051000000000000004	0.034	0.027	0.018000000000000002	0.034	0.117	0.059000000000000004	0.021	0.047	0.022000000000000002	0.038	0.018000000000000002	0.051000000000000004	0.06899999999999999	0.065	0.051000000000000004	0.02	0.023	0.018000000000000002	0.03	0.019	0.027999999999999997	0.016	0.02	0.02	0.013	0.021	0.013	0.034	0.044000000000000004	0.033	0.037	0.021	0.027	0.018000000000000002	0.03
Azoarcus	0.041	0.042	0.042	0.037	0.043	0.04	0.037	0.018000000000000002	0.025	0.026	0.038	0.04	0.04	0.036000000000000004	0.027999999999999997	0.025	0.026	0.013999999999999999	0.027	0.027999999999999997	0.023	0.023	0.025	0.019	0.02	0.018000000000000002	0.031	0.02	0.024	0.023	0.02	0.016	0.03	0.038	0.039	0.04	0.032	0.029	0.029	0.027999999999999997	0.064	0.061	0.06	0.065	0.038	0.052	0.029	0.052
Paradevosia	0.047	0.051000000000000004	0.051000000000000004	0.031	0.043	0.033	0.074	0.044000000000000004	0.019	0.026	0.034	0.049	0.036000000000000004	0.03	0.032	0.015	0.034	0.023	0.04	0.029	0.038	0.025	0.034999999999999996	0.03	0.05	0.031	0.031	0.036000000000000004	0.04	0.027999999999999997	0.025	0.027	0.025	0.026	0.027999999999999997	0.027	0.025	0.022000000000000002	0.033	0.018000000000000002	0.034	0.043	0.029	0.037	0.027	0.039	0.015	0.036000000000000004
Kibdelosporangium	0.013	0.013999999999999999	0.012	0.01	0.013	0.012	0.013	0.006999999999999999	0.013999999999999999	0.01	0.011000000000000001	0.015	0.022000000000000002	0.02	0.026	0.008	0.066	0.024	0.036000000000000004	0.075	0.033	0.06	0.037	0.073	0.042	0.038	0.038	0.03	0.04	0.068	0.041	0.089	0.027999999999999997	0.041	0.022000000000000002	0.023	0.023	0.032	0.02	0.266	0.017	0.016	0.018000000000000002	0.017	0.013	0.016	0.009000000000000001	0.015
Bacteroides	0.051000000000000004	0.034	0.047	0.036000000000000004	0.047	0.043	0.06	0.038	0.022000000000000002	0.031	0.031	0.045	0.036000000000000004	0.033	0.032	0.022000000000000002	0.024	0.012	0.027	0.031	0.023	0.034	0.019	0.027999999999999997	0.015	0.018000000000000002	0.03	0.015	0.023	0.029	0.024	0.022000000000000002	0.05	0.026	0.045	0.052	0.032	0.044000000000000004	0.04	0.037	0.044000000000000004	0.048	0.034999999999999996	0.041	0.031	0.021	0.019	0.034999999999999996
Remersonia	0.027	0.054	0.07200000000000001	0.039	0.031	0.034	0.039	0.022000000000000002	0.024	0.009000000000000001	0.07100000000000001	0.034	0.022000000000000002	0.05	0.021	0.02	0.045	0.019	0.017	0.023	0.033	0.034999999999999996	0.027999999999999997	0.023	0.021	0.039	0.036000000000000004	0.046	0.027999999999999997	0.039	0.013999999999999999	0.009000000000000001	0.042	0.029	0.027	0.06	0.022000000000000002	0.03	0.022000000000000002	0.042	0.026	0.052	0.027999999999999997	0.048	0.037	0.053	0.013	0.022000000000000002
Frankia	0.03	0.032	0.034	0.027999999999999997	0.025	0.031	0.034	0.017	0.017	0.021	0.023	0.036000000000000004	0.033	0.036000000000000004	0.025	0.016	0.034	0.025	0.03	0.032	0.033	0.03	0.031	0.026	0.031	0.023	0.032	0.027	0.033	0.03	0.027999999999999997	0.027	0.037	0.051000000000000004	0.039	0.034999999999999996	0.036000000000000004	0.041	0.038	0.034	0.049	0.043	0.058	0.053	0.037	0.047	0.027	0.04
Skermanella	0.033	0.032	0.036000000000000004	0.03	0.031	0.039	0.032	0.015	0.022000000000000002	0.021	0.033	0.033	0.036000000000000004	0.034999999999999996	0.029	0.018000000000000002	0.03	0.018000000000000002	0.03	0.027	0.024	0.026	0.027	0.025	0.029	0.021	0.033	0.027	0.029	0.027	0.026	0.026	0.027999999999999997	0.042	0.034	0.034999999999999996	0.033	0.029	0.031	0.027999999999999997	0.061	0.058	0.062	0.061	0.036000000000000004	0.051000000000000004	0.024	0.045
Staphylococcus	0.027999999999999997	0.106	0.033	0.023	0.026	0.034999999999999996	0.034999999999999996	0.056999999999999995	0.029	0.08800000000000001	0.021	0.043	0.026	0.024	0.024	0.027999999999999997	0.013	0.02	0.03	0.017	0.019	0.019	0.012	0.038	0.018000000000000002	0.013	0.012	0.023	0.016	0.013999999999999999	0.02	0.011000000000000001	0.045	0.034999999999999996	0.037	0.031	0.03	0.034	0.04	0.053	0.029	0.026	0.045	0.033	0.077	0.013999999999999999	0.021	0.074
Planctomyces	0.037	0.029	0.03	0.029	0.023	0.039	0.034999999999999996	0.016	0.019	0.025	0.027	0.034	0.036000000000000004	0.038	0.026	0.018000000000000002	0.031	0.032	0.027999999999999997	0.022000000000000002	0.032	0.021	0.027	0.019	0.03	0.027	0.033	0.031	0.038	0.026	0.026	0.015	0.022000000000000002	0.038	0.025	0.025	0.027999999999999997	0.022000000000000002	0.025	0.022000000000000002	0.074	0.048	0.074	0.052	0.046	0.06999999999999999	0.021	0.052
Phreatobacter	0.031	0.034	0.034999999999999996	0.027	0.027999999999999997	0.027999999999999997	0.034	0.017	0.019	0.023	0.029	0.044000000000000004	0.04	0.033	0.025	0.019	0.031	0.019	0.032	0.027999999999999997	0.027	0.025	0.03	0.025	0.031	0.02	0.034	0.029	0.031	0.022000000000000002	0.023	0.02	0.024	0.037	0.034999999999999996	0.033	0.027999999999999997	0.024	0.027999999999999997	0.022000000000000002	0.055999999999999994	0.061	0.059000000000000004	0.058	0.043	0.055999999999999994	0.027999999999999997	0.051000000000000004
Jiangella	0.03	0.027	0.032	0.027	0.024	0.03	0.027	0.017	0.017	0.02	0.022000000000000002	0.033	0.031	0.034	0.027999999999999997	0.013999999999999999	0.034999999999999996	0.027999999999999997	0.029	0.033	0.034	0.031	0.032	0.03	0.034999999999999996	0.025	0.032	0.032	0.037	0.032	0.027999999999999997	0.027	0.034999999999999996	0.049	0.037	0.034	0.037	0.038	0.034999999999999996	0.033	0.049	0.039	0.05	0.042	0.034999999999999996	0.045	0.022000000000000002	0.037
Puia	0.021	0.021	0.02	0.013999999999999999	0.013999999999999999	0.01	0.031	0.012	0.018000000000000002	0.037	0.032	0.079	0.027999999999999997	0.036000000000000004	0.015	0.022000000000000002	0.025	0.006999999999999999	0.06899999999999999	0.013	0.016	0.011000000000000001	0.02	0.011000000000000001	0.012	0.009000000000000001	0.08099999999999999	0.004	0.006999999999999999	0.012	0.013999999999999999	0.013	0.02	0.027999999999999997	0.016	0.031	0.012	0.02	0.029	0.013999999999999999	0.056999999999999995	0.207	0.074	0.128	0.043	0.019	0.037	0.058
Dietzia	0.034	0.032	0.036000000000000004	0.03	0.027999999999999997	0.03	0.027	0.016	0.017	0.02	0.023	0.036000000000000004	0.033	0.033	0.026	0.015	0.034999999999999996	0.025	0.027	0.031	0.031	0.027999999999999997	0.029	0.027	0.034	0.025	0.033	0.03	0.034999999999999996	0.027999999999999997	0.027	0.023	0.032	0.043	0.037	0.034999999999999996	0.034	0.033	0.033	0.031	0.051000000000000004	0.045	0.053	0.048	0.034	0.049	0.023	0.04
Micrococcus	0.04	0.031	0.037	0.029	0.027	0.062	0.032	0.019	0.016	0.02	0.022000000000000002	0.031	0.034	0.029	0.022000000000000002	0.016	0.029	0.027999999999999997	0.025	0.027999999999999997	0.03	0.025	0.026	0.024	0.032	0.02	0.029	0.027	0.039	0.023	0.022000000000000002	0.021	0.029	0.044000000000000004	0.034	0.027999999999999997	0.034	0.033	0.032	0.031	0.053	0.047	0.052	0.046	0.034999999999999996	0.047	0.039	0.041
Sulfitobacter	0.037	0.038	0.037	0.033	0.033	0.032	0.04	0.017	0.02	0.024	0.031	0.042	0.034	0.03	0.025	0.018000000000000002	0.025	0.018000000000000002	0.03	0.027	0.029	0.024	0.03	0.022000000000000002	0.03	0.021	0.03	0.027999999999999997	0.027999999999999997	0.027999999999999997	0.023	0.02	0.027999999999999997	0.036000000000000004	0.032	0.033	0.03	0.026	0.026	0.025	0.055999999999999994	0.06	0.053	0.059000000000000004	0.034999999999999996	0.045	0.025	0.047
Alternaria	0.018000000000000002	0.036000000000000004	0.08	0.025	0.042	0.031	0.03	0.034999999999999996	0.01	0.01	0.02	0.019	0.018000000000000002	0.017	0.023	0.006999999999999999	0.025	0.064	0.027999999999999997	0.032	0.041	0.013	0.044000000000000004	0.012	0.049	0.047	0.025	0.015	0.047	0.01	0.039	0.036000000000000004	0.084	0.047	0.08800000000000001	0.033	0.06	0.061	0.013	0.029	0.017	0.019	0.019	0.016	0.02	0.008	0.016	0.017
Pigmentiphaga	0.034	0.037	0.049	0.027999999999999997	0.034999999999999996	0.037	0.032	0.016	0.023	0.025	0.037	0.04	0.038	0.034	0.034	0.022000000000000002	0.024	0.017	0.025	0.031	0.029	0.024	0.033	0.018000000000000002	0.023	0.024	0.032	0.02	0.03	0.024	0.018000000000000002	0.016	0.027	0.031	0.036000000000000004	0.038	0.03	0.027	0.026	0.026	0.046	0.052	0.05	0.051000000000000004	0.029	0.042	0.024	0.043
Terriglobus	0.021	0.019	0.019	0.02	0.013999999999999999	0.017	0.032	0.009000000000000001	0.012	0.034999999999999996	0.019	0.06	0.032	0.059000000000000004	0.013999999999999999	0.019	0.017	0.021	0.055999999999999994	0.011000000000000001	0.013999999999999999	0.008	0.013	0.009000000000000001	0.017	0.011000000000000001	0.032	0.011000000000000001	0.009000000000000001	0.013	0.011000000000000001	0.013	0.015	0.048	0.017	0.021	0.017	0.02	0.027	0.016	0.122	0.128	0.074	0.16999999999999998	0.029	0.037	0.025	0.049
Actinoalloteichus	0.024	0.023	0.023	0.022000000000000002	0.021	0.023	0.023	0.013999999999999999	0.015	0.016	0.019	0.026	0.029	0.027999999999999997	0.025	0.013	0.05	0.029	0.027	0.05	0.038	0.048	0.034	0.047	0.039	0.031	0.038	0.033	0.04	0.037	0.034999999999999996	0.041	0.032	0.041	0.033	0.031	0.034999999999999996	0.039	0.03	0.036000000000000004	0.034999999999999996	0.03	0.036000000000000004	0.034	0.026	0.033	0.017	0.027999999999999997
Plasmodium	0.033	0.041	0.04	0.034	0.041	0.049	0.048	0.087	0.03	0.04	0.03	0.026	0.038	0.026	0.037	0.041	0.013999999999999999	0.036000000000000004	0.031	0.017	0.021	0.023	0.012	0.027999999999999997	0.027	0.017	0.018000000000000002	0.013999999999999999	0.024	0.02	0.025	0.022000000000000002	0.042	0.033	0.034999999999999996	0.031	0.023	0.027999999999999997	0.027	0.056999999999999995	0.022000000000000002	0.02	0.029	0.016	0.051000000000000004	0.012	0.029	0.022000000000000002
Sphaerisporangium	0.039	0.041	0.076	0.029	0.017	0.02	0.023	0.022000000000000002	0.013999999999999999	0.012	0.024	0.02	0.032	0.025	0.034	0.011000000000000001	0.025	0.017	0.022000000000000002	0.027	0.022000000000000002	0.023	0.019	0.022000000000000002	0.021	0.018000000000000002	0.021	0.018000000000000002	0.02	0.022000000000000002	0.02	0.022000000000000002	0.046	0.047	0.054	0.039	0.14100000000000001	0.063	0.036000000000000004	0.046	0.029	0.024	0.031	0.029	0.034	0.03	0.013999999999999999	0.023
Kineococcus	0.026	0.032	0.053	0.027999999999999997	0.044000000000000004	0.036000000000000004	0.032	0.02	0.016	0.017	0.022000000000000002	0.031	0.03	0.031	0.021	0.013	0.029	0.026	0.022000000000000002	0.031	0.029	0.026	0.027	0.026	0.034	0.025	0.027999999999999997	0.03	0.034	0.024	0.023	0.021	0.038	0.04	0.036000000000000004	0.029	0.041	0.042	0.034	0.033	0.041	0.034999999999999996	0.044000000000000004	0.037	0.031	0.039	0.025	0.031
Telluria	0.038	0.056999999999999995	0.047	0.029	0.046	0.044000000000000004	0.045	0.024	0.019	0.02	0.034999999999999996	0.029	0.027999999999999997	0.027	0.05	0.021	0.025	0.052	0.02	0.023	0.026	0.026	0.038	0.027999999999999997	0.096	0.026	0.024	0.047	0.037	0.021	0.017	0.022000000000000002	0.018000000000000002	0.019	0.022000000000000002	0.024	0.02	0.017	0.019	0.02	0.03	0.033	0.029	0.031	0.019	0.025	0.016	0.026
Mycobacteroides	0.027999999999999997	0.022000000000000002	0.03	0.021	0.02	0.025	0.03	0.012	0.017	0.018000000000000002	0.024	0.031	0.032	0.032	0.03	0.013999999999999999	0.093	0.031	0.027999999999999997	0.025	0.027999999999999997	0.025	0.026	0.026	0.044000000000000004	0.034999999999999996	0.032	0.033	0.041	0.032	0.027999999999999997	0.022000000000000002	0.027	0.034	0.029	0.029	0.029	0.027999999999999997	0.027	0.027999999999999997	0.058	0.034999999999999996	0.039	0.033	0.032	0.038	0.018000000000000002	0.031
Valbvirus	0.049	0.0	0.0	0.063	0.047	0.07100000000000001	0.037	0.053	0.021	0.04	0.033	0.029	0.043	0.034	0.041	0.044000000000000004	0.044000000000000004	0.045	0.034999999999999996	0.024	0.025	0.036000000000000004	0.02	0.037	0.047	0.022000000000000002	0.025	0.025	0.067	0.029	0.027	0.0	0.0	0.026	0.04	0.024	0.016	0.025	0.027	0.0	0.027999999999999997	0.034	0.032	0.021	0.034	0.013999999999999999	0.011000000000000001	0.0
Sinomonas	0.031	0.031	0.03	0.027999999999999997	0.025	0.033	0.031	0.018000000000000002	0.016	0.019	0.021	0.034	0.033	0.032	0.024	0.016	0.032	0.026	0.025	0.027999999999999997	0.027999999999999997	0.027	0.027999999999999997	0.024	0.033	0.022000000000000002	0.032	0.029	0.032	0.026	0.025	0.022000000000000002	0.029	0.041	0.033	0.027999999999999997	0.031	0.031	0.032	0.027999999999999997	0.048	0.043	0.05	0.041	0.036000000000000004	0.049	0.023	0.037
Nitratireductor	0.03	0.034999999999999996	0.033	0.024	0.029	0.027999999999999997	0.034999999999999996	0.019	0.015	0.018000000000000002	0.025	0.032	0.03	0.027999999999999997	0.022000000000000002	0.015	0.029	0.017	0.029	0.027	0.033	0.024	0.03	0.02	0.04	0.023	0.034	0.034999999999999996	0.044000000000000004	0.027	0.024	0.019	0.025	0.029	0.036000000000000004	0.034	0.025	0.022000000000000002	0.027	0.02	0.049	0.054	0.045	0.052	0.031	0.049	0.02	0.04
Catellatospora	0.023	0.022000000000000002	0.03	0.029	0.02	0.024	0.023	0.016	0.013	0.013999999999999999	0.017	0.029	0.024	0.025	0.023	0.012	0.033	0.019	0.025	0.036000000000000004	0.043	0.027999999999999997	0.027999999999999997	0.026	0.027999999999999997	0.025	0.031	0.027999999999999997	0.042	0.027	0.022000000000000002	0.027999999999999997	0.031	0.034999999999999996	0.043	0.033	0.032	0.041	0.029	0.031	0.037	0.034999999999999996	0.037	0.043	0.08099999999999999	0.058	0.02	0.031
Frondihabitans	0.025	0.024	0.03	0.021	0.021	0.025	0.05	0.017	0.013999999999999999	0.026	0.021	0.049	0.041	0.037	0.03	0.015	0.034999999999999996	0.039	0.031	0.026	0.032	0.022000000000000002	0.03	0.018000000000000002	0.038	0.027	0.033	0.037	0.033	0.022000000000000002	0.022000000000000002	0.02	0.024	0.031	0.024	0.021	0.029	0.026	0.034	0.027	0.04	0.047	0.036000000000000004	0.042	0.034	0.047	0.023	0.027999999999999997
Pelagibacterium	0.039	0.046	0.043	0.027999999999999997	0.036000000000000004	0.027999999999999997	0.05	0.031	0.019	0.022000000000000002	0.03	0.039	0.033	0.027	0.024	0.015	0.027999999999999997	0.02	0.033	0.024	0.031	0.023	0.029	0.024	0.038	0.024	0.029	0.031	0.032	0.023	0.02	0.02	0.021	0.027	0.025	0.026	0.023	0.021	0.027999999999999997	0.017	0.037	0.047	0.037	0.043	0.027	0.037	0.017	0.039
Lacunisphaera	0.064	0.052	0.047	0.068	0.07100000000000001	0.042	0.046	0.024	0.019	0.012	0.042	0.031	0.022000000000000002	0.018000000000000002	0.019	0.015	0.018000000000000002	0.004	0.016	0.018000000000000002	0.022000000000000002	0.013999999999999999	0.02	0.011000000000000001	0.013	0.006999999999999999	0.018000000000000002	0.01	0.018000000000000002	0.013999999999999999	0.013	0.006999999999999999	0.019	0.016	0.027	0.029	0.023	0.019	0.03	0.016	0.086	0.066	0.045	0.06899999999999999	0.034	0.027	0.025	0.063
Hypericibacter	0.029	0.037	0.025	0.025	0.025	0.023	0.031	0.013999999999999999	0.02	0.017	0.029	0.03	0.027999999999999997	0.032	0.023	0.017	0.019	0.012	0.027999999999999997	0.019	0.016	0.021	0.015	0.019	0.019	0.013999999999999999	0.027	0.015	0.021	0.018000000000000002	0.02	0.02	0.024	0.044000000000000004	0.026	0.038	0.025	0.027	0.03	0.02	0.061	0.076	0.06899999999999999	0.076	0.044000000000000004	0.053	0.031	0.051000000000000004
Tsukamurella	0.031	0.026	0.031	0.024	0.024	0.03	0.026	0.016	0.016	0.018000000000000002	0.022000000000000002	0.03	0.03	0.031	0.025	0.013999999999999999	0.033	0.027	0.027	0.027999999999999997	0.03	0.027	0.027	0.023	0.039	0.023	0.027	0.029	0.032	0.027999999999999997	0.026	0.022000000000000002	0.026	0.039	0.031	0.027	0.03	0.03	0.027999999999999997	0.027	0.043	0.038	0.043	0.04	0.032	0.041	0.021	0.036000000000000004
Aerosticca	0.037	0.031	0.029	0.033	0.027999999999999997	0.025	0.038	0.015	0.018000000000000002	0.025	0.024	0.064	0.049	0.034	0.023	0.013	0.026	0.039	0.05	0.021	0.034999999999999996	0.016	0.029	0.013999999999999999	0.018000000000000002	0.051000000000000004	0.058	0.025	0.012	0.02	0.013	0.019	0.02	0.032	0.019	0.021	0.02	0.018000000000000002	0.021	0.011000000000000001	0.036000000000000004	0.055999999999999994	0.041	0.048	0.021	0.021	0.019	0.033
Modestobacter	0.027	0.023	0.044000000000000004	0.02	0.029	0.032	0.027999999999999997	0.016	0.015	0.018000000000000002	0.02	0.03	0.027999999999999997	0.033	0.025	0.013999999999999999	0.03	0.026	0.022000000000000002	0.031	0.031	0.027	0.027	0.026	0.034	0.023	0.027999999999999997	0.032	0.036000000000000004	0.026	0.027	0.022000000000000002	0.029	0.043	0.033	0.027	0.034	0.038	0.03	0.029	0.038	0.032	0.039	0.034	0.027	0.034999999999999996	0.019	0.029
Actinocatenispora	0.024	0.025	0.027	0.023	0.023	0.026	0.029	0.013	0.015	0.018000000000000002	0.021	0.033	0.027999999999999997	0.032	0.025	0.012	0.03	0.022000000000000002	0.03	0.029	0.032	0.027	0.027	0.025	0.029	0.022000000000000002	0.027	0.027	0.03	0.027	0.022000000000000002	0.024	0.031	0.048	0.033	0.03	0.033	0.039	0.034	0.029	0.04	0.038	0.046	0.043	0.03	0.034999999999999996	0.02	0.031
Psilocybe	0.013999999999999999	0.02	0.016	0.013999999999999999	0.008	0.009000000000000001	0.034999999999999996	0.018000000000000002	0.003	0.11100000000000002	0.015	0.009000000000000001	0.006	0.047	0.013	0.006	0.011000000000000001	0.065	0.06	0.017	0.058	0.008	0.006	0.043	0.006999999999999999	0.006999999999999999	0.062	0.006999999999999999	0.008	0.016	0.009000000000000001	0.026	0.128	0.046	0.067	0.106	0.054	0.027	0.079	0.036000000000000004	0.009000000000000001	0.013	0.009000000000000001	0.011000000000000001	0.006	0.005	0.006	0.004
Microtetraspora	0.027999999999999997	0.025	0.025	0.023	0.021	0.025	0.027999999999999997	0.016	0.013999999999999999	0.015	0.021	0.025	0.027999999999999997	0.031	0.025	0.013	0.027	0.021	0.025	0.031	0.023	0.025	0.022000000000000002	0.024	0.026	0.02	0.025	0.022000000000000002	0.024	0.027	0.022000000000000002	0.025	0.051000000000000004	0.048	0.036000000000000004	0.036000000000000004	0.04	0.041	0.04	0.04	0.036000000000000004	0.031	0.041	0.036000000000000004	0.042	0.034999999999999996	0.02	0.027
Streptacidiphilus	0.029	0.024	0.036000000000000004	0.027	0.022000000000000002	0.027	0.052	0.016	0.013	0.06	0.017	0.026	0.024	0.027	0.02	0.012	0.025	0.027999999999999997	0.026	0.024	0.026	0.022000000000000002	0.021	0.02	0.029	0.019	0.027	0.02	0.024	0.02	0.02	0.021	0.026	0.039	0.034	0.027	0.027	0.031	0.032	0.036000000000000004	0.04	0.039	0.049	0.044000000000000004	0.027999999999999997	0.033	0.021	0.038
Shewanella	0.026	0.03	0.031	0.059000000000000004	0.234	0.027	0.034	0.024	0.017	0.018000000000000002	0.025	0.027999999999999997	0.025	0.024	0.02	0.023	0.016	0.009000000000000001	0.02	0.025	0.017	0.017	0.015	0.015	0.021	0.012	0.02	0.013999999999999999	0.016	0.013999999999999999	0.012	0.012	0.027	0.023	0.026	0.029	0.02	0.02	0.02	0.026	0.036000000000000004	0.039	0.034999999999999996	0.038	0.027999999999999997	0.024	0.018000000000000002	0.033
Marinobacter	0.032	0.032	0.033	0.031	0.036000000000000004	0.06999999999999999	0.031	0.016	0.02	0.018000000000000002	0.029	0.037	0.032	0.029	0.023	0.018000000000000002	0.023	0.012	0.026	0.022000000000000002	0.021	0.019	0.025	0.016	0.018000000000000002	0.016	0.025	0.018000000000000002	0.019	0.019	0.016	0.013999999999999999	0.027	0.037	0.029	0.032	0.024	0.025	0.027	0.022000000000000002	0.044000000000000004	0.05	0.043	0.052	0.027999999999999997	0.034999999999999996	0.021	0.042
Limnoglobus	0.027999999999999997	0.025	0.027999999999999997	0.023	0.02	0.023	0.027	0.008	0.022000000000000002	0.036000000000000004	0.037	0.029	0.039	0.044000000000000004	0.024	0.021	0.022000000000000002	0.006999999999999999	0.021	0.02	0.016	0.018000000000000002	0.02	0.015	0.015	0.011000000000000001	0.027	0.015	0.019	0.016	0.023	0.01	0.037	0.036000000000000004	0.032	0.034999999999999996	0.034999999999999996	0.021	0.022000000000000002	0.022000000000000002	0.073	0.051000000000000004	0.06	0.042	0.039	0.046	0.022000000000000002	0.048
Sphingosinicella	0.031	0.033	0.031	0.027	0.027999999999999997	0.027999999999999997	0.036000000000000004	0.015	0.021	0.018000000000000002	0.026	0.04	0.039	0.036000000000000004	0.026	0.015	0.025	0.015	0.026	0.026	0.025	0.022000000000000002	0.027999999999999997	0.021	0.027999999999999997	0.018000000000000002	0.027	0.027999999999999997	0.023	0.033	0.022000000000000002	0.017	0.025	0.034	0.03	0.034	0.031	0.022000000000000002	0.026	0.021	0.041	0.042	0.039	0.043	0.026	0.031	0.017	0.033
Candidatus Poriferisodalis	0.033	0.029	0.027	0.026	0.026	0.027	0.027	0.012	0.015	0.015	0.018000000000000002	0.026	0.03	0.024	0.02	0.013999999999999999	0.022000000000000002	0.016	0.019	0.021	0.021	0.021	0.022000000000000002	0.019	0.021	0.013999999999999999	0.024	0.02	0.027	0.02	0.022000000000000002	0.013	0.024	0.034999999999999996	0.029	0.027999999999999997	0.027	0.025	0.024	0.021	0.065	0.046	0.055	0.051000000000000004	0.046	0.065	0.024	0.048
Granulicella	0.018000000000000002	0.018000000000000002	0.013	0.013999999999999999	0.015	0.015	0.034	0.006999999999999999	0.013	0.041	0.022000000000000002	0.089	0.034999999999999996	0.045	0.012	0.022000000000000002	0.016	0.038	0.055999999999999994	0.01	0.013	0.009000000000000001	0.013	0.008	0.026	0.011000000000000001	0.027	0.016	0.01	0.01	0.011000000000000001	0.013999999999999999	0.013	0.06	0.016	0.018000000000000002	0.015	0.018000000000000002	0.023	0.016	0.052	0.073	0.07200000000000001	0.095	0.029	0.026	0.023	0.044000000000000004
Xylanimonas	0.031	0.025	0.027999999999999997	0.025	0.024	0.032	0.029	0.013999999999999999	0.015	0.017	0.019	0.029	0.027	0.027999999999999997	0.025	0.013	0.027999999999999997	0.025	0.023	0.024	0.027999999999999997	0.024	0.025	0.021	0.03	0.02	0.027	0.027	0.031	0.022000000000000002	0.022000000000000002	0.02	0.027	0.036000000000000004	0.029	0.027999999999999997	0.027999999999999997	0.029	0.029	0.027	0.041	0.034999999999999996	0.041	0.038	0.032	0.042	0.019	0.032
Angustibacter	0.053	0.052	0.055999999999999994	0.037	0.034999999999999996	0.065	0.049	0.026	0.01	0.012	0.015	0.018000000000000002	0.02	0.021	0.02	0.011000000000000001	0.013999999999999999	0.022000000000000002	0.013999999999999999	0.013999999999999999	0.015	0.018000000000000002	0.018000000000000002	0.015	0.017	0.011000000000000001	0.016	0.025	0.021	0.013	0.017	0.011000000000000001	0.022000000000000002	0.024	0.025	0.027999999999999997	0.025	0.027999999999999997	0.033	0.027999999999999997	0.049	0.027999999999999997	0.046	0.034999999999999996	0.044000000000000004	0.06	0.021	0.029
Ilumatobacter	0.032	0.027	0.025	0.026	0.022000000000000002	0.031	0.02	0.01	0.013999999999999999	0.013	0.016	0.022000000000000002	0.026	0.019	0.019	0.012	0.023	0.013	0.013999999999999999	0.022000000000000002	0.025	0.021	0.025	0.019	0.025	0.012	0.031	0.023	0.046	0.027	0.027999999999999997	0.011000000000000001	0.02	0.026	0.034	0.029	0.031	0.025	0.026	0.022000000000000002	0.061	0.042	0.042	0.046	0.055	0.06	0.019	0.042
Gemmatirosa	0.034	0.026	0.034999999999999996	0.029	0.029	0.032	0.027999999999999997	0.013	0.018000000000000002	0.013999999999999999	0.027999999999999997	0.02	0.027999999999999997	0.034	0.024	0.013	0.026	0.012	0.019	0.027	0.018000000000000002	0.032	0.029	0.019	0.025	0.015	0.034999999999999996	0.029	0.037	0.023	0.024	0.018000000000000002	0.023	0.036000000000000004	0.026	0.024	0.033	0.022000000000000002	0.021	0.019	0.048	0.031	0.039	0.036000000000000004	0.029	0.044000000000000004	0.017	0.034
Svornostia	0.024	0.021	0.018000000000000002	0.016	0.017	0.024	0.022000000000000002	0.006999999999999999	0.016	0.016	0.013999999999999999	0.021	0.029	0.031	0.02	0.01	0.029	0.032	0.027	0.025	0.024	0.029	0.029	0.029	0.029	0.02	0.033	0.032	0.033	0.021	0.03	0.018000000000000002	0.023	0.06	0.04	0.03	0.034	0.027999999999999997	0.029	0.026	0.045	0.025	0.034	0.025	0.034999999999999996	0.051000000000000004	0.013	0.027999999999999997
Rhodococcoides	0.029	0.031	0.041	0.02	0.029	0.055999999999999994	0.05	0.022000000000000002	0.013	0.013999999999999999	0.018000000000000002	0.026	0.029	0.022000000000000002	0.022000000000000002	0.013	0.048	0.02	0.017	0.024	0.029	0.025	0.027999999999999997	0.024	0.055	0.031	0.029	0.042	0.055	0.023	0.024	0.016	0.015	0.024	0.019	0.018000000000000002	0.018000000000000002	0.021	0.019	0.018000000000000002	0.027	0.022000000000000002	0.027	0.027	0.022000000000000002	0.027999999999999997	0.013999999999999999	0.022000000000000002
Roseovarius	0.031	0.032	0.03	0.025	0.027	0.027	0.027999999999999997	0.019	0.017	0.018000000000000002	0.026	0.034	0.029	0.026	0.021	0.013999999999999999	0.021	0.013999999999999999	0.026	0.023	0.023	0.02	0.024	0.018000000000000002	0.023	0.017	0.027	0.022000000000000002	0.026	0.021	0.018000000000000002	0.015	0.022000000000000002	0.032	0.027999999999999997	0.03	0.023	0.022000000000000002	0.025	0.021	0.045	0.046	0.044000000000000004	0.048	0.031	0.039	0.021	0.037
Sanguibacter	0.023	0.026	0.03	0.019	0.025	0.023	0.021	0.031	0.025	0.015	0.018000000000000002	0.027	0.024	0.027	0.02	0.016	0.027	0.027	0.018000000000000002	0.024	0.027999999999999997	0.021	0.041	0.027	0.06	0.036000000000000004	0.031	0.039	0.043	0.02	0.018000000000000002	0.019	0.02	0.027999999999999997	0.024	0.021	0.023	0.025	0.022000000000000002	0.02	0.033	0.027999999999999997	0.03	0.029	0.026	0.033	0.017	0.025
Oleiharenicola	0.045	0.038	0.039	0.048	0.048	0.031	0.038	0.018000000000000002	0.017	0.013999999999999999	0.037	0.026	0.021	0.019	0.016	0.013	0.015	0.005	0.016	0.018000000000000002	0.018000000000000002	0.013999999999999999	0.016	0.01	0.012	0.006999999999999999	0.016	0.011000000000000001	0.016	0.013	0.012	0.006999999999999999	0.024	0.021	0.023	0.027999999999999997	0.022000000000000002	0.018000000000000002	0.025	0.016	0.078	0.062	0.055	0.07100000000000001	0.026	0.027999999999999997	0.024	0.054
Eleftheria	0.033	0.033	0.053	0.038	0.04	0.034999999999999996	0.025	0.013	0.021	0.026	0.052	0.038	0.036000000000000004	0.032	0.038	0.029	0.015	0.005	0.018000000000000002	0.027	0.015	0.022000000000000002	0.019	0.015	0.011000000000000001	0.012	0.027999999999999997	0.01	0.013	0.018000000000000002	0.015	0.01	0.033	0.017	0.037	0.047	0.03	0.03	0.033	0.031	0.027999999999999997	0.03	0.025	0.03	0.019	0.018000000000000002	0.021	0.024
Propioniciclava	0.027999999999999997	0.022000000000000002	0.03	0.029	0.021	0.027	0.024	0.013	0.013999999999999999	0.018000000000000002	0.019	0.027999999999999997	0.027	0.025	0.018000000000000002	0.013	0.025	0.021	0.019	0.021	0.025	0.022000000000000002	0.021	0.019	0.03	0.017	0.025	0.025	0.031	0.022000000000000002	0.019	0.015	0.023	0.034	0.03	0.024	0.027	0.025	0.025	0.024	0.049	0.038	0.047	0.043	0.034	0.046	0.022000000000000002	0.038
Microbulbifer	0.032	0.034999999999999996	0.033	0.029	0.034	0.027999999999999997	0.031	0.013999999999999999	0.019	0.018000000000000002	0.029	0.034	0.031	0.029	0.024	0.019	0.023	0.011000000000000001	0.025	0.022000000000000002	0.022000000000000002	0.022000000000000002	0.023	0.017	0.019	0.015	0.024	0.017	0.02	0.024	0.017	0.015	0.024	0.029	0.027999999999999997	0.031	0.022000000000000002	0.023	0.023	0.022000000000000002	0.041	0.047	0.039	0.043	0.026	0.032	0.02	0.037
Prescottella	0.025	0.022000000000000002	0.026	0.021	0.021	0.025	0.025	0.013	0.013999999999999999	0.015	0.019	0.027	0.025	0.027	0.022000000000000002	0.013	0.029	0.021	0.023	0.026	0.026	0.025	0.025	0.023	0.027	0.022000000000000002	0.027	0.027	0.029	0.025	0.023	0.023	0.026	0.034999999999999996	0.027999999999999997	0.027	0.027999999999999997	0.027999999999999997	0.026	0.024	0.041	0.033	0.042	0.034999999999999996	0.031	0.042	0.018000000000000002	0.031
Homoserinibacter	0.022000000000000002	0.019	0.023	0.012	0.016	0.018000000000000002	0.051000000000000004	0.015	0.013	0.025	0.016	0.048	0.036000000000000004	0.033	0.029	0.013	0.033	0.037	0.027	0.021	0.032	0.02	0.029	0.016	0.033	0.019	0.034999999999999996	0.039	0.033	0.019	0.021	0.018000000000000002	0.015	0.024	0.016	0.018000000000000002	0.022000000000000002	0.018000000000000002	0.03	0.017	0.031	0.045	0.026	0.033	0.031	0.037	0.02	0.021
Synechococcus	0.029	0.029	0.029	0.027999999999999997	0.029	0.031	0.03	0.019	0.017	0.016	0.024	0.027999999999999997	0.027	0.025	0.02	0.015	0.022000000000000002	0.012	0.021	0.021	0.018000000000000002	0.018000000000000002	0.02	0.017	0.019	0.016	0.023	0.018000000000000002	0.021	0.021	0.017	0.016	0.026	0.034999999999999996	0.03	0.029	0.025	0.025	0.027	0.027	0.044000000000000004	0.043	0.045	0.043	0.031	0.034999999999999996	0.02	0.037
Enhydrobacter	0.03	0.032	0.019	0.021	0.023	0.023	0.026	0.009000000000000001	0.015	0.012	0.016	0.017	0.02	0.018000000000000002	0.012	0.011000000000000001	0.013	0.013	0.021	0.015	0.012	0.011000000000000001	0.015	0.011000000000000001	0.013	0.013999999999999999	0.026	0.013	0.015	0.012	0.013	0.01	0.013999999999999999	0.034999999999999996	0.022000000000000002	0.02	0.017	0.018000000000000002	0.019	0.013999999999999999	0.082	0.067	0.079	0.064	0.061	0.093	0.024	0.055
Cystobacter	0.034	0.031	0.031	0.029	0.032	0.033	0.029	0.013	0.094	0.013999999999999999	0.027	0.026	0.027	0.025	0.021	0.016	0.019	0.008	0.017	0.022000000000000002	0.017	0.017	0.019	0.013999999999999999	0.016	0.013	0.021	0.015	0.018000000000000002	0.018000000000000002	0.017	0.012	0.025	0.034	0.027999999999999997	0.029	0.025	0.024	0.023	0.02	0.042	0.037	0.039	0.037	0.022000000000000002	0.029	0.02	0.033
Arsenicicoccus	0.026	0.024	0.026	0.025	0.02	0.029	0.03	0.015	0.013	0.013999999999999999	0.017	0.026	0.027	0.023	0.022000000000000002	0.011000000000000001	0.024	0.025	0.02	0.022000000000000002	0.023	0.022000000000000002	0.021	0.02	0.027	0.016	0.024	0.025	0.027	0.02	0.019	0.016	0.023	0.034999999999999996	0.027	0.027	0.027	0.029	0.027999999999999997	0.027999999999999997	0.042	0.031	0.042	0.036000000000000004	0.032	0.043	0.02	0.031
Xylophilus	0.032	0.032	0.043	0.027999999999999997	0.033	0.034	0.024	0.015	0.02	0.025	0.04	0.034	0.03	0.031	0.029	0.024	0.018000000000000002	0.009000000000000001	0.018000000000000002	0.024	0.019	0.02	0.022000000000000002	0.015	0.016	0.017	0.027	0.013	0.018000000000000002	0.019	0.015	0.012	0.022000000000000002	0.021	0.027	0.032	0.024	0.023	0.023	0.027	0.031	0.034	0.032	0.034999999999999996	0.025	0.029	0.019	0.031
Geodermatophilus	0.024	0.019	0.037	0.018000000000000002	0.019	0.026	0.024	0.013999999999999999	0.013	0.015	0.016	0.025	0.024	0.026	0.02	0.01	0.027	0.026	0.021	0.025	0.026	0.023	0.024	0.022000000000000002	0.029	0.02	0.025	0.027	0.029	0.021	0.022000000000000002	0.02	0.022000000000000002	0.034999999999999996	0.029	0.023	0.027999999999999997	0.034	0.029	0.027	0.032	0.029	0.038	0.033	0.024	0.032	0.017	0.027999999999999997
Sordaria	0.018000000000000002	0.034	0.046	0.024	0.023	0.022000000000000002	0.027999999999999997	0.02	0.027999999999999997	0.006999999999999999	0.053	0.038	0.022000000000000002	0.039	0.019	0.013999999999999999	0.027	0.013	0.017	0.016	0.023	0.022000000000000002	0.019	0.016	0.016	0.03	0.023	0.025	0.015	0.023	0.011000000000000001	0.009000000000000001	0.032	0.032	0.019	0.044000000000000004	0.016	0.021	0.016	0.029	0.023	0.036000000000000004	0.02	0.04	0.029	0.037	0.01	0.021
Tautonia	0.029	0.02	0.02	0.018000000000000002	0.015	0.026	0.032	0.011000000000000001	0.016	0.024	0.021	0.03	0.029	0.032	0.019	0.016	0.019	0.022000000000000002	0.027	0.015	0.016	0.015	0.017	0.013	0.017	0.017	0.025	0.018000000000000002	0.018000000000000002	0.013999999999999999	0.017	0.011000000000000001	0.016	0.036000000000000004	0.021	0.019	0.024	0.017	0.021	0.017	0.06	0.039	0.065	0.041	0.04	0.051000000000000004	0.017	0.04
Peribacillus	0.013999999999999999	0.046	0.11399999999999999	0.052	0.018000000000000002	0.039	0.018000000000000002	0.017	0.016	0.006999999999999999	0.062	0.019	0.022000000000000002	0.034	0.016	0.015	0.041	0.006	0.009000000000000001	0.009000000000000001	0.018000000000000002	0.032	0.005	0.015	0.012	0.006	0.034	0.095	0.023	0.027999999999999997	0.006	0.006	0.012	0.009000000000000001	0.008	0.037	0.006999999999999999	0.008	0.008	0.03	0.023	0.038	0.012	0.013999999999999999	0.022000000000000002	0.052	0.009000000000000001	0.017
Glutamicibacter	0.024	0.023	0.03	0.022000000000000002	0.022000000000000002	0.023	0.025	0.019	0.013999999999999999	0.016	0.018000000000000002	0.025	0.024	0.025	0.021	0.013	0.029	0.02	0.02	0.022000000000000002	0.024	0.021	0.021	0.019	0.023	0.021	0.026	0.023	0.025	0.021	0.02	0.016	0.027	0.029	0.026	0.024	0.025	0.026	0.027	0.02	0.037	0.034	0.04	0.036000000000000004	0.027999999999999997	0.034999999999999996	0.018000000000000002	0.029
Rugamonas	0.031	0.032	0.067	0.031	0.046	0.052	0.023	0.013999999999999999	0.016	0.019	0.034999999999999996	0.025	0.031	0.027	0.036000000000000004	0.023	0.013999999999999999	0.015	0.024	0.019	0.018000000000000002	0.027	0.022000000000000002	0.015	0.026	0.02	0.021	0.021	0.024	0.017	0.016	0.013	0.016	0.013999999999999999	0.016	0.021	0.02	0.018000000000000002	0.017	0.019	0.025	0.025	0.025	0.03	0.027	0.021	0.017	0.024
Xanthobacter	0.025	0.027	0.025	0.022000000000000002	0.021	0.021	0.026	0.012	0.013999999999999999	0.019	0.02	0.026	0.024	0.023	0.017	0.015	0.019	0.013999999999999999	0.024	0.019	0.018000000000000002	0.016	0.02	0.013999999999999999	0.019	0.016	0.025	0.017	0.031	0.016	0.013999999999999999	0.013999999999999999	0.019	0.029	0.023	0.024	0.02	0.02	0.02	0.015	0.049	0.047	0.049	0.053	0.036000000000000004	0.041	0.031	0.045
Humibacillus	0.06	0.059000000000000004	0.04	0.037	0.027	0.093	0.054	0.026	0.013999999999999999	0.017	0.021	0.021	0.024	0.019	0.026	0.016	0.012	0.018000000000000002	0.009000000000000001	0.009000000000000001	0.01	0.013	0.011000000000000001	0.011000000000000001	0.019	0.009000000000000001	0.01	0.02	0.013999999999999999	0.01	0.011000000000000001	0.008	0.009000000000000001	0.013999999999999999	0.017	0.012	0.018000000000000002	0.013999999999999999	0.017	0.02	0.031	0.015	0.032	0.022000000000000002	0.041	0.086	0.017	0.034999999999999996
Niabella	0.025	0.025	0.029	0.018000000000000002	0.026	0.025	0.025	0.016	0.015	0.017	0.027	0.027999999999999997	0.023	0.02	0.021	0.017	0.023	0.008	0.02	0.024	0.025	0.017	0.02	0.022000000000000002	0.038	0.031	0.027	0.016	0.021	0.02	0.016	0.018000000000000002	0.034	0.015	0.04	0.041	0.025	0.032	0.031	0.024	0.033	0.032	0.022000000000000002	0.03	0.02	0.015	0.015	0.026
Martelella	0.027999999999999997	0.027	0.027	0.021	0.025	0.024	0.027	0.013999999999999999	0.013	0.017	0.023	0.03	0.024	0.023	0.018000000000000002	0.02	0.019	0.015	0.024	0.02	0.022000000000000002	0.018000000000000002	0.021	0.016	0.032	0.016	0.024	0.021	0.025	0.019	0.018000000000000002	0.013999999999999999	0.018000000000000002	0.026	0.025	0.025	0.019	0.016	0.021	0.016	0.038	0.042	0.039	0.044000000000000004	0.023	0.036000000000000004	0.017	0.037
Enterococcus	0.02	0.021	0.017	0.02	0.027999999999999997	0.023	0.021	0.044000000000000004	0.017	0.017	0.013	0.027999999999999997	0.017	0.021	0.019	0.016	0.01	0.012	0.024	0.018000000000000002	0.013	0.013999999999999999	0.012	0.013999999999999999	0.013	0.009000000000000001	0.017	0.009000000000000001	0.016	0.012	0.015	0.013999999999999999	0.043	0.034999999999999996	0.051000000000000004	0.03	0.023	0.032	0.034999999999999996	0.059000000000000004	0.034999999999999996	0.027	0.048	0.021	0.056999999999999995	0.011000000000000001	0.02	0.034
Crossiella	0.013999999999999999	0.015	0.016	0.013	0.012	0.013999999999999999	0.015	0.008	0.009000000000000001	0.01	0.012	0.016	0.02	0.018000000000000002	0.023	0.009000000000000001	0.048	0.022000000000000002	0.021	0.053	0.034	0.044000000000000004	0.029	0.043	0.027	0.027	0.034	0.024	0.034	0.034	0.029	0.041	0.027999999999999997	0.026	0.023	0.022000000000000002	0.025	0.033	0.022000000000000002	0.029	0.02	0.019	0.022000000000000002	0.021	0.016	0.018000000000000002	0.01	0.018000000000000002
Geothrix	0.029	0.11100000000000002	0.032	0.036000000000000004	0.07200000000000001	0.039	0.094	0.045	0.009000000000000001	0.008	0.013	0.013999999999999999	0.013	0.013999999999999999	0.01	0.008	0.011000000000000001	0.008	0.01	0.012	0.01	0.01	0.01	0.009000000000000001	0.009000000000000001	0.006999999999999999	0.012	0.008	0.012	0.01	0.01	0.008	0.012	0.02	0.017	0.016	0.013	0.012	0.013	0.011000000000000001	0.031	0.033	0.054	0.067	0.021	0.022000000000000002	0.013999999999999999	0.054
Neurospora	0.021	0.034	0.047	0.022000000000000002	0.023	0.02	0.027	0.016	0.031	0.006	0.048	0.039	0.025	0.033	0.017	0.015	0.022000000000000002	0.013	0.019	0.016	0.02	0.016	0.016	0.013999999999999999	0.013999999999999999	0.033	0.018000000000000002	0.021	0.015	0.018000000000000002	0.012	0.006999999999999999	0.033	0.032	0.017	0.037	0.015	0.018000000000000002	0.013	0.032	0.022000000000000002	0.04	0.021	0.034	0.032	0.034999999999999996	0.013	0.02
Purpureocillium	0.017	0.029	0.048	0.02	0.022000000000000002	0.023	0.024	0.013	0.03	0.013	0.05	0.026	0.023	0.034999999999999996	0.022000000000000002	0.013999999999999999	0.034	0.012	0.015	0.02	0.021	0.032	0.015	0.013	0.021	0.02	0.023	0.027	0.017	0.023	0.012	0.01	0.034	0.031	0.025	0.038	0.02	0.025	0.017	0.029	0.02	0.033	0.018000000000000002	0.034	0.017	0.024	0.009000000000000001	0.013999999999999999
Melaminivora	0.031	0.031	0.042	0.029	0.034999999999999996	0.03	0.02	0.013	0.018000000000000002	0.019	0.033	0.031	0.033	0.026	0.03	0.019	0.016	0.006	0.013999999999999999	0.023	0.017	0.017	0.019	0.013	0.013	0.012	0.024	0.013999999999999999	0.016	0.015	0.013	0.01	0.023	0.018000000000000002	0.027	0.033	0.022000000000000002	0.02	0.024	0.027	0.034999999999999996	0.034	0.032	0.036000000000000004	0.021	0.024	0.015	0.027999999999999997
Serinicoccus	0.023	0.021	0.026	0.021	0.018000000000000002	0.023	0.024	0.012	0.011000000000000001	0.015	0.016	0.023	0.022000000000000002	0.022000000000000002	0.019	0.011000000000000001	0.023	0.021	0.018000000000000002	0.021	0.023	0.021	0.019	0.018000000000000002	0.026	0.016	0.022000000000000002	0.024	0.026	0.019	0.019	0.016	0.023	0.031	0.025	0.024	0.025	0.026	0.023	0.025	0.036000000000000004	0.027999999999999997	0.037	0.032	0.025	0.036000000000000004	0.017	0.029
Cnuibacter	0.02	0.018000000000000002	0.027999999999999997	0.016	0.016	0.022000000000000002	0.033	0.013	0.011000000000000001	0.017	0.016	0.033	0.027	0.026	0.023	0.009000000000000001	0.029	0.026	0.023	0.022000000000000002	0.026	0.018000000000000002	0.025	0.017	0.027999999999999997	0.022000000000000002	0.026	0.027	0.032	0.017	0.02	0.016	0.018000000000000002	0.024	0.018000000000000002	0.018000000000000002	0.022000000000000002	0.019	0.024	0.018000000000000002	0.03	0.034	0.026	0.027999999999999997	0.026	0.034999999999999996	0.016	0.022000000000000002
Altererythrobacter	0.029	0.031	0.029	0.022000000000000002	0.034	0.031	0.038	0.021	0.013999999999999999	0.013999999999999999	0.023	0.029	0.027999999999999997	0.025	0.02	0.013999999999999999	0.022000000000000002	0.016	0.021	0.019	0.023	0.019	0.024	0.017	0.036000000000000004	0.018000000000000002	0.02	0.021	0.019	0.018000000000000002	0.019	0.015	0.015	0.021	0.02	0.021	0.018000000000000002	0.013999999999999999	0.018000000000000002	0.013	0.027	0.031	0.027999999999999997	0.031	0.023	0.027	0.013999999999999999	0.026
Dermatobacter	0.024	0.024	0.02	0.022000000000000002	0.02	0.026	0.019	0.009000000000000001	0.011000000000000001	0.01	0.013	0.02	0.019	0.015	0.012	0.01	0.016	0.013999999999999999	0.011000000000000001	0.015	0.019	0.019	0.022000000000000002	0.015	0.021	0.011000000000000001	0.021	0.021	0.033	0.018000000000000002	0.02	0.01	0.013999999999999999	0.024	0.024	0.019	0.02	0.017	0.013999999999999999	0.015	0.065	0.038	0.046	0.041	0.047	0.068	0.019	0.043
Pseudofrankia	0.018000000000000002	0.018000000000000002	0.02	0.031	0.022000000000000002	0.024	0.019	0.01	0.011000000000000001	0.013999999999999999	0.015	0.02	0.022000000000000002	0.026	0.015	0.012	0.018000000000000002	0.015	0.018000000000000002	0.016	0.017	0.015	0.016	0.015	0.016	0.013	0.015	0.015	0.016	0.016	0.015	0.013999999999999999	0.019	0.026	0.02	0.018000000000000002	0.021	0.023	0.02	0.015	0.034	0.038	0.047	0.048	0.036000000000000004	0.03	0.1	0.027
Chondromyces	0.033	0.025	0.034	0.029	0.033	0.026	0.033	0.015	0.017	0.013999999999999999	0.024	0.026	0.023	0.022000000000000002	0.02	0.012	0.02	0.004	0.015	0.017	0.016	0.013	0.02	0.012	0.015	0.011000000000000001	0.022000000000000002	0.013999999999999999	0.013999999999999999	0.02	0.012	0.008	0.025	0.027	0.027	0.026	0.024	0.017	0.024	0.018000000000000002	0.043	0.045	0.034	0.039	0.022000000000000002	0.021	0.017	0.034999999999999996
Microterricola	0.02	0.032	0.023	0.016	0.015	0.02	0.034	0.017	0.009000000000000001	0.013	0.013	0.033	0.022000000000000002	0.025	0.024	0.01	0.027	0.029	0.018000000000000002	0.02	0.022000000000000002	0.016	0.023	0.013999999999999999	0.062	0.018000000000000002	0.023	0.027999999999999997	0.027	0.017	0.019	0.013999999999999999	0.015	0.02	0.015	0.013999999999999999	0.021	0.017	0.02	0.015	0.027	0.029	0.021	0.024	0.026	0.06	0.015	0.02
Collimonas	0.027999999999999997	0.03	0.033	0.023	0.033	0.029	0.023	0.016	0.015	0.019	0.032	0.029	0.027	0.025	0.021	0.018000000000000002	0.013	0.012	0.023	0.017	0.016	0.016	0.015	0.011000000000000001	0.013	0.013999999999999999	0.02	0.011000000000000001	0.013999999999999999	0.013999999999999999	0.012	0.011000000000000001	0.019	0.018000000000000002	0.021	0.022000000000000002	0.019	0.017	0.018000000000000002	0.022000000000000002	0.036000000000000004	0.043	0.036000000000000004	0.046	0.021	0.026	0.027	0.036000000000000004
Hoeflea	0.023	0.023	0.027	0.018000000000000002	0.023	0.021	0.026	0.017	0.019	0.021	0.019	0.027	0.023	0.02	0.017	0.026	0.02	0.012	0.021	0.018000000000000002	0.02	0.016	0.019	0.015	0.03	0.016	0.024	0.022000000000000002	0.024	0.017	0.016	0.013999999999999999	0.017	0.025	0.023	0.022000000000000002	0.017	0.016	0.02	0.016	0.034	0.037	0.034999999999999996	0.04	0.023	0.033	0.015	0.03
Hydrocarboniphaga	0.029	0.029	0.029	0.027	0.03	0.023	0.024	0.013	0.018000000000000002	0.018000000000000002	0.026	0.031	0.029	0.026	0.021	0.013999999999999999	0.018000000000000002	0.006999999999999999	0.022000000000000002	0.02	0.018000000000000002	0.018000000000000002	0.019	0.013	0.013	0.012	0.022000000000000002	0.013	0.015	0.019	0.013999999999999999	0.01	0.022000000000000002	0.024	0.025	0.032	0.021	0.023	0.02	0.017	0.032	0.034999999999999996	0.03	0.032	0.019	0.024	0.017	0.029
Miltoncostaea	0.027999999999999997	0.019	0.021	0.019	0.017	0.022000000000000002	0.018000000000000002	0.009000000000000001	0.012	0.012	0.012	0.018000000000000002	0.021	0.019	0.013	0.009000000000000001	0.017	0.019	0.019	0.018000000000000002	0.017	0.017	0.017	0.017	0.02	0.013	0.022000000000000002	0.018000000000000002	0.022000000000000002	0.017	0.017	0.011000000000000001	0.015	0.034	0.022000000000000002	0.018000000000000002	0.021	0.018000000000000002	0.018000000000000002	0.017	0.055999999999999994	0.03	0.042	0.038	0.039	0.063	0.017	0.038
Pengzhenrongella	0.023	0.021	0.025	0.02	0.018000000000000002	0.022000000000000002	0.025	0.013	0.011000000000000001	0.013999999999999999	0.013999999999999999	0.023	0.023	0.022000000000000002	0.021	0.011000000000000001	0.022000000000000002	0.019	0.015	0.018000000000000002	0.023	0.019	0.021	0.017	0.026	0.013999999999999999	0.02	0.025	0.027999999999999997	0.018000000000000002	0.018000000000000002	0.015	0.022000000000000002	0.026	0.023	0.023	0.023	0.023	0.025	0.019	0.034	0.029	0.034	0.027999999999999997	0.025	0.034	0.016	0.025
Pontibacter	0.023	0.021	0.023	0.024	0.025	0.017	0.02	0.013	0.01	0.01	0.02	0.017	0.013999999999999999	0.013	0.013999999999999999	0.009000000000000001	0.011000000000000001	0.005	0.011000000000000001	0.013	0.01	0.01	0.009000000000000001	0.01	0.008	0.008	0.013	0.008	0.009000000000000001	0.01	0.009000000000000001	0.008	0.038	0.012	0.021	0.024	0.07200000000000001	0.11299999999999999	0.039	0.126	0.021	0.02	0.015	0.019	0.013	0.037	0.01	0.016
Ectopseudomonas	0.026	0.027	0.027999999999999997	0.023	0.025	0.022000000000000002	0.023	0.013999999999999999	0.013999999999999999	0.015	0.019	0.029	0.026	0.022000000000000002	0.017	0.013	0.021	0.008	0.021	0.02	0.017	0.016	0.019	0.013999999999999999	0.012	0.013	0.017	0.015	0.016	0.016	0.015	0.011000000000000001	0.021	0.025	0.021	0.025	0.02	0.019	0.02	0.02	0.038	0.038	0.034999999999999996	0.04	0.019	0.027999999999999997	0.017	0.033
Penicillium	0.018000000000000002	0.025	0.033	0.016	0.017	0.016	0.02	0.013	0.019	0.01	0.025	0.037	0.031	0.024	0.023	0.013	0.019	0.018000000000000002	0.024	0.015	0.015	0.012	0.015	0.013	0.019	0.018000000000000002	0.017	0.013999999999999999	0.016	0.011000000000000001	0.011000000000000001	0.012	0.034999999999999996	0.051000000000000004	0.022000000000000002	0.031	0.021	0.025	0.015	0.029	0.027	0.039	0.019	0.025	0.018000000000000002	0.013	0.013999999999999999	0.02
Metapseudomonas	0.024	0.029	0.027999999999999997	0.021	0.025	0.021	0.021	0.011000000000000001	0.015	0.013	0.022000000000000002	0.027999999999999997	0.025	0.022000000000000002	0.018000000000000002	0.013999999999999999	0.018000000000000002	0.011000000000000001	0.019	0.019	0.018000000000000002	0.017	0.018000000000000002	0.013999999999999999	0.013999999999999999	0.013999999999999999	0.018000000000000002	0.016	0.017	0.017	0.013999999999999999	0.012	0.021	0.022000000000000002	0.024	0.027999999999999997	0.019	0.019	0.019	0.018000000000000002	0.033	0.033	0.031	0.033	0.019	0.027999999999999997	0.015	0.027999999999999997
Aromatoleum	0.026	0.026	0.025	0.021	0.026	0.022000000000000002	0.021	0.012	0.015	0.015	0.025	0.025	0.023	0.022000000000000002	0.019	0.013	0.015	0.008	0.018000000000000002	0.016	0.013999999999999999	0.013999999999999999	0.013999999999999999	0.012	0.013	0.011000000000000001	0.018000000000000002	0.012	0.013999999999999999	0.015	0.012	0.01	0.019	0.023	0.023	0.023	0.018000000000000002	0.018000000000000002	0.018000000000000002	0.017	0.038	0.034999999999999996	0.038	0.054	0.023	0.033	0.017	0.034
Mumia	0.027	0.021	0.023	0.029	0.041	0.039	0.021	0.019	0.008	0.01	0.01	0.013999999999999999	0.019	0.017	0.017	0.006999999999999999	0.019	0.023	0.013999999999999999	0.018000000000000002	0.022000000000000002	0.018000000000000002	0.017	0.016	0.022000000000000002	0.016	0.02	0.024	0.025	0.016	0.015	0.013	0.021	0.022000000000000002	0.021	0.026	0.02	0.018000000000000002	0.025	0.021	0.026	0.018000000000000002	0.026	0.023	0.018000000000000002	0.026	0.011000000000000001	0.018000000000000002
Croceicoccus	0.024	0.024	0.024	0.017	0.029	0.024	0.027999999999999997	0.015	0.013	0.015	0.02	0.025	0.025	0.022000000000000002	0.017	0.013	0.018000000000000002	0.015	0.021	0.019	0.02	0.017	0.02	0.013999999999999999	0.032	0.015	0.02	0.017	0.016	0.016	0.017	0.013	0.013999999999999999	0.019	0.016	0.018000000000000002	0.016	0.015	0.017	0.013	0.027	0.029	0.027999999999999997	0.031	0.024	0.025	0.013999999999999999	0.027
Sideroxydans	0.004	0.004	0.005	0.004	0.005	0.005	0.005	0.002	0.002	0.002	0.004	0.004	0.003	0.003	0.003	0.002	0.003	0.001	0.003	0.003	0.003	0.002	0.003	0.002	0.002	0.002	0.003	0.002	0.002	0.002	0.002	0.002	0.003	0.004	0.003	0.006	0.003	0.003	0.003	0.003	0.034	0.093	0.16199999999999998	0.42900000000000005	0.04	0.011000000000000001	0.008	0.055
Variibacter	0.012	0.013999999999999999	0.012	0.011000000000000001	0.011000000000000001	0.009000000000000001	0.013999999999999999	0.005	0.006999999999999999	0.006999999999999999	0.009000000000000001	0.018000000000000002	0.012	0.011000000000000001	0.01	0.006999999999999999	0.045	0.011000000000000001	0.012	0.022000000000000002	0.077	0.021	0.02	0.015	0.059000000000000004	0.021	0.037	0.054	0.034	0.031	0.015	0.015	0.011000000000000001	0.015	0.034	0.017	0.012	0.01	0.011000000000000001	0.013	0.022000000000000002	0.023	0.021	0.021	0.017	0.024	0.01	0.021
Alistipes	0.024	0.024	0.024	0.022000000000000002	0.021	0.021	0.025	0.013	0.012	0.011000000000000001	0.018000000000000002	0.024	0.02	0.024	0.019	0.01	0.017	0.008	0.017	0.018000000000000002	0.016	0.015	0.015	0.013999999999999999	0.011000000000000001	0.012	0.019	0.012	0.015	0.015	0.012	0.012	0.022000000000000002	0.023	0.025	0.027	0.018000000000000002	0.019	0.02	0.019	0.034999999999999996	0.034	0.032	0.034	0.02	0.022000000000000002	0.016	0.027999999999999997
Agrilutibacter	0.034999999999999996	0.036000000000000004	0.027	0.025	0.03	0.026	0.032	0.018000000000000002	0.012	0.013	0.018000000000000002	0.029	0.025	0.018000000000000002	0.019	0.011000000000000001	0.027	0.013999999999999999	0.02	0.019	0.026	0.017	0.02	0.013	0.03	0.013999999999999999	0.017	0.025	0.023	0.02	0.015	0.01	0.013	0.015	0.013	0.013999999999999999	0.012	0.009000000000000001	0.012	0.009000000000000001	0.022000000000000002	0.026	0.02	0.022000000000000002	0.015	0.017	0.012	0.018000000000000002
Pochonia	0.009000000000000001	0.016	0.024	0.011000000000000001	0.011000000000000001	0.013999999999999999	0.015	0.006	0.018000000000000002	0.008	0.021	0.02	0.017	0.019	0.013	0.011000000000000001	0.04	0.011000000000000001	0.013999999999999999	0.011000000000000001	0.009000000000000001	0.01	0.009000000000000001	0.006	0.015	0.015	0.01	0.009000000000000001	0.01	0.006999999999999999	0.01	0.006999999999999999	0.029	0.024	0.017	0.017	0.013999999999999999	0.015	0.011000000000000001	0.02	0.03	0.03	0.058	0.021	0.11	0.041	0.029	0.037
Methylomonas	0.024	0.025	0.025	0.022000000000000002	0.027999999999999997	0.022000000000000002	0.022000000000000002	0.013999999999999999	0.013	0.013999999999999999	0.023	0.025	0.024	0.021	0.018000000000000002	0.013	0.015	0.009000000000000001	0.018000000000000002	0.015	0.013999999999999999	0.013	0.016	0.012	0.013	0.01	0.016	0.012	0.012	0.013999999999999999	0.011000000000000001	0.009000000000000001	0.019	0.021	0.022000000000000002	0.022000000000000002	0.017	0.018000000000000002	0.016	0.013999999999999999	0.033	0.036000000000000004	0.033	0.041	0.019	0.025	0.016	0.032
Providencia	0.006999999999999999	0.034	0.021	0.019	0.012	0.013	0.019	0.015	0.015	0.008	0.016	0.012	0.009000000000000001	0.032	0.01	0.009000000000000001	0.005	0.006	0.08099999999999999	0.006	0.312	0.006999999999999999	0.004	0.006999999999999999	0.004	0.005	0.005	0.005	0.006999999999999999	0.006	0.006	0.005	0.01	0.009000000000000001	0.012	0.011000000000000001	0.008	0.013999999999999999	0.008	0.015	0.015	0.022000000000000002	0.013999999999999999	0.008	0.022000000000000002	0.012	0.008	0.01
Actinomarinicola	0.024	0.023	0.015	0.017	0.018000000000000002	0.024	0.016	0.009000000000000001	0.01	0.009000000000000001	0.01	0.015	0.017	0.013	0.012	0.008	0.015	0.009000000000000001	0.01	0.013	0.015	0.015	0.017	0.012	0.016	0.009000000000000001	0.018000000000000002	0.016	0.025	0.016	0.016	0.008	0.012	0.022000000000000002	0.018000000000000002	0.018000000000000002	0.018000000000000002	0.015	0.013	0.013	0.055999999999999994	0.034	0.041	0.037	0.037	0.059000000000000004	0.016	0.039
Drechmeria	0.016	0.026	0.041	0.022000000000000002	0.019	0.02	0.017	0.013	0.02	0.008	0.041	0.02	0.018000000000000002	0.026	0.015	0.012	0.03	0.009000000000000001	0.011000000000000001	0.013999999999999999	0.018000000000000002	0.024	0.012	0.011000000000000001	0.017	0.015	0.022000000000000002	0.025	0.015	0.021	0.009000000000000001	0.008	0.026	0.022000000000000002	0.018000000000000002	0.031	0.013999999999999999	0.018000000000000002	0.013	0.024	0.017	0.027999999999999997	0.017	0.027	0.018000000000000002	0.022000000000000002	0.008	0.012
Dechloromonas	0.022000000000000002	0.023	0.021	0.019	0.022000000000000002	0.019	0.022000000000000002	0.009000000000000001	0.013	0.015	0.02	0.023	0.018000000000000002	0.018000000000000002	0.015	0.011000000000000001	0.013	0.006999999999999999	0.015	0.013999999999999999	0.012	0.011000000000000001	0.013	0.011000000000000001	0.01	0.009000000000000001	0.016	0.01	0.011000000000000001	0.012	0.011000000000000001	0.009000000000000001	0.018000000000000002	0.018000000000000002	0.02	0.02	0.016	0.016	0.017	0.015	0.039	0.039	0.037	0.063	0.023	0.027	0.015	0.048
Melittangium	0.023	0.023	0.027	0.023	0.024	0.027	0.027999999999999997	0.011000000000000001	0.013	0.011000000000000001	0.02	0.021	0.022000000000000002	0.02	0.017	0.012	0.013999999999999999	0.006999999999999999	0.013	0.017	0.013999999999999999	0.013	0.013999999999999999	0.011000000000000001	0.011000000000000001	0.009000000000000001	0.017	0.012	0.016	0.013	0.012	0.008	0.017	0.026	0.025	0.024	0.02	0.017	0.019	0.015	0.034999999999999996	0.031	0.031	0.033	0.019	0.024	0.017	0.027999999999999997
Methylosinus	0.019	0.02	0.018000000000000002	0.017	0.019	0.017	0.023	0.01	0.012	0.015	0.017	0.022000000000000002	0.021	0.021	0.012	0.01	0.013999999999999999	0.009000000000000001	0.02	0.013999999999999999	0.013999999999999999	0.012	0.013	0.011000000000000001	0.013999999999999999	0.011000000000000001	0.018000000000000002	0.013	0.015	0.013	0.012	0.011000000000000001	0.016	0.024	0.018000000000000002	0.017	0.016	0.013999999999999999	0.017	0.012	0.038	0.041	0.041	0.042	0.025	0.033	0.017	0.032
Friedmanniella	0.013999999999999999	0.011000000000000001	0.016	0.013	0.012	0.019	0.016	0.009000000000000001	0.006	0.011000000000000001	0.009000000000000001	0.02	0.016	0.013999999999999999	0.013	0.006999999999999999	0.027	0.022000000000000002	0.011000000000000001	0.021	0.027	0.022000000000000002	0.022000000000000002	0.02	0.047	0.023	0.021	0.041	0.042	0.022000000000000002	0.02	0.013999999999999999	0.012	0.021	0.013999999999999999	0.016	0.02	0.016	0.018000000000000002	0.015	0.022000000000000002	0.016	0.021	0.016	0.016	0.029	0.01	0.016
Allokutzneria	0.013	0.012	0.012	0.012	0.009000000000000001	0.009000000000000001	0.011000000000000001	0.006	0.008	0.006999999999999999	0.009000000000000001	0.013	0.016	0.013999999999999999	0.016	0.006	0.039	0.017	0.016	0.041	0.026	0.034999999999999996	0.021	0.034	0.024	0.022000000000000002	0.026	0.02	0.025	0.027	0.025	0.033	0.019	0.022000000000000002	0.019	0.017	0.02	0.023	0.015	0.023	0.017	0.015	0.018000000000000002	0.017	0.012	0.016	0.008	0.013999999999999999
Ustilaginoidea	0.013999999999999999	0.03	0.053	0.019	0.02	0.037	0.025	0.011000000000000001	0.019	0.006999999999999999	0.031	0.023	0.017	0.02	0.015	0.013	0.026	0.011000000000000001	0.012	0.013999999999999999	0.013999999999999999	0.018000000000000002	0.012	0.01	0.017	0.016	0.018000000000000002	0.019	0.018000000000000002	0.013	0.01	0.006999999999999999	0.025	0.023	0.016	0.025	0.015	0.017	0.011000000000000001	0.022000000000000002	0.016	0.03	0.013999999999999999	0.024	0.015	0.016	0.008	0.012
Peterkaempfera	0.017	0.016	0.019	0.017	0.015	0.017	0.019	0.01	0.01	0.015	0.013999999999999999	0.02	0.017	0.02	0.015	0.008	0.018000000000000002	0.015	0.017	0.018000000000000002	0.018000000000000002	0.017	0.016	0.015	0.018000000000000002	0.013999999999999999	0.018000000000000002	0.015	0.019	0.017	0.015	0.015	0.019	0.027999999999999997	0.02	0.018000000000000002	0.022000000000000002	0.024	0.023	0.022000000000000002	0.026	0.025	0.031	0.027	0.021	0.022000000000000002	0.013999999999999999	0.021
Halopseudomonas	0.024	0.023	0.022000000000000002	0.021	0.025	0.02	0.024	0.011000000000000001	0.013999999999999999	0.013999999999999999	0.021	0.023	0.022000000000000002	0.019	0.017	0.012	0.016	0.009000000000000001	0.017	0.016	0.013999999999999999	0.013999999999999999	0.016	0.01	0.013999999999999999	0.011000000000000001	0.017	0.012	0.013999999999999999	0.015	0.012	0.01	0.016	0.019	0.021	0.022000000000000002	0.016	0.017	0.016	0.013	0.031	0.032	0.027999999999999997	0.033	0.019	0.026	0.013	0.026
Cereibacter	0.021	0.023	0.026	0.016	0.019	0.019	0.018000000000000002	0.013	0.011000000000000001	0.013	0.017	0.021	0.019	0.019	0.017	0.01	0.016	0.011000000000000001	0.017	0.015	0.017	0.013999999999999999	0.017	0.011000000000000001	0.016	0.011000000000000001	0.02	0.017	0.018000000000000002	0.015	0.012	0.011000000000000001	0.018000000000000002	0.022000000000000002	0.019	0.018000000000000002	0.017	0.015	0.019	0.015	0.031	0.03	0.031	0.032	0.022000000000000002	0.027	0.013999999999999999	0.024
Acuticoccus	0.022000000000000002	0.021	0.021	0.019	0.018000000000000002	0.019	0.019	0.01	0.011000000000000001	0.013	0.016	0.022000000000000002	0.02	0.017	0.013	0.01	0.016	0.011000000000000001	0.018000000000000002	0.015	0.016	0.012	0.016	0.012	0.015	0.012	0.019	0.013999999999999999	0.015	0.013999999999999999	0.013	0.011000000000000001	0.017	0.024	0.02	0.019	0.016	0.016	0.018000000000000002	0.013999999999999999	0.033	0.034	0.033	0.032	0.023	0.031	0.016	0.027
Rhodobacter	0.023	0.021	0.02	0.016	0.021	0.018000000000000002	0.022000000000000002	0.009000000000000001	0.012	0.013	0.017	0.024	0.019	0.019	0.013999999999999999	0.01	0.015	0.009000000000000001	0.016	0.013999999999999999	0.015	0.013999999999999999	0.017	0.012	0.016	0.011000000000000001	0.018000000000000002	0.015	0.017	0.013999999999999999	0.012	0.009000000000000001	0.017	0.021	0.019	0.02	0.018000000000000002	0.015	0.016	0.016	0.03	0.033	0.034	0.034999999999999996	0.02	0.026	0.015	0.026
Panacibacter	0.031	0.03	0.024	0.025	0.027999999999999997	0.031	0.033	0.018000000000000002	0.011000000000000001	0.009000000000000001	0.018000000000000002	0.016	0.013	0.013999999999999999	0.02	0.011000000000000001	0.008	0.004	0.008	0.012	0.006999999999999999	0.009000000000000001	0.006999999999999999	0.01	0.006	0.006	0.01	0.009000000000000001	0.006999999999999999	0.011000000000000001	0.006999999999999999	0.008	0.013	0.009000000000000001	0.016	0.02	0.013	0.013999999999999999	0.013	0.011000000000000001	0.062	0.027	0.024	0.03	0.046	0.037	0.016	0.046
Hylemonella	0.036000000000000004	0.058	0.19	0.094	0.094	0.013999999999999999	0.019	0.025	0.006	0.006999999999999999	0.013999999999999999	0.011000000000000001	0.01	0.009000000000000001	0.01	0.008	0.005	0.002	0.006	0.009000000000000001	0.006999999999999999	0.006999999999999999	0.006999999999999999	0.005	0.005	0.004	0.009000000000000001	0.005	0.006999999999999999	0.006	0.005	0.004	0.009000000000000001	0.006	0.013	0.013	0.01	0.008	0.01	0.011000000000000001	0.012	0.012	0.008	0.011000000000000001	0.006999999999999999	0.012	0.006	0.012
Aquibium	0.018000000000000002	0.021	0.017	0.016	0.018000000000000002	0.013999999999999999	0.019	0.009000000000000001	0.01	0.01	0.015	0.02	0.018000000000000002	0.015	0.013	0.01	0.019	0.01	0.015	0.017	0.021	0.016	0.019	0.013999999999999999	0.026	0.013999999999999999	0.02	0.022000000000000002	0.027999999999999997	0.018000000000000002	0.013999999999999999	0.013	0.015	0.018000000000000002	0.02	0.02	0.016	0.016	0.015	0.015	0.025	0.027999999999999997	0.027	0.026	0.018000000000000002	0.029	0.011000000000000001	0.022000000000000002
Pseudodesulfovibrio	0.021	0.019	0.019	0.018000000000000002	0.016	0.017	0.017	0.011000000000000001	0.01	0.009000000000000001	0.013999999999999999	0.016	0.016	0.015	0.011000000000000001	0.008	0.012	0.006999999999999999	0.013	0.013	0.011000000000000001	0.013	0.012	0.01	0.012	0.008	0.013999999999999999	0.01	0.011000000000000001	0.011000000000000001	0.01	0.006999999999999999	0.039	0.029	0.027	0.034	0.017	0.018000000000000002	0.036000000000000004	0.034	0.031	0.026	0.038	0.032	0.017	0.021	0.012	0.023
Steroidobacter	0.019	0.022000000000000002	0.017	0.017	0.021	0.011000000000000001	0.013	0.006999999999999999	0.013999999999999999	0.009000000000000001	0.018000000000000002	0.03	0.026	0.021	0.013	0.01	0.016	0.003	0.018000000000000002	0.018000000000000002	0.012	0.012	0.018000000000000002	0.015	0.009000000000000001	0.009000000000000001	0.016	0.01	0.012	0.016	0.011000000000000001	0.009000000000000001	0.02	0.018000000000000002	0.031	0.037	0.016	0.03	0.013999999999999999	0.013999999999999999	0.026	0.032	0.024	0.03	0.013	0.024	0.012	0.026
Kaistia	0.017	0.022000000000000002	0.02	0.015	0.016	0.018000000000000002	0.02	0.016	0.009000000000000001	0.011000000000000001	0.013	0.02	0.02	0.02	0.016	0.006999999999999999	0.021	0.022000000000000002	0.016	0.012	0.021	0.012	0.018000000000000002	0.011000000000000001	0.015	0.017	0.021	0.019	0.017	0.011000000000000001	0.013999999999999999	0.013999999999999999	0.012	0.016	0.013999999999999999	0.015	0.012	0.011000000000000001	0.015	0.01	0.026	0.03	0.025	0.027	0.018000000000000002	0.042	0.012	0.027
Sediminicoccus	0.019	0.018000000000000002	0.022000000000000002	0.016	0.016	0.018000000000000002	0.015	0.01	0.011000000000000001	0.012	0.017	0.019	0.016	0.02	0.015	0.01	0.015	0.009000000000000001	0.016	0.013999999999999999	0.015	0.012	0.013999999999999999	0.011000000000000001	0.015	0.018000000000000002	0.017	0.013999999999999999	0.013999999999999999	0.012	0.012	0.009000000000000001	0.015	0.021	0.017	0.017	0.016	0.015	0.015	0.013	0.031	0.031	0.031	0.033	0.027	0.036000000000000004	0.015	0.027
Neisseria	0.018000000000000002	0.021	0.021	0.016	0.02	0.018000000000000002	0.022000000000000002	0.013999999999999999	0.009000000000000001	0.012	0.015	0.019	0.017	0.017	0.013	0.011000000000000001	0.011000000000000001	0.006999999999999999	0.013999999999999999	0.012	0.013	0.01	0.012	0.009000000000000001	0.012	0.008	0.013999999999999999	0.009000000000000001	0.012	0.011000000000000001	0.009000000000000001	0.006999999999999999	0.037	0.017	0.016	0.027	0.016	0.013999999999999999	0.055999999999999994	0.023	0.027	0.029	0.027999999999999997	0.031	0.018000000000000002	0.019	0.012	0.027
Thioalkalivibrio	0.021	0.02	0.021	0.02	0.02	0.016	0.018000000000000002	0.008	0.012	0.012	0.017	0.023	0.02	0.021	0.013999999999999999	0.01	0.013999999999999999	0.006999999999999999	0.016	0.017	0.013	0.013999999999999999	0.015	0.013	0.011000000000000001	0.009000000000000001	0.017	0.011000000000000001	0.013	0.013	0.011000000000000001	0.009000000000000001	0.016	0.02	0.019	0.024	0.017	0.018000000000000002	0.016	0.013999999999999999	0.031	0.033	0.03	0.032	0.018000000000000002	0.023	0.013	0.027999999999999997
Ruania	0.017	0.015	0.018000000000000002	0.013999999999999999	0.013	0.017	0.019	0.009000000000000001	0.009000000000000001	0.011000000000000001	0.012	0.019	0.017	0.017	0.016	0.008	0.019	0.017	0.013999999999999999	0.016	0.021	0.016	0.017	0.013999999999999999	0.023	0.013999999999999999	0.018000000000000002	0.02	0.024	0.016	0.013999999999999999	0.013	0.02	0.021	0.02	0.019	0.02	0.022000000000000002	0.019	0.018000000000000002	0.024	0.02	0.025	0.021	0.018000000000000002	0.024	0.012	0.018000000000000002
Pseudorhodoplanes	0.016	0.018000000000000002	0.013999999999999999	0.013999999999999999	0.013	0.012	0.016	0.008	0.009000000000000001	0.008	0.01	0.012	0.013999999999999999	0.013	0.008	0.006	0.015	0.013	0.017	0.016	0.017	0.011000000000000001	0.018000000000000002	0.013	0.018000000000000002	0.017	0.019	0.018000000000000002	0.019	0.013	0.013	0.01	0.012	0.021	0.023	0.019	0.013999999999999999	0.013	0.013	0.022000000000000002	0.038	0.032	0.03	0.031	0.03	0.046	0.013	0.032
Marilutibacter	0.026	0.027999999999999997	0.02	0.02	0.025	0.021	0.026	0.013999999999999999	0.011000000000000001	0.012	0.017	0.023	0.02	0.018000000000000002	0.02	0.01	0.024	0.013	0.017	0.019	0.023	0.017	0.019	0.012	0.023	0.013	0.017	0.021	0.021	0.019	0.013	0.01	0.013999999999999999	0.013	0.013	0.015	0.013	0.011000000000000001	0.013	0.011000000000000001	0.018000000000000002	0.02	0.018000000000000002	0.019	0.013999999999999999	0.015	0.01	0.015
Niveibacterium	0.022000000000000002	0.021	0.025	0.022000000000000002	0.023	0.02	0.019	0.01	0.013999999999999999	0.013	0.024	0.021	0.021	0.021	0.018000000000000002	0.013999999999999999	0.012	0.006	0.013999999999999999	0.013999999999999999	0.012	0.013	0.012	0.01	0.01	0.009000000000000001	0.015	0.009000000000000001	0.01	0.012	0.01	0.006999999999999999	0.017	0.016	0.019	0.021	0.016	0.016	0.017	0.017	0.031	0.029	0.027	0.031	0.017	0.023	0.015	0.027999999999999997
Longispora	0.015	0.013999999999999999	0.015	0.013999999999999999	0.011000000000000001	0.016	0.013999999999999999	0.009000000000000001	0.006999999999999999	0.01	0.011000000000000001	0.018000000000000002	0.018000000000000002	0.019	0.016	0.006999999999999999	0.02	0.013	0.016	0.018000000000000002	0.022000000000000002	0.017	0.016	0.016	0.019	0.013	0.017	0.016	0.019	0.017	0.013	0.015	0.019	0.025	0.021	0.018000000000000002	0.021	0.023	0.02	0.019	0.027999999999999997	0.024	0.027	0.026	0.018000000000000002	0.02	0.013	0.02
Coccidioides	0.013999999999999999	0.023	0.02	0.011000000000000001	0.013	0.011000000000000001	0.012	0.009000000000000001	0.01	0.006	0.017	0.042	0.039	0.022000000000000002	0.02	0.01	0.015	0.011000000000000001	0.025	0.013	0.01	0.009000000000000001	0.009000000000000001	0.011000000000000001	0.016	0.015	0.016	0.013	0.01	0.008	0.009000000000000001	0.006999999999999999	0.027999999999999997	0.046	0.009000000000000001	0.025	0.011000000000000001	0.017	0.009000000000000001	0.026	0.036000000000000004	0.046	0.015	0.013999999999999999	0.016	0.008	0.012	0.02
Metarhizium	0.01	0.015	0.021	0.01	0.01	0.013999999999999999	0.013999999999999999	0.008	0.01	0.005	0.018000000000000002	0.013999999999999999	0.013999999999999999	0.013	0.009000000000000001	0.006	0.267	0.008	0.008	0.01	0.01	0.012	0.006999999999999999	0.006999999999999999	0.032	0.013999999999999999	0.013999999999999999	0.011000000000000001	0.01	0.009000000000000001	0.006999999999999999	0.005	0.015	0.013999999999999999	0.01	0.016	0.008	0.011000000000000001	0.006999999999999999	0.013999999999999999	0.016	0.018000000000000002	0.009000000000000001	0.013999999999999999	0.012	0.01	0.005	0.008
Knoellia	0.02	0.015	0.017	0.013	0.013	0.024	0.02	0.012	0.008	0.008	0.01	0.016	0.016	0.013999999999999999	0.017	0.008	0.025	0.023	0.012	0.017	0.016	0.018000000000000002	0.016	0.017	0.025	0.012	0.015	0.027999999999999997	0.021	0.016	0.016	0.013	0.013	0.018000000000000002	0.015	0.013999999999999999	0.019	0.013999999999999999	0.015	0.018000000000000002	0.023	0.015	0.021	0.02	0.022000000000000002	0.03	0.011000000000000001	0.018000000000000002
Porphyrobacter	0.019	0.019	0.022000000000000002	0.017	0.022000000000000002	0.019	0.022000000000000002	0.012	0.012	0.012	0.017	0.021	0.021	0.018000000000000002	0.018000000000000002	0.011000000000000001	0.017	0.012	0.016	0.013999999999999999	0.016	0.013999999999999999	0.016	0.011000000000000001	0.024	0.013	0.016	0.016	0.016	0.015	0.013999999999999999	0.01	0.013	0.017	0.017	0.017	0.015	0.013	0.013	0.011000000000000001	0.023	0.025	0.024	0.024	0.019	0.022000000000000002	0.011000000000000001	0.021
Halorubrum	0.018000000000000002	0.019	0.019	0.017	0.019	0.018000000000000002	0.016	0.009000000000000001	0.01	0.011000000000000001	0.013999999999999999	0.018000000000000002	0.019	0.019	0.013999999999999999	0.01	0.016	0.011000000000000001	0.015	0.015	0.013999999999999999	0.013999999999999999	0.016	0.012	0.015	0.012	0.016	0.013999999999999999	0.016	0.013999999999999999	0.013999999999999999	0.011000000000000001	0.017	0.025	0.019	0.018000000000000002	0.018000000000000002	0.017	0.018000000000000002	0.017	0.027999999999999997	0.024	0.027	0.024	0.019	0.026	0.012	0.022000000000000002
Gemmatimonas	0.023	0.024	0.021	0.02	0.021	0.019	0.023	0.013	0.01	0.01	0.016	0.02	0.018000000000000002	0.016	0.012	0.009000000000000001	0.015	0.008	0.013	0.013999999999999999	0.013999999999999999	0.013	0.016	0.011000000000000001	0.013	0.009000000000000001	0.017	0.013999999999999999	0.017	0.013	0.013	0.008	0.012	0.022000000000000002	0.017	0.013999999999999999	0.016	0.013	0.013	0.012	0.034	0.027999999999999997	0.027	0.027999999999999997	0.021	0.031	0.011000000000000001	0.024
Leishmania	0.017	0.022000000000000002	0.025	0.017	0.021	0.02	0.021	0.025	0.011000000000000001	0.013	0.017	0.017	0.019	0.019	0.018000000000000002	0.011000000000000001	0.013999999999999999	0.013	0.012	0.012	0.011000000000000001	0.013	0.011000000000000001	0.011000000000000001	0.013999999999999999	0.011000000000000001	0.015	0.012	0.015	0.013999999999999999	0.013	0.01	0.022000000000000002	0.027	0.02	0.021	0.013999999999999999	0.013999999999999999	0.021	0.029	0.022000000000000002	0.021	0.023	0.018000000000000002	0.017	0.016	0.01	0.016
Pleomorphomonas	0.019	0.021	0.021	0.013999999999999999	0.018000000000000002	0.015	0.019	0.01	0.01	0.011000000000000001	0.016	0.021	0.018000000000000002	0.019	0.013999999999999999	0.008	0.013999999999999999	0.009000000000000001	0.016	0.013	0.013999999999999999	0.012	0.013999999999999999	0.012	0.016	0.012	0.017	0.013999999999999999	0.015	0.012	0.011000000000000001	0.011000000000000001	0.015	0.021	0.018000000000000002	0.015	0.013999999999999999	0.013	0.016	0.012	0.026	0.033	0.036000000000000004	0.032	0.019	0.027	0.013	0.025
Magnetospirillum	0.018000000000000002	0.019	0.015	0.016	0.016	0.013999999999999999	0.019	0.006999999999999999	0.01	0.01	0.017	0.019	0.017	0.016	0.013999999999999999	0.008	0.013	0.006999999999999999	0.016	0.012	0.011000000000000001	0.011000000000000001	0.011000000000000001	0.01	0.012	0.01	0.016	0.009000000000000001	0.013	0.011000000000000001	0.01	0.009000000000000001	0.015	0.022000000000000002	0.016	0.019	0.013	0.013999999999999999	0.015	0.012	0.031	0.045	0.043	0.049	0.021	0.026	0.013999999999999999	0.029
Azospira	0.019	0.02	0.021	0.018000000000000002	0.02	0.018000000000000002	0.016	0.008	0.011000000000000001	0.012	0.017	0.023	0.017	0.019	0.012	0.009000000000000001	0.013	0.006999999999999999	0.013999999999999999	0.015	0.011000000000000001	0.012	0.013	0.01	0.009000000000000001	0.009000000000000001	0.016	0.01	0.012	0.011000000000000001	0.01	0.008	0.013999999999999999	0.017	0.019	0.018000000000000002	0.016	0.015	0.013999999999999999	0.013999999999999999	0.034999999999999996	0.032	0.034999999999999996	0.042	0.018000000000000002	0.025	0.013999999999999999	0.029
Pseudolysobacter	0.022000000000000002	0.024	0.019	0.018000000000000002	0.024	0.017	0.021	0.015	0.013999999999999999	0.023	0.021	0.04	0.031	0.024	0.016	0.013999999999999999	0.012	0.006	0.025	0.009000000000000001	0.011000000000000001	0.008	0.01	0.006999999999999999	0.006999999999999999	0.008	0.02	0.006999999999999999	0.006	0.01	0.008	0.006999999999999999	0.01	0.021	0.006999999999999999	0.009000000000000001	0.01	0.006999999999999999	0.011000000000000001	0.006	0.029	0.042	0.025	0.033	0.017	0.021	0.016	0.027
Tepidimonas	0.02	0.023	0.024	0.019	0.026	0.018000000000000002	0.026	0.009000000000000001	0.011000000000000001	0.013999999999999999	0.023	0.022000000000000002	0.019	0.024	0.016	0.013	0.01	0.003	0.012	0.017	0.01	0.011000000000000001	0.011000000000000001	0.012	0.008	0.008	0.013	0.009000000000000001	0.009000000000000001	0.008	0.01	0.006999999999999999	0.027	0.015	0.017	0.019	0.017	0.013999999999999999	0.017	0.015	0.029	0.026	0.023	0.03	0.02	0.018000000000000002	0.013999999999999999	0.022000000000000002
Lacibacter	0.02	0.021	0.021	0.016	0.021	0.017	0.02	0.011000000000000001	0.01	0.012	0.017	0.02	0.017	0.012	0.015	0.01	0.013	0.003	0.013	0.016	0.012	0.012	0.011000000000000001	0.016	0.01	0.01	0.016	0.01	0.011000000000000001	0.013	0.011000000000000001	0.013	0.025	0.012	0.031	0.027999999999999997	0.019	0.024	0.02	0.017	0.027999999999999997	0.025	0.015	0.024	0.017	0.013999999999999999	0.011000000000000001	0.022000000000000002
Flavihumibacter	0.018000000000000002	0.016	0.02	0.013999999999999999	0.019	0.016	0.018000000000000002	0.011000000000000001	0.01	0.015	0.019	0.022000000000000002	0.016	0.013	0.015	0.012	0.013	0.004	0.016	0.016	0.01	0.01	0.01	0.015	0.011000000000000001	0.01	0.017	0.006999999999999999	0.01	0.012	0.011000000000000001	0.011000000000000001	0.023	0.01	0.025	0.03	0.017	0.023	0.022000000000000002	0.018000000000000002	0.027999999999999997	0.031	0.019	0.025	0.016	0.013	0.012	0.022000000000000002
Akanthomyces	0.011000000000000001	0.02	0.033	0.015	0.015	0.016	0.016	0.011000000000000001	0.019	0.006	0.031	0.018000000000000002	0.017	0.019	0.012	0.01	0.022000000000000002	0.01	0.011000000000000001	0.013999999999999999	0.013999999999999999	0.02	0.012	0.009000000000000001	0.018000000000000002	0.015	0.017	0.017	0.013999999999999999	0.016	0.009000000000000001	0.006999999999999999	0.025	0.022000000000000002	0.016	0.025	0.013	0.016	0.012	0.019	0.013999999999999999	0.024	0.013	0.022000000000000002	0.013	0.017	0.008	0.011000000000000001
Ferrovibrio	0.018000000000000002	0.018000000000000002	0.015	0.013999999999999999	0.016	0.013999999999999999	0.017	0.009000000000000001	0.01	0.013	0.017	0.02	0.017	0.017	0.012	0.009000000000000001	0.012	0.008	0.018000000000000002	0.012	0.012	0.011000000000000001	0.012	0.01	0.013	0.01	0.017	0.011000000000000001	0.013	0.012	0.01	0.009000000000000001	0.012	0.021	0.015	0.017	0.013	0.013	0.013999999999999999	0.011000000000000001	0.031	0.037	0.034	0.036000000000000004	0.019	0.025	0.013	0.027
Citricoccus	0.017	0.018000000000000002	0.02	0.017	0.012	0.017	0.018000000000000002	0.011000000000000001	0.008	0.01	0.012	0.016	0.015	0.017	0.016	0.006999999999999999	0.017	0.013	0.013	0.013999999999999999	0.015	0.013999999999999999	0.013999999999999999	0.011000000000000001	0.017	0.011000000000000001	0.013999999999999999	0.013	0.018000000000000002	0.013999999999999999	0.013	0.011000000000000001	0.015	0.022000000000000002	0.018000000000000002	0.017	0.017	0.02	0.017	0.016	0.025	0.022000000000000002	0.024	0.025	0.017	0.023	0.012	0.02
Methylococcus	0.019	0.019	0.018000000000000002	0.019	0.019	0.016	0.017	0.006999999999999999	0.011000000000000001	0.012	0.016	0.021	0.02	0.018000000000000002	0.013999999999999999	0.01	0.013	0.006	0.016	0.013999999999999999	0.012	0.011000000000000001	0.013999999999999999	0.01	0.009000000000000001	0.009000000000000001	0.015	0.01	0.012	0.012	0.011000000000000001	0.008	0.016	0.019	0.017	0.019	0.013999999999999999	0.013	0.013	0.012	0.03	0.029	0.027999999999999997	0.034	0.019	0.023	0.013999999999999999	0.025
Dankookia	0.015	0.013	0.023	0.013	0.013999999999999999	0.03	0.015	0.009000000000000001	0.009000000000000001	0.016	0.013999999999999999	0.015	0.013999999999999999	0.021	0.01	0.009000000000000001	0.015	0.015	0.012	0.016	0.013	0.013	0.018000000000000002	0.012	0.015	0.016	0.023	0.017	0.018000000000000002	0.012	0.018000000000000002	0.006999999999999999	0.013	0.023	0.015	0.013	0.025	0.013999999999999999	0.015	0.015	0.021	0.019	0.022000000000000002	0.024	0.016	0.022000000000000002	0.01	0.016
Alloactinosynnema	0.009000000000000001	0.012	0.009000000000000001	0.009000000000000001	0.008	0.009000000000000001	0.011000000000000001	0.006	0.006999999999999999	0.006999999999999999	0.008	0.01	0.013	0.012	0.013	0.005	0.034999999999999996	0.013999999999999999	0.012	0.037	0.021	0.032	0.018000000000000002	0.034	0.022000000000000002	0.017	0.023	0.017	0.023	0.025	0.025	0.029	0.016	0.018000000000000002	0.015	0.015	0.017	0.019	0.012	0.019	0.013999999999999999	0.012	0.016	0.013	0.011000000000000001	0.013999999999999999	0.006999999999999999	0.011000000000000001
Humisphaera	0.02	0.013999999999999999	0.016	0.013	0.012	0.017	0.015	0.006	0.012	0.013999999999999999	0.016	0.02	0.024	0.023	0.015	0.01	0.017	0.008	0.018000000000000002	0.016	0.015	0.013	0.017	0.012	0.017	0.013999999999999999	0.02	0.016	0.022000000000000002	0.013999999999999999	0.016	0.009000000000000001	0.013	0.022000000000000002	0.017	0.017	0.023	0.013999999999999999	0.017	0.012	0.025	0.018000000000000002	0.018000000000000002	0.017	0.013999999999999999	0.018000000000000002	0.008	0.016
Thiomonas	0.021	0.021	0.053	0.019	0.02	0.021	0.017	0.009000000000000001	0.012	0.013	0.02	0.02	0.017	0.016	0.017	0.013	0.009000000000000001	0.005	0.013	0.012	0.01	0.011000000000000001	0.01	0.008	0.008	0.006999999999999999	0.013	0.006999999999999999	0.009000000000000001	0.01	0.008	0.006999999999999999	0.015	0.013999999999999999	0.015	0.021	0.013999999999999999	0.013	0.015	0.016	0.026	0.027	0.024	0.026	0.016	0.021	0.018000000000000002	0.022000000000000002
Pseudobacter	0.017	0.013999999999999999	0.016	0.013999999999999999	0.016	0.015	0.018000000000000002	0.01	0.011000000000000001	0.013999999999999999	0.02	0.021	0.017	0.015	0.013999999999999999	0.013	0.013	0.003	0.016	0.017	0.01	0.012	0.008	0.018000000000000002	0.008	0.011000000000000001	0.018000000000000002	0.005	0.011000000000000001	0.012	0.01	0.013999999999999999	0.03	0.009000000000000001	0.026	0.037	0.019	0.03	0.023	0.018000000000000002	0.019	0.026	0.017	0.022000000000000002	0.015	0.009000000000000001	0.012	0.016
Raineyella	0.013999999999999999	0.013	0.013999999999999999	0.013999999999999999	0.013	0.016	0.015	0.008	0.008	0.011000000000000001	0.01	0.017	0.013999999999999999	0.013999999999999999	0.013	0.008	0.017	0.013999999999999999	0.013	0.013	0.017	0.013999999999999999	0.016	0.015	0.021	0.012	0.016	0.019	0.022000000000000002	0.013999999999999999	0.013999999999999999	0.011000000000000001	0.015	0.021	0.016	0.013999999999999999	0.018000000000000002	0.016	0.016	0.015	0.025	0.021	0.026	0.024	0.018000000000000002	0.025	0.012	0.02
Candidatus Poriferisocius	0.018000000000000002	0.017	0.017	0.016	0.015	0.018000000000000002	0.015	0.008	0.009000000000000001	0.008	0.009000000000000001	0.013	0.015	0.013	0.011000000000000001	0.006999999999999999	0.012	0.009000000000000001	0.011000000000000001	0.012	0.012	0.012	0.013999999999999999	0.012	0.013	0.008	0.015	0.013	0.018000000000000002	0.013	0.012	0.008	0.013999999999999999	0.02	0.018000000000000002	0.013999999999999999	0.015	0.013	0.013	0.013	0.037	0.026	0.033	0.027	0.026	0.04	0.013	0.027
Nitrosospira	0.009000000000000001	0.039	0.008	0.006999999999999999	0.011000000000000001	0.006999999999999999	0.013999999999999999	0.018000000000000002	0.006	0.003	0.005	0.005	0.011000000000000001	0.006999999999999999	0.008	0.004	0.016	0.07100000000000001	0.009000000000000001	0.008	0.042	0.009000000000000001	0.018000000000000002	0.01	0.04	0.032	0.02	0.065	0.054	0.023	0.018000000000000002	0.012	0.002	0.005	0.004	0.004	0.004	0.003	0.003	0.003	0.01	0.008	0.008	0.01	0.009000000000000001	0.055999999999999994	0.004	0.009000000000000001
Glaciihabitans	0.012	0.012	0.013999999999999999	0.008	0.01	0.01	0.032	0.011000000000000001	0.006999999999999999	0.013	0.01	0.03	0.021	0.021	0.02	0.006999999999999999	0.023	0.025	0.015	0.012	0.013999999999999999	0.01	0.016	0.006999999999999999	0.023	0.023	0.015	0.021	0.02	0.01	0.012	0.008	0.01	0.013	0.008	0.011000000000000001	0.013	0.01	0.017	0.011000000000000001	0.021	0.027	0.015	0.023	0.023	0.027	0.012	0.013999999999999999
Fluviicola	0.053	0.055999999999999994	0.052	0.02	0.087	0.04	0.09	0.06899999999999999	0.009000000000000001	0.006999999999999999	0.013999999999999999	0.005	0.013	0.006	0.011000000000000001	0.02	0.005	0.004	0.001	0.013	0.006999999999999999	0.006999999999999999	0.002	0.01	0.011000000000000001	0.004	0.002	0.01	0.009000000000000001	0.006999999999999999	0.003	0.003	0.005	0.001	0.002	0.006	0.002	0.003	0.019	0.002	0.003	0.002	0.001	0.005	0.011000000000000001	0.03	0.001	0.004
Kwoniella	0.013	0.017	0.02	0.013	0.013	0.015	0.015	0.029	0.009000000000000001	0.018000000000000002	0.013	0.018000000000000002	0.018000000000000002	0.018000000000000002	0.016	0.011000000000000001	0.009000000000000001	0.013999999999999999	0.013999999999999999	0.013	0.011000000000000001	0.01	0.008	0.009000000000000001	0.013	0.011000000000000001	0.013999999999999999	0.01	0.011000000000000001	0.008	0.009000000000000001	0.011000000000000001	0.034	0.027	0.022000000000000002	0.024	0.02	0.021	0.025	0.023	0.016	0.022000000000000002	0.019	0.013	0.017	0.008	0.01	0.013
Rubrobacter	0.017	0.017	0.018000000000000002	0.016	0.015	0.017	0.017	0.01	0.009000000000000001	0.008	0.011000000000000001	0.015	0.015	0.015	0.012	0.008	0.013999999999999999	0.011000000000000001	0.013999999999999999	0.013	0.012	0.013	0.013	0.012	0.012	0.011000000000000001	0.013999999999999999	0.012	0.013999999999999999	0.012	0.012	0.01	0.013999999999999999	0.026	0.018000000000000002	0.016	0.016	0.015	0.015	0.016	0.03	0.021	0.027	0.024	0.021	0.03	0.011000000000000001	0.023
Marasmius	0.005	0.008	0.006	0.019	0.003	0.002	0.006999999999999999	0.006999999999999999	0.002	0.039	0.005	0.006	0.005	0.012	0.02	0.002	0.004	0.015	0.012	0.06999999999999999	0.011000000000000001	0.008	0.005	0.024	0.003	0.004	0.051000000000000004	0.009000000000000001	0.005	0.008	0.008	0.013	0.044000000000000004	0.017	0.027999999999999997	0.032	0.05	0.083	0.034	0.01	0.006	0.006	0.006999999999999999	0.006	0.004	0.003	0.005	0.004
Tsuneonella	0.019	0.021	0.02	0.015	0.022000000000000002	0.022000000000000002	0.029	0.017	0.011000000000000001	0.01	0.015	0.018000000000000002	0.017	0.017	0.013999999999999999	0.009000000000000001	0.015	0.012	0.015	0.015	0.016	0.012	0.016	0.011000000000000001	0.026	0.012	0.013999999999999999	0.016	0.013	0.013	0.013999999999999999	0.01	0.01	0.013999999999999999	0.012	0.013999999999999999	0.012	0.01	0.012	0.009000000000000001	0.017	0.019	0.017	0.02	0.016	0.019	0.01	0.017
Acidipropionibacterium	0.016	0.016	0.016	0.013999999999999999	0.012	0.017	0.013	0.006999999999999999	0.008	0.01	0.011000000000000001	0.015	0.013999999999999999	0.013999999999999999	0.011000000000000001	0.006999999999999999	0.017	0.012	0.012	0.013	0.015	0.013	0.015	0.012	0.019	0.011000000000000001	0.016	0.015	0.019	0.013	0.011000000000000001	0.009000000000000001	0.013	0.021	0.017	0.015	0.018000000000000002	0.018000000000000002	0.016	0.017	0.026	0.023	0.025	0.025	0.018000000000000002	0.026	0.01	0.02
Salipiger	0.018000000000000002	0.018000000000000002	0.017	0.016	0.016	0.013999999999999999	0.02	0.008	0.009000000000000001	0.011000000000000001	0.015	0.02	0.017	0.016	0.013	0.008	0.013	0.008	0.013999999999999999	0.013	0.013	0.011000000000000001	0.013	0.01	0.013999999999999999	0.009000000000000001	0.016	0.012	0.013	0.012	0.011000000000000001	0.009000000000000001	0.013999999999999999	0.021	0.018000000000000002	0.017	0.013	0.013	0.015	0.012	0.027	0.025	0.025	0.03	0.016	0.023	0.011000000000000001	0.022000000000000002
Limnohabitans	0.022000000000000002	0.027	0.027999999999999997	0.018000000000000002	0.024	0.022000000000000002	0.013	0.01	0.011000000000000001	0.012	0.024	0.019	0.017	0.013999999999999999	0.018000000000000002	0.013	0.011000000000000001	0.004	0.009000000000000001	0.015	0.013	0.011000000000000001	0.013	0.009000000000000001	0.009000000000000001	0.008	0.017	0.009000000000000001	0.012	0.009000000000000001	0.008	0.006999999999999999	0.013999999999999999	0.01	0.019	0.026	0.015	0.013999999999999999	0.016	0.026	0.02	0.02	0.015	0.022000000000000002	0.011000000000000001	0.016	0.01	0.018000000000000002
Leisingera	0.019	0.019	0.021	0.015	0.015	0.018000000000000002	0.02	0.009000000000000001	0.009000000000000001	0.01	0.016	0.02	0.016	0.016	0.013	0.009000000000000001	0.012	0.009000000000000001	0.013999999999999999	0.013	0.012	0.012	0.013999999999999999	0.011000000000000001	0.016	0.01	0.015	0.011000000000000001	0.013	0.013	0.011000000000000001	0.009000000000000001	0.013	0.017	0.016	0.015	0.013999999999999999	0.012	0.013	0.012	0.026	0.026	0.024	0.027999999999999997	0.018000000000000002	0.022000000000000002	0.012	0.02
Anatilimnocola	0.02	0.018000000000000002	0.015	0.015	0.017	0.013	0.015	0.005	0.009000000000000001	0.006	0.011000000000000001	0.013999999999999999	0.013999999999999999	0.009000000000000001	0.009000000000000001	0.005	0.022000000000000002	0.005	0.009000000000000001	0.016	0.016	0.013	0.021	0.015	0.017	0.008	0.02	0.017	0.023	0.017	0.021	0.006	0.01	0.011000000000000001	0.015	0.013999999999999999	0.013	0.011000000000000001	0.009000000000000001	0.01	0.036000000000000004	0.026	0.026	0.025	0.023	0.026	0.008	0.024
Leclercia	0.016	0.013999999999999999	0.013	0.012	0.016	0.013	0.021	0.015	0.009000000000000001	0.008	0.012	0.023	0.018000000000000002	0.02	0.021	0.006999999999999999	0.01	0.005	0.011000000000000001	0.012	0.017	0.011000000000000001	0.038	0.009000000000000001	0.016	0.006999999999999999	0.01	0.02	0.011000000000000001	0.009000000000000001	0.008	0.005	0.016	0.038	0.018000000000000002	0.015	0.018000000000000002	0.011000000000000001	0.012	0.01	0.025	0.02	0.022000000000000002	0.025	0.013	0.016	0.008	0.018000000000000002
Streptococcus	0.013999999999999999	0.016	0.018000000000000002	0.016	0.018000000000000002	0.029	0.013999999999999999	0.027	0.01	0.013999999999999999	0.012	0.02	0.016	0.011000000000000001	0.01	0.012	0.011000000000000001	0.008	0.013	0.01	0.009000000000000001	0.009000000000000001	0.008	0.011000000000000001	0.009000000000000001	0.008	0.006999999999999999	0.008	0.01	0.009000000000000001	0.011000000000000001	0.006999999999999999	0.019	0.026	0.034	0.015	0.013999999999999999	0.018000000000000002	0.013999999999999999	0.032	0.016	0.018000000000000002	0.021	0.017	0.024	0.012	0.013	0.021
Blastochloris	0.017	0.018000000000000002	0.013	0.015	0.013999999999999999	0.015	0.017	0.009000000000000001	0.009000000000000001	0.01	0.012	0.015	0.013999999999999999	0.013	0.009000000000000001	0.008	0.012	0.008	0.015	0.012	0.011000000000000001	0.011000000000000001	0.012	0.01	0.012	0.009000000000000001	0.013999999999999999	0.013	0.012	0.011000000000000001	0.01	0.009000000000000001	0.011000000000000001	0.021	0.017	0.015	0.013	0.012	0.012	0.011000000000000001	0.031	0.03	0.034999999999999996	0.031	0.02	0.03	0.013999999999999999	0.026
Castellaniella	0.018000000000000002	0.02	0.017	0.016	0.016	0.018000000000000002	0.017	0.008	0.01	0.012	0.018000000000000002	0.021	0.016	0.017	0.012	0.01	0.011000000000000001	0.006999999999999999	0.013	0.013999999999999999	0.011000000000000001	0.012	0.012	0.009000000000000001	0.009000000000000001	0.009000000000000001	0.013999999999999999	0.009000000000000001	0.01	0.012	0.009000000000000001	0.008	0.015	0.017	0.016	0.017	0.015	0.012	0.013999999999999999	0.012	0.027999999999999997	0.029	0.027999999999999997	0.027999999999999997	0.016	0.02	0.013	0.022000000000000002
Geobacter	0.013999999999999999	0.016	0.013999999999999999	0.015	0.013	0.012	0.013999999999999999	0.006	0.008	0.006	0.011000000000000001	0.012	0.012	0.012	0.009000000000000001	0.006	0.008	0.004	0.008	0.009000000000000001	0.006999999999999999	0.008	0.008	0.006999999999999999	0.006999999999999999	0.006999999999999999	0.009000000000000001	0.006	0.009000000000000001	0.008	0.006999999999999999	0.005	0.01	0.015	0.012	0.012	0.011000000000000001	0.009000000000000001	0.011000000000000001	0.008	0.036000000000000004	0.034	0.047	0.076	0.027	0.023	0.011000000000000001	0.073
Subtercola	0.015	0.013	0.016	0.011000000000000001	0.011000000000000001	0.013	0.027	0.009000000000000001	0.006999999999999999	0.012	0.011000000000000001	0.025	0.018000000000000002	0.019	0.019	0.006999999999999999	0.018000000000000002	0.019	0.013	0.013	0.013999999999999999	0.01	0.015	0.009000000000000001	0.021	0.015	0.015	0.019	0.019	0.009000000000000001	0.012	0.008	0.01	0.013999999999999999	0.011000000000000001	0.012	0.013	0.011000000000000001	0.019	0.012	0.019	0.022000000000000002	0.017	0.02	0.02	0.023	0.01	0.013999999999999999
Erwinia	0.013	0.016	0.019	0.013999999999999999	0.018000000000000002	0.013	0.025	0.013999999999999999	0.008	0.016	0.013999999999999999	0.021	0.017	0.015	0.012	0.011000000000000001	0.011000000000000001	0.009000000000000001	0.012	0.011000000000000001	0.013	0.01	0.011000000000000001	0.008	0.046	0.01	0.012	0.009000000000000001	0.01	0.008	0.008	0.008	0.013	0.013999999999999999	0.013	0.013	0.011000000000000001	0.011000000000000001	0.011000000000000001	0.011000000000000001	0.019	0.022000000000000002	0.021	0.021	0.013999999999999999	0.042	0.012	0.017
Nordella	0.012	0.013999999999999999	0.012	0.01	0.013	0.01	0.011000000000000001	0.006	0.008	0.006999999999999999	0.01	0.015	0.012	0.01	0.009000000000000001	0.006999999999999999	0.013	0.01	0.013999999999999999	0.017	0.015	0.013999999999999999	0.013999999999999999	0.017	0.015	0.011000000000000001	0.02	0.013999999999999999	0.021	0.021	0.017	0.015	0.013	0.015	0.037	0.02	0.01	0.011000000000000001	0.011000000000000001	0.015	0.023	0.023	0.023	0.025	0.013999999999999999	0.02	0.011000000000000001	0.019
Parafrankia	0.015	0.013999999999999999	0.016	0.012	0.011000000000000001	0.013999999999999999	0.015	0.006	0.008	0.009000000000000001	0.01	0.017	0.016	0.016	0.011000000000000001	0.006999999999999999	0.013999999999999999	0.011000000000000001	0.013999999999999999	0.013	0.012	0.013	0.012	0.011000000000000001	0.013999999999999999	0.009000000000000001	0.013	0.012	0.013999999999999999	0.011000000000000001	0.011000000000000001	0.011000000000000001	0.013999999999999999	0.022000000000000002	0.016	0.015	0.015	0.017	0.015	0.016	0.024	0.023	0.03	0.026	0.019	0.024	0.013999999999999999	0.02
Croceibacterium	0.022000000000000002	0.025	0.022000000000000002	0.018000000000000002	0.025	0.021	0.03	0.012	0.011000000000000001	0.008	0.013999999999999999	0.016	0.017	0.016	0.013	0.009000000000000001	0.013999999999999999	0.011000000000000001	0.013999999999999999	0.013	0.013999999999999999	0.01	0.015	0.011000000000000001	0.021	0.01	0.013	0.015	0.012	0.012	0.012	0.008	0.009000000000000001	0.011000000000000001	0.013	0.013999999999999999	0.012	0.009000000000000001	0.012	0.009000000000000001	0.016	0.019	0.016	0.017	0.016	0.017	0.008	0.016
Talaromyces	0.009000000000000001	0.017	0.026	0.01	0.011000000000000001	0.009000000000000001	0.011000000000000001	0.008	0.012	0.006999999999999999	0.017	0.024	0.021	0.016	0.015	0.008	0.013999999999999999	0.021	0.037	0.012	0.009000000000000001	0.008	0.01	0.006999999999999999	0.013999999999999999	0.012	0.01	0.008	0.01	0.01	0.008	0.015	0.026	0.033	0.016	0.021	0.017	0.018000000000000002	0.01	0.018000000000000002	0.018000000000000002	0.025	0.013	0.013999999999999999	0.011000000000000001	0.006	0.009000000000000001	0.012
Ferruginibacter	0.02	0.019	0.019	0.015	0.019	0.018000000000000002	0.02	0.012	0.009000000000000001	0.009000000000000001	0.015	0.023	0.015	0.011000000000000001	0.013999999999999999	0.009000000000000001	0.01	0.004	0.01	0.012	0.011000000000000001	0.009000000000000001	0.01	0.011000000000000001	0.01	0.008	0.013999999999999999	0.01	0.011000000000000001	0.011000000000000001	0.01	0.009000000000000001	0.015	0.01	0.022000000000000002	0.018000000000000002	0.016	0.017	0.016	0.016	0.03	0.024	0.015	0.021	0.015	0.013	0.011000000000000001	0.025
Thermobifida	0.013999999999999999	0.013999999999999999	0.013999999999999999	0.011000000000000001	0.013	0.013999999999999999	0.015	0.006999999999999999	0.008	0.008	0.011000000000000001	0.013	0.013999999999999999	0.015	0.012	0.006	0.015	0.011000000000000001	0.013999999999999999	0.015	0.013999999999999999	0.013999999999999999	0.012	0.012	0.013	0.01	0.013999999999999999	0.012	0.015	0.012	0.011000000000000001	0.012	0.018000000000000002	0.021	0.018000000000000002	0.016	0.016	0.018000000000000002	0.015	0.018000000000000002	0.021	0.02	0.026	0.024	0.015	0.019	0.012	0.018000000000000002
Alsobacter	0.015	0.013999999999999999	0.026	0.012	0.013	0.022000000000000002	0.015	0.009000000000000001	0.009000000000000001	0.011000000000000001	0.013	0.013999999999999999	0.017	0.018000000000000002	0.012	0.008	0.012	0.011000000000000001	0.012	0.011000000000000001	0.01	0.011000000000000001	0.012	0.011000000000000001	0.012	0.009000000000000001	0.016	0.013	0.013	0.009000000000000001	0.011000000000000001	0.009000000000000001	0.01	0.015	0.013999999999999999	0.013	0.012	0.01	0.012	0.011000000000000001	0.026	0.025	0.027	0.025	0.019	0.027	0.011000000000000001	0.02
Chelatococcus	0.015	0.015	0.015	0.013	0.015	0.013999999999999999	0.017	0.009000000000000001	0.008	0.009000000000000001	0.012	0.015	0.015	0.015	0.012	0.008	0.012	0.008	0.013999999999999999	0.013	0.012	0.01	0.012	0.01	0.013999999999999999	0.009000000000000001	0.013999999999999999	0.013	0.013999999999999999	0.011000000000000001	0.01	0.009000000000000001	0.012	0.018000000000000002	0.016	0.016	0.012	0.012	0.013999999999999999	0.01	0.026	0.025	0.026	0.027	0.019	0.027	0.012	0.021
Stieleria	0.018000000000000002	0.016	0.013	0.015	0.015	0.015	0.016	0.006	0.01	0.008	0.013999999999999999	0.016	0.015	0.013	0.011000000000000001	0.008	0.013	0.006	0.011000000000000001	0.01	0.01	0.01	0.012	0.01	0.009000000000000001	0.006999999999999999	0.013999999999999999	0.009000000000000001	0.012	0.01	0.01	0.006999999999999999	0.011000000000000001	0.018000000000000002	0.015	0.016	0.015	0.012	0.012	0.01	0.036000000000000004	0.026	0.03	0.027	0.02	0.025	0.012	0.026
Demequina	0.016	0.013999999999999999	0.016	0.013999999999999999	0.013999999999999999	0.017	0.017	0.006	0.006999999999999999	0.008	0.01	0.017	0.015	0.013	0.013999999999999999	0.006999999999999999	0.012	0.011000000000000001	0.012	0.012	0.012	0.011000000000000001	0.012	0.008	0.015	0.009000000000000001	0.013999999999999999	0.013999999999999999	0.016	0.012	0.01	0.008	0.012	0.017	0.015	0.013	0.013999999999999999	0.013999999999999999	0.017	0.011000000000000001	0.025	0.021	0.024	0.023	0.021	0.024	0.013	0.02
Pyxidicoccus	0.021	0.021	0.017	0.016	0.016	0.031	0.02	0.009000000000000001	0.012	0.008	0.018000000000000002	0.015	0.015	0.015	0.012	0.013	0.012	0.008	0.01	0.011000000000000001	0.01	0.01	0.01	0.009000000000000001	0.008	0.008	0.01	0.008	0.01	0.013999999999999999	0.009000000000000001	0.006999999999999999	0.012	0.018000000000000002	0.016	0.017	0.012	0.013999999999999999	0.012	0.015	0.024	0.019	0.02	0.02	0.017	0.018000000000000002	0.011000000000000001	0.017
Halobaculum	0.016	0.015	0.016	0.013999999999999999	0.015	0.015	0.013999999999999999	0.01	0.009000000000000001	0.01	0.012	0.013999999999999999	0.016	0.017	0.012	0.006999999999999999	0.013999999999999999	0.009000000000000001	0.012	0.012	0.013	0.012	0.013	0.011000000000000001	0.013999999999999999	0.009000000000000001	0.013999999999999999	0.012	0.016	0.013	0.011000000000000001	0.009000000000000001	0.013999999999999999	0.021	0.013999999999999999	0.013999999999999999	0.013	0.012	0.013	0.015	0.021	0.021	0.025	0.02	0.013999999999999999	0.02	0.011000000000000001	0.018000000000000002
Ampullimonas	0.019	0.02	0.023	0.015	0.022000000000000002	0.024	0.024	0.013999999999999999	0.011000000000000001	0.011000000000000001	0.012	0.011000000000000001	0.021	0.016	0.016	0.019	0.008	0.013999999999999999	0.008	0.01	0.006999999999999999	0.012	0.006999999999999999	0.01	0.009000000000000001	0.006999999999999999	0.008	0.009000000000000001	0.013	0.012	0.011000000000000001	0.01	0.024	0.026	0.013	0.016	0.009000000000000001	0.01	0.012	0.022000000000000002	0.02	0.02	0.015	0.012	0.015	0.006999999999999999	0.008	0.009000000000000001
Salinicola	0.017	0.015	0.016	0.016	0.018000000000000002	0.015	0.013999999999999999	0.006999999999999999	0.01	0.01	0.013999999999999999	0.017	0.017	0.015	0.012	0.009000000000000001	0.012	0.006999999999999999	0.013	0.013	0.012	0.011000000000000001	0.012	0.01	0.013	0.009000000000000001	0.013	0.012	0.013	0.011000000000000001	0.01	0.008	0.013999999999999999	0.019	0.015	0.015	0.013	0.012	0.013	0.011000000000000001	0.023	0.022000000000000002	0.022000000000000002	0.024	0.016	0.02	0.011000000000000001	0.019
Methylovirgula	0.015	0.016	0.015	0.013	0.013	0.013	0.015	0.008	0.008	0.013	0.012	0.018000000000000002	0.016	0.013999999999999999	0.008	0.006999999999999999	0.01	0.009000000000000001	0.018000000000000002	0.01	0.011000000000000001	0.009000000000000001	0.01	0.009000000000000001	0.011000000000000001	0.009000000000000001	0.015	0.01	0.011000000000000001	0.009000000000000001	0.01	0.006999999999999999	0.009000000000000001	0.019	0.013999999999999999	0.012	0.011000000000000001	0.011000000000000001	0.012	0.009000000000000001	0.027	0.03	0.031	0.036000000000000004	0.017	0.024	0.012	0.024
Chitinimonas	0.016	0.016	0.021	0.017	0.019	0.016	0.013999999999999999	0.008	0.011000000000000001	0.01	0.017	0.018000000000000002	0.017	0.016	0.013	0.01	0.01	0.005	0.011000000000000001	0.013	0.009000000000000001	0.011000000000000001	0.011000000000000001	0.006999999999999999	0.009000000000000001	0.008	0.013	0.008	0.01	0.01	0.008	0.008	0.013999999999999999	0.016	0.016	0.019	0.013	0.012	0.013	0.012	0.022000000000000002	0.023	0.023	0.024	0.019	0.02	0.012	0.021
Trinickia	0.017	0.017	0.016	0.013999999999999999	0.016	0.015	0.015	0.008	0.01	0.011000000000000001	0.017	0.021	0.017	0.017	0.013	0.01	0.01	0.017	0.012	0.011000000000000001	0.008	0.009000000000000001	0.01	0.008	0.027999999999999997	0.006999999999999999	0.012	0.009000000000000001	0.012	0.009000000000000001	0.009000000000000001	0.006	0.011000000000000001	0.015	0.013	0.013999999999999999	0.012	0.012	0.013	0.013	0.021	0.025	0.022000000000000002	0.023	0.015	0.018000000000000002	0.011000000000000001	0.02
Pseudomyxococcus	0.021	0.018000000000000002	0.013999999999999999	0.018000000000000002	0.02	0.018000000000000002	0.017	0.01	0.01	0.009000000000000001	0.016	0.013	0.015	0.013999999999999999	0.012	0.01	0.012	0.005	0.009000000000000001	0.011000000000000001	0.011000000000000001	0.011000000000000001	0.012	0.009000000000000001	0.01	0.008	0.012	0.009000000000000001	0.01	0.011000000000000001	0.009000000000000001	0.008	0.016	0.021	0.018000000000000002	0.017	0.016	0.013	0.015	0.013	0.026	0.019	0.018000000000000002	0.02	0.013999999999999999	0.017	0.013	0.017
Rubrivirga	0.016	0.016	0.013999999999999999	0.015	0.015	0.013	0.016	0.008	0.009000000000000001	0.009000000000000001	0.012	0.015	0.015	0.015	0.011000000000000001	0.008	0.013	0.008	0.012	0.013	0.012	0.013	0.013	0.01	0.011000000000000001	0.009000000000000001	0.012	0.011000000000000001	0.013	0.012	0.011000000000000001	0.009000000000000001	0.013999999999999999	0.019	0.016	0.013999999999999999	0.013999999999999999	0.013	0.013	0.013	0.025	0.021	0.022000000000000002	0.021	0.017	0.021	0.011000000000000001	0.019
Pannonibacter	0.013999999999999999	0.016	0.016	0.01	0.015	0.012	0.013999999999999999	0.006999999999999999	0.006999999999999999	0.009000000000000001	0.012	0.017	0.013999999999999999	0.013999999999999999	0.009000000000000001	0.008	0.011000000000000001	0.006999999999999999	0.013999999999999999	0.012	0.012	0.009000000000000001	0.013	0.008	0.015	0.009000000000000001	0.017	0.012	0.013	0.011000000000000001	0.009000000000000001	0.008	0.012	0.013999999999999999	0.015	0.015	0.01	0.011000000000000001	0.013999999999999999	0.008	0.027999999999999997	0.031	0.027999999999999997	0.03	0.016	0.023	0.011000000000000001	0.021
Haloarcula	0.017	0.016	0.018000000000000002	0.013999999999999999	0.013999999999999999	0.015	0.015	0.009000000000000001	0.009000000000000001	0.009000000000000001	0.012	0.015	0.013999999999999999	0.015	0.013	0.008	0.013999999999999999	0.01	0.012	0.013	0.012	0.012	0.012	0.011000000000000001	0.012	0.01	0.013	0.011000000000000001	0.013	0.012	0.011000000000000001	0.009000000000000001	0.015	0.019	0.013999999999999999	0.015	0.013	0.013	0.016	0.012	0.022000000000000002	0.02	0.02	0.018000000000000002	0.016	0.02	0.01	0.017
Komagataeibacter	0.017	0.016	0.02	0.013	0.015	0.013	0.017	0.006999999999999999	0.008	0.011000000000000001	0.013999999999999999	0.017	0.016	0.016	0.01	0.009000000000000001	0.01	0.006999999999999999	0.016	0.011000000000000001	0.01	0.009000000000000001	0.011000000000000001	0.008	0.009000000000000001	0.009000000000000001	0.013999999999999999	0.009000000000000001	0.009000000000000001	0.01	0.009000000000000001	0.008	0.012	0.018000000000000002	0.012	0.013999999999999999	0.011000000000000001	0.01	0.013	0.01	0.026	0.029	0.026	0.031	0.013999999999999999	0.021	0.012	0.022000000000000002
Yersinia	0.026	0.021	0.016	0.027	0.013999999999999999	0.013	0.012	0.031	0.008	0.009000000000000001	0.021	0.021	0.012	0.016	0.008	0.015	0.012	0.013999999999999999	0.018000000000000002	0.01	0.009000000000000001	0.012	0.008	0.005	0.013	0.005	0.009000000000000001	0.006999999999999999	0.019	0.006	0.006	0.005	0.009000000000000001	0.009000000000000001	0.006999999999999999	0.01	0.016	0.019	0.016	0.012	0.015	0.02	0.024	0.016	0.02	0.012	0.005	0.021
Agreia	0.013999999999999999	0.016	0.039	0.009000000000000001	0.011000000000000001	0.027	0.021	0.01	0.005	0.008	0.013999999999999999	0.019	0.015	0.013	0.013	0.006999999999999999	0.017	0.012	0.008	0.03	0.016	0.01	0.023	0.013999999999999999	0.027999999999999997	0.022000000000000002	0.013999999999999999	0.023	0.024	0.008	0.01	0.008	0.006999999999999999	0.009000000000000001	0.006	0.006	0.009000000000000001	0.006999999999999999	0.009000000000000001	0.006999999999999999	0.012	0.013	0.008	0.015	0.013	0.013999999999999999	0.006	0.009000000000000001
Nostocoides	0.018000000000000002	0.016	0.013999999999999999	0.011000000000000001	0.01	0.02	0.019	0.01	0.006	0.006999999999999999	0.006	0.012	0.013	0.012	0.013999999999999999	0.005	0.018000000000000002	0.025	0.011000000000000001	0.012	0.011000000000000001	0.017	0.011000000000000001	0.013	0.021	0.013	0.011000000000000001	0.024	0.013	0.015	0.013	0.011000000000000001	0.009000000000000001	0.015	0.013	0.013	0.013999999999999999	0.012	0.012	0.017	0.016	0.011000000000000001	0.021	0.013999999999999999	0.013999999999999999	0.024	0.008	0.013
Yinghuangia	0.011000000000000001	0.013	0.012	0.011000000000000001	0.01	0.011000000000000001	0.011000000000000001	0.006	0.006	0.006999999999999999	0.009000000000000001	0.01	0.011000000000000001	0.012	0.01	0.006	0.016	0.024	0.011000000000000001	0.016	0.019	0.013999999999999999	0.011000000000000001	0.031	0.015	0.008	0.012	0.011000000000000001	0.012	0.017	0.017	0.018000000000000002	0.013999999999999999	0.016	0.013	0.012	0.013	0.013	0.013	0.012	0.021	0.017	0.022000000000000002	0.019	0.013999999999999999	0.017	0.009000000000000001	0.016
Geomonas	0.016	0.013999999999999999	0.015	0.013	0.013	0.013999999999999999	0.015	0.008	0.008	0.008	0.012	0.013999999999999999	0.013	0.013	0.009000000000000001	0.006999999999999999	0.009000000000000001	0.005	0.01	0.01	0.009000000000000001	0.008	0.009000000000000001	0.006999999999999999	0.006999999999999999	0.006	0.01	0.006999999999999999	0.009000000000000001	0.009000000000000001	0.008	0.006	0.01	0.017	0.012	0.012	0.011000000000000001	0.01	0.012	0.01	0.03	0.027	0.034	0.046	0.018000000000000002	0.019	0.011000000000000001	0.038
Salinilacustrithrix	0.015	0.016	0.013	0.012	0.012	0.013999999999999999	0.013999999999999999	0.006	0.006	0.006999999999999999	0.008	0.012	0.011000000000000001	0.009000000000000001	0.008	0.005	0.011000000000000001	0.008	0.008	0.011000000000000001	0.011000000000000001	0.011000000000000001	0.012	0.01	0.012	0.006	0.012	0.011000000000000001	0.018000000000000002	0.011000000000000001	0.012	0.006999999999999999	0.008	0.015	0.013999999999999999	0.013	0.013	0.011000000000000001	0.01	0.011000000000000001	0.034	0.023	0.027999999999999997	0.024	0.023	0.036000000000000004	0.011000000000000001	0.023
Rothia	0.013999999999999999	0.011000000000000001	0.017	0.012	0.012	0.012	0.015	0.006999999999999999	0.006999999999999999	0.009000000000000001	0.011000000000000001	0.013999999999999999	0.013	0.013	0.01	0.006999999999999999	0.013999999999999999	0.01	0.011000000000000001	0.01	0.013	0.011000000000000001	0.011000000000000001	0.01	0.012	0.009000000000000001	0.013	0.011000000000000001	0.013999999999999999	0.01	0.01	0.01	0.015	0.017	0.013999999999999999	0.013999999999999999	0.015	0.017	0.016	0.015	0.021	0.021	0.022000000000000002	0.019	0.016	0.02	0.01	0.018000000000000002
Breoghania	0.013999999999999999	0.016	0.013999999999999999	0.012	0.013999999999999999	0.012	0.015	0.008	0.008	0.011000000000000001	0.011000000000000001	0.013999999999999999	0.013999999999999999	0.013	0.009000000000000001	0.008	0.011000000000000001	0.006999999999999999	0.013	0.011000000000000001	0.011000000000000001	0.009000000000000001	0.011000000000000001	0.009000000000000001	0.013999999999999999	0.009000000000000001	0.013999999999999999	0.012	0.011000000000000001	0.01	0.009000000000000001	0.008	0.011000000000000001	0.015	0.013	0.013	0.011000000000000001	0.011000000000000001	0.011000000000000001	0.01	0.024	0.024	0.025	0.025	0.013999999999999999	0.022000000000000002	0.011000000000000001	0.021
Pelagerythrobacter	0.016	0.016	0.018000000000000002	0.012	0.016	0.016	0.022000000000000002	0.013	0.01	0.008	0.011000000000000001	0.015	0.015	0.013999999999999999	0.013	0.008	0.012	0.01	0.012	0.011000000000000001	0.013999999999999999	0.011000000000000001	0.013	0.01	0.02	0.009000000000000001	0.012	0.012	0.011000000000000001	0.011000000000000001	0.011000000000000001	0.008	0.01	0.012	0.011000000000000001	0.012	0.011000000000000001	0.009000000000000001	0.01	0.01	0.015	0.018000000000000002	0.019	0.018000000000000002	0.015	0.016	0.009000000000000001	0.015
Verrucomicrobium	0.015	0.013	0.013	0.013	0.011000000000000001	0.015	0.013	0.005	0.006999999999999999	0.008	0.012	0.02	0.012	0.019	0.01	0.005	0.009000000000000001	0.004	0.009000000000000001	0.008	0.008	0.006999999999999999	0.008	0.006	0.008	0.005	0.008	0.008	0.011000000000000001	0.008	0.008	0.004	0.008	0.012	0.01	0.015	0.009000000000000001	0.008	0.009000000000000001	0.008	0.027	0.038	0.024	0.043	0.013999999999999999	0.033	0.011000000000000001	0.041
Rahnella	0.005	0.008	0.006	0.013999999999999999	0.006	0.005	0.011000000000000001	0.005	0.003	0.004	0.016	0.006999999999999999	0.006999999999999999	0.005	0.004	0.004	0.003	0.006	0.006	0.004	0.005	0.004	0.004	0.003	0.01	0.003	0.004	0.003	0.004	0.003	0.003	0.003	0.004	0.006	0.006	0.006	0.004	0.004	0.004	0.004	0.033	0.039	0.02	0.07200000000000001	0.006999999999999999	0.18	0.005	0.047
Telmatobacter	0.009000000000000001	0.011000000000000001	0.008	0.006	0.008	0.009000000000000001	0.015	0.003	0.005	0.015	0.006999999999999999	0.018000000000000002	0.011000000000000001	0.02	0.004	0.008	0.004	0.005	0.023	0.004	0.003	0.003	0.004	0.003	0.005	0.003	0.006	0.003	0.002	0.004	0.004	0.003	0.003	0.02	0.005	0.005	0.004	0.004	0.006	0.004	0.027999999999999997	0.054	0.078	0.078	0.02	0.016	0.019	0.039
Natrinema	0.015	0.013999999999999999	0.015	0.013999999999999999	0.015	0.012	0.013999999999999999	0.009000000000000001	0.008	0.009000000000000001	0.012	0.013999999999999999	0.015	0.013999999999999999	0.012	0.006999999999999999	0.012	0.009000000000000001	0.011000000000000001	0.012	0.012	0.011000000000000001	0.012	0.01	0.012	0.009000000000000001	0.011000000000000001	0.011000000000000001	0.012	0.012	0.01	0.01	0.011000000000000001	0.018000000000000002	0.013	0.015	0.013	0.011000000000000001	0.012	0.011000000000000001	0.021	0.018000000000000002	0.02	0.019	0.013999999999999999	0.02	0.009000000000000001	0.017
Thalassobaculum	0.013999999999999999	0.015	0.013999999999999999	0.013	0.012	0.013	0.015	0.006999999999999999	0.009000000000000001	0.008	0.012	0.013	0.013	0.013999999999999999	0.011000000000000001	0.008	0.01	0.006	0.013	0.01	0.01	0.009000000000000001	0.01	0.008	0.01	0.006999999999999999	0.013	0.009000000000000001	0.01	0.009000000000000001	0.009000000000000001	0.008	0.011000000000000001	0.019	0.013999999999999999	0.013	0.012	0.011000000000000001	0.013	0.011000000000000001	0.024	0.027	0.026	0.026	0.015	0.022000000000000002	0.011000000000000001	0.02
Miniimonas	0.012	0.012	0.013999999999999999	0.011000000000000001	0.012	0.013999999999999999	0.013999999999999999	0.006	0.006	0.008	0.01	0.013999999999999999	0.012	0.013	0.011000000000000001	0.006	0.013	0.01	0.011000000000000001	0.012	0.012	0.012	0.011000000000000001	0.01	0.013999999999999999	0.009000000000000001	0.013	0.012	0.017	0.011000000000000001	0.01	0.009000000000000001	0.012	0.015	0.013999999999999999	0.011000000000000001	0.015	0.013999999999999999	0.013999999999999999	0.011000000000000001	0.024	0.018000000000000002	0.022000000000000002	0.019	0.013999999999999999	0.022000000000000002	0.01	0.019
Noviherbaspirillum	0.015	0.017	0.019	0.013999999999999999	0.019	0.013999999999999999	0.015	0.009000000000000001	0.009000000000000001	0.009000000000000001	0.019	0.015	0.016	0.013999999999999999	0.012	0.009000000000000001	0.008	0.006999999999999999	0.011000000000000001	0.011000000000000001	0.008	0.008	0.009000000000000001	0.006999999999999999	0.008	0.006	0.011000000000000001	0.006999999999999999	0.006	0.008	0.006	0.006	0.011000000000000001	0.012	0.015	0.013	0.01	0.011000000000000001	0.011000000000000001	0.016	0.022000000000000002	0.024	0.021	0.025	0.013	0.018000000000000002	0.013	0.02
Antiquaquibacter	0.01	0.009000000000000001	0.016	0.006	0.006999999999999999	0.008	0.02	0.006999999999999999	0.005	0.009000000000000001	0.006	0.02	0.016	0.013	0.015	0.005	0.024	0.013999999999999999	0.01	0.013	0.017	0.01	0.016	0.006999999999999999	0.025	0.016	0.013999999999999999	0.023	0.031	0.011000000000000001	0.012	0.008	0.009000000000000001	0.009000000000000001	0.01	0.008	0.01	0.009000000000000001	0.012	0.01	0.013999999999999999	0.018000000000000002	0.008	0.013	0.016	0.02	0.008	0.009000000000000001
Cellvibrio	0.025	0.042	0.032	0.018000000000000002	0.063	0.034	0.049	0.021	0.011000000000000001	0.006	0.02	0.013	0.012	0.006999999999999999	0.019	0.012	0.008	0.004	0.005	0.005	0.018000000000000002	0.006999999999999999	0.006999999999999999	0.006	0.018000000000000002	0.005	0.006999999999999999	0.012	0.017	0.004	0.005	0.003	0.004	0.004	0.004	0.005	0.004	0.003	0.004	0.003	0.008	0.006999999999999999	0.006	0.008	0.005	0.01	0.004	0.006999999999999999
Barrientosiimonas	0.013999999999999999	0.012	0.013999999999999999	0.012	0.01	0.013	0.013	0.009000000000000001	0.006	0.008	0.009000000000000001	0.012	0.012	0.012	0.01	0.006	0.013	0.012	0.011000000000000001	0.01	0.013	0.012	0.011000000000000001	0.009000000000000001	0.013	0.008	0.013	0.013	0.016	0.01	0.011000000000000001	0.008	0.01	0.017	0.015	0.012	0.013999999999999999	0.013999999999999999	0.012	0.012	0.019	0.017	0.022000000000000002	0.019	0.013999999999999999	0.021	0.009000000000000001	0.015
Thiobacillus	0.015	0.015	0.013999999999999999	0.016	0.013999999999999999	0.012	0.012	0.006	0.008	0.008	0.013	0.016	0.016	0.013999999999999999	0.01	0.009000000000000001	0.009000000000000001	0.006	0.011000000000000001	0.01	0.008	0.008	0.01	0.006	0.006	0.006999999999999999	0.012	0.008	0.008	0.01	0.006999999999999999	0.005	0.01	0.017	0.013999999999999999	0.016	0.012	0.011000000000000001	0.011000000000000001	0.009000000000000001	0.024	0.025	0.022000000000000002	0.027999999999999997	0.015	0.021	0.01	0.022000000000000002
Alcaligenes	0.013999999999999999	0.017	0.015	0.012	0.018000000000000002	0.013999999999999999	0.013999999999999999	0.006999999999999999	0.009000000000000001	0.011000000000000001	0.013999999999999999	0.019	0.015	0.012	0.009000000000000001	0.008	0.009000000000000001	0.006	0.013	0.011000000000000001	0.01	0.01	0.009000000000000001	0.006999999999999999	0.009000000000000001	0.009000000000000001	0.011000000000000001	0.006999999999999999	0.01	0.009000000000000001	0.006999999999999999	0.005	0.01	0.015	0.012	0.013999999999999999	0.011000000000000001	0.011000000000000001	0.011000000000000001	0.012	0.02	0.024	0.021	0.026	0.013999999999999999	0.016	0.009000000000000001	0.02
Humibacter	0.013	0.009000000000000001	0.012	0.008	0.011000000000000001	0.011000000000000001	0.023	0.006999999999999999	0.006999999999999999	0.012	0.006999999999999999	0.021	0.017	0.015	0.013999999999999999	0.005	0.013	0.017	0.013	0.01	0.013	0.01	0.011000000000000001	0.006999999999999999	0.013999999999999999	0.01	0.015	0.015	0.013999999999999999	0.008	0.01	0.008	0.008	0.013	0.008	0.01	0.011000000000000001	0.009000000000000001	0.013999999999999999	0.008	0.017	0.021	0.016	0.019	0.016	0.022000000000000002	0.01	0.013
Streptomonospora	0.011000000000000001	0.011000000000000001	0.013999999999999999	0.011000000000000001	0.011000000000000001	0.012	0.011000000000000001	0.006	0.006	0.008	0.008	0.012	0.012	0.013	0.009000000000000001	0.006	0.013	0.01	0.011000000000000001	0.012	0.012	0.011000000000000001	0.011000000000000001	0.01	0.013999999999999999	0.009000000000000001	0.012	0.012	0.013999999999999999	0.01	0.01	0.011000000000000001	0.018000000000000002	0.019	0.013	0.013	0.013999999999999999	0.015	0.015	0.013	0.018000000000000002	0.017	0.021	0.019	0.015	0.016	0.01	0.013999999999999999
Flavisolibacter	0.015	0.016	0.015	0.013999999999999999	0.013999999999999999	0.013	0.013	0.009000000000000001	0.006999999999999999	0.009000000000000001	0.013999999999999999	0.013	0.013	0.011000000000000001	0.012	0.008	0.01	0.004	0.009000000000000001	0.012	0.008	0.009000000000000001	0.008	0.013	0.008	0.008	0.013	0.008	0.009000000000000001	0.011000000000000001	0.009000000000000001	0.011000000000000001	0.02	0.009000000000000001	0.021	0.023	0.016	0.018000000000000002	0.017	0.013999999999999999	0.018000000000000002	0.017	0.013	0.016	0.011000000000000001	0.01	0.009000000000000001	0.013999999999999999
Dickeya	0.015	0.015	0.013999999999999999	0.012	0.015	0.01	0.015	0.008	0.008	0.01	0.011000000000000001	0.013999999999999999	0.012	0.013	0.008	0.006999999999999999	0.009000000000000001	0.006	0.01	0.046	0.008	0.008	0.036000000000000004	0.006	0.009000000000000001	0.006999999999999999	0.01	0.006999999999999999	0.008	0.006999999999999999	0.006999999999999999	0.005	0.01	0.013	0.012	0.013	0.01	0.009000000000000001	0.01	0.009000000000000001	0.017	0.018000000000000002	0.016	0.02	0.011000000000000001	0.013	0.008	0.022000000000000002
Aquipseudomonas	0.015	0.012	0.013999999999999999	0.013999999999999999	0.013999999999999999	0.015	0.013999999999999999	0.006	0.01	0.008	0.013	0.015	0.016	0.013999999999999999	0.013	0.008	0.011000000000000001	0.006	0.011000000000000001	0.012	0.011000000000000001	0.01	0.01	0.006999999999999999	0.006999999999999999	0.006999999999999999	0.011000000000000001	0.006999999999999999	0.01	0.01	0.009000000000000001	0.006999999999999999	0.013	0.015	0.015	0.015	0.013	0.012	0.011000000000000001	0.011000000000000001	0.019	0.019	0.019	0.019	0.012	0.016	0.01	0.018000000000000002
Candidatus Palauibacter	0.016	0.013	0.013	0.013999999999999999	0.013999999999999999	0.013	0.012	0.006	0.008	0.008	0.01	0.013	0.013999999999999999	0.013	0.009000000000000001	0.006999999999999999	0.011000000000000001	0.006	0.01	0.011000000000000001	0.009000000000000001	0.009000000000000001	0.01	0.009000000000000001	0.009000000000000001	0.006999999999999999	0.01	0.008	0.01	0.009000000000000001	0.009000000000000001	0.006999999999999999	0.011000000000000001	0.018000000000000002	0.015	0.013	0.012	0.01	0.011000000000000001	0.01	0.025	0.02	0.022000000000000002	0.022000000000000002	0.015	0.022000000000000002	0.009000000000000001	0.019
Vreelandella	0.015	0.012	0.013999999999999999	0.011000000000000001	0.015	0.015	0.013999999999999999	0.008	0.006999999999999999	0.009000000000000001	0.012	0.016	0.017	0.013999999999999999	0.011000000000000001	0.009000000000000001	0.01	0.004	0.013	0.01	0.01	0.009000000000000001	0.01	0.009000000000000001	0.008	0.006999999999999999	0.011000000000000001	0.008	0.01	0.008	0.008	0.006	0.011000000000000001	0.013999999999999999	0.013	0.015	0.012	0.009000000000000001	0.012	0.008	0.021	0.022000000000000002	0.018000000000000002	0.023	0.012	0.016	0.011000000000000001	0.018000000000000002
Propionibacterium	0.012	0.01	0.013	0.012	0.01	0.01	0.011000000000000001	0.008	0.005	0.006999999999999999	0.008	0.013	0.012	0.011000000000000001	0.008	0.006	0.011000000000000001	0.006999999999999999	0.008	0.01	0.01	0.009000000000000001	0.01	0.009000000000000001	0.012	0.008	0.013	0.013999999999999999	0.017	0.009000000000000001	0.008	0.006999999999999999	0.012	0.017	0.012	0.011000000000000001	0.013	0.011000000000000001	0.01	0.011000000000000001	0.021	0.021	0.026	0.022000000000000002	0.013999999999999999	0.021	0.011000000000000001	0.017
Pseudooceanicola	0.015	0.015	0.013	0.012	0.013	0.012	0.013	0.006999999999999999	0.008	0.008	0.011000000000000001	0.013999999999999999	0.015	0.013	0.01	0.008	0.011000000000000001	0.006999999999999999	0.011000000000000001	0.01	0.011000000000000001	0.008	0.011000000000000001	0.008	0.011000000000000001	0.008	0.012	0.009000000000000001	0.011000000000000001	0.009000000000000001	0.009000000000000001	0.006999999999999999	0.01	0.013999999999999999	0.011000000000000001	0.011000000000000001	0.011000000000000001	0.01	0.012	0.01	0.02	0.021	0.019	0.021	0.013	0.017	0.009000000000000001	0.017
Horticoccus	0.018000000000000002	0.015	0.015	0.016	0.017	0.015	0.024	0.01	0.01	0.008	0.019	0.015	0.012	0.012	0.009000000000000001	0.006999999999999999	0.008	0.003	0.009000000000000001	0.008	0.008	0.008	0.006999999999999999	0.006	0.006999999999999999	0.005	0.008	0.005	0.008	0.006999999999999999	0.006	0.004	0.012	0.011000000000000001	0.011000000000000001	0.013999999999999999	0.012	0.011000000000000001	0.013	0.006999999999999999	0.027	0.026	0.021	0.025	0.009000000000000001	0.011000000000000001	0.009000000000000001	0.018000000000000002
Chenggangzhangella	0.011000000000000001	0.009000000000000001	0.012	0.009000000000000001	0.011000000000000001	0.009000000000000001	0.012	0.005	0.006999999999999999	0.009000000000000001	0.011000000000000001	0.013999999999999999	0.013999999999999999	0.01	0.01	0.008	0.013	0.008	0.009000000000000001	0.012	0.02	0.009000000000000001	0.013	0.008	0.029	0.015	0.013999999999999999	0.017	0.018000000000000002	0.011000000000000001	0.009000000000000001	0.006999999999999999	0.009000000000000001	0.012	0.01	0.009000000000000001	0.009000000000000001	0.009000000000000001	0.009000000000000001	0.006999999999999999	0.017	0.016	0.017	0.016	0.013	0.016	0.009000000000000001	0.013999999999999999
Novilysobacter	0.021	0.019	0.013	0.013	0.013	0.013999999999999999	0.023	0.01	0.008	0.006999999999999999	0.009000000000000001	0.017	0.013999999999999999	0.011000000000000001	0.011000000000000001	0.005	0.013999999999999999	0.008	0.011000000000000001	0.012	0.015	0.01	0.013	0.006999999999999999	0.015	0.009000000000000001	0.012	0.012	0.012	0.01	0.006999999999999999	0.005	0.01	0.012	0.009000000000000001	0.011000000000000001	0.009000000000000001	0.008	0.008	0.005	0.015	0.017	0.013999999999999999	0.02	0.008	0.013	0.008	0.015
Arenimonas	0.025	0.026	0.018000000000000002	0.017	0.026	0.019	0.017	0.012	0.006999999999999999	0.006999999999999999	0.011000000000000001	0.017	0.013999999999999999	0.01	0.011000000000000001	0.006	0.012	0.006999999999999999	0.01	0.009000000000000001	0.015	0.008	0.011000000000000001	0.006999999999999999	0.013	0.008	0.011000000000000001	0.013	0.013	0.011000000000000001	0.008	0.005	0.006999999999999999	0.009000000000000001	0.009000000000000001	0.008	0.006	0.005	0.006999999999999999	0.006999999999999999	0.013	0.015	0.012	0.013	0.015	0.011000000000000001	0.006999999999999999	0.013
Naasia	0.01	0.01	0.012	0.008	0.008	0.01	0.019	0.006999999999999999	0.005	0.01	0.006999999999999999	0.017	0.016	0.015	0.011000000000000001	0.005	0.013999999999999999	0.015	0.012	0.01	0.013999999999999999	0.009000000000000001	0.012	0.008	0.016	0.01	0.013	0.016	0.016	0.009000000000000001	0.01	0.006999999999999999	0.009000000000000001	0.011000000000000001	0.009000000000000001	0.01	0.012	0.01	0.013999999999999999	0.011000000000000001	0.016	0.019	0.013	0.016	0.013	0.018000000000000002	0.008	0.011000000000000001
Polaribacter	0.015	0.017	0.017	0.013999999999999999	0.02	0.017	0.018000000000000002	0.022000000000000002	0.01	0.01	0.013999999999999999	0.012	0.01	0.009000000000000001	0.011000000000000001	0.011000000000000001	0.006	0.008	0.009000000000000001	0.006999999999999999	0.009000000000000001	0.006999999999999999	0.006999999999999999	0.008	0.009000000000000001	0.008	0.008	0.008	0.008	0.006999999999999999	0.008	0.006	0.018000000000000002	0.011000000000000001	0.013	0.013	0.01	0.013999999999999999	0.012	0.016	0.015	0.015	0.013	0.013	0.017	0.009000000000000001	0.008	0.013
Stella	0.012	0.011000000000000001	0.013	0.01	0.01	0.011000000000000001	0.011000000000000001	0.006999999999999999	0.006999999999999999	0.006999999999999999	0.011000000000000001	0.01	0.012	0.012	0.009000000000000001	0.006	0.009000000000000001	0.006	0.011000000000000001	0.009000000000000001	0.012	0.009000000000000001	0.01	0.009000000000000001	0.012	0.006999999999999999	0.012	0.01	0.012	0.01	0.008	0.006999999999999999	0.008	0.016	0.011000000000000001	0.012	0.01	0.01	0.01	0.009000000000000001	0.023	0.024	0.024	0.023	0.016	0.02	0.01	0.019
Brevibacillus	0.013999999999999999	0.015	0.012	0.013	0.012	0.012	0.013	0.01	0.008	0.008	0.012	0.013	0.012	0.012	0.01	0.006999999999999999	0.01	0.006	0.009000000000000001	0.009000000000000001	0.008	0.008	0.009000000000000001	0.006999999999999999	0.008	0.006999999999999999	0.009000000000000001	0.006999999999999999	0.009000000000000001	0.008	0.008	0.006	0.012	0.015	0.015	0.012	0.011000000000000001	0.01	0.013	0.013999999999999999	0.021	0.021	0.02	0.022000000000000002	0.015	0.017	0.01	0.017
Rhodopila	0.011000000000000001	0.01	0.006999999999999999	0.008	0.008	0.006	0.017	0.003	0.006	0.018000000000000002	0.009000000000000001	0.017	0.015	0.015	0.006	0.005	0.009000000000000001	0.008	0.031	0.006999999999999999	0.006999999999999999	0.005	0.006999999999999999	0.005	0.004	0.01	0.019	0.005	0.005	0.005	0.005	0.006	0.006	0.018000000000000002	0.01	0.008	0.01	0.01	0.011000000000000001	0.008	0.023	0.025	0.027	0.036000000000000004	0.013999999999999999	0.022000000000000002	0.008	0.02
Starkeya	0.012	0.012	0.013	0.01	0.012	0.01	0.012	0.006	0.006999999999999999	0.008	0.01	0.013	0.011000000000000001	0.012	0.009000000000000001	0.006	0.01	0.006999999999999999	0.013999999999999999	0.01	0.01	0.009000000000000001	0.011000000000000001	0.008	0.01	0.009000000000000001	0.013999999999999999	0.01	0.011000000000000001	0.008	0.009000000000000001	0.008	0.009000000000000001	0.016	0.012	0.012	0.009000000000000001	0.009000000000000001	0.011000000000000001	0.008	0.021	0.022000000000000002	0.021	0.022000000000000002	0.015	0.021	0.008	0.017
Mycetocola	0.011000000000000001	0.01	0.012	0.008	0.01	0.01	0.019	0.006999999999999999	0.006	0.008	0.008	0.016	0.013	0.013999999999999999	0.013999999999999999	0.005	0.013	0.013	0.011000000000000001	0.01	0.013	0.008	0.012	0.006999999999999999	0.016	0.01	0.012	0.016	0.015	0.009000000000000001	0.009000000000000001	0.008	0.01	0.012	0.012	0.009000000000000001	0.011000000000000001	0.01	0.012	0.01	0.015	0.017	0.013	0.016	0.013999999999999999	0.018000000000000002	0.008	0.011000000000000001
Glacieibacterium	0.015	0.013	0.013999999999999999	0.009000000000000001	0.012	0.011000000000000001	0.017	0.006999999999999999	0.008	0.009000000000000001	0.012	0.015	0.013999999999999999	0.013999999999999999	0.009000000000000001	0.006	0.01	0.006999999999999999	0.013	0.009000000000000001	0.01	0.008	0.01	0.008	0.01	0.008	0.012	0.009000000000000001	0.009000000000000001	0.009000000000000001	0.008	0.006999999999999999	0.009000000000000001	0.019	0.009000000000000001	0.011000000000000001	0.012	0.009000000000000001	0.011000000000000001	0.009000000000000001	0.018000000000000002	0.021	0.018000000000000002	0.018000000000000002	0.013	0.015	0.01	0.015
Methyloraptor	0.012	0.013999999999999999	0.012	0.01	0.01	0.011000000000000001	0.013	0.006	0.006999999999999999	0.009000000000000001	0.01	0.013	0.012	0.013	0.009000000000000001	0.006	0.01	0.006	0.011000000000000001	0.009000000000000001	0.008	0.008	0.009000000000000001	0.008	0.01	0.006999999999999999	0.011000000000000001	0.008	0.01	0.009000000000000001	0.008	0.006	0.01	0.015	0.012	0.013	0.01	0.009000000000000001	0.011000000000000001	0.009000000000000001	0.02	0.023	0.023	0.023	0.015	0.02	0.011000000000000001	0.018000000000000002
Parabacteroides	0.016	0.011000000000000001	0.017	0.013999999999999999	0.012	0.013	0.013999999999999999	0.009000000000000001	0.006999999999999999	0.008	0.011000000000000001	0.013	0.011000000000000001	0.013999999999999999	0.011000000000000001	0.006999999999999999	0.009000000000000001	0.004	0.009000000000000001	0.009000000000000001	0.008	0.006999999999999999	0.006	0.01	0.004	0.006	0.011000000000000001	0.006	0.009000000000000001	0.008	0.009000000000000001	0.008	0.025	0.011000000000000001	0.017	0.019	0.011000000000000001	0.013	0.016	0.012	0.017	0.021	0.012	0.015	0.011000000000000001	0.008	0.01	0.015
Paenacidovorax	0.017	0.02	0.021	0.013999999999999999	0.018000000000000002	0.017	0.013	0.009000000000000001	0.009000000000000001	0.009000000000000001	0.018000000000000002	0.015	0.012	0.012	0.015	0.011000000000000001	0.008	0.003	0.006999999999999999	0.01	0.009000000000000001	0.01	0.01	0.006	0.006999999999999999	0.006	0.011000000000000001	0.006999999999999999	0.009000000000000001	0.006999999999999999	0.006999999999999999	0.005	0.01	0.008	0.013	0.015	0.011000000000000001	0.01	0.011000000000000001	0.013999999999999999	0.013999999999999999	0.015	0.012	0.013999999999999999	0.009000000000000001	0.013	0.008	0.012
Gimesia	0.013	0.015	0.012	0.011000000000000001	0.015	0.012	0.012	0.006	0.006999999999999999	0.006999999999999999	0.011000000000000001	0.012	0.012	0.01	0.006999999999999999	0.006	0.008	0.004	0.009000000000000001	0.008	0.006999999999999999	0.006	0.008	0.006999999999999999	0.006	0.006	0.01	0.006999999999999999	0.01	0.006999999999999999	0.006999999999999999	0.005	0.008	0.013999999999999999	0.012	0.012	0.01	0.009000000000000001	0.01	0.006999999999999999	0.032	0.024	0.026	0.026	0.015	0.02	0.009000000000000001	0.023
Luteipulveratus	0.009000000000000001	0.008	0.01	0.006999999999999999	0.006	0.008	0.009000000000000001	0.004	0.004	0.006	0.006	0.009000000000000001	0.008	0.009000000000000001	0.008	0.004	0.012	0.018000000000000002	0.016	0.012	0.01	0.015	0.008	0.012	0.033	0.021	0.008	0.016	0.015	0.046	0.016	0.022000000000000002	0.008	0.01	0.009000000000000001	0.008	0.008	0.01	0.009000000000000001	0.01	0.011000000000000001	0.008	0.01	0.01	0.008	0.012	0.005	0.008
Terrirubrum	0.012	0.012	0.013	0.012	0.011000000000000001	0.012	0.013	0.006	0.008	0.006999999999999999	0.008	0.013999999999999999	0.012	0.011000000000000001	0.006999999999999999	0.005	0.008	0.006	0.012	0.009000000000000001	0.008	0.006999999999999999	0.009000000000000001	0.009000000000000001	0.009000000000000001	0.006999999999999999	0.011000000000000001	0.01	0.011000000000000001	0.006999999999999999	0.008	0.006999999999999999	0.008	0.013999999999999999	0.011000000000000001	0.011000000000000001	0.008	0.008	0.009000000000000001	0.006999999999999999	0.021	0.022000000000000002	0.025	0.021	0.013999999999999999	0.023	0.013999999999999999	0.017
Lichenicola	0.012	0.012	0.011000000000000001	0.01	0.011000000000000001	0.009000000000000001	0.015	0.005	0.008	0.01	0.012	0.013999999999999999	0.013	0.012	0.008	0.006	0.009000000000000001	0.006	0.013	0.009000000000000001	0.008	0.008	0.008	0.006	0.008	0.006	0.011000000000000001	0.006999999999999999	0.008	0.008	0.006999999999999999	0.006	0.009000000000000001	0.015	0.011000000000000001	0.01	0.011000000000000001	0.009000000000000001	0.011000000000000001	0.006999999999999999	0.021	0.025	0.022000000000000002	0.025	0.013999999999999999	0.018000000000000002	0.01	0.018000000000000002
Faustvirus	0.079	0.2	0.023	0.006999999999999999	0.03	0.027999999999999997	0.027	0.023	0.0	0.0	0.0	0.0	0.0	0.0	0.004	0.0	0.0	0.0	0.0	0.0	0.0	0.0	0.0	0.003	0.0	0.0	0.0	0.0	0.0	0.0	0.0	0.0	0.013	0.0	0.0	0.0	0.02	0.034	0.04	0.001	0.0	0.0	0.0	0.0	0.0	0.0	0.0	0.0
Marisediminicola	0.008	0.008	0.01	0.006999999999999999	0.008	0.006999999999999999	0.023	0.006	0.005	0.006999999999999999	0.006999999999999999	0.02	0.015	0.013	0.013999999999999999	0.004	0.016	0.016	0.01	0.01	0.012	0.008	0.013	0.006	0.016	0.013	0.011000000000000001	0.016	0.018000000000000002	0.008	0.01	0.006999999999999999	0.008	0.01	0.006999999999999999	0.008	0.01	0.008	0.013	0.008	0.013999999999999999	0.017	0.01	0.013999999999999999	0.015	0.02	0.008	0.009000000000000001
Azotobacter	0.012	0.019	0.013999999999999999	0.016	0.011000000000000001	0.01	0.01	0.006999999999999999	0.008	0.009000000000000001	0.013999999999999999	0.013	0.01	0.011000000000000001	0.009000000000000001	0.006999999999999999	0.009000000000000001	0.005	0.009000000000000001	0.01	0.009000000000000001	0.008	0.008	0.006999999999999999	0.009000000000000001	0.006999999999999999	0.01	0.008	0.009000000000000001	0.009000000000000001	0.008	0.006	0.013999999999999999	0.015	0.012	0.013999999999999999	0.013	0.011000000000000001	0.011000000000000001	0.01	0.018000000000000002	0.018000000000000002	0.016	0.018000000000000002	0.011000000000000001	0.016	0.009000000000000001	0.013
Desulfovibrio	0.013999999999999999	0.013999999999999999	0.015	0.011000000000000001	0.012	0.012	0.015	0.006999999999999999	0.006	0.006999999999999999	0.01	0.013	0.013	0.012	0.008	0.006	0.008	0.005	0.009000000000000001	0.009000000000000001	0.008	0.008	0.009000000000000001	0.006999999999999999	0.008	0.006	0.01	0.006	0.008	0.008	0.006	0.006	0.011000000000000001	0.015	0.013	0.013	0.01	0.011000000000000001	0.012	0.009000000000000001	0.021	0.019	0.022000000000000002	0.024	0.012	0.015	0.008	0.018000000000000002
Nostoc	0.01	0.012	0.011000000000000001	0.011000000000000001	0.011000000000000001	0.01	0.011000000000000001	0.013	0.006	0.006999999999999999	0.008	0.009000000000000001	0.01	0.006999999999999999	0.006999999999999999	0.006999999999999999	0.005	0.004	0.006	0.006	0.005	0.006	0.005	0.006	0.006	0.004	0.005	0.004	0.005	0.005	0.006	0.004	0.013	0.074	0.01	0.011000000000000001	0.009000000000000001	0.011000000000000001	0.008	0.013	0.02	0.015	0.046	0.015	0.015	0.012	0.01	0.013999999999999999
Protofrankia	0.012	0.006999999999999999	0.01	0.01	0.006999999999999999	0.008	0.01	0.004	0.006	0.006999999999999999	0.009000000000000001	0.013	0.011000000000000001	0.012	0.008	0.005	0.011000000000000001	0.006999999999999999	0.01	0.013	0.011000000000000001	0.01	0.01	0.008	0.01	0.006999999999999999	0.012	0.009000000000000001	0.011000000000000001	0.01	0.006999999999999999	0.008	0.012	0.015	0.012	0.012	0.013	0.013	0.011000000000000001	0.009000000000000001	0.018000000000000002	0.017	0.024	0.023	0.011000000000000001	0.018000000000000002	0.01	0.016
Rhodovastum	0.011000000000000001	0.011000000000000001	0.01	0.01	0.01	0.01	0.011000000000000001	0.004	0.006	0.01	0.01	0.013	0.012	0.011000000000000001	0.006999999999999999	0.006	0.008	0.006999999999999999	0.013	0.006999999999999999	0.008	0.006999999999999999	0.008	0.006	0.008	0.006999999999999999	0.011000000000000001	0.006999999999999999	0.006999999999999999	0.006999999999999999	0.006999999999999999	0.006	0.009000000000000001	0.016	0.011000000000000001	0.01	0.009000000000000001	0.009000000000000001	0.009000000000000001	0.009000000000000001	0.024	0.023	0.025	0.027999999999999997	0.013999999999999999	0.023	0.01	0.019
Leptospira	0.015	0.022000000000000002	0.012	0.025	0.015	0.021	0.01	0.013	0.005	0.005	0.006	0.008	0.006999999999999999	0.021	0.005	0.005	0.006999999999999999	0.005	0.006999999999999999	0.01	0.006	0.008	0.006	0.008	0.006	0.005	0.009000000000000001	0.006	0.008	0.005	0.006999999999999999	0.005	0.011000000000000001	0.013	0.027999999999999997	0.016	0.017	0.012	0.012	0.009000000000000001	0.019	0.011000000000000001	0.015	0.018000000000000002	0.011000000000000001	0.012	0.005	0.012
Occallatibacter	0.006	0.008	0.006	0.006	0.006999999999999999	0.006999999999999999	0.009000000000000001	0.002	0.003	0.009000000000000001	0.005	0.013999999999999999	0.006999999999999999	0.011000000000000001	0.003	0.005	0.003	0.005	0.013	0.004	0.003	0.003	0.003	0.002	0.004	0.003	0.005	0.003	0.003	0.004	0.003	0.003	0.004	0.016	0.004	0.005	0.004	0.004	0.006	0.003	0.023	0.049	0.082	0.073	0.015	0.012	0.016	0.036000000000000004
Celeribacter	0.012	0.012	0.01	0.011000000000000001	0.012	0.01	0.012	0.006	0.006999999999999999	0.008	0.011000000000000001	0.015	0.012	0.013	0.009000000000000001	0.006999999999999999	0.01	0.006	0.012	0.01	0.009000000000000001	0.006999999999999999	0.01	0.008	0.011000000000000001	0.006999999999999999	0.012	0.009000000000000001	0.01	0.009000000000000001	0.006999999999999999	0.006	0.009000000000000001	0.013	0.012	0.012	0.009000000000000001	0.009000000000000001	0.01	0.006999999999999999	0.018000000000000002	0.021	0.019	0.02	0.013	0.016	0.008	0.016
Arachidicoccus	0.013999999999999999	0.012	0.015	0.01	0.013	0.013	0.015	0.01	0.006999999999999999	0.008	0.012	0.013999999999999999	0.01	0.009000000000000001	0.01	0.006999999999999999	0.009000000000000001	0.004	0.009000000000000001	0.01	0.006999999999999999	0.008	0.006999999999999999	0.008	0.006999999999999999	0.006	0.011000000000000001	0.006	0.008	0.009000000000000001	0.006999999999999999	0.008	0.015	0.008	0.013999999999999999	0.016	0.012	0.016	0.013	0.012	0.018000000000000002	0.018000000000000002	0.012	0.018000000000000002	0.01	0.009000000000000001	0.009000000000000001	0.013999999999999999
Inhella	0.016	0.021	0.023	0.017	0.025	0.019	0.01	0.008	0.011000000000000001	0.011000000000000001	0.02	0.016	0.015	0.012	0.013	0.013999999999999999	0.006	0.002	0.008	0.008	0.005	0.006999999999999999	0.006	0.005	0.004	0.005	0.01	0.005	0.005	0.006	0.006	0.004	0.012	0.006	0.009000000000000001	0.015	0.01	0.009000000000000001	0.011000000000000001	0.016	0.011000000000000001	0.013	0.012	0.013999999999999999	0.009000000000000001	0.008	0.008	0.01
Diaminobutyricimonas	0.009000000000000001	0.012	0.01	0.005	0.006	0.008	0.018000000000000002	0.008	0.004	0.008	0.006	0.017	0.013	0.013	0.01	0.005	0.013	0.013	0.01	0.01	0.011000000000000001	0.006999999999999999	0.011000000000000001	0.006	0.013999999999999999	0.009000000000000001	0.01	0.015	0.013	0.006999999999999999	0.009000000000000001	0.006	0.006999999999999999	0.009000000000000001	0.006999999999999999	0.006999999999999999	0.01	0.006999999999999999	0.009000000000000001	0.008	0.013	0.016	0.01	0.013	0.015	0.051000000000000004	0.006999999999999999	0.01
Allosphingosinicella	0.011000000000000001	0.015	0.012	0.009000000000000001	0.008	0.011000000000000001	0.015	0.006	0.01	0.006	0.011000000000000001	0.017	0.02	0.015	0.011000000000000001	0.006999999999999999	0.011000000000000001	0.006999999999999999	0.009000000000000001	0.012	0.013	0.009000000000000001	0.013	0.008	0.017	0.006999999999999999	0.01	0.015	0.01	0.017	0.01	0.008	0.006999999999999999	0.013	0.012	0.013	0.015	0.009000000000000001	0.01	0.008	0.01	0.01	0.01	0.009000000000000001	0.008	0.009000000000000001	0.004	0.008
Paludibaculum	0.011000000000000001	0.012	0.009000000000000001	0.009000000000000001	0.01	0.009000000000000001	0.012	0.004	0.006999999999999999	0.006999999999999999	0.009000000000000001	0.012	0.01	0.012	0.005	0.005	0.006	0.003	0.011000000000000001	0.006999999999999999	0.005	0.005	0.006	0.005	0.005	0.004	0.008	0.004	0.006	0.006	0.006	0.004	0.006999999999999999	0.022000000000000002	0.01	0.009000000000000001	0.009000000000000001	0.008	0.009000000000000001	0.006999999999999999	0.027	0.027	0.034	0.036000000000000004	0.017	0.017	0.011000000000000001	0.026
Mycolicibacillus	0.011000000000000001	0.008	0.01	0.008	0.009000000000000001	0.008	0.011000000000000001	0.004	0.006	0.006	0.008	0.011000000000000001	0.012	0.011000000000000001	0.01	0.005	0.012	0.01	0.009000000000000001	0.009000000000000001	0.01	0.01	0.009000000000000001	0.01	0.013	0.012	0.012	0.012	0.015	0.009000000000000001	0.01	0.009000000000000001	0.011000000000000001	0.015	0.01	0.012	0.012	0.012	0.011000000000000001	0.011000000000000001	0.013999999999999999	0.013	0.017	0.013999999999999999	0.013	0.015	0.006999999999999999	0.012
Dermacoccus	0.012	0.011000000000000001	0.013	0.01	0.01	0.012	0.012	0.006	0.006	0.006999999999999999	0.008	0.01	0.011000000000000001	0.01	0.009000000000000001	0.005	0.009000000000000001	0.01	0.01	0.009000000000000001	0.009000000000000001	0.009000000000000001	0.009000000000000001	0.008	0.011000000000000001	0.006999999999999999	0.011000000000000001	0.01	0.01	0.008	0.008	0.006	0.009000000000000001	0.015	0.012	0.011000000000000001	0.012	0.012	0.012	0.01	0.018000000000000002	0.015	0.017	0.016	0.012	0.017	0.008	0.013999999999999999
Phaeobacter	0.012	0.013	0.013	0.009000000000000001	0.013	0.009000000000000001	0.01	0.006	0.006	0.008	0.011000000000000001	0.013999999999999999	0.01	0.01	0.009000000000000001	0.006	0.009000000000000001	0.006	0.009000000000000001	0.009000000000000001	0.009000000000000001	0.008	0.015	0.006999999999999999	0.01	0.006	0.01	0.008	0.01	0.009000000000000001	0.009000000000000001	0.006	0.009000000000000001	0.012	0.009000000000000001	0.011000000000000001	0.009000000000000001	0.009000000000000001	0.009000000000000001	0.008	0.019	0.018000000000000002	0.02	0.02	0.013999999999999999	0.015	0.008	0.016
Blastomonas	0.012	0.012	0.013999999999999999	0.008	0.013	0.012	0.013	0.006	0.008	0.006999999999999999	0.011000000000000001	0.013999999999999999	0.013999999999999999	0.013	0.012	0.006999999999999999	0.011000000000000001	0.006	0.011000000000000001	0.009000000000000001	0.011000000000000001	0.009000000000000001	0.011000000000000001	0.006999999999999999	0.013999999999999999	0.008	0.011000000000000001	0.01	0.009000000000000001	0.009000000000000001	0.008	0.006999999999999999	0.008	0.011000000000000001	0.01	0.01	0.01	0.006999999999999999	0.008	0.006999999999999999	0.015	0.017	0.013999999999999999	0.015	0.012	0.013	0.006999999999999999	0.013
Hyphomonas	0.012	0.013	0.013	0.01	0.013	0.01	0.012	0.006	0.006	0.008	0.01	0.013999999999999999	0.012	0.012	0.008	0.006999999999999999	0.009000000000000001	0.005	0.01	0.008	0.009000000000000001	0.006999999999999999	0.009000000000000001	0.006	0.01	0.006999999999999999	0.011000000000000001	0.008	0.008	0.009000000000000001	0.006999999999999999	0.006	0.009000000000000001	0.013	0.011000000000000001	0.01	0.009000000000000001	0.008	0.01	0.006999999999999999	0.02	0.022000000000000002	0.018000000000000002	0.021	0.012	0.015	0.008	0.016
Oricola	0.013	0.012	0.012	0.01	0.011000000000000001	0.011000000000000001	0.013	0.006	0.006999999999999999	0.008	0.009000000000000001	0.011000000000000001	0.01	0.01	0.008	0.005	0.009000000000000001	0.005	0.01	0.009000000000000001	0.01	0.009000000000000001	0.01	0.008	0.013	0.006999999999999999	0.011000000000000001	0.009000000000000001	0.013999999999999999	0.009000000000000001	0.006999999999999999	0.006999999999999999	0.009000000000000001	0.012	0.011000000000000001	0.011000000000000001	0.009000000000000001	0.009000000000000001	0.008	0.006999999999999999	0.017	0.019	0.018000000000000002	0.02	0.012	0.016	0.008	0.013999999999999999
Lichenicoccus	0.013999999999999999	0.011000000000000001	0.012	0.011000000000000001	0.012	0.009000000000000001	0.011000000000000001	0.006999999999999999	0.006	0.009000000000000001	0.01	0.012	0.011000000000000001	0.011000000000000001	0.006999999999999999	0.006999999999999999	0.009000000000000001	0.005	0.013	0.008	0.006999999999999999	0.006999999999999999	0.008	0.006	0.008	0.006	0.011000000000000001	0.006	0.006999999999999999	0.006999999999999999	0.006999999999999999	0.006	0.009000000000000001	0.013999999999999999	0.011000000000000001	0.01	0.01	0.008	0.009000000000000001	0.008	0.019	0.021	0.022000000000000002	0.023	0.013	0.018000000000000002	0.009000000000000001	0.017
Termitidicoccus	0.016	0.012	0.013999999999999999	0.015	0.016	0.013	0.017	0.011000000000000001	0.006999999999999999	0.006	0.017	0.011000000000000001	0.01	0.009000000000000001	0.008	0.006	0.006999999999999999	0.004	0.008	0.006999999999999999	0.006999999999999999	0.006	0.006999999999999999	0.005	0.006999999999999999	0.004	0.008	0.005	0.006	0.006	0.006	0.004	0.009000000000000001	0.01	0.008	0.01	0.009000000000000001	0.009000000000000001	0.011000000000000001	0.006999999999999999	0.024	0.026	0.023	0.026	0.008	0.01	0.009000000000000001	0.017
Caulifigura	0.013999999999999999	0.013	0.009000000000000001	0.011000000000000001	0.011000000000000001	0.009000000000000001	0.013	0.005	0.006	0.005	0.006999999999999999	0.009000000000000001	0.009000000000000001	0.006999999999999999	0.006999999999999999	0.004	0.016	0.004	0.006	0.013	0.017	0.012	0.013999999999999999	0.013	0.015	0.006999999999999999	0.011000000000000001	0.013999999999999999	0.023	0.013999999999999999	0.011000000000000001	0.006	0.008	0.011000000000000001	0.013999999999999999	0.012	0.009000000000000001	0.008	0.008	0.006999999999999999	0.015	0.012	0.012	0.011000000000000001	0.01	0.012	0.005	0.011000000000000001
Jeongeupia	0.013999999999999999	0.013999999999999999	0.013999999999999999	0.013999999999999999	0.015	0.012	0.01	0.006	0.008	0.008	0.012	0.013	0.012	0.012	0.01	0.008	0.008	0.005	0.008	0.008	0.008	0.006999999999999999	0.008	0.006	0.006999999999999999	0.005	0.01	0.006	0.006999999999999999	0.006999999999999999	0.008	0.006	0.006999999999999999	0.01	0.012	0.01	0.01	0.008	0.011000000000000001	0.009000000000000001	0.02	0.018000000000000002	0.015	0.02	0.012	0.016	0.009000000000000001	0.015
Gryllotalpicola	0.01	0.01	0.01	0.006999999999999999	0.008	0.009000000000000001	0.02	0.005	0.005	0.009000000000000001	0.006999999999999999	0.017	0.013999999999999999	0.013	0.01	0.005	0.011000000000000001	0.013999999999999999	0.011000000000000001	0.008	0.01	0.008	0.01	0.006999999999999999	0.012	0.008	0.012	0.012	0.011000000000000001	0.008	0.006999999999999999	0.006999999999999999	0.008	0.012	0.009000000000000001	0.009000000000000001	0.01	0.008	0.013	0.008	0.015	0.017	0.013	0.013999999999999999	0.012	0.016	0.008	0.011000000000000001
Pseudoalteromonas	0.013999999999999999	0.013999999999999999	0.017	0.011000000000000001	0.016	0.013999999999999999	0.017	0.013999999999999999	0.009000000000000001	0.009000000000000001	0.012	0.012	0.01	0.009000000000000001	0.011000000000000001	0.01	0.006999999999999999	0.006999999999999999	0.009000000000000001	0.006999999999999999	0.008	0.006	0.006	0.006999999999999999	0.008	0.006	0.008	0.006	0.008	0.006	0.006999999999999999	0.005	0.013	0.011000000000000001	0.011000000000000001	0.012	0.009000000000000001	0.011000000000000001	0.01	0.012	0.013	0.015	0.013999999999999999	0.013999999999999999	0.012	0.009000000000000001	0.008	0.013
Alloyangia	0.013	0.01	0.012	0.011000000000000001	0.012	0.012	0.011000000000000001	0.006	0.006999999999999999	0.006999999999999999	0.011000000000000001	0.012	0.012	0.012	0.01	0.006	0.009000000000000001	0.006	0.009000000000000001	0.009000000000000001	0.009000000000000001	0.009000000000000001	0.009000000000000001	0.006999999999999999	0.01	0.008	0.01	0.009000000000000001	0.008	0.008	0.008	0.006999999999999999	0.009000000000000001	0.013	0.011000000000000001	0.011000000000000001	0.01	0.009000000000000001	0.009000000000000001	0.009000000000000001	0.017	0.016	0.016	0.017	0.012	0.016	0.008	0.013999999999999999
Sphaerimonospora	0.01	0.009000000000000001	0.01	0.009000000000000001	0.006999999999999999	0.009000000000000001	0.009000000000000001	0.009000000000000001	0.005	0.006	0.006999999999999999	0.009000000000000001	0.011000000000000001	0.01	0.008	0.004	0.01	0.006999999999999999	0.009000000000000001	0.011000000000000001	0.009000000000000001	0.008	0.008	0.009000000000000001	0.009000000000000001	0.006	0.008	0.006999999999999999	0.009000000000000001	0.008	0.008	0.006999999999999999	0.024	0.017	0.012	0.013999999999999999	0.016	0.013999999999999999	0.016	0.013999999999999999	0.013	0.01	0.016	0.013	0.022000000000000002	0.012	0.006999999999999999	0.01
Thioclava	0.013	0.013999999999999999	0.011000000000000001	0.01	0.011000000000000001	0.011000000000000001	0.012	0.006999999999999999	0.006	0.006999999999999999	0.01	0.013	0.012	0.01	0.008	0.006	0.009000000000000001	0.006	0.01	0.008	0.009000000000000001	0.008	0.009000000000000001	0.008	0.01	0.006999999999999999	0.01	0.008	0.01	0.009000000000000001	0.006999999999999999	0.006	0.009000000000000001	0.011000000000000001	0.01	0.01	0.008	0.009000000000000001	0.01	0.008	0.018000000000000002	0.019	0.017	0.019	0.012	0.016	0.009000000000000001	0.015
Phnomibacter	0.01	0.01	0.012	0.01	0.013999999999999999	0.011000000000000001	0.015	0.006999999999999999	0.006999999999999999	0.008	0.011000000000000001	0.012	0.01	0.008	0.009000000000000001	0.008	0.009000000000000001	0.003	0.009000000000000001	0.01	0.006999999999999999	0.008	0.006	0.01	0.006	0.006	0.01	0.006	0.008	0.009000000000000001	0.006999999999999999	0.006999999999999999	0.015	0.006999999999999999	0.015	0.02	0.012	0.017	0.015	0.013999999999999999	0.017	0.015	0.012	0.015	0.01	0.009000000000000001	0.006999999999999999	0.012
Raoultella	0.01	0.011000000000000001	0.011000000000000001	0.009000000000000001	0.01	0.006999999999999999	0.01	0.005	0.006	0.006	0.008	0.013999999999999999	0.013	0.01	0.006999999999999999	0.005	0.009000000000000001	0.004	0.01	0.009000000000000001	0.006999999999999999	0.006999999999999999	0.008	0.006	0.006999999999999999	0.006	0.01	0.006999999999999999	0.006999999999999999	0.006999999999999999	0.006	0.004	0.012	0.017	0.011000000000000001	0.013	0.01	0.01	0.013999999999999999	0.008	0.016	0.02	0.027	0.025	0.011000000000000001	0.013	0.009000000000000001	0.022000000000000002
Stigmatella	0.015	0.015	0.012	0.013999999999999999	0.013999999999999999	0.018000000000000002	0.013999999999999999	0.006999999999999999	0.006999999999999999	0.006	0.01	0.009000000000000001	0.01	0.011000000000000001	0.009000000000000001	0.006	0.006999999999999999	0.003	0.006999999999999999	0.009000000000000001	0.006999999999999999	0.006999999999999999	0.006999999999999999	0.006	0.006	0.005	0.009000000000000001	0.005	0.006999999999999999	0.006999999999999999	0.006	0.004	0.01	0.016	0.016	0.013999999999999999	0.012	0.012	0.009000000000000001	0.009000000000000001	0.02	0.015	0.016	0.017	0.011000000000000001	0.013	0.01	0.013999999999999999
Tabrizicola	0.011000000000000001	0.011000000000000001	0.012	0.011000000000000001	0.01	0.01	0.013	0.006	0.005	0.006999999999999999	0.016	0.016	0.009000000000000001	0.008	0.008	0.006	0.008	0.006	0.009000000000000001	0.009000000000000001	0.011000000000000001	0.008	0.01	0.008	0.011000000000000001	0.006	0.013	0.012	0.012	0.009000000000000001	0.006999999999999999	0.006	0.006	0.01	0.01	0.01	0.009000000000000001	0.008	0.008	0.009000000000000001	0.019	0.017	0.015	0.018000000000000002	0.011000000000000001	0.013999999999999999	0.008	0.015
Jannaschia	0.012	0.012	0.011000000000000001	0.011000000000000001	0.009000000000000001	0.011000000000000001	0.012	0.006	0.008	0.006999999999999999	0.01	0.013	0.01	0.011000000000000001	0.008	0.006	0.009000000000000001	0.006	0.01	0.01	0.009000000000000001	0.008	0.01	0.006999999999999999	0.009000000000000001	0.006999999999999999	0.011000000000000001	0.009000000000000001	0.009000000000000001	0.006999999999999999	0.008	0.006	0.009000000000000001	0.013999999999999999	0.011000000000000001	0.011000000000000001	0.01	0.008	0.009000000000000001	0.008	0.017	0.018000000000000002	0.017	0.018000000000000002	0.011000000000000001	0.016	0.006999999999999999	0.015
Tenacibaculum	0.013	0.013	0.015	0.012	0.018000000000000002	0.015	0.016	0.021	0.009000000000000001	0.008	0.013	0.012	0.01	0.009000000000000001	0.009000000000000001	0.011000000000000001	0.006	0.006999999999999999	0.008	0.006999999999999999	0.006999999999999999	0.006999999999999999	0.006	0.006999999999999999	0.008	0.006	0.006999999999999999	0.006999999999999999	0.006999999999999999	0.006	0.006	0.005	0.013	0.012	0.011000000000000001	0.011000000000000001	0.01	0.01	0.011000000000000001	0.015	0.013	0.011000000000000001	0.011000000000000001	0.01	0.015	0.006999999999999999	0.006999999999999999	0.011000000000000001
Kytococcus	0.012	0.01	0.011000000000000001	0.009000000000000001	0.009000000000000001	0.012	0.01	0.005	0.005	0.006	0.006999999999999999	0.01	0.009000000000000001	0.009000000000000001	0.008	0.005	0.009000000000000001	0.008	0.008	0.008	0.01	0.009000000000000001	0.009000000000000001	0.008	0.01	0.006999999999999999	0.008	0.01	0.011000000000000001	0.006999999999999999	0.008	0.006	0.01	0.016	0.012	0.01	0.01	0.012	0.012	0.01	0.016	0.013999999999999999	0.016	0.015	0.02	0.015	0.006999999999999999	0.021
Simplicispira	0.013999999999999999	0.021	0.018000000000000002	0.013	0.016	0.013	0.013999999999999999	0.006	0.006999999999999999	0.008	0.013999999999999999	0.013999999999999999	0.011000000000000001	0.011000000000000001	0.01	0.006999999999999999	0.006	0.004	0.006	0.008	0.008	0.008	0.008	0.005	0.005	0.006	0.011000000000000001	0.006	0.006999999999999999	0.006	0.005	0.004	0.012	0.006999999999999999	0.013	0.018000000000000002	0.009000000000000001	0.01	0.01	0.013	0.015	0.013	0.013	0.017	0.006999999999999999	0.013	0.006	0.012
Serpentinimonas	0.013	0.013	0.016	0.013999999999999999	0.016	0.013	0.01	0.005	0.008	0.009000000000000001	0.016	0.015	0.013	0.012	0.012	0.009000000000000001	0.006999999999999999	0.003	0.006999999999999999	0.009000000000000001	0.006	0.008	0.006999999999999999	0.005	0.005	0.005	0.01	0.005	0.006	0.006999999999999999	0.006	0.004	0.012	0.008	0.012	0.017	0.01	0.008	0.011000000000000001	0.013	0.015	0.015	0.013999999999999999	0.016	0.01	0.01	0.008	0.013
Thalassospira	0.011000000000000001	0.011000000000000001	0.012	0.008	0.011000000000000001	0.009000000000000001	0.012	0.006999999999999999	0.006	0.008	0.01	0.013	0.011000000000000001	0.01	0.008	0.006	0.008	0.005	0.01	0.008	0.008	0.006999999999999999	0.006999999999999999	0.006	0.009000000000000001	0.006999999999999999	0.009000000000000001	0.008	0.009000000000000001	0.006999999999999999	0.006	0.005	0.006999999999999999	0.012	0.01	0.012	0.009000000000000001	0.008	0.008	0.006	0.019	0.023	0.021	0.023	0.012	0.013999999999999999	0.01	0.017
Flagellimonas	0.013999999999999999	0.013	0.015	0.013	0.015	0.013999999999999999	0.015	0.011000000000000001	0.006	0.006	0.013	0.011000000000000001	0.009000000000000001	0.008	0.01	0.006999999999999999	0.008	0.003	0.008	0.008	0.006999999999999999	0.006	0.006	0.006999999999999999	0.006999999999999999	0.006999999999999999	0.008	0.006999999999999999	0.008	0.006999999999999999	0.006999999999999999	0.006	0.013	0.006999999999999999	0.015	0.013999999999999999	0.01	0.012	0.012	0.012	0.016	0.016	0.01	0.013999999999999999	0.011000000000000001	0.008	0.006999999999999999	0.013
Salinarimonas	0.012	0.01	0.011000000000000001	0.009000000000000001	0.009000000000000001	0.01	0.011000000000000001	0.005	0.006	0.006999999999999999	0.008	0.011000000000000001	0.011000000000000001	0.01	0.006999999999999999	0.006	0.009000000000000001	0.006	0.009000000000000001	0.009000000000000001	0.009000000000000001	0.008	0.009000000000000001	0.006999999999999999	0.009000000000000001	0.006	0.009000000000000001	0.008	0.01	0.006999999999999999	0.008	0.006	0.009000000000000001	0.012	0.012	0.009000000000000001	0.01	0.008	0.009000000000000001	0.006999999999999999	0.019	0.018000000000000002	0.02	0.017	0.013	0.019	0.008	0.016
Lysinibacillus	0.01	0.017	0.013	0.012	0.012	0.01	0.013999999999999999	0.022000000000000002	0.008	0.009000000000000001	0.006999999999999999	0.009000000000000001	0.008	0.008	0.006	0.009000000000000001	0.006	0.005	0.009000000000000001	0.005	0.006	0.006999999999999999	0.004	0.006	0.005	0.005	0.005	0.005	0.006	0.005	0.006	0.003	0.015	0.012	0.017	0.012	0.009000000000000001	0.01	0.012	0.017	0.011000000000000001	0.013	0.013999999999999999	0.012	0.021	0.018000000000000002	0.006999999999999999	0.015
Halosimplex	0.013	0.011000000000000001	0.012	0.009000000000000001	0.01	0.011000000000000001	0.011000000000000001	0.008	0.006	0.006	0.008	0.009000000000000001	0.01	0.011000000000000001	0.009000000000000001	0.006	0.01	0.008	0.008	0.009000000000000001	0.008	0.009000000000000001	0.009000000000000001	0.008	0.009000000000000001	0.006999999999999999	0.009000000000000001	0.009000000000000001	0.009000000000000001	0.009000000000000001	0.008	0.008	0.01	0.013999999999999999	0.01	0.011000000000000001	0.01	0.009000000000000001	0.01	0.009000000000000001	0.016	0.013999999999999999	0.015	0.013999999999999999	0.012	0.013999999999999999	0.006999999999999999	0.013
Rhodospirillum	0.011000000000000001	0.012	0.009000000000000001	0.01	0.011000000000000001	0.008	0.012	0.005	0.006999999999999999	0.006999999999999999	0.01	0.009000000000000001	0.01	0.011000000000000001	0.008	0.006	0.006999999999999999	0.005	0.009000000000000001	0.006999999999999999	0.006999999999999999	0.006	0.008	0.006	0.006999999999999999	0.006	0.009000000000000001	0.008	0.006999999999999999	0.008	0.006999999999999999	0.006	0.009000000000000001	0.013	0.01	0.01	0.009000000000000001	0.009000000000000001	0.009000000000000001	0.008	0.019	0.023	0.021	0.024	0.013	0.015	0.008	0.016
Paraoerskovia	0.011000000000000001	0.011000000000000001	0.01	0.01	0.009000000000000001	0.011000000000000001	0.01	0.004	0.005	0.006	0.006	0.01	0.01	0.009000000000000001	0.008	0.005	0.01	0.008	0.008	0.009000000000000001	0.01	0.009000000000000001	0.009000000000000001	0.008	0.011000000000000001	0.006999999999999999	0.01	0.011000000000000001	0.013	0.009000000000000001	0.009000000000000001	0.006	0.009000000000000001	0.012	0.012	0.011000000000000001	0.011000000000000001	0.011000000000000001	0.012	0.011000000000000001	0.016	0.013	0.013	0.013999999999999999	0.012	0.016	0.008	0.012
Methyloversatilis	0.013	0.012	0.013	0.011000000000000001	0.012	0.01	0.009000000000000001	0.005	0.008	0.008	0.013	0.012	0.011000000000000001	0.011000000000000001	0.009000000000000001	0.006999999999999999	0.006999999999999999	0.003	0.008	0.009000000000000001	0.006999999999999999	0.008	0.008	0.006	0.006	0.005	0.009000000000000001	0.006	0.006999999999999999	0.006999999999999999	0.006999999999999999	0.005	0.008	0.01	0.012	0.013	0.009000000000000001	0.009000000000000001	0.009000000000000001	0.008	0.02	0.018000000000000002	0.015	0.02	0.01	0.015	0.008	0.017
Stakelama	0.011000000000000001	0.01	0.012	0.009000000000000001	0.01	0.011000000000000001	0.016	0.006999999999999999	0.006999999999999999	0.006999999999999999	0.011000000000000001	0.012	0.013999999999999999	0.012	0.01	0.006	0.01	0.008	0.011000000000000001	0.009000000000000001	0.011000000000000001	0.009000000000000001	0.01	0.008	0.013999999999999999	0.006999999999999999	0.011000000000000001	0.011000000000000001	0.009000000000000001	0.009000000000000001	0.008	0.008	0.006999999999999999	0.011000000000000001	0.008	0.009000000000000001	0.009000000000000001	0.006999999999999999	0.008	0.006999999999999999	0.012	0.013	0.011000000000000001	0.013	0.012	0.011000000000000001	0.006	0.011000000000000001
Nitrospirillum	0.01	0.013	0.009000000000000001	0.01	0.011000000000000001	0.01	0.011000000000000001	0.005	0.006999999999999999	0.008	0.011000000000000001	0.012	0.012	0.013	0.009000000000000001	0.006999999999999999	0.008	0.005	0.011000000000000001	0.008	0.008	0.006999999999999999	0.006999999999999999	0.006	0.006999999999999999	0.006	0.009000000000000001	0.006999999999999999	0.006999999999999999	0.006999999999999999	0.006	0.006	0.008	0.013	0.009000000000000001	0.01	0.008	0.008	0.009000000000000001	0.006	0.016	0.022000000000000002	0.019	0.022000000000000002	0.012	0.013	0.009000000000000001	0.015
Campylobacter	0.009000000000000001	0.011000000000000001	0.011000000000000001	0.011000000000000001	0.012	0.015	0.013999999999999999	0.03	0.011000000000000001	0.009000000000000001	0.009000000000000001	0.009000000000000001	0.01	0.009000000000000001	0.009000000000000001	0.011000000000000001	0.005	0.006999999999999999	0.008	0.006999999999999999	0.006	0.006999999999999999	0.005	0.006	0.006999999999999999	0.006999999999999999	0.005	0.006	0.006	0.006	0.006999999999999999	0.006	0.016	0.012	0.013	0.012	0.01	0.013	0.013	0.016	0.009000000000000001	0.009000000000000001	0.013	0.008	0.015	0.006	0.006999999999999999	0.009000000000000001
Methylocella	0.012	0.01	0.009000000000000001	0.009000000000000001	0.009000000000000001	0.009000000000000001	0.013999999999999999	0.004	0.006	0.009000000000000001	0.008	0.012	0.011000000000000001	0.011000000000000001	0.005	0.005	0.008	0.006	0.011000000000000001	0.006999999999999999	0.006999999999999999	0.006999999999999999	0.006999999999999999	0.006	0.008	0.006999999999999999	0.01	0.006	0.006999999999999999	0.006	0.006	0.005	0.006	0.012	0.009000000000000001	0.009000000000000001	0.008	0.006999999999999999	0.009000000000000001	0.006999999999999999	0.019	0.022000000000000002	0.023	0.024	0.013999999999999999	0.02	0.01	0.016
Actinopolymorpha	0.01	0.009000000000000001	0.006999999999999999	0.009000000000000001	0.006	0.01	0.009000000000000001	0.006	0.005	0.006999999999999999	0.006999999999999999	0.008	0.01	0.011000000000000001	0.009000000000000001	0.005	0.01	0.01	0.009000000000000001	0.009000000000000001	0.009000000000000001	0.01	0.008	0.008	0.011000000000000001	0.008	0.01	0.01	0.01	0.008	0.008	0.008	0.011000000000000001	0.015	0.011000000000000001	0.011000000000000001	0.011000000000000001	0.012	0.011000000000000001	0.01	0.015	0.013	0.017	0.015	0.011000000000000001	0.013999999999999999	0.008	0.01
Azonexus	0.011000000000000001	0.012	0.01	0.01	0.011000000000000001	0.011000000000000001	0.011000000000000001	0.006	0.006	0.006999999999999999	0.01	0.013	0.011000000000000001	0.01	0.008	0.005	0.006999999999999999	0.003	0.008	0.008	0.006999999999999999	0.006999999999999999	0.006999999999999999	0.005	0.006	0.006	0.009000000000000001	0.006	0.006	0.006999999999999999	0.006	0.004	0.006999999999999999	0.009000000000000001	0.01	0.01	0.008	0.008	0.009000000000000001	0.008	0.02	0.018000000000000002	0.021	0.029	0.011000000000000001	0.015	0.008	0.023
Polynucleobacter	0.012	0.013999999999999999	0.013999999999999999	0.013	0.015	0.013	0.012	0.011000000000000001	0.006999999999999999	0.008	0.011000000000000001	0.012	0.011000000000000001	0.009000000000000001	0.008	0.009000000000000001	0.006	0.005	0.008	0.006999999999999999	0.006999999999999999	0.006	0.006	0.006	0.006	0.005	0.008	0.005	0.006999999999999999	0.006	0.005	0.005	0.009000000000000001	0.01	0.009000000000000001	0.011000000000000001	0.008	0.008	0.006999999999999999	0.009000000000000001	0.016	0.021	0.016	0.021	0.01	0.011000000000000001	0.008	0.016
Cronobacter	0.011000000000000001	0.013	0.011000000000000001	0.011000000000000001	0.012	0.01	0.012	0.006999999999999999	0.006	0.006999999999999999	0.015	0.012	0.011000000000000001	0.011000000000000001	0.006999999999999999	0.006	0.008	0.004	0.01	0.009000000000000001	0.008	0.006999999999999999	0.008	0.006	0.008	0.006999999999999999	0.009000000000000001	0.006	0.006999999999999999	0.006999999999999999	0.006999999999999999	0.005	0.008	0.012	0.012	0.012	0.009000000000000001	0.008	0.008	0.008	0.016	0.017	0.015	0.02	0.01	0.012	0.006999999999999999	0.015
Halorussus	0.01	0.009000000000000001	0.011000000000000001	0.009000000000000001	0.009000000000000001	0.01	0.011000000000000001	0.006	0.006	0.006	0.009000000000000001	0.011000000000000001	0.009000000000000001	0.01	0.009000000000000001	0.006	0.01	0.006999999999999999	0.009000000000000001	0.008	0.009000000000000001	0.009000000000000001	0.009000000000000001	0.008	0.008	0.008	0.009000000000000001	0.009000000000000001	0.01	0.006999999999999999	0.006999999999999999	0.006	0.011000000000000001	0.013999999999999999	0.01	0.01	0.011000000000000001	0.009000000000000001	0.01	0.01	0.016	0.015	0.016	0.013999999999999999	0.012	0.013999999999999999	0.006999999999999999	0.013
Actinospongicola	0.011000000000000001	0.01	0.01	0.01	0.006999999999999999	0.01	0.008	0.004	0.005	0.005	0.006	0.006999999999999999	0.008	0.006999999999999999	0.006999999999999999	0.004	0.008	0.005	0.006	0.006999999999999999	0.008	0.008	0.008	0.006999999999999999	0.009000000000000001	0.004	0.009000000000000001	0.008	0.011000000000000001	0.008	0.009000000000000001	0.004	0.006999999999999999	0.011000000000000001	0.01	0.009000000000000001	0.01	0.008	0.008	0.008	0.027	0.018000000000000002	0.021	0.019	0.018000000000000002	0.027	0.008	0.018000000000000002
Intrasporangium	0.015	0.013999999999999999	0.012	0.009000000000000001	0.006999999999999999	0.015	0.012	0.006	0.005	0.006	0.006	0.008	0.01	0.008	0.008	0.004	0.009000000000000001	0.009000000000000001	0.006999999999999999	0.008	0.008	0.009000000000000001	0.006999999999999999	0.006999999999999999	0.009000000000000001	0.006999999999999999	0.008	0.01	0.01	0.006999999999999999	0.008	0.006	0.009000000000000001	0.011000000000000001	0.01	0.009000000000000001	0.01	0.01	0.01	0.01	0.016	0.01	0.016	0.013	0.013	0.021	0.006999999999999999	0.013999999999999999
Schaalia	0.012	0.011000000000000001	0.01	0.009000000000000001	0.01	0.009000000000000001	0.011000000000000001	0.006	0.005	0.006	0.008	0.011000000000000001	0.01	0.011000000000000001	0.008	0.006	0.009000000000000001	0.006999999999999999	0.008	0.008	0.009000000000000001	0.006999999999999999	0.008	0.008	0.009000000000000001	0.006999999999999999	0.009000000000000001	0.008	0.008	0.006999999999999999	0.008	0.006	0.009000000000000001	0.013	0.011000000000000001	0.01	0.01	0.01	0.01	0.009000000000000001	0.019	0.015	0.016	0.015	0.01	0.015	0.006999999999999999	0.015
Bdellovibrio	0.012	0.013999999999999999	0.013	0.01	0.015	0.015	0.012	0.01	0.008	0.006999999999999999	0.019	0.013	0.011000000000000001	0.01	0.011000000000000001	0.006	0.009000000000000001	0.006	0.006999999999999999	0.006999999999999999	0.01	0.006999999999999999	0.008	0.006	0.011000000000000001	0.009000000000000001	0.006999999999999999	0.008	0.01	0.006999999999999999	0.006999999999999999	0.006	0.009000000000000001	0.008	0.008	0.012	0.009000000000000001	0.006999999999999999	0.008	0.006999999999999999	0.012	0.013	0.008	0.012	0.01	0.012	0.005	0.011000000000000001
Filimonas	0.011000000000000001	0.009000000000000001	0.013999999999999999	0.009000000000000001	0.011000000000000001	0.01	0.012	0.006999999999999999	0.006	0.008	0.013	0.013	0.01	0.009000000000000001	0.011000000000000001	0.008	0.008	0.003	0.008	0.01	0.006	0.009000000000000001	0.005	0.01	0.005	0.006999999999999999	0.01	0.004	0.006	0.006999999999999999	0.006	0.008	0.015	0.006	0.013999999999999999	0.018000000000000002	0.01	0.012	0.013	0.011000000000000001	0.012	0.013	0.009000000000000001	0.017	0.011000000000000001	0.006999999999999999	0.006999999999999999	0.012
Pectobacterium	0.01	0.011000000000000001	0.012	0.01	0.011000000000000001	0.01	0.01	0.009000000000000001	0.006	0.006	0.009000000000000001	0.011000000000000001	0.01	0.009000000000000001	0.008	0.006999999999999999	0.006999999999999999	0.005	0.009000000000000001	0.006	0.006999999999999999	0.006	0.006999999999999999	0.006	0.008	0.005	0.008	0.006	0.006	0.006	0.005	0.004	0.012	0.01	0.008	0.01	0.008	0.008	0.006999999999999999	0.006999999999999999	0.029	0.013999999999999999	0.036000000000000004	0.016	0.009000000000000001	0.013999999999999999	0.008	0.013999999999999999
Epidermidibacterium	0.008	0.009000000000000001	0.009000000000000001	0.01	0.006999999999999999	0.008	0.009000000000000001	0.004	0.005	0.006	0.006999999999999999	0.012	0.011000000000000001	0.01	0.009000000000000001	0.006	0.01	0.006999999999999999	0.008	0.006999999999999999	0.009000000000000001	0.006	0.006999999999999999	0.006	0.011000000000000001	0.005	0.009000000000000001	0.009000000000000001	0.011000000000000001	0.006999999999999999	0.006	0.005	0.008	0.013999999999999999	0.01	0.009000000000000001	0.011000000000000001	0.008	0.009000000000000001	0.009000000000000001	0.021	0.017	0.019	0.02	0.01	0.017	0.009000000000000001	0.015
Streptantibioticus	0.01	0.008	0.009000000000000001	0.006999999999999999	0.006999999999999999	0.008	0.01	0.004	0.005	0.008	0.006999999999999999	0.009000000000000001	0.009000000000000001	0.011000000000000001	0.008	0.004	0.011000000000000001	0.01	0.01	0.011000000000000001	0.015	0.008	0.008	0.008	0.01	0.006999999999999999	0.013999999999999999	0.008	0.01	0.01	0.006999999999999999	0.009000000000000001	0.01	0.015	0.011000000000000001	0.01	0.011000000000000001	0.011000000000000001	0.011000000000000001	0.01	0.013	0.012	0.013999999999999999	0.012	0.009000000000000001	0.011000000000000001	0.006999999999999999	0.01
Niveispirillum	0.01	0.011000000000000001	0.012	0.009000000000000001	0.011000000000000001	0.008	0.01	0.005	0.006	0.006999999999999999	0.01	0.012	0.011000000000000001	0.011000000000000001	0.008	0.005	0.006999999999999999	0.004	0.011000000000000001	0.008	0.006999999999999999	0.006999999999999999	0.008	0.006	0.006999999999999999	0.005	0.01	0.006999999999999999	0.006999999999999999	0.006999999999999999	0.006	0.005	0.008	0.012	0.009000000000000001	0.01	0.008	0.008	0.008	0.006999999999999999	0.017	0.02	0.02	0.021	0.01	0.013	0.011000000000000001	0.015
Antarcticirhabdus	0.01	0.011000000000000001	0.011000000000000001	0.009000000000000001	0.009000000000000001	0.01	0.008	0.006	0.006	0.006	0.008	0.01	0.011000000000000001	0.01	0.008	0.006	0.008	0.006	0.009000000000000001	0.008	0.008	0.006999999999999999	0.008	0.006	0.009000000000000001	0.006	0.01	0.008	0.009000000000000001	0.008	0.006	0.006	0.01	0.012	0.011000000000000001	0.012	0.01	0.009000000000000001	0.01	0.009000000000000001	0.017	0.016	0.017	0.016	0.01	0.013999999999999999	0.006999999999999999	0.012
Pelagibius	0.011000000000000001	0.01	0.01	0.01	0.009000000000000001	0.009000000000000001	0.009000000000000001	0.005	0.006	0.006999999999999999	0.009000000000000001	0.011000000000000001	0.009000000000000001	0.01	0.006999999999999999	0.006	0.008	0.005	0.009000000000000001	0.006999999999999999	0.006999999999999999	0.006999999999999999	0.008	0.006	0.006999999999999999	0.005	0.009000000000000001	0.006	0.008	0.006	0.006	0.006	0.009000000000000001	0.012	0.01	0.011000000000000001	0.008	0.008	0.009000000000000001	0.006	0.019	0.02	0.02	0.021	0.012	0.015	0.008	0.015
Prevotella	0.012	0.01	0.013999999999999999	0.013	0.012	0.011000000000000001	0.015	0.011000000000000001	0.006	0.006999999999999999	0.01	0.011000000000000001	0.009000000000000001	0.011000000000000001	0.008	0.006	0.006999999999999999	0.005	0.008	0.006999999999999999	0.006999999999999999	0.006999999999999999	0.006	0.006	0.006	0.006	0.009000000000000001	0.005	0.006	0.006999999999999999	0.006	0.006	0.013	0.01	0.012	0.013	0.009000000000000001	0.011000000000000001	0.01	0.01	0.013999999999999999	0.013	0.013	0.013999999999999999	0.011000000000000001	0.008	0.006999999999999999	0.011000000000000001
Oerskovia	0.008	0.012	0.01	0.009000000000000001	0.006999999999999999	0.011000000000000001	0.008	0.006	0.006999999999999999	0.005	0.005	0.009000000000000001	0.008	0.013999999999999999	0.006999999999999999	0.005	0.009000000000000001	0.01	0.006	0.006	0.009000000000000001	0.015	0.006999999999999999	0.006	0.022000000000000002	0.005	0.006999999999999999	0.048	0.011000000000000001	0.006	0.008	0.005	0.006999999999999999	0.008	0.006999999999999999	0.006999999999999999	0.008	0.006999999999999999	0.008	0.006	0.011000000000000001	0.009000000000000001	0.011000000000000001	0.011000000000000001	0.009000000000000001	0.015	0.005	0.008
Orlajensenia	0.009000000000000001	0.006999999999999999	0.01	0.006	0.006999999999999999	0.008	0.016	0.006	0.005	0.009000000000000001	0.006	0.013999999999999999	0.013	0.011000000000000001	0.011000000000000001	0.005	0.011000000000000001	0.012	0.009000000000000001	0.009000000000000001	0.009000000000000001	0.006999999999999999	0.01	0.006	0.012	0.009000000000000001	0.01	0.012	0.013	0.006	0.008	0.006	0.006	0.009000000000000001	0.006999999999999999	0.006999999999999999	0.008	0.008	0.011000000000000001	0.006999999999999999	0.012	0.013999999999999999	0.009000000000000001	0.012	0.012	0.015	0.006999999999999999	0.009000000000000001
Auraticoccus	0.009000000000000001	0.008	0.009000000000000001	0.006	0.006	0.008	0.008	0.005	0.003	0.005	0.005	0.009000000000000001	0.008	0.009000000000000001	0.006999999999999999	0.004	0.013	0.01	0.006999999999999999	0.01	0.013999999999999999	0.01	0.012	0.009000000000000001	0.018000000000000002	0.01	0.012	0.015	0.018000000000000002	0.011000000000000001	0.009000000000000001	0.006999999999999999	0.006999999999999999	0.012	0.009000000000000001	0.008	0.01	0.009000000000000001	0.009000000000000001	0.008	0.012	0.009000000000000001	0.012	0.009000000000000001	0.009000000000000001	0.012	0.006	0.009000000000000001
Occultella	0.009000000000000001	0.008	0.008	0.008	0.006999999999999999	0.011000000000000001	0.009000000000000001	0.005	0.004	0.005	0.006	0.009000000000000001	0.008	0.009000000000000001	0.009000000000000001	0.005	0.011000000000000001	0.012	0.008	0.01	0.011000000000000001	0.008	0.009000000000000001	0.008	0.013999999999999999	0.009000000000000001	0.009000000000000001	0.011000000000000001	0.013	0.009000000000000001	0.011000000000000001	0.006999999999999999	0.009000000000000001	0.011000000000000001	0.011000000000000001	0.008	0.01	0.011000000000000001	0.011000000000000001	0.008	0.013	0.011000000000000001	0.012	0.01	0.01	0.013	0.006	0.009000000000000001
Edwardsiella	0.011000000000000001	0.009000000000000001	0.013	0.009000000000000001	0.009000000000000001	0.009000000000000001	0.021	0.006	0.006	0.006	0.008	0.011000000000000001	0.01	0.012	0.006999999999999999	0.005	0.013	0.004	0.013	0.006999999999999999	0.006	0.006	0.006999999999999999	0.01	0.005	0.005	0.012	0.005	0.005	0.008	0.006	0.004	0.009000000000000001	0.011000000000000001	0.009000000000000001	0.01	0.006999999999999999	0.006999999999999999	0.008	0.006999999999999999	0.015	0.017	0.015	0.017	0.01	0.011000000000000001	0.006	0.013
Paramicrobacterium	0.01	0.008	0.009000000000000001	0.006999999999999999	0.006999999999999999	0.008	0.016	0.006	0.005	0.006	0.006	0.015	0.01	0.009000000000000001	0.01	0.004	0.01	0.012	0.008	0.009000000000000001	0.009000000000000001	0.006999999999999999	0.01	0.006	0.012	0.009000000000000001	0.009000000000000001	0.011000000000000001	0.012	0.006999999999999999	0.008	0.006	0.006999999999999999	0.009000000000000001	0.008	0.006999999999999999	0.01	0.008	0.01	0.006999999999999999	0.013	0.013999999999999999	0.01	0.012	0.012	0.013999999999999999	0.006999999999999999	0.009000000000000001
Solimonas	0.01	0.012	0.012	0.01	0.011000000000000001	0.011000000000000001	0.01	0.005	0.006999999999999999	0.006	0.01	0.011000000000000001	0.011000000000000001	0.01	0.009000000000000001	0.006	0.008	0.003	0.006999999999999999	0.008	0.006999999999999999	0.006	0.008	0.006	0.006	0.005	0.009000000000000001	0.006	0.006999999999999999	0.008	0.006	0.005	0.011000000000000001	0.011000000000000001	0.012	0.011000000000000001	0.008	0.009000000000000001	0.008	0.008	0.015	0.016	0.016	0.016	0.008	0.011000000000000001	0.006999999999999999	0.013
Sphingorhabdus	0.01	0.012	0.009000000000000001	0.009000000000000001	0.009000000000000001	0.009000000000000001	0.012	0.006	0.006999999999999999	0.006	0.01	0.013	0.012	0.011000000000000001	0.008	0.006	0.01	0.005	0.009000000000000001	0.009000000000000001	0.009000000000000001	0.008	0.01	0.006999999999999999	0.012	0.006999999999999999	0.009000000000000001	0.009000000000000001	0.006999999999999999	0.008	0.006999999999999999	0.006	0.006	0.01	0.008	0.009000000000000001	0.008	0.006999999999999999	0.006999999999999999	0.005	0.013	0.015	0.013	0.015	0.01	0.011000000000000001	0.006	0.012
Nitrospira	0.011000000000000001	0.011000000000000001	0.009000000000000001	0.013	0.011000000000000001	0.01	0.009000000000000001	0.006	0.006999999999999999	0.006	0.008	0.01	0.01	0.009000000000000001	0.006	0.006	0.006999999999999999	0.004	0.008	0.006999999999999999	0.006	0.006	0.006	0.006	0.005	0.005	0.006999999999999999	0.005	0.006999999999999999	0.006999999999999999	0.006	0.004	0.008	0.013999999999999999	0.01	0.011000000000000001	0.008	0.006999999999999999	0.008	0.006999999999999999	0.02	0.017	0.019	0.02	0.01	0.013999999999999999	0.006999999999999999	0.017
Gulosibacter	0.011000000000000001	0.006999999999999999	0.008	0.006999999999999999	0.008	0.009000000000000001	0.011000000000000001	0.005	0.005	0.006	0.006	0.011000000000000001	0.012	0.009000000000000001	0.006999999999999999	0.004	0.01	0.008	0.008	0.008	0.009000000000000001	0.006999999999999999	0.008	0.006	0.013	0.006999999999999999	0.009000000000000001	0.01	0.012	0.006	0.006999999999999999	0.006999999999999999	0.008	0.01	0.008	0.008	0.01	0.008	0.01	0.006999999999999999	0.013999999999999999	0.015	0.013999999999999999	0.013999999999999999	0.012	0.016	0.006999999999999999	0.011000000000000001
Tomitella	0.009000000000000001	0.006999999999999999	0.009000000000000001	0.008	0.006	0.008	0.009000000000000001	0.005	0.005	0.006	0.006	0.01	0.01	0.01	0.006999999999999999	0.005	0.01	0.008	0.009000000000000001	0.009000000000000001	0.009000000000000001	0.008	0.009000000000000001	0.008	0.011000000000000001	0.006999999999999999	0.01	0.009000000000000001	0.009000000000000001	0.008	0.006999999999999999	0.006999999999999999	0.008	0.013	0.01	0.009000000000000001	0.01	0.01	0.011000000000000001	0.009000000000000001	0.013	0.012	0.013999999999999999	0.013999999999999999	0.01	0.013999999999999999	0.006999999999999999	0.01
Haloplanus	0.01	0.009000000000000001	0.011000000000000001	0.009000000000000001	0.008	0.01	0.01	0.006999999999999999	0.006	0.006	0.008	0.011000000000000001	0.01	0.009000000000000001	0.006999999999999999	0.004	0.009000000000000001	0.006999999999999999	0.008	0.006999999999999999	0.008	0.008	0.008	0.006999999999999999	0.008	0.006	0.008	0.006999999999999999	0.008	0.008	0.006999999999999999	0.005	0.009000000000000001	0.013	0.009000000000000001	0.009000000000000001	0.009000000000000001	0.009000000000000001	0.009000000000000001	0.009000000000000001	0.013999999999999999	0.011000000000000001	0.015	0.012	0.01	0.013	0.006999999999999999	0.012
Desulfuromonas	0.01	0.01	0.009000000000000001	0.009000000000000001	0.01	0.009000000000000001	0.009000000000000001	0.005	0.006	0.006	0.009000000000000001	0.01	0.009000000000000001	0.008	0.006	0.005	0.008	0.003	0.006999999999999999	0.008	0.006	0.006	0.006999999999999999	0.006	0.006	0.005	0.008	0.005	0.006	0.006	0.006	0.004	0.008	0.012	0.01	0.011000000000000001	0.008	0.008	0.008	0.006999999999999999	0.019	0.018000000000000002	0.018000000000000002	0.02	0.011000000000000001	0.013	0.006999999999999999	0.018000000000000002
Proteus	0.009000000000000001	0.012	0.018000000000000002	0.009000000000000001	0.011000000000000001	0.011000000000000001	0.012	0.019	0.006999999999999999	0.006999999999999999	0.013	0.009000000000000001	0.009000000000000001	0.011000000000000001	0.008	0.006	0.011000000000000001	0.005	0.006	0.004	0.006	0.008	0.003	0.004	0.003	0.003	0.01	0.008	0.006999999999999999	0.008	0.003	0.002	0.016	0.01	0.005	0.011000000000000001	0.005	0.006999999999999999	0.006999999999999999	0.012	0.011000000000000001	0.016	0.009000000000000001	0.012	0.015	0.01	0.006	0.008
Cercospora	0.006	0.01	0.015	0.006	0.008	0.009000000000000001	0.008	0.005	0.006999999999999999	0.004	0.009000000000000001	0.016	0.018000000000000002	0.011000000000000001	0.01	0.005	0.006999999999999999	0.005	0.01	0.009000000000000001	0.006	0.005	0.005	0.005	0.008	0.008	0.008	0.006	0.008	0.004	0.005	0.003	0.019	0.02	0.012	0.013999999999999999	0.01	0.012	0.006	0.013	0.011000000000000001	0.016	0.006999999999999999	0.008	0.006	0.004	0.006	0.009000000000000001
Parvibaculum	0.011000000000000001	0.009000000000000001	0.008	0.008	0.01	0.008	0.012	0.005	0.005	0.006999999999999999	0.005	0.012	0.009000000000000001	0.01	0.005	0.004	0.006	0.003	0.009000000000000001	0.006999999999999999	0.006	0.005	0.006999999999999999	0.004	0.005	0.005	0.01	0.006	0.004	0.006	0.006	0.004	0.006999999999999999	0.01	0.009000000000000001	0.009000000000000001	0.006999999999999999	0.008	0.009000000000000001	0.005	0.02	0.023	0.023	0.024	0.01	0.013	0.006999999999999999	0.016
Crateriforma	0.012	0.013	0.011000000000000001	0.013	0.008	0.006	0.008	0.003	0.005	0.005	0.009000000000000001	0.008	0.009000000000000001	0.008	0.006	0.004	0.006999999999999999	0.003	0.006999999999999999	0.006	0.004	0.005	0.008	0.005	0.004	0.003	0.008	0.006	0.006	0.006	0.006	0.003	0.006	0.01	0.01	0.01	0.009000000000000001	0.006	0.006	0.006999999999999999	0.026	0.021	0.021	0.02	0.013	0.015	0.006999999999999999	0.018000000000000002
Pseudocnuella	0.01	0.006999999999999999	0.009000000000000001	0.008	0.011000000000000001	0.009000000000000001	0.011000000000000001	0.006999999999999999	0.006	0.008	0.01	0.012	0.01	0.008	0.006999999999999999	0.006999999999999999	0.006999999999999999	0.002	0.009000000000000001	0.01	0.005	0.006	0.005	0.008	0.005	0.005	0.009000000000000001	0.004	0.006999999999999999	0.006999999999999999	0.006	0.006	0.013999999999999999	0.006	0.015	0.017	0.011000000000000001	0.013999999999999999	0.013	0.009000000000000001	0.013999999999999999	0.013	0.01	0.013	0.008	0.006	0.006	0.01
Lelliottia	0.005	0.012	0.003	0.003	0.044000000000000004	0.005	0.013	0.003	0.015	0.004	0.006999999999999999	0.023	0.006999999999999999	0.01	0.008	0.009000000000000001	0.005	0.009000000000000001	0.002	0.003	0.012	0.004	0.03	0.002	0.038	0.054	0.003	0.004	0.002	0.003	0.002	0.002	0.003	0.003	0.003	0.003	0.002	0.004	0.003	0.003	0.006999999999999999	0.005	0.005	0.006	0.003	0.017	0.002	0.005
Beutenbergia	0.009000000000000001	0.008	0.008	0.006999999999999999	0.006999999999999999	0.009000000000000001	0.008	0.006	0.004	0.005	0.006	0.01	0.008	0.009000000000000001	0.008	0.005	0.009000000000000001	0.006999999999999999	0.006999999999999999	0.006999999999999999	0.009000000000000001	0.009000000000000001	0.008	0.008	0.011000000000000001	0.006999999999999999	0.009000000000000001	0.009000000000000001	0.012	0.006999999999999999	0.008	0.006999999999999999	0.009000000000000001	0.011000000000000001	0.011000000000000001	0.009000000000000001	0.009000000000000001	0.01	0.009000000000000001	0.01	0.013999999999999999	0.011000000000000001	0.013	0.012	0.01	0.013	0.006999999999999999	0.01
Natronosporangium	0.008	0.006	0.009000000000000001	0.006999999999999999	0.006999999999999999	0.006	0.008	0.005	0.004	0.006	0.006	0.01	0.009000000000000001	0.01	0.006999999999999999	0.004	0.009000000000000001	0.006999999999999999	0.008	0.009000000000000001	0.011000000000000001	0.009000000000000001	0.008	0.008	0.008	0.006999999999999999	0.009000000000000001	0.008	0.009000000000000001	0.008	0.006999999999999999	0.008	0.009000000000000001	0.013	0.013	0.008	0.011000000000000001	0.013	0.01	0.01	0.011000000000000001	0.012	0.013999999999999999	0.012	0.01	0.011000000000000001	0.006	0.011000000000000001
Vulgatibacter	0.012	0.01	0.011000000000000001	0.012	0.011000000000000001	0.01	0.012	0.004	0.006	0.006	0.008	0.01	0.01	0.009000000000000001	0.006	0.004	0.006999999999999999	0.003	0.006	0.006999999999999999	0.006	0.005	0.006	0.004	0.005	0.004	0.006999999999999999	0.005	0.006	0.005	0.005	0.003	0.009000000000000001	0.013	0.01	0.009000000000000001	0.008	0.006	0.006999999999999999	0.006	0.018000000000000002	0.015	0.017	0.017	0.009000000000000001	0.027999999999999997	0.008	0.013999999999999999
Solidesulfovibrio	0.009000000000000001	0.009000000000000001	0.011000000000000001	0.01	0.009000000000000001	0.008	0.011000000000000001	0.005	0.005	0.006	0.008	0.01	0.009000000000000001	0.009000000000000001	0.006999999999999999	0.005	0.008	0.004	0.006999999999999999	0.008	0.006999999999999999	0.006	0.008	0.006	0.006999999999999999	0.005	0.008	0.006	0.006999999999999999	0.006999999999999999	0.006	0.006	0.009000000000000001	0.013	0.011000000000000001	0.009000000000000001	0.009000000000000001	0.006999999999999999	0.008	0.008	0.017	0.015	0.016	0.017	0.01	0.012	0.006	0.013999999999999999
Ruegeria	0.01	0.011000000000000001	0.009000000000000001	0.006999999999999999	0.01	0.008	0.011000000000000001	0.005	0.005	0.005	0.009000000000000001	0.013	0.01	0.009000000000000001	0.006999999999999999	0.005	0.006999999999999999	0.005	0.009000000000000001	0.006999999999999999	0.008	0.006999999999999999	0.008	0.006	0.008	0.006	0.009000000000000001	0.008	0.008	0.006999999999999999	0.006	0.006	0.008	0.009000000000000001	0.008	0.008	0.008	0.006999999999999999	0.008	0.006999999999999999	0.016	0.016	0.015	0.017	0.009000000000000001	0.011000000000000001	0.006999999999999999	0.012
Terrirhizobium	0.006	0.006999999999999999	0.011000000000000001	0.005	0.006999999999999999	0.006999999999999999	0.006	0.005	0.003	0.005	0.006	0.006999999999999999	0.006999999999999999	0.006	0.008	0.004	0.006999999999999999	0.008	0.005	0.006	0.022000000000000002	0.006	0.016	0.004	0.11100000000000002	0.006	0.005	0.006999999999999999	0.01	0.005	0.006999999999999999	0.004	0.004	0.005	0.004	0.005	0.005	0.004	0.004	0.004	0.006	0.006999999999999999	0.006	0.009000000000000001	0.005	0.009000000000000001	0.003	0.006
Legionella	0.013	0.015	0.018000000000000002	0.011000000000000001	0.013	0.013	0.015	0.013	0.005	0.006999999999999999	0.008	0.01	0.009000000000000001	0.008	0.006999999999999999	0.006999999999999999	0.005	0.005	0.009000000000000001	0.005	0.006999999999999999	0.006	0.005	0.006	0.005	0.005	0.005	0.006	0.008	0.005	0.005	0.003	0.009000000000000001	0.009000000000000001	0.006999999999999999	0.008	0.006	0.006999999999999999	0.006	0.008	0.013999999999999999	0.013999999999999999	0.011000000000000001	0.015	0.01	0.008	0.006	0.013999999999999999
Minwuia	0.01	0.01	0.008	0.008	0.008	0.006999999999999999	0.011000000000000001	0.005	0.006	0.005	0.006999999999999999	0.01	0.01	0.01	0.008	0.006	0.006999999999999999	0.004	0.009000000000000001	0.006999999999999999	0.006999999999999999	0.006999999999999999	0.006	0.005	0.006999999999999999	0.005	0.009000000000000001	0.006	0.006999999999999999	0.006	0.006	0.006	0.006999999999999999	0.011000000000000001	0.009000000000000001	0.008	0.008	0.006999999999999999	0.008	0.006999999999999999	0.017	0.017	0.017	0.018000000000000002	0.011000000000000001	0.015	0.006999999999999999	0.013999999999999999
Acidithiobacillus	0.01	0.01	0.011000000000000001	0.009000000000000001	0.01	0.009000000000000001	0.012	0.006999999999999999	0.005	0.006	0.009000000000000001	0.011000000000000001	0.009000000000000001	0.009000000000000001	0.006	0.006	0.006999999999999999	0.004	0.009000000000000001	0.006999999999999999	0.006999999999999999	0.006	0.006999999999999999	0.006	0.006	0.005	0.006999999999999999	0.005	0.005	0.006	0.005	0.004	0.008	0.011000000000000001	0.008	0.009000000000000001	0.006999999999999999	0.006999999999999999	0.008	0.008	0.016	0.016	0.015	0.017	0.01	0.012	0.008	0.015
Nisaea	0.01	0.009000000000000001	0.009000000000000001	0.008	0.008	0.008	0.011000000000000001	0.005	0.005	0.006	0.008	0.01	0.01	0.01	0.006999999999999999	0.005	0.006999999999999999	0.004	0.008	0.006	0.006	0.006999999999999999	0.006	0.005	0.006	0.005	0.008	0.005	0.006999999999999999	0.006	0.006	0.005	0.006999999999999999	0.012	0.009000000000000001	0.008	0.006999999999999999	0.008	0.008	0.006	0.017	0.018000000000000002	0.017	0.02	0.01	0.013999999999999999	0.006999999999999999	0.013
Trueperella	0.009000000000000001	0.009000000000000001	0.01	0.008	0.009000000000000001	0.008	0.009000000000000001	0.005	0.005	0.006	0.006999999999999999	0.01	0.009000000000000001	0.009000000000000001	0.006	0.004	0.008	0.006	0.006999999999999999	0.006999999999999999	0.008	0.006	0.008	0.006	0.006999999999999999	0.005	0.008	0.006999999999999999	0.008	0.005	0.005	0.004	0.008	0.011000000000000001	0.01	0.009000000000000001	0.009000000000000001	0.008	0.008	0.006999999999999999	0.019	0.015	0.015	0.016	0.01	0.013999999999999999	0.006999999999999999	0.013
Sagittula	0.01	0.009000000000000001	0.01	0.008	0.008	0.008	0.01	0.006	0.006	0.005	0.008	0.01	0.008	0.008	0.006999999999999999	0.004	0.008	0.006	0.008	0.008	0.008	0.006999999999999999	0.006999999999999999	0.006	0.009000000000000001	0.006	0.008	0.006999999999999999	0.009000000000000001	0.008	0.006	0.005	0.006	0.011000000000000001	0.009000000000000001	0.01	0.008	0.008	0.008	0.006999999999999999	0.015	0.015	0.013	0.015	0.009000000000000001	0.011000000000000001	0.006	0.012
Verminephrobacter	0.011000000000000001	0.015	0.013	0.01	0.013999999999999999	0.013	0.006999999999999999	0.006	0.006	0.006999999999999999	0.013	0.01	0.01	0.008	0.01	0.006999999999999999	0.005	0.003	0.006	0.006999999999999999	0.006	0.006	0.006999999999999999	0.005	0.005	0.005	0.009000000000000001	0.004	0.006	0.006	0.005	0.004	0.008	0.006999999999999999	0.009000000000000001	0.011000000000000001	0.008	0.008	0.008	0.009000000000000001	0.013	0.013	0.01	0.011000000000000001	0.008	0.013	0.006	0.01
Actomonas	0.012	0.01	0.01	0.013	0.012	0.01	0.012	0.006999999999999999	0.006	0.005	0.013	0.01	0.008	0.008	0.006	0.005	0.006	0.003	0.006999999999999999	0.006	0.006999999999999999	0.006	0.006	0.005	0.005	0.004	0.006	0.004	0.006999999999999999	0.006	0.005	0.004	0.006999999999999999	0.008	0.008	0.009000000000000001	0.006999999999999999	0.008	0.01	0.005	0.017	0.018000000000000002	0.015	0.017	0.008	0.009000000000000001	0.006999999999999999	0.013999999999999999
Puccinia	0.006999999999999999	0.01	0.011000000000000001	0.008	0.009000000000000001	0.011000000000000001	0.008	0.023	0.005	0.009000000000000001	0.008	0.006999999999999999	0.013	0.012	0.011000000000000001	0.006999999999999999	0.005	0.006999999999999999	0.006999999999999999	0.005	0.005	0.005	0.004	0.006	0.006	0.005	0.006	0.003	0.006999999999999999	0.005	0.006	0.006	0.013	0.013	0.009000000000000001	0.011000000000000001	0.008	0.008	0.01	0.015	0.008	0.008	0.012	0.006999999999999999	0.012	0.005	0.006	0.006999999999999999
Acetobacter	0.01	0.011000000000000001	0.01	0.008	0.009000000000000001	0.009000000000000001	0.01	0.006	0.006	0.006999999999999999	0.008	0.01	0.009000000000000001	0.009000000000000001	0.006999999999999999	0.005	0.006	0.004	0.01	0.006	0.006999999999999999	0.006	0.006	0.004	0.006	0.005	0.008	0.005	0.006	0.006	0.006	0.004	0.006999999999999999	0.01	0.006999999999999999	0.009000000000000001	0.008	0.006	0.006999999999999999	0.006	0.016	0.018000000000000002	0.017	0.019	0.008	0.012	0.006999999999999999	0.013
Rhizoctonia	0.006	0.006	0.013999999999999999	0.006	0.006999999999999999	0.016	0.013	0.015	0.003	0.013999999999999999	0.004	0.006999999999999999	0.006	0.006	0.005	0.002	0.002	0.008	0.006	0.008	0.01	0.004	0.003	0.006999999999999999	0.005	0.003	0.008	0.003	0.004	0.005	0.004	0.008	0.026	0.017	0.013	0.02	0.012	0.012	0.019	0.013	0.005	0.006	0.011000000000000001	0.006999999999999999	0.006999999999999999	0.004	0.004	0.004
Botrimarina	0.01	0.009000000000000001	0.008	0.008	0.009000000000000001	0.006999999999999999	0.006	0.004	0.005	0.004	0.006	0.006	0.006999999999999999	0.005	0.004	0.003	0.008	0.004	0.005	0.008	0.01	0.006999999999999999	0.012	0.008	0.013	0.004	0.01	0.009000000000000001	0.018000000000000002	0.016	0.006999999999999999	0.004	0.006999999999999999	0.006999999999999999	0.009000000000000001	0.008	0.006999999999999999	0.006	0.006999999999999999	0.005	0.018000000000000002	0.013999999999999999	0.013	0.013	0.009000000000000001	0.013	0.005	0.012
Solicola	0.01	0.006999999999999999	0.009000000000000001	0.006	0.006	0.009000000000000001	0.009000000000000001	0.003	0.004	0.005	0.006	0.008	0.009000000000000001	0.008	0.006999999999999999	0.003	0.009000000000000001	0.01	0.008	0.008	0.01	0.008	0.008	0.006999999999999999	0.01	0.006999999999999999	0.008	0.01	0.011000000000000001	0.008	0.008	0.006999999999999999	0.009000000000000001	0.01	0.009000000000000001	0.009000000000000001	0.009000000000000001	0.008	0.009000000000000001	0.009000000000000001	0.013	0.009000000000000001	0.012	0.01	0.008	0.012	0.005	0.009000000000000001
Aurantiacibacter	0.01	0.011000000000000001	0.009000000000000001	0.009000000000000001	0.012	0.01	0.013999999999999999	0.006999999999999999	0.006	0.005	0.009000000000000001	0.01	0.01	0.009000000000000001	0.006999999999999999	0.005	0.009000000000000001	0.006	0.008	0.006999999999999999	0.009000000000000001	0.006	0.009000000000000001	0.005	0.013	0.006999999999999999	0.008	0.009000000000000001	0.006999999999999999	0.006999999999999999	0.006999999999999999	0.005	0.006	0.006999999999999999	0.006999999999999999	0.008	0.006999999999999999	0.006	0.006	0.005	0.01	0.012	0.01	0.011000000000000001	0.008	0.01	0.005	0.01
Marinivivus	0.009000000000000001	0.008	0.01	0.008	0.008	0.008	0.009000000000000001	0.005	0.005	0.006	0.008	0.008	0.009000000000000001	0.008	0.008	0.004	0.006999999999999999	0.004	0.006999999999999999	0.006999999999999999	0.006	0.006999999999999999	0.006999999999999999	0.005	0.006999999999999999	0.005	0.008	0.006999999999999999	0.008	0.006999999999999999	0.006	0.005	0.009000000000000001	0.01	0.008	0.009000000000000001	0.008	0.008	0.008	0.006999999999999999	0.015	0.013999999999999999	0.015	0.016	0.01	0.013999999999999999	0.006	0.012
Undibacterium	0.008	0.013	0.011000000000000001	0.01	0.017	0.013999999999999999	0.009000000000000001	0.006999999999999999	0.009000000000000001	0.006	0.008	0.009000000000000001	0.008	0.006999999999999999	0.008	0.005	0.005	0.004	0.006	0.005	0.005	0.004	0.005	0.003	0.005	0.004	0.005	0.004	0.004	0.004	0.004	0.003	0.006999999999999999	0.006	0.006999999999999999	0.009000000000000001	0.006	0.006	0.005	0.008	0.019	0.016	0.013999999999999999	0.019	0.013999999999999999	0.01	0.011000000000000001	0.016
Luteimicrobium	0.008	0.008	0.008	0.006999999999999999	0.006	0.006999999999999999	0.009000000000000001	0.005	0.005	0.006	0.005	0.011000000000000001	0.006999999999999999	0.009000000000000001	0.01	0.004	0.008	0.006999999999999999	0.006999999999999999	0.008	0.008	0.008	0.008	0.006	0.009000000000000001	0.006	0.008	0.009000000000000001	0.01	0.006	0.006	0.005	0.006999999999999999	0.011000000000000001	0.009000000000000001	0.006999999999999999	0.009000000000000001	0.01	0.009000000000000001	0.009000000000000001	0.013999999999999999	0.011000000000000001	0.013	0.011000000000000001	0.009000000000000001	0.012	0.006999999999999999	0.01
Larkinella	0.008	0.006999999999999999	0.012	0.008	0.008	0.008	0.006999999999999999	0.004	0.005	0.005	0.009000000000000001	0.013999999999999999	0.011000000000000001	0.005	0.006	0.004	0.009000000000000001	0.003	0.005	0.006999999999999999	0.013	0.009000000000000001	0.009000000000000001	0.01	0.013	0.006	0.009000000000000001	0.011000000000000001	0.017	0.008	0.005	0.006	0.01	0.008	0.011000000000000001	0.012	0.012	0.008	0.009000000000000001	0.008	0.008	0.008	0.006	0.009000000000000001	0.006999999999999999	0.005	0.004	0.006
Alterirhizorhabdus	0.01	0.009000000000000001	0.008	0.006999999999999999	0.009000000000000001	0.009000000000000001	0.011000000000000001	0.005	0.006	0.006	0.009000000000000001	0.01	0.011000000000000001	0.01	0.006999999999999999	0.006	0.008	0.004	0.01	0.008	0.008	0.006999999999999999	0.008	0.006	0.009000000000000001	0.006	0.009000000000000001	0.008	0.006999999999999999	0.008	0.006999999999999999	0.006	0.006	0.011000000000000001	0.006999999999999999	0.008	0.008	0.006999999999999999	0.006999999999999999	0.005	0.01	0.013999999999999999	0.012	0.012	0.009000000000000001	0.01	0.005	0.009000000000000001
Sediminibacterium	0.01	0.01	0.011000000000000001	0.008	0.01	0.009000000000000001	0.009000000000000001	0.006	0.005	0.006	0.009000000000000001	0.011000000000000001	0.008	0.006	0.006999999999999999	0.005	0.006999999999999999	0.002	0.006	0.008	0.006	0.005	0.005	0.006999999999999999	0.006999999999999999	0.005	0.006999999999999999	0.005	0.006	0.006	0.006	0.006	0.011000000000000001	0.006	0.015	0.012	0.009000000000000001	0.01	0.01	0.008	0.016	0.012	0.01	0.013999999999999999	0.009000000000000001	0.008	0.006	0.011000000000000001
Aeoliella	0.011000000000000001	0.01	0.008	0.008	0.009000000000000001	0.009000000000000001	0.006999999999999999	0.003	0.004	0.004	0.006	0.006	0.008	0.005	0.004	0.003	0.011000000000000001	0.003	0.005	0.006	0.01	0.006999999999999999	0.009000000000000001	0.005	0.005	0.004	0.01	0.009000000000000001	0.013	0.012	0.008	0.003	0.006	0.008	0.01	0.01	0.006999999999999999	0.006	0.006999999999999999	0.005	0.018000000000000002	0.013999999999999999	0.013999999999999999	0.015	0.009000000000000001	0.016	0.005	0.016
Fontivita	0.013	0.011000000000000001	0.009000000000000001	0.008	0.008	0.009000000000000001	0.01	0.004	0.006999999999999999	0.006	0.008	0.008	0.012	0.011000000000000001	0.009000000000000001	0.005	0.008	0.004	0.009000000000000001	0.006999999999999999	0.005	0.006	0.006999999999999999	0.006	0.006999999999999999	0.005	0.008	0.006999999999999999	0.008	0.006	0.006999999999999999	0.004	0.006	0.013	0.008	0.009000000000000001	0.01	0.006999999999999999	0.008	0.006	0.015	0.01	0.012	0.01	0.008	0.012	0.004	0.01
Zymoseptoria	0.006	0.01	0.013999999999999999	0.006	0.006999999999999999	0.006999999999999999	0.008	0.006	0.005	0.004	0.009000000000000001	0.013999999999999999	0.013999999999999999	0.009000000000000001	0.01	0.005	0.006999999999999999	0.006999999999999999	0.008	0.006999999999999999	0.006	0.005	0.006	0.005	0.008	0.006999999999999999	0.006999999999999999	0.006	0.006999999999999999	0.004	0.006	0.004	0.015	0.018000000000000002	0.01	0.011000000000000001	0.009000000000000001	0.01	0.006	0.013	0.009000000000000001	0.015	0.008	0.008	0.006999999999999999	0.004	0.005	0.006999999999999999
Kosakonia	0.01	0.009000000000000001	0.01	0.006999999999999999	0.01	0.008	0.009000000000000001	0.006	0.005	0.006	0.008	0.011000000000000001	0.01	0.009000000000000001	0.009000000000000001	0.006	0.006999999999999999	0.005	0.008	0.006	0.005	0.006	0.006	0.005	0.006	0.005	0.006999999999999999	0.006	0.006999999999999999	0.006	0.005	0.005	0.006999999999999999	0.009000000000000001	0.006999999999999999	0.01	0.008	0.008	0.008	0.006	0.013999999999999999	0.015	0.013	0.015	0.008	0.012	0.006999999999999999	0.012
Denitratisoma	0.009000000000000001	0.008	0.009000000000000001	0.009000000000000001	0.01	0.008	0.006999999999999999	0.004	0.005	0.005	0.008	0.009000000000000001	0.009000000000000001	0.008	0.006	0.005	0.006	0.003	0.006	0.006999999999999999	0.004	0.005	0.005	0.005	0.004	0.005	0.006999999999999999	0.004	0.006	0.005	0.005	0.003	0.008	0.009000000000000001	0.009000000000000001	0.009000000000000001	0.006999999999999999	0.006	0.006999999999999999	0.005	0.018000000000000002	0.018000000000000002	0.02	0.026	0.009000000000000001	0.013	0.006999999999999999	0.016
Thermobispora	0.006999999999999999	0.006999999999999999	0.008	0.006	0.006	0.008	0.006999999999999999	0.006	0.004	0.005	0.005	0.008	0.009000000000000001	0.008	0.006	0.004	0.006999999999999999	0.006	0.006999999999999999	0.006999999999999999	0.006	0.005	0.005	0.006	0.008	0.005	0.006	0.006	0.006999999999999999	0.006	0.005	0.005	0.013999999999999999	0.013999999999999999	0.009000000000000001	0.01	0.011000000000000001	0.011000000000000001	0.011000000000000001	0.009000000000000001	0.013	0.011000000000000001	0.016	0.013999999999999999	0.013	0.011000000000000001	0.006	0.011000000000000001
Nevskia	0.009000000000000001	0.011000000000000001	0.009000000000000001	0.01	0.01	0.01	0.006999999999999999	0.005	0.006	0.006	0.009000000000000001	0.011000000000000001	0.011000000000000001	0.01	0.009000000000000001	0.006	0.006999999999999999	0.003	0.006999999999999999	0.006999999999999999	0.006	0.006999999999999999	0.006999999999999999	0.006	0.005	0.005	0.008	0.005	0.006	0.006999999999999999	0.004	0.005	0.006999999999999999	0.008	0.009000000000000001	0.012	0.006999999999999999	0.006999999999999999	0.006999999999999999	0.005	0.013	0.013999999999999999	0.013	0.013	0.008	0.01	0.006999999999999999	0.011000000000000001
Fulvia	0.005	0.009000000000000001	0.016	0.006999999999999999	0.006999999999999999	0.005	0.006999999999999999	0.005	0.004	0.004	0.006999999999999999	0.016	0.013999999999999999	0.009000000000000001	0.008	0.004	0.006	0.006	0.009000000000000001	0.006	0.006	0.005	0.006	0.004	0.006999999999999999	0.008	0.006	0.006	0.006999999999999999	0.004	0.006	0.004	0.017	0.02	0.01	0.012	0.008	0.01	0.006	0.013	0.01	0.015	0.008	0.009000000000000001	0.008	0.003	0.005	0.008
Carbonactinospora	0.009000000000000001	0.006999999999999999	0.008	0.006	0.006	0.006999999999999999	0.008	0.003	0.004	0.005	0.005	0.006999999999999999	0.006999999999999999	0.006999999999999999	0.006999999999999999	0.004	0.006999999999999999	0.006	0.006999999999999999	0.006999999999999999	0.006	0.006999999999999999	0.006999999999999999	0.006	0.006999999999999999	0.005	0.006999999999999999	0.006	0.006999999999999999	0.006	0.006	0.006	0.009000000000000001	0.013	0.009000000000000001	0.009000000000000001	0.008	0.009000000000000001	0.009000000000000001	0.01	0.013999999999999999	0.012	0.018000000000000002	0.016	0.01	0.013	0.006999999999999999	0.012
Planctellipticum	0.01	0.008	0.006999999999999999	0.008	0.011000000000000001	0.008	0.036000000000000004	0.011000000000000001	0.005	0.004	0.006	0.006999999999999999	0.006999999999999999	0.006	0.005	0.004	0.006	0.003	0.005	0.005	0.004	0.004	0.005	0.004	0.004	0.003	0.006999999999999999	0.005	0.006	0.005	0.005	0.003	0.005	0.008	0.008	0.006	0.006999999999999999	0.006	0.005	0.006	0.02	0.015	0.017	0.016	0.011000000000000001	0.013999999999999999	0.005	0.013999999999999999
Stackebrandtia	0.008	0.006	0.009000000000000001	0.006	0.006999999999999999	0.006	0.006999999999999999	0.004	0.004	0.005	0.006	0.006999999999999999	0.008	0.008	0.006	0.003	0.009000000000000001	0.006999999999999999	0.008	0.009000000000000001	0.009000000000000001	0.01	0.008	0.012	0.008	0.006	0.008	0.009000000000000001	0.008	0.01	0.006999999999999999	0.008	0.006999999999999999	0.011000000000000001	0.01	0.009000000000000001	0.009000000000000001	0.01	0.008	0.008	0.01	0.01	0.011000000000000001	0.01	0.008	0.01	0.005	0.008
Rhodovulum	0.01	0.009000000000000001	0.008	0.008	0.008	0.009000000000000001	0.006999999999999999	0.005	0.005	0.005	0.006999999999999999	0.009000000000000001	0.006999999999999999	0.008	0.006999999999999999	0.005	0.006	0.005	0.008	0.006999999999999999	0.006999999999999999	0.006999999999999999	0.006999999999999999	0.006	0.006999999999999999	0.005	0.009000000000000001	0.006	0.008	0.006	0.006	0.005	0.006999999999999999	0.01	0.008	0.008	0.008	0.008	0.006999999999999999	0.006999999999999999	0.013	0.015	0.013999999999999999	0.013999999999999999	0.008	0.012	0.006	0.012
Hyphobacterium	0.01	0.009000000000000001	0.009000000000000001	0.008	0.008	0.006	0.011000000000000001	0.003	0.005	0.006	0.008	0.012	0.009000000000000001	0.009000000000000001	0.006	0.004	0.006	0.003	0.008	0.006999999999999999	0.006	0.006	0.006999999999999999	0.004	0.006	0.005	0.009000000000000001	0.005	0.006999999999999999	0.006	0.004	0.004	0.006	0.01	0.008	0.01	0.006999999999999999	0.006	0.008	0.005	0.015	0.018000000000000002	0.015	0.017	0.008	0.01	0.006999999999999999	0.012
Maribacter	0.011000000000000001	0.011000000000000001	0.012	0.011000000000000001	0.012	0.012	0.012	0.009000000000000001	0.006	0.005	0.01	0.008	0.006	0.006999999999999999	0.009000000000000001	0.006	0.005	0.004	0.006	0.006	0.006	0.005	0.005	0.005	0.006	0.004	0.006	0.006	0.006	0.006	0.004	0.003	0.011000000000000001	0.006	0.01	0.012	0.009000000000000001	0.009000000000000001	0.009000000000000001	0.01	0.012	0.011000000000000001	0.008	0.01	0.008	0.006999999999999999	0.006	0.01
Roseivivax	0.009000000000000001	0.009000000000000001	0.009000000000000001	0.009000000000000001	0.008	0.008	0.01	0.005	0.006	0.006	0.006999999999999999	0.009000000000000001	0.009000000000000001	0.008	0.006	0.004	0.006	0.004	0.008	0.006999999999999999	0.006999999999999999	0.006	0.006999999999999999	0.006	0.006999999999999999	0.005	0.006999999999999999	0.006999999999999999	0.006999999999999999	0.006999999999999999	0.005	0.004	0.006	0.01	0.008	0.008	0.006999999999999999	0.008	0.006999999999999999	0.006999999999999999	0.013999999999999999	0.013	0.013	0.013	0.009000000000000001	0.012	0.008	0.011000000000000001
Halobacterium	0.01	0.008	0.01	0.008	0.008	0.008	0.008	0.005	0.005	0.005	0.006999999999999999	0.008	0.009000000000000001	0.009000000000000001	0.006	0.004	0.008	0.005	0.006	0.006999999999999999	0.006999999999999999	0.006999999999999999	0.008	0.006999999999999999	0.006999999999999999	0.005	0.006999999999999999	0.006	0.008	0.006999999999999999	0.006	0.005	0.008	0.011000000000000001	0.01	0.008	0.008	0.006999999999999999	0.008	0.006999999999999999	0.013999999999999999	0.01	0.012	0.012	0.01	0.011000000000000001	0.006	0.01
Acidihalobacter	0.01	0.01	0.009000000000000001	0.009000000000000001	0.009000000000000001	0.006999999999999999	0.01	0.004	0.006	0.005	0.008	0.011000000000000001	0.01	0.009000000000000001	0.006999999999999999	0.005	0.006	0.003	0.008	0.006999999999999999	0.006	0.006	0.006	0.005	0.004	0.004	0.006999999999999999	0.005	0.006	0.006	0.005	0.004	0.006	0.009000000000000001	0.01	0.01	0.006999999999999999	0.006999999999999999	0.006999999999999999	0.006	0.015	0.015	0.013	0.016	0.008	0.011000000000000001	0.006999999999999999	0.012
Limimaricola	0.009000000000000001	0.009000000000000001	0.009000000000000001	0.008	0.009000000000000001	0.009000000000000001	0.009000000000000001	0.005	0.005	0.006	0.006999999999999999	0.01	0.008	0.009000000000000001	0.006999999999999999	0.005	0.008	0.005	0.006999999999999999	0.006999999999999999	0.006999999999999999	0.005	0.006999999999999999	0.006	0.006999999999999999	0.004	0.008	0.006999999999999999	0.006999999999999999	0.006	0.006	0.005	0.005	0.01	0.008	0.008	0.008	0.006	0.006999999999999999	0.006999999999999999	0.013999999999999999	0.013999999999999999	0.012	0.013999999999999999	0.008	0.012	0.006	0.011000000000000001
Mesoterricola	0.01	0.023	0.012	0.01	0.017	0.01	0.02	0.01	0.004	0.004	0.006	0.006	0.006	0.006	0.004	0.004	0.005	0.004	0.005	0.006	0.005	0.004	0.005	0.004	0.004	0.004	0.006	0.004	0.005	0.004	0.005	0.004	0.005	0.01	0.006999999999999999	0.006999999999999999	0.005	0.005	0.005	0.005	0.013	0.012	0.016	0.021	0.009000000000000001	0.009000000000000001	0.005	0.016
Nitratidesulfovibrio	0.009000000000000001	0.008	0.008	0.006999999999999999	0.006999999999999999	0.008	0.009000000000000001	0.003	0.005	0.004	0.006999999999999999	0.01	0.009000000000000001	0.008	0.006999999999999999	0.004	0.006999999999999999	0.003	0.006	0.006999999999999999	0.006	0.005	0.008	0.005	0.004	0.005	0.006999999999999999	0.005	0.006	0.006	0.005	0.004	0.009000000000000001	0.012	0.009000000000000001	0.011000000000000001	0.009000000000000001	0.006999999999999999	0.009000000000000001	0.006999999999999999	0.018000000000000002	0.012	0.016	0.017	0.008	0.011000000000000001	0.005	0.013
Terribium	0.008	0.009000000000000001	0.009000000000000001	0.006	0.008	0.006	0.009000000000000001	0.005	0.005	0.005	0.006	0.009000000000000001	0.008	0.006999999999999999	0.006	0.004	0.008	0.005	0.006999999999999999	0.006999999999999999	0.01	0.006999999999999999	0.008	0.006	0.012	0.006999999999999999	0.01	0.011000000000000001	0.012	0.008	0.006999999999999999	0.005	0.006	0.006999999999999999	0.009000000000000001	0.009000000000000001	0.006999999999999999	0.006	0.006	0.006	0.01	0.012	0.011000000000000001	0.012	0.006999999999999999	0.013	0.005	0.009000000000000001
Vanrija	0.008	0.008	0.01	0.008	0.01	0.009000000000000001	0.009000000000000001	0.009000000000000001	0.005	0.009000000000000001	0.006999999999999999	0.008	0.008	0.009000000000000001	0.006999999999999999	0.005	0.006	0.005	0.006	0.005	0.006	0.006	0.005	0.005	0.006	0.004	0.008	0.005	0.005	0.006	0.006	0.006	0.013	0.015	0.013	0.01	0.009000000000000001	0.006999999999999999	0.013	0.009000000000000001	0.009000000000000001	0.011000000000000001	0.01	0.01	0.006999999999999999	0.008	0.005	0.006999999999999999
Pseudosulfitobacter	0.009000000000000001	0.009000000000000001	0.009000000000000001	0.008	0.01	0.008	0.01	0.005	0.005	0.005	0.008	0.011000000000000001	0.01	0.006999999999999999	0.006	0.004	0.006999999999999999	0.004	0.008	0.006	0.006999999999999999	0.006	0.006999999999999999	0.005	0.006999999999999999	0.005	0.008	0.006	0.006999999999999999	0.006	0.005	0.004	0.008	0.008	0.008	0.008	0.006999999999999999	0.006	0.008	0.006999999999999999	0.013999999999999999	0.013	0.013	0.016	0.009000000000000001	0.01	0.006	0.012
Thermoleophilum	0.006999999999999999	0.006999999999999999	0.004	0.006	0.005	0.006	0.006	0.002	0.004	0.005	0.004	0.008	0.01	0.006999999999999999	0.005	0.003	0.008	0.01	0.009000000000000001	0.006999999999999999	0.006999999999999999	0.006999999999999999	0.006999999999999999	0.008	0.006999999999999999	0.005	0.011000000000000001	0.008	0.009000000000000001	0.006999999999999999	0.009000000000000001	0.005	0.006	0.018000000000000002	0.013	0.009000000000000001	0.009000000000000001	0.008	0.008	0.006999999999999999	0.013999999999999999	0.008	0.011000000000000001	0.009000000000000001	0.008	0.017	0.004	0.01
Chitiniphilus	0.01	0.009000000000000001	0.01	0.009000000000000001	0.009000000000000001	0.009000000000000001	0.006999999999999999	0.004	0.005	0.005	0.009000000000000001	0.01	0.01	0.01	0.006	0.006	0.005	0.003	0.006	0.006999999999999999	0.005	0.006	0.006	0.005	0.005	0.005	0.006999999999999999	0.005	0.006	0.006	0.005	0.004	0.008	0.009000000000000001	0.01	0.01	0.008	0.006	0.008	0.006999999999999999	0.013999999999999999	0.013	0.012	0.015	0.008	0.011000000000000001	0.006	0.012
Nitrogeniibacter	0.009000000000000001	0.009000000000000001	0.008	0.01	0.01	0.009000000000000001	0.009000000000000001	0.004	0.006	0.006	0.008	0.008	0.008	0.008	0.008	0.005	0.006	0.003	0.006999999999999999	0.006999999999999999	0.005	0.006	0.006	0.005	0.005	0.006	0.006999999999999999	0.005	0.006	0.006	0.005	0.004	0.006999999999999999	0.008	0.008	0.01	0.006999999999999999	0.006	0.006999999999999999	0.006999999999999999	0.015	0.015	0.013	0.015	0.009000000000000001	0.011000000000000001	0.006	0.012
Sodalis	0.009000000000000001	0.008	0.008	0.008	0.009000000000000001	0.006999999999999999	0.008	0.004	0.006	0.006	0.008	0.011000000000000001	0.009000000000000001	0.008	0.006	0.005	0.006	0.004	0.008	0.006999999999999999	0.008	0.006	0.006999999999999999	0.005	0.006	0.006	0.008	0.005	0.006	0.005	0.005	0.005	0.006999999999999999	0.012	0.006999999999999999	0.009000000000000001	0.006999999999999999	0.006999999999999999	0.006	0.008	0.012	0.013	0.013	0.017	0.008	0.01	0.006	0.011000000000000001
Actinotalea	0.006999999999999999	0.006	0.008	0.008	0.005	0.008	0.008	0.005	0.004	0.006	0.006	0.008	0.006999999999999999	0.006999999999999999	0.005	0.004	0.008	0.008	0.006	0.006999999999999999	0.009000000000000001	0.006999999999999999	0.006999999999999999	0.006999999999999999	0.009000000000000001	0.005	0.006999999999999999	0.009000000000000001	0.01	0.006	0.006999999999999999	0.005	0.006999999999999999	0.011000000000000001	0.01	0.008	0.008	0.01	0.009000000000000001	0.008	0.013	0.01	0.011000000000000001	0.01	0.009000000000000001	0.011000000000000001	0.006	0.009000000000000001
Okibacterium	0.006999999999999999	0.006	0.008	0.004	0.005	0.006999999999999999	0.012	0.004	0.004	0.005	0.005	0.011000000000000001	0.009000000000000001	0.008	0.008	0.004	0.009000000000000001	0.01	0.006	0.008	0.009000000000000001	0.006	0.009000000000000001	0.005	0.013999999999999999	0.008	0.009000000000000001	0.013	0.013999999999999999	0.006	0.006999999999999999	0.005	0.006	0.009000000000000001	0.006	0.005	0.006999999999999999	0.006	0.006999999999999999	0.006	0.01	0.011000000000000001	0.006999999999999999	0.01	0.01	0.011000000000000001	0.005	0.006999999999999999
Hartmannibacter	0.006999999999999999	0.006999999999999999	0.008	0.008	0.008	0.006999999999999999	0.008	0.004	0.005	0.006999999999999999	0.008	0.009000000000000001	0.008	0.008	0.006	0.006999999999999999	0.006	0.004	0.008	0.006	0.006	0.006	0.006	0.005	0.006999999999999999	0.005	0.008	0.006	0.006999999999999999	0.005	0.005	0.005	0.006	0.01	0.008	0.008	0.006	0.006	0.006999999999999999	0.006	0.013	0.015	0.013	0.015	0.009000000000000001	0.013	0.006	0.016
Pyruvatibacter	0.008	0.009000000000000001	0.006999999999999999	0.006999999999999999	0.008	0.006	0.009000000000000001	0.003	0.005	0.006	0.006	0.01	0.008	0.006999999999999999	0.005	0.005	0.006	0.003	0.008	0.005	0.006	0.004	0.005	0.004	0.006	0.004	0.008	0.005	0.005	0.005	0.004	0.004	0.005	0.009000000000000001	0.006999999999999999	0.006999999999999999	0.006	0.005	0.006999999999999999	0.005	0.013999999999999999	0.017	0.026	0.016	0.019	0.015	0.005	0.012
Cutibacterium	0.008	0.008	0.006999999999999999	0.006999999999999999	0.006999999999999999	0.008	0.008	0.004	0.004	0.005	0.005	0.008	0.008	0.006	0.006999999999999999	0.004	0.008	0.006	0.006	0.006999999999999999	0.006999999999999999	0.006	0.006	0.006	0.008	0.005	0.006999999999999999	0.006999999999999999	0.008	0.006	0.006	0.005	0.006999999999999999	0.011000000000000001	0.006	0.008	0.009000000000000001	0.008	0.01	0.009000000000000001	0.013999999999999999	0.01	0.013	0.013	0.009000000000000001	0.013	0.006	0.011000000000000001
Methylocaldum	0.01	0.009000000000000001	0.008	0.009000000000000001	0.01	0.008	0.009000000000000001	0.004	0.005	0.005	0.009000000000000001	0.009000000000000001	0.009000000000000001	0.009000000000000001	0.006999999999999999	0.005	0.006	0.003	0.006999999999999999	0.006999999999999999	0.005	0.005	0.006	0.005	0.005	0.004	0.006999999999999999	0.005	0.005	0.006	0.005	0.004	0.006999999999999999	0.011000000000000001	0.009000000000000001	0.008	0.006999999999999999	0.008	0.006999999999999999	0.006	0.013	0.016	0.013	0.015	0.008	0.01	0.005	0.012
Algihabitans	0.008	0.009000000000000001	0.009000000000000001	0.008	0.006999999999999999	0.008	0.009000000000000001	0.004	0.005	0.006	0.008	0.008	0.006999999999999999	0.008	0.005	0.004	0.006	0.004	0.006999999999999999	0.006	0.005	0.006	0.006	0.005	0.006	0.004	0.008	0.005	0.006	0.006	0.005	0.004	0.005	0.01	0.008	0.009000000000000001	0.006	0.006	0.008	0.006999999999999999	0.015	0.016	0.013999999999999999	0.015	0.01	0.013	0.006999999999999999	0.012
Polymorphobacter	0.009000000000000001	0.009000000000000001	0.009000000000000001	0.006999999999999999	0.009000000000000001	0.006999999999999999	0.008	0.004	0.005	0.005	0.008	0.009000000000000001	0.009000000000000001	0.01	0.008	0.005	0.006999999999999999	0.005	0.008	0.006	0.006	0.006	0.006	0.005	0.008	0.005	0.008	0.006	0.005	0.006	0.006	0.005	0.006999999999999999	0.009000000000000001	0.006999999999999999	0.009000000000000001	0.006999999999999999	0.006	0.006	0.006	0.012	0.013999999999999999	0.013	0.013	0.008	0.011000000000000001	0.006	0.01
Tardibacter	0.01	0.011000000000000001	0.009000000000000001	0.006999999999999999	0.006999999999999999	0.01	0.013	0.005	0.006	0.004	0.008	0.011000000000000001	0.011000000000000001	0.01	0.006	0.005	0.006	0.006	0.008	0.006999999999999999	0.006	0.006	0.006	0.005	0.006999999999999999	0.006	0.008	0.008	0.005	0.006999999999999999	0.006	0.006	0.006	0.006999999999999999	0.006	0.009000000000000001	0.006999999999999999	0.005	0.006	0.004	0.01	0.013	0.009000000000000001	0.012	0.01	0.009000000000000001	0.005	0.009000000000000001
Lichenihabitans	0.008	0.008	0.006999999999999999	0.006999999999999999	0.008	0.008	0.008	0.004	0.004	0.006	0.006	0.011000000000000001	0.008	0.008	0.005	0.004	0.006	0.004	0.009000000000000001	0.006	0.006	0.005	0.006	0.005	0.006	0.004	0.006999999999999999	0.006	0.006999999999999999	0.005	0.004	0.004	0.006999999999999999	0.01	0.006	0.008	0.006	0.006	0.008	0.006	0.013999999999999999	0.017	0.015	0.018000000000000002	0.009000000000000001	0.013	0.006	0.013
Eremothecium	0.006999999999999999	0.006	0.008	0.006999999999999999	0.006999999999999999	0.009000000000000001	0.006999999999999999	0.012	0.006	0.004	0.006999999999999999	0.01	0.006999999999999999	0.008	0.006	0.005	0.006	0.005	0.006	0.006999999999999999	0.006	0.005	0.005	0.005	0.006	0.004	0.006	0.005	0.005	0.005	0.004	0.005	0.013	0.018000000000000002	0.009000000000000001	0.012	0.008	0.006999999999999999	0.008	0.013	0.01	0.012	0.011000000000000001	0.012	0.006999999999999999	0.006999999999999999	0.005	0.008
Paractinoplanes	0.002	0.002	0.006	0.003	0.003	0.002	0.008	0.002	0.001	0.002	0.002	0.006999999999999999	0.006999999999999999	0.004	0.005	0.001	0.017	0.008	0.006	0.029	0.032	0.006	0.021	0.009000000000000001	0.01	0.029	0.006	0.011000000000000001	0.027	0.016	0.009000000000000001	0.01	0.004	0.004	0.01	0.002	0.006999999999999999	0.006999999999999999	0.005	0.003	0.002	0.002	0.001	0.002	0.004	0.002	0.001	0.002
Orrella	0.009000000000000001	0.009000000000000001	0.01	0.008	0.009000000000000001	0.009000000000000001	0.006999999999999999	0.004	0.005	0.006999999999999999	0.01	0.011000000000000001	0.011000000000000001	0.01	0.006999999999999999	0.006	0.005	0.003	0.006	0.006	0.005	0.006	0.006	0.005	0.005	0.004	0.006999999999999999	0.005	0.005	0.006	0.005	0.004	0.006999999999999999	0.008	0.008	0.009000000000000001	0.006999999999999999	0.006999999999999999	0.008	0.006	0.013	0.012	0.013	0.013	0.006999999999999999	0.009000000000000001	0.006	0.012
Alloalcanivorax	0.009000000000000001	0.011000000000000001	0.008	0.008	0.009000000000000001	0.009000000000000001	0.008	0.004	0.005	0.005	0.006999999999999999	0.009000000000000001	0.008	0.006999999999999999	0.006999999999999999	0.004	0.006999999999999999	0.004	0.006999999999999999	0.006999999999999999	0.006	0.006	0.006999999999999999	0.005	0.005	0.005	0.006999999999999999	0.005	0.006	0.005	0.005	0.004	0.008	0.009000000000000001	0.009000000000000001	0.01	0.006999999999999999	0.006	0.006999999999999999	0.006999999999999999	0.013999999999999999	0.013	0.012	0.013999999999999999	0.006999999999999999	0.01	0.006	0.011000000000000001
Rhodomicrobium	0.008	0.01	0.006999999999999999	0.006999999999999999	0.006999999999999999	0.006	0.006999999999999999	0.004	0.004	0.005	0.006	0.006999999999999999	0.006999999999999999	0.006	0.004	0.003	0.005	0.003	0.006	0.005	0.005	0.005	0.005	0.004	0.006	0.004	0.006	0.005	0.006	0.004	0.004	0.004	0.005	0.009000000000000001	0.008	0.008	0.005	0.006	0.005	0.006	0.017	0.019	0.023	0.023	0.011000000000000001	0.017	0.008	0.013999999999999999
Capsulimonas	0.006	0.006999999999999999	0.006999999999999999	0.005	0.005	0.006	0.011000000000000001	0.004	0.004	0.005	0.008	0.006	0.008	0.009000000000000001	0.009000000000000001	0.004	0.004	0.002	0.006999999999999999	0.004	0.006999999999999999	0.004	0.004	0.003	0.003	0.002	0.003	0.003	0.003	0.004	0.003	0.002	0.01	0.006999999999999999	0.004	0.018000000000000002	0.005	0.006	0.017	0.008	0.013	0.044000000000000004	0.013999999999999999	0.018000000000000002	0.006	0.006	0.008	0.013
Thiocapsa	0.01	0.009000000000000001	0.008	0.009000000000000001	0.009000000000000001	0.008	0.006	0.003	0.006	0.005	0.006999999999999999	0.009000000000000001	0.009000000000000001	0.009000000000000001	0.006	0.005	0.006	0.004	0.006999999999999999	0.006999999999999999	0.006	0.005	0.006	0.005	0.005	0.004	0.008	0.005	0.006999999999999999	0.005	0.005	0.003	0.006	0.009000000000000001	0.008	0.009000000000000001	0.006999999999999999	0.006	0.006999999999999999	0.006999999999999999	0.015	0.013	0.013999999999999999	0.013999999999999999	0.008	0.012	0.006	0.011000000000000001
Micropruina	0.013	0.011000000000000001	0.009000000000000001	0.01	0.006	0.013999999999999999	0.01	0.005	0.004	0.006	0.005	0.009000000000000001	0.008	0.006	0.005	0.004	0.006999999999999999	0.005	0.004	0.005	0.006	0.005	0.005	0.005	0.01	0.004	0.006	0.008	0.009000000000000001	0.006	0.004	0.003	0.006	0.008	0.006999999999999999	0.006999999999999999	0.008	0.006999999999999999	0.006999999999999999	0.008	0.012	0.009000000000000001	0.011000000000000001	0.01	0.011000000000000001	0.015	0.006	0.009000000000000001
Allorhizobium	0.008	0.01	0.012	0.006	0.006999999999999999	0.009000000000000001	0.009000000000000001	0.006999999999999999	0.004	0.004	0.006999999999999999	0.008	0.006999999999999999	0.008	0.006999999999999999	0.003	0.006	0.005	0.006	0.006999999999999999	0.009000000000000001	0.006	0.008	0.005	0.032	0.006	0.006999999999999999	0.008	0.011000000000000001	0.005	0.005	0.005	0.004	0.006	0.006	0.006999999999999999	0.004	0.005	0.006	0.005	0.008	0.008	0.009000000000000001	0.01	0.008	0.011000000000000001	0.005	0.008
Aestuariivirga	0.006999999999999999	0.01	0.006999999999999999	0.006	0.006	0.006999999999999999	0.006	0.005	0.003	0.005	0.005	0.013999999999999999	0.006999999999999999	0.005	0.003	0.004	0.005	0.003	0.006	0.008	0.004	0.004	0.006	0.006	0.005	0.004	0.01	0.004	0.006999999999999999	0.005	0.005	0.004	0.006999999999999999	0.006999999999999999	0.013	0.012	0.005	0.006	0.006	0.008	0.016	0.016	0.013999999999999999	0.018000000000000002	0.008	0.011000000000000001	0.008	0.016
Runella	0.011000000000000001	0.009000000000000001	0.011000000000000001	0.009000000000000001	0.011000000000000001	0.009000000000000001	0.01	0.006999999999999999	0.005	0.004	0.009000000000000001	0.009000000000000001	0.006999999999999999	0.006999999999999999	0.006999999999999999	0.004	0.006	0.002	0.006	0.006999999999999999	0.006999999999999999	0.006	0.005	0.006999999999999999	0.005	0.005	0.006999999999999999	0.005	0.006999999999999999	0.005	0.004	0.005	0.01	0.005	0.011000000000000001	0.012	0.008	0.008	0.008	0.009000000000000001	0.011000000000000001	0.011000000000000001	0.006999999999999999	0.01	0.008	0.006	0.005	0.008
Methylocapsa	0.006999999999999999	0.009000000000000001	0.006	0.006999999999999999	0.008	0.006999999999999999	0.011000000000000001	0.003	0.005	0.005	0.006999999999999999	0.008	0.006999999999999999	0.008	0.004	0.004	0.005	0.004	0.008	0.005	0.005	0.005	0.004	0.005	0.005	0.004	0.008	0.005	0.004	0.004	0.005	0.003	0.005	0.01	0.006	0.006	0.006	0.005	0.006	0.004	0.017	0.018000000000000002	0.02	0.019	0.011000000000000001	0.015	0.006999999999999999	0.015
Neobacillus	0.006	0.021	0.008	0.006	0.008	0.008	0.008	0.012	0.004	0.005	0.005	0.006	0.004	0.005	0.004	0.004	0.004	0.003	0.005	0.004	0.003	0.003	0.003	0.004	0.003	0.003	0.003	0.002	0.004	0.004	0.004	0.003	0.006999999999999999	0.008	0.008	0.006999999999999999	0.006	0.008	0.006	0.008	0.015	0.017	0.012	0.009000000000000001	0.02	0.027999999999999997	0.006999999999999999	0.02
Roseimicrobium	0.011000000000000001	0.006999999999999999	0.008	0.009000000000000001	0.01	0.009000000000000001	0.01	0.004	0.004	0.004	0.008	0.01	0.008	0.006999999999999999	0.008	0.004	0.006	0.003	0.006	0.006	0.005	0.005	0.006	0.005	0.006	0.003	0.006	0.005	0.008	0.006	0.006999999999999999	0.004	0.006	0.005	0.01	0.016	0.006	0.006999999999999999	0.006	0.005	0.013999999999999999	0.012	0.009000000000000001	0.012	0.011000000000000001	0.011000000000000001	0.005	0.011000000000000001
Muricoccus	0.008	0.008	0.009000000000000001	0.006999999999999999	0.006999999999999999	0.006999999999999999	0.008	0.003	0.004	0.006	0.006999999999999999	0.008	0.006999999999999999	0.006999999999999999	0.006999999999999999	0.004	0.006999999999999999	0.004	0.008	0.006999999999999999	0.006	0.006	0.006	0.005	0.006999999999999999	0.005	0.006999999999999999	0.005	0.006999999999999999	0.006	0.006	0.004	0.006	0.009000000000000001	0.008	0.006999999999999999	0.006999999999999999	0.006999999999999999	0.008	0.006999999999999999	0.013	0.013	0.012	0.013	0.009000000000000001	0.013	0.006	0.011000000000000001
Ammonicoccus	0.008	0.005	0.008	0.006	0.006	0.006	0.006999999999999999	0.003	0.003	0.005	0.005	0.008	0.006	0.006	0.004	0.003	0.008	0.006	0.005	0.006	0.006999999999999999	0.006	0.006	0.005	0.009000000000000001	0.006	0.008	0.008	0.009000000000000001	0.006	0.006999999999999999	0.006	0.006	0.01	0.009000000000000001	0.006999999999999999	0.008	0.008	0.006	0.006	0.015	0.011000000000000001	0.013	0.013999999999999999	0.01	0.013	0.006999999999999999	0.012
Pararoseomonas	0.009000000000000001	0.008	0.009000000000000001	0.006	0.008	0.008	0.008	0.005	0.004	0.006	0.006999999999999999	0.009000000000000001	0.006999999999999999	0.008	0.005	0.005	0.006999999999999999	0.004	0.006999999999999999	0.006	0.006	0.006	0.006	0.005	0.006	0.006	0.008	0.005	0.005	0.006	0.005	0.004	0.006	0.011000000000000001	0.008	0.006999999999999999	0.006999999999999999	0.006	0.006	0.006	0.012	0.013	0.013999999999999999	0.013999999999999999	0.009000000000000001	0.012	0.006	0.011000000000000001
Polymorphum	0.009000000000000001	0.009000000000000001	0.009000000000000001	0.006999999999999999	0.006	0.006	0.008	0.003	0.004	0.005	0.006	0.008	0.008	0.006999999999999999	0.006	0.003	0.006999999999999999	0.005	0.008	0.006999999999999999	0.006	0.005	0.006	0.005	0.006	0.005	0.006999999999999999	0.006	0.006999999999999999	0.005	0.004	0.004	0.006	0.009000000000000001	0.008	0.008	0.006999999999999999	0.006999999999999999	0.006	0.005	0.013999999999999999	0.015	0.013	0.015	0.008	0.013	0.006	0.013
Azorhizobium	0.006999999999999999	0.008	0.006	0.006	0.008	0.006999999999999999	0.008	0.004	0.005	0.005	0.006999999999999999	0.008	0.006999999999999999	0.008	0.006	0.004	0.006	0.004	0.008	0.006	0.006	0.005	0.006	0.005	0.006	0.005	0.008	0.006	0.006	0.005	0.005	0.004	0.005	0.009000000000000001	0.006999999999999999	0.006999999999999999	0.006	0.006	0.006	0.005	0.013999999999999999	0.016	0.016	0.016	0.009000000000000001	0.013	0.006999999999999999	0.012
Sphingomicrobium	0.008	0.009000000000000001	0.008	0.006	0.008	0.01	0.011000000000000001	0.005	0.005	0.005	0.008	0.009000000000000001	0.01	0.011000000000000001	0.006999999999999999	0.004	0.006999999999999999	0.005	0.008	0.006999999999999999	0.006999999999999999	0.006999999999999999	0.006999999999999999	0.005	0.008	0.005	0.006999999999999999	0.006999999999999999	0.006	0.006999999999999999	0.006	0.005	0.005	0.009000000000000001	0.006	0.006999999999999999	0.006999999999999999	0.005	0.006	0.005	0.01	0.01	0.01	0.01	0.006999999999999999	0.008	0.005	0.008
Aurantimonas	0.008	0.006999999999999999	0.01	0.006999999999999999	0.008	0.006999999999999999	0.008	0.004	0.004	0.004	0.006	0.006999999999999999	0.009000000000000001	0.008	0.004	0.004	0.006999999999999999	0.004	0.006999999999999999	0.006	0.006999999999999999	0.005	0.006999999999999999	0.006	0.008	0.005	0.006999999999999999	0.006999999999999999	0.008	0.006	0.005	0.006	0.006	0.009000000000000001	0.006999999999999999	0.006999999999999999	0.006999999999999999	0.006999999999999999	0.006999999999999999	0.006	0.012	0.013	0.011000000000000001	0.013	0.008	0.011000000000000001	0.005	0.01
Oceaniradius	0.008	0.009000000000000001	0.006999999999999999	0.006999999999999999	0.006999999999999999	0.009000000000000001	0.01	0.004	0.004	0.006	0.006	0.009000000000000001	0.008	0.008	0.005	0.004	0.006	0.003	0.006999999999999999	0.006	0.006999999999999999	0.005	0.006	0.005	0.006999999999999999	0.004	0.008	0.006	0.008	0.005	0.005	0.005	0.005	0.01	0.006999999999999999	0.006999999999999999	0.006999999999999999	0.006999999999999999	0.006	0.005	0.015	0.013	0.011000000000000001	0.013999999999999999	0.008	0.013	0.004	0.009000000000000001
Mycovorax	0.009000000000000001	0.006	0.01	0.006	0.008	0.006	0.009000000000000001	0.004	0.004	0.005	0.006	0.011000000000000001	0.006	0.006	0.006	0.005	0.006	0.002	0.005	0.006999999999999999	0.005	0.005	0.005	0.008	0.003	0.005	0.009000000000000001	0.003	0.004	0.006	0.005	0.005	0.015	0.004	0.012	0.017	0.011000000000000001	0.013999999999999999	0.011000000000000001	0.008	0.01	0.013	0.006999999999999999	0.011000000000000001	0.006	0.004	0.004	0.008
Photobacterium	0.009000000000000001	0.008	0.01	0.006999999999999999	0.008	0.009000000000000001	0.009000000000000001	0.009000000000000001	0.005	0.005	0.006999999999999999	0.009000000000000001	0.008	0.006999999999999999	0.005	0.006	0.005	0.005	0.006999999999999999	0.006	0.006	0.005	0.005	0.004	0.005	0.004	0.006	0.004	0.006	0.005	0.005	0.004	0.009000000000000001	0.009000000000000001	0.009000000000000001	0.01	0.006999999999999999	0.008	0.006	0.009000000000000001	0.01	0.011000000000000001	0.01	0.011000000000000001	0.009000000000000001	0.006999999999999999	0.006	0.01
Prauserella	0.006	0.005	0.006	0.006	0.004	0.006	0.005	0.003	0.003	0.004	0.004	0.005	0.006	0.006999999999999999	0.006999999999999999	0.004	0.012	0.006999999999999999	0.006999999999999999	0.011000000000000001	0.009000000000000001	0.009000000000000001	0.006999999999999999	0.011000000000000001	0.009000000000000001	0.006999999999999999	0.008	0.006999999999999999	0.009000000000000001	0.009000000000000001	0.008	0.009000000000000001	0.006999999999999999	0.011000000000000001	0.008	0.006999999999999999	0.008	0.009000000000000001	0.006	0.008	0.009000000000000001	0.008	0.009000000000000001	0.008	0.006999999999999999	0.008	0.004	0.006999999999999999
Lactiplantibacillus	0.004	0.006	0.011000000000000001	0.006	0.008	0.016	0.009000000000000001	0.027999999999999997	0.004	0.004	0.003	0.005	0.003	0.003	0.005	0.004	0.003	0.003	0.003	0.002	0.003	0.003	0.002	0.004	0.004	0.001	0.002	0.002	0.004	0.003	0.003	0.002	0.01	0.015	0.006999999999999999	0.006999999999999999	0.006	0.008	0.009000000000000001	0.017	0.005	0.004	0.034	0.005	0.02	0.009000000000000001	0.017	0.008
Congregicoccus	0.011000000000000001	0.008	0.006999999999999999	0.011000000000000001	0.009000000000000001	0.009000000000000001	0.01	0.005	0.005	0.005	0.01	0.008	0.008	0.006999999999999999	0.006	0.004	0.005	0.002	0.006	0.005	0.006	0.005	0.005	0.004	0.004	0.003	0.005	0.004	0.006	0.006	0.005	0.003	0.006999999999999999	0.006999999999999999	0.008	0.009000000000000001	0.006999999999999999	0.006	0.008	0.005	0.013999999999999999	0.013	0.013	0.013999999999999999	0.006999999999999999	0.008	0.005	0.012
Thiohalobacter	0.008	0.01	0.009000000000000001	0.008	0.008	0.006	0.008	0.003	0.005	0.005	0.008	0.009000000000000001	0.009000000000000001	0.006999999999999999	0.005	0.004	0.006	0.003	0.006999999999999999	0.006999999999999999	0.006	0.006	0.006	0.005	0.005	0.004	0.006999999999999999	0.005	0.006	0.006	0.005	0.003	0.006	0.009000000000000001	0.008	0.008	0.006	0.006	0.006	0.006	0.012	0.013999999999999999	0.012	0.013	0.008	0.01	0.005	0.011000000000000001
Ferribacterium	0.009000000000000001	0.01	0.008	0.008	0.009000000000000001	0.006999999999999999	0.008	0.003	0.005	0.005	0.008	0.008	0.006	0.006	0.005	0.004	0.004	0.003	0.005	0.006	0.005	0.005	0.005	0.004	0.004	0.003	0.006	0.004	0.005	0.004	0.004	0.004	0.005	0.006	0.008	0.006999999999999999	0.006999999999999999	0.006	0.006	0.006	0.013999999999999999	0.013999999999999999	0.012	0.023	0.009000000000000001	0.01	0.006	0.019
Paroceanicella	0.008	0.006999999999999999	0.008	0.006	0.008	0.008	0.006999999999999999	0.004	0.005	0.006	0.006999999999999999	0.009000000000000001	0.008	0.006999999999999999	0.006	0.004	0.006	0.004	0.006	0.006	0.006	0.006	0.006	0.005	0.006	0.004	0.008	0.006	0.006999999999999999	0.006	0.005	0.004	0.006999999999999999	0.009000000000000001	0.008	0.008	0.006	0.005	0.006999999999999999	0.006	0.011000000000000001	0.013999999999999999	0.012	0.011000000000000001	0.008	0.011000000000000001	0.006	0.01
Algoriphagus	0.011000000000000001	0.01	0.011000000000000001	0.012	0.013999999999999999	0.011000000000000001	0.009000000000000001	0.006999999999999999	0.004	0.005	0.009000000000000001	0.009000000000000001	0.005	0.005	0.006999999999999999	0.005	0.004	0.003	0.005	0.005	0.005	0.004	0.004	0.005	0.005	0.004	0.006	0.004	0.006	0.004	0.004	0.004	0.01	0.006	0.01	0.009000000000000001	0.006999999999999999	0.008	0.006999999999999999	0.008	0.012	0.01	0.006	0.011000000000000001	0.006999999999999999	0.006999999999999999	0.005	0.009000000000000001
Ruicaihuangia	0.006999999999999999	0.005	0.006999999999999999	0.004	0.004	0.005	0.013999999999999999	0.005	0.003	0.006	0.004	0.013	0.009000000000000001	0.008	0.008	0.003	0.009000000000000001	0.008	0.006999999999999999	0.006	0.006999999999999999	0.005	0.006999999999999999	0.005	0.009000000000000001	0.006	0.006999999999999999	0.01	0.01	0.005	0.006	0.005	0.005	0.006999999999999999	0.006	0.005	0.006	0.006	0.006999999999999999	0.005	0.009000000000000001	0.012	0.008	0.009000000000000001	0.009000000000000001	0.013999999999999999	0.005	0.006999999999999999
Parazoarcus	0.009000000000000001	0.006999999999999999	0.011000000000000001	0.009000000000000001	0.009000000000000001	0.006999999999999999	0.009000000000000001	0.004	0.005	0.004	0.006999999999999999	0.008	0.009000000000000001	0.006999999999999999	0.005	0.004	0.005	0.002	0.006	0.006	0.005	0.005	0.005	0.004	0.004	0.003	0.006999999999999999	0.004	0.005	0.005	0.004	0.003	0.006999999999999999	0.008	0.008	0.008	0.006	0.006	0.006	0.006	0.013	0.013999999999999999	0.013	0.016	0.008	0.011000000000000001	0.006	0.013
Sulfurifustis	0.009000000000000001	0.009000000000000001	0.006	0.009000000000000001	0.009000000000000001	0.008	0.006999999999999999	0.004	0.006	0.004	0.006999999999999999	0.008	0.009000000000000001	0.008	0.006999999999999999	0.005	0.006	0.003	0.006999999999999999	0.006	0.005	0.005	0.006	0.004	0.004	0.004	0.006999999999999999	0.004	0.005	0.006	0.005	0.004	0.006999999999999999	0.009000000000000001	0.01	0.01	0.006999999999999999	0.006999999999999999	0.006	0.005	0.012	0.011000000000000001	0.011000000000000001	0.011000000000000001	0.006999999999999999	0.011000000000000001	0.005	0.011000000000000001
Pulveribacter	0.009000000000000001	0.012	0.013	0.01	0.012	0.011000000000000001	0.005	0.005	0.006	0.006999999999999999	0.012	0.01	0.008	0.006999999999999999	0.008	0.006999999999999999	0.004	0.002	0.006	0.006	0.006	0.006	0.006999999999999999	0.004	0.005	0.004	0.008	0.004	0.005	0.005	0.004	0.003	0.006	0.004	0.008	0.01	0.006	0.006	0.005	0.008	0.009000000000000001	0.008	0.009000000000000001	0.01	0.005	0.006999999999999999	0.005	0.006999999999999999
Guyparkeria	0.009000000000000001	0.009000000000000001	0.009000000000000001	0.008	0.008	0.006999999999999999	0.006999999999999999	0.004	0.005	0.004	0.006999999999999999	0.009000000000000001	0.01	0.006999999999999999	0.006	0.004	0.006	0.002	0.006	0.006999999999999999	0.006999999999999999	0.005	0.006	0.005	0.004	0.004	0.006	0.005	0.006	0.006	0.005	0.003	0.006999999999999999	0.008	0.008	0.009000000000000001	0.006999999999999999	0.006	0.006999999999999999	0.005	0.012	0.013	0.012	0.012	0.006	0.009000000000000001	0.006	0.01
Pirellulimonas	0.008	0.006999999999999999	0.009000000000000001	0.008	0.008	0.006999999999999999	0.006999999999999999	0.003	0.004	0.004	0.005	0.006	0.006999999999999999	0.006	0.004	0.003	0.006999999999999999	0.004	0.005	0.006	0.006	0.005	0.006	0.005	0.004	0.004	0.008	0.006	0.006	0.006	0.005	0.003	0.006	0.009000000000000001	0.01	0.006999999999999999	0.006999999999999999	0.006	0.006999999999999999	0.005	0.016	0.012	0.013	0.012	0.009000000000000001	0.013	0.005	0.012
Faecalibacterium	0.006999999999999999	0.006	0.006999999999999999	0.008	0.008	0.008	0.008	0.004	0.004	0.004	0.006	0.008	0.006999999999999999	0.006999999999999999	0.005	0.004	0.006	0.003	0.006	0.006	0.005	0.004	0.006	0.004	0.006999999999999999	0.004	0.005	0.006	0.006999999999999999	0.006	0.005	0.004	0.008	0.01	0.009000000000000001	0.009000000000000001	0.006999999999999999	0.006999999999999999	0.006999999999999999	0.008	0.013	0.011000000000000001	0.012	0.012	0.006999999999999999	0.009000000000000001	0.006	0.011000000000000001
Acidiphilium	0.006999999999999999	0.008	0.006	0.006	0.006	0.006999999999999999	0.008	0.003	0.004	0.005	0.006	0.006999999999999999	0.006999999999999999	0.006999999999999999	0.004	0.005	0.006	0.003	0.008	0.006	0.004	0.005	0.005	0.004	0.005	0.003	0.006999999999999999	0.005	0.006	0.005	0.004	0.004	0.006	0.009000000000000001	0.006	0.006	0.006	0.006	0.006	0.004	0.015	0.013999999999999999	0.016	0.017	0.009000000000000001	0.013999999999999999	0.006999999999999999	0.013
Fusobacterium	0.005	0.006	0.006999999999999999	0.006999999999999999	0.006999999999999999	0.01	0.008	0.023	0.006999999999999999	0.006999999999999999	0.005	0.006999999999999999	0.005	0.004	0.006	0.008	0.003	0.006999999999999999	0.008	0.004	0.005	0.004	0.004	0.005	0.005	0.004	0.003	0.003	0.004	0.005	0.006	0.004	0.013999999999999999	0.009000000000000001	0.011000000000000001	0.009000000000000001	0.006	0.009000000000000001	0.008	0.013999999999999999	0.006	0.005	0.011000000000000001	0.005	0.012	0.004	0.005	0.005
Cobetia	0.008	0.009000000000000001	0.009000000000000001	0.006999999999999999	0.009000000000000001	0.006999999999999999	0.006999999999999999	0.005	0.004	0.004	0.006	0.009000000000000001	0.008	0.008	0.006	0.004	0.006	0.003	0.006	0.006	0.005	0.005	0.006	0.004	0.005	0.004	0.006	0.005	0.006	0.005	0.004	0.004	0.006999999999999999	0.006999999999999999	0.008	0.008	0.006	0.006999999999999999	0.006	0.005	0.012	0.012	0.013	0.012	0.01	0.01	0.005	0.009000000000000001
Engelhardtia	0.01	0.009000000000000001	0.01	0.006999999999999999	0.008	0.006999999999999999	0.006999999999999999	0.004	0.005	0.004	0.005	0.006999999999999999	0.006999999999999999	0.006999999999999999	0.005	0.004	0.006	0.003	0.004	0.006	0.005	0.005	0.006	0.004	0.005	0.004	0.006	0.005	0.006	0.006	0.005	0.004	0.005	0.01	0.006999999999999999	0.006999999999999999	0.006999999999999999	0.006999999999999999	0.006	0.006	0.015	0.011000000000000001	0.012	0.011000000000000001	0.006999999999999999	0.01	0.006	0.011000000000000001
Paramagnetospirillum	0.006999999999999999	0.008	0.006	0.006	0.006999999999999999	0.005	0.006	0.004	0.004	0.005	0.006999999999999999	0.006999999999999999	0.006999999999999999	0.006999999999999999	0.005	0.004	0.004	0.003	0.006999999999999999	0.005	0.004	0.004	0.004	0.004	0.004	0.004	0.006	0.004	0.005	0.004	0.005	0.004	0.005	0.008	0.006999999999999999	0.008	0.006	0.005	0.006999999999999999	0.004	0.013999999999999999	0.017	0.017	0.022000000000000002	0.009000000000000001	0.011000000000000001	0.006999999999999999	0.011000000000000001
Thiorhodovibrio	0.006999999999999999	0.008	0.008	0.008	0.009000000000000001	0.006999999999999999	0.008	0.004	0.005	0.005	0.006999999999999999	0.009000000000000001	0.008	0.008	0.005	0.004	0.006	0.002	0.006	0.005	0.005	0.004	0.005	0.005	0.004	0.004	0.006	0.004	0.004	0.005	0.004	0.003	0.006999999999999999	0.008	0.006	0.008	0.006	0.006	0.006	0.005	0.013	0.015	0.013	0.013999999999999999	0.008	0.01	0.006	0.01
Casimicrobium	0.008	0.009000000000000001	0.006999999999999999	0.006999999999999999	0.006999999999999999	0.005	0.006999999999999999	0.002	0.005	0.005	0.006	0.01	0.006999999999999999	0.008	0.006	0.004	0.005	0.002	0.006	0.006	0.004	0.005	0.005	0.004	0.003	0.003	0.006999999999999999	0.004	0.004	0.005	0.004	0.003	0.006	0.006999999999999999	0.008	0.009000000000000001	0.006	0.005	0.005	0.006	0.016	0.013999999999999999	0.013	0.016	0.009000000000000001	0.011000000000000001	0.006	0.013
Zavarzinia	0.008	0.006999999999999999	0.006999999999999999	0.006	0.006	0.008	0.008	0.004	0.005	0.005	0.006	0.008	0.006999999999999999	0.006999999999999999	0.005	0.004	0.006	0.003	0.008	0.005	0.005	0.005	0.005	0.004	0.006	0.004	0.006999999999999999	0.004	0.005	0.005	0.004	0.004	0.006	0.009000000000000001	0.006999999999999999	0.006999999999999999	0.006	0.006	0.006	0.005	0.013	0.013999999999999999	0.013	0.013999999999999999	0.008	0.011000000000000001	0.006	0.011000000000000001
Phytopseudomonas	0.005	0.008	0.004	0.004	0.004	0.006	0.003	0.018000000000000002	0.021	0.008	0.016	0.008	0.01	0.009000000000000001	0.008	0.009000000000000001	0.004	0.003	0.003	0.005	0.01	0.003	0.01	0.003	0.034999999999999996	0.012	0.005	0.006	0.018000000000000002	0.003	0.003	0.002	0.003	0.004	0.003	0.003	0.003	0.003	0.003	0.003	0.004	0.005	0.005	0.005	0.003	0.004	0.002	0.004
Echinicola	0.011000000000000001	0.008	0.012	0.009000000000000001	0.01	0.01	0.011000000000000001	0.006999999999999999	0.005	0.004	0.01	0.009000000000000001	0.006	0.006999999999999999	0.006999999999999999	0.004	0.004	0.002	0.005	0.005	0.005	0.004	0.004	0.004	0.004	0.003	0.006	0.003	0.005	0.004	0.004	0.004	0.009000000000000001	0.005	0.01	0.01	0.006	0.009000000000000001	0.006999999999999999	0.006999999999999999	0.011000000000000001	0.012	0.006999999999999999	0.008	0.006999999999999999	0.005	0.005	0.008
Solilutibacter	0.011000000000000001	0.013999999999999999	0.008	0.009000000000000001	0.009000000000000001	0.01	0.011000000000000001	0.006999999999999999	0.005	0.004	0.005	0.009000000000000001	0.009000000000000001	0.006	0.006	0.004	0.009000000000000001	0.005	0.006999999999999999	0.006999999999999999	0.009000000000000001	0.005	0.006999999999999999	0.004	0.01	0.006999999999999999	0.006999999999999999	0.008	0.008	0.006999999999999999	0.004	0.005	0.004	0.005	0.004	0.005	0.005	0.003	0.004	0.004	0.008	0.009000000000000001	0.006	0.006999999999999999	0.005	0.006	0.003	0.006
Mycoplasma	0.004	0.009000000000000001	0.006999999999999999	0.005	0.009000000000000001	0.006999999999999999	0.006	0.027	0.008	0.009000000000000001	0.004	0.005	0.005	0.004	0.008	0.011000000000000001	0.003	0.005	0.008	0.004	0.005	0.006	0.003	0.004	0.006999999999999999	0.004	0.003	0.003	0.004	0.003	0.006	0.003	0.016	0.008	0.006	0.006	0.005	0.006	0.006999999999999999	0.011000000000000001	0.005	0.006999999999999999	0.011000000000000001	0.003	0.016	0.003	0.006999999999999999	0.004
Sulfuricystis	0.008	0.009000000000000001	0.006	0.006999999999999999	0.008	0.006	0.006	0.003	0.005	0.004	0.006	0.008	0.008	0.006999999999999999	0.005	0.004	0.004	0.002	0.005	0.006	0.004	0.004	0.005	0.004	0.003	0.003	0.006	0.004	0.003	0.005	0.003	0.003	0.005	0.006999999999999999	0.008	0.008	0.006	0.006	0.006	0.005	0.015	0.013999999999999999	0.017	0.019	0.008	0.012	0.006	0.013
Methyloceanibacter	0.009000000000000001	0.008	0.006999999999999999	0.006999999999999999	0.006	0.006999999999999999	0.006999999999999999	0.004	0.004	0.004	0.005	0.006999999999999999	0.006	0.006	0.005	0.003	0.004	0.003	0.006	0.005	0.005	0.004	0.005	0.004	0.005	0.004	0.006	0.004	0.005	0.005	0.004	0.003	0.005	0.008	0.006	0.006	0.005	0.005	0.005	0.004	0.016	0.013	0.015	0.017	0.01	0.017	0.006	0.013
Pelobacter	0.006999999999999999	0.006	0.004	0.006	0.005	0.006	0.005	0.001	0.002	0.002	0.003	0.005	0.005	0.004	0.003	0.002	0.004	0.001	0.003	0.004	0.002	0.004	0.003	0.003	0.002	0.002	0.005	0.002	0.003	0.002	0.002	0.001	0.005	0.006999999999999999	0.005	0.006	0.004	0.004	0.006	0.002	0.025	0.013999999999999999	0.024	0.048	0.015	0.008	0.003	0.033
Roseitalea	0.008	0.008	0.006	0.006	0.006	0.006	0.006999999999999999	0.004	0.004	0.005	0.006999999999999999	0.008	0.006999999999999999	0.008	0.005	0.004	0.006	0.005	0.006999999999999999	0.006	0.006999999999999999	0.005	0.006	0.004	0.006999999999999999	0.005	0.006	0.006	0.008	0.005	0.005	0.004	0.005	0.008	0.006999999999999999	0.006999999999999999	0.006	0.005	0.006	0.005	0.012	0.012	0.011000000000000001	0.011000000000000001	0.006999999999999999	0.01	0.005	0.009000000000000001
Annadreamyvirus	0.083	0.08800000000000001	0.013	0.004	0.02	0.013	0.024	0.011000000000000001	0.0	0.0	0.0	0.0	0.0	0.0	0.002	0.0	0.0	0.0	0.0	0.0	0.0	0.0	0.0	0.004	0.0	0.0	0.0	0.0	0.0	0.0	0.0	0.0	0.006999999999999999	0.0	0.0	0.0	0.009000000000000001	0.018000000000000002	0.02	0.0	0.0	0.0	0.0	0.0	0.0	0.0	0.0	0.0
Humitalea	0.006999999999999999	0.006999999999999999	0.006999999999999999	0.006	0.006999999999999999	0.006999999999999999	0.006999999999999999	0.004	0.004	0.006	0.006	0.006999999999999999	0.006999999999999999	0.006	0.005	0.004	0.005	0.004	0.006999999999999999	0.005	0.005	0.004	0.005	0.004	0.005	0.005	0.006999999999999999	0.004	0.006	0.004	0.004	0.003	0.006	0.008	0.006	0.006	0.006	0.005	0.006999999999999999	0.005	0.012	0.013999999999999999	0.012	0.013	0.009000000000000001	0.015	0.006	0.011000000000000001
Roseiflexus	0.006	0.008	0.006999999999999999	0.006999999999999999	0.006999999999999999	0.006999999999999999	0.006	0.004	0.006	0.004	0.006	0.006	0.008	0.006999999999999999	0.005	0.004	0.005	0.003	0.004	0.005	0.004	0.005	0.004	0.006	0.004	0.003	0.005	0.004	0.004	0.005	0.004	0.004	0.013	0.01	0.011000000000000001	0.012	0.01	0.009000000000000001	0.008	0.006999999999999999	0.01	0.006999999999999999	0.009000000000000001	0.009000000000000001	0.006999999999999999	0.012	0.004	0.009000000000000001
Billgrantia	0.008	0.009000000000000001	0.006	0.01	0.008	0.008	0.006999999999999999	0.004	0.006	0.005	0.008	0.006999999999999999	0.006999999999999999	0.008	0.006	0.004	0.004	0.004	0.006	0.006	0.005	0.005	0.005	0.005	0.006	0.004	0.006	0.004	0.006	0.006999999999999999	0.004	0.004	0.005	0.008	0.006	0.008	0.006	0.006	0.006	0.004	0.011000000000000001	0.011000000000000001	0.01	0.01	0.006	0.01	0.004	0.009000000000000001
Zhihengliuella	0.006	0.008	0.008	0.004	0.006999999999999999	0.005	0.006999999999999999	0.004	0.003	0.005	0.004	0.006999999999999999	0.006	0.008	0.006	0.002	0.006	0.005	0.006999999999999999	0.005	0.006	0.006	0.006	0.004	0.006999999999999999	0.005	0.008	0.006	0.008	0.005	0.004	0.004	0.006999999999999999	0.011000000000000001	0.006999999999999999	0.006999999999999999	0.006999999999999999	0.008	0.006999999999999999	0.006999999999999999	0.011000000000000001	0.009000000000000001	0.011000000000000001	0.009000000000000001	0.006999999999999999	0.011000000000000001	0.005	0.006
Paludibacterium	0.008	0.006999999999999999	0.009000000000000001	0.006999999999999999	0.006999999999999999	0.006999999999999999	0.008	0.004	0.004	0.006	0.008	0.008	0.006999999999999999	0.006999999999999999	0.005	0.004	0.005	0.003	0.006	0.005	0.005	0.005	0.005	0.004	0.005	0.005	0.006	0.004	0.004	0.005	0.004	0.004	0.005	0.008	0.006	0.006999999999999999	0.005	0.005	0.006	0.006	0.013	0.012	0.013	0.013	0.006999999999999999	0.009000000000000001	0.005	0.011000000000000001
Kaustia	0.009000000000000001	0.006999999999999999	0.006999999999999999	0.006	0.006999999999999999	0.006999999999999999	0.006999999999999999	0.004	0.004	0.004	0.006	0.006	0.006	0.006	0.005	0.003	0.005	0.004	0.006999999999999999	0.005	0.005	0.005	0.005	0.004	0.006	0.004	0.006999999999999999	0.005	0.005	0.005	0.004	0.004	0.004	0.008	0.008	0.006999999999999999	0.006	0.005	0.005	0.004	0.013	0.012	0.013999999999999999	0.012	0.009000000000000001	0.012	0.006	0.011000000000000001
Spiroplasma	0.006999999999999999	0.006999999999999999	0.006	0.008	0.008	0.008	0.008	0.02	0.006	0.008	0.005	0.006999999999999999	0.006	0.006	0.004	0.008	0.003	0.005	0.006999999999999999	0.004	0.005	0.004	0.003	0.006	0.004	0.003	0.003	0.003	0.005	0.004	0.005	0.004	0.008	0.011000000000000001	0.008	0.008	0.005	0.008	0.005	0.013999999999999999	0.006	0.006	0.008	0.004	0.013999999999999999	0.003	0.005	0.006
Lignipirellula	0.006999999999999999	0.009000000000000001	0.005	0.006	0.006999999999999999	0.006999999999999999	0.006999999999999999	0.002	0.005	0.003	0.005	0.006	0.006999999999999999	0.005	0.005	0.004	0.005	0.003	0.005	0.004	0.004	0.004	0.005	0.004	0.004	0.003	0.006999999999999999	0.004	0.006	0.005	0.005	0.003	0.005	0.008	0.006999999999999999	0.006	0.006	0.005	0.005	0.005	0.019	0.013	0.015	0.013	0.01	0.013	0.005	0.013
Salinispora	0.006	0.005	0.006999999999999999	0.005	0.003	0.006	0.006	0.004	0.003	0.003	0.004	0.008	0.006	0.006	0.005	0.002	0.008	0.005	0.006	0.008	0.009000000000000001	0.006999999999999999	0.006999999999999999	0.006999999999999999	0.006999999999999999	0.005	0.008	0.006999999999999999	0.008	0.006999999999999999	0.005	0.006	0.005	0.008	0.009000000000000001	0.006	0.008	0.01	0.008	0.006999999999999999	0.008	0.008	0.009000000000000001	0.009000000000000001	0.006999999999999999	0.006999999999999999	0.004	0.006
Chelativorans	0.006999999999999999	0.008	0.009000000000000001	0.006	0.008	0.006	0.006999999999999999	0.003	0.004	0.004	0.005	0.006999999999999999	0.006	0.006	0.005	0.003	0.006	0.004	0.005	0.006	0.006999999999999999	0.005	0.006	0.004	0.008	0.005	0.006999999999999999	0.006999999999999999	0.006999999999999999	0.005	0.005	0.004	0.006	0.008	0.008	0.006999999999999999	0.005	0.005	0.006	0.004	0.01	0.011000000000000001	0.01	0.011000000000000001	0.006	0.01	0.005	0.008
Rosistilla	0.008	0.006999999999999999	0.008	0.006	0.006	0.006999999999999999	0.009000000000000001	0.003	0.004	0.003	0.006	0.006999999999999999	0.006999999999999999	0.005	0.004	0.003	0.005	0.002	0.006	0.005	0.005	0.004	0.006	0.005	0.005	0.003	0.006	0.005	0.006	0.006	0.004	0.003	0.006	0.006999999999999999	0.006	0.006	0.006	0.004	0.005	0.004	0.018000000000000002	0.012	0.013	0.013	0.008	0.012	0.005	0.011000000000000001
Gluconobacter	0.006999999999999999	0.006999999999999999	0.006999999999999999	0.005	0.006	0.006	0.008	0.004	0.004	0.005	0.006	0.009000000000000001	0.006999999999999999	0.006999999999999999	0.005	0.004	0.005	0.004	0.008	0.005	0.005	0.003	0.005	0.003	0.005	0.004	0.006999999999999999	0.004	0.005	0.004	0.004	0.004	0.006	0.008	0.006	0.006999999999999999	0.005	0.005	0.006999999999999999	0.004	0.012	0.013999999999999999	0.012	0.013999999999999999	0.006999999999999999	0.01	0.006	0.01
Synoicihabitans	0.01	0.008	0.008	0.009000000000000001	0.009000000000000001	0.006999999999999999	0.012	0.005	0.004	0.004	0.01	0.006999999999999999	0.006999999999999999	0.006999999999999999	0.005	0.004	0.005	0.002	0.006	0.005	0.005	0.004	0.005	0.004	0.004	0.003	0.005	0.004	0.004	0.004	0.004	0.003	0.006	0.006	0.006999999999999999	0.008	0.006	0.005	0.006	0.003	0.013	0.013	0.011000000000000001	0.011000000000000001	0.005	0.006	0.005	0.011000000000000001
Natronomonas	0.008	0.006999999999999999	0.006999999999999999	0.006	0.006	0.006999999999999999	0.006999999999999999	0.004	0.004	0.004	0.005	0.006999999999999999	0.006999999999999999	0.006999999999999999	0.006	0.003	0.006	0.005	0.006	0.006	0.006	0.005	0.006	0.005	0.006	0.005	0.006	0.006	0.005	0.005	0.005	0.004	0.006	0.009000000000000001	0.009000000000000001	0.006999999999999999	0.006999999999999999	0.006	0.006	0.006	0.009000000000000001	0.009000000000000001	0.01	0.008	0.008	0.009000000000000001	0.005	0.008
Mycetohabitans	0.006999999999999999	0.006999999999999999	0.008	0.006999999999999999	0.008	0.008	0.008	0.003	0.004	0.005	0.008	0.01	0.008	0.008	0.005	0.004	0.005	0.004	0.006999999999999999	0.005	0.004	0.004	0.004	0.004	0.005	0.004	0.006	0.004	0.004	0.004	0.004	0.003	0.006	0.006999999999999999	0.006999999999999999	0.006999999999999999	0.006	0.005	0.006	0.005	0.011000000000000001	0.012	0.011000000000000001	0.012	0.006999999999999999	0.009000000000000001	0.005	0.009000000000000001
Marinobacterium	0.006	0.008	0.006999999999999999	0.006999999999999999	0.006999999999999999	0.006999999999999999	0.006999999999999999	0.003	0.004	0.005	0.006999999999999999	0.008	0.008	0.006999999999999999	0.004	0.004	0.005	0.003	0.006999999999999999	0.006	0.005	0.005	0.006	0.004	0.005	0.004	0.006	0.004	0.005	0.005	0.005	0.004	0.008	0.006999999999999999	0.006	0.006999999999999999	0.005	0.005	0.006	0.005	0.011000000000000001	0.012	0.011000000000000001	0.012	0.006999999999999999	0.009000000000000001	0.005	0.01
Parapusillimonas	0.006999999999999999	0.006999999999999999	0.006999999999999999	0.006999999999999999	0.008	0.006	0.008	0.003	0.006	0.005	0.006999999999999999	0.008	0.006	0.006999999999999999	0.005	0.003	0.006	0.002	0.005	0.006999999999999999	0.004	0.005	0.005	0.003	0.003	0.003	0.006	0.004	0.004	0.004	0.004	0.004	0.004	0.006	0.009000000000000001	0.008	0.006	0.006999999999999999	0.006	0.005	0.012	0.012	0.012	0.015	0.006	0.009000000000000001	0.004	0.012
Jiella	0.006999999999999999	0.008	0.006999999999999999	0.006	0.006999999999999999	0.006999999999999999	0.006	0.005	0.004	0.004	0.006	0.008	0.006999999999999999	0.006	0.005	0.003	0.006	0.003	0.005	0.005	0.006	0.005	0.006	0.004	0.006999999999999999	0.004	0.006999999999999999	0.006	0.006999999999999999	0.005	0.005	0.004	0.005	0.006999999999999999	0.006	0.006	0.006	0.005	0.005	0.004	0.011000000000000001	0.011000000000000001	0.012	0.012	0.008	0.009000000000000001	0.005	0.009000000000000001
Cryptococcus	0.004	0.006	0.008	0.006	0.006	0.006	0.006999999999999999	0.009000000000000001	0.004	0.006	0.005	0.006999999999999999	0.006999999999999999	0.006999999999999999	0.006	0.003	0.004	0.005	0.006	0.006	0.004	0.005	0.003	0.005	0.005	0.004	0.005	0.004	0.004	0.004	0.004	0.006	0.011000000000000001	0.012	0.009000000000000001	0.01	0.009000000000000001	0.009000000000000001	0.011000000000000001	0.009000000000000001	0.006999999999999999	0.008	0.008	0.006999999999999999	0.008	0.004	0.004	0.005
Williamsia	0.006	0.006	0.008	0.005	0.009000000000000001	0.006999999999999999	0.006	0.005	0.003	0.004	0.005	0.006999999999999999	0.006999999999999999	0.006	0.005	0.003	0.006999999999999999	0.005	0.005	0.006	0.006	0.006	0.005	0.005	0.006999999999999999	0.006	0.006	0.006	0.009000000000000001	0.005	0.005	0.004	0.006	0.006999999999999999	0.006	0.006999999999999999	0.006999999999999999	0.006	0.006999999999999999	0.006	0.009000000000000001	0.006999999999999999	0.01	0.008	0.006999999999999999	0.009000000000000001	0.006999999999999999	0.006999999999999999
Novosphingopyxis	0.006999999999999999	0.008	0.008	0.006	0.006999999999999999	0.006999999999999999	0.011000000000000001	0.004	0.004	0.004	0.006	0.008	0.009000000000000001	0.008	0.006999999999999999	0.004	0.006	0.003	0.006999999999999999	0.006	0.005	0.005	0.006	0.005	0.006999999999999999	0.005	0.006	0.006	0.004	0.006	0.005	0.004	0.006	0.006999999999999999	0.006	0.006999999999999999	0.006	0.005	0.005	0.004	0.009000000000000001	0.009000000000000001	0.008	0.009000000000000001	0.006	0.006999999999999999	0.004	0.008
Malassezia	0.006	0.005	0.006999999999999999	0.013999999999999999	0.006	0.006999999999999999	0.008	0.005	0.004	0.006	0.006	0.005	0.006	0.006999999999999999	0.006999999999999999	0.003	0.004	0.005	0.005	0.005	0.005	0.004	0.004	0.004	0.005	0.003	0.005	0.004	0.005	0.004	0.004	0.006	0.013	0.01	0.01	0.008	0.008	0.006999999999999999	0.012	0.008	0.006999999999999999	0.006999999999999999	0.008	0.006999999999999999	0.005	0.005	0.004	0.005
Caenibius	0.006999999999999999	0.008	0.009000000000000001	0.005	0.008	0.006999999999999999	0.008	0.004	0.004	0.005	0.006999999999999999	0.006999999999999999	0.006999999999999999	0.006999999999999999	0.005	0.005	0.006	0.005	0.006999999999999999	0.006	0.006999999999999999	0.005	0.006999999999999999	0.005	0.01	0.006	0.006	0.006999999999999999	0.005	0.006	0.005	0.004	0.005	0.006	0.004	0.006	0.005	0.004	0.005	0.003	0.006999999999999999	0.009000000000000001	0.008	0.008	0.006999999999999999	0.008	0.004	0.008
Bremerella	0.008	0.008	0.005	0.006999999999999999	0.006999999999999999	0.006999999999999999	0.006	0.003	0.004	0.003	0.005	0.006	0.006	0.005	0.004	0.003	0.006	0.003	0.004	0.005	0.005	0.004	0.006	0.004	0.004	0.003	0.006	0.004	0.006	0.005	0.005	0.003	0.004	0.006999999999999999	0.006999999999999999	0.006	0.006	0.005	0.005	0.004	0.017	0.013	0.013999999999999999	0.012	0.008	0.012	0.005	0.012
Ferrigenium	0.006	0.006	0.006	0.006	0.006	0.006	0.005	0.002	0.003	0.004	0.005	0.006	0.005	0.005	0.004	0.003	0.003	0.002	0.004	0.004	0.004	0.003	0.004	0.003	0.003	0.002	0.004	0.003	0.003	0.003	0.003	0.002	0.004	0.006	0.005	0.005	0.004	0.005	0.004	0.004	0.013999999999999999	0.021	0.02	0.042	0.009000000000000001	0.009000000000000001	0.004	0.013
Allobranchiibius	0.006999999999999999	0.006	0.006	0.006	0.004	0.006999999999999999	0.006	0.004	0.003	0.003	0.004	0.006999999999999999	0.006	0.006999999999999999	0.005	0.003	0.006999999999999999	0.006999999999999999	0.006999999999999999	0.005	0.006999999999999999	0.005	0.006	0.005	0.006999999999999999	0.004	0.006	0.006999999999999999	0.006999999999999999	0.005	0.005	0.004	0.005	0.009000000000000001	0.006999999999999999	0.006	0.006	0.008	0.006999999999999999	0.005	0.008	0.009000000000000001	0.01	0.009000000000000001	0.006999999999999999	0.01	0.005	0.006999999999999999
Pararobbsia	0.006	0.006999999999999999	0.009000000000000001	0.006999999999999999	0.009000000000000001	0.006	0.008	0.003	0.004	0.006	0.008	0.01	0.006999999999999999	0.008	0.006	0.005	0.004	0.003	0.006	0.005	0.004	0.004	0.004	0.003	0.004	0.004	0.005	0.003	0.005	0.004	0.004	0.003	0.005	0.006999999999999999	0.006999999999999999	0.006	0.005	0.005	0.006	0.005	0.01	0.011000000000000001	0.01	0.013999999999999999	0.006	0.008	0.005	0.012
Pseudoblastomonas	0.008	0.008	0.008	0.006	0.008	0.008	0.01	0.005	0.004	0.004	0.006	0.006999999999999999	0.008	0.008	0.006	0.003	0.006	0.004	0.005	0.006	0.006	0.005	0.006	0.005	0.01	0.005	0.006	0.006	0.005	0.006	0.006	0.004	0.005	0.005	0.005	0.006999999999999999	0.005	0.004	0.005	0.004	0.008	0.009000000000000001	0.008	0.008	0.006	0.008	0.003	0.006999999999999999
Cyanobium	0.009000000000000001	0.006999999999999999	0.009000000000000001	0.006	0.008	0.006	0.006999999999999999	0.004	0.003	0.003	0.005	0.006999999999999999	0.006999999999999999	0.006	0.005	0.003	0.006	0.003	0.005	0.005	0.005	0.005	0.005	0.004	0.004	0.004	0.006	0.005	0.006	0.005	0.004	0.004	0.006999999999999999	0.008	0.006999999999999999	0.006999999999999999	0.006	0.006	0.006999999999999999	0.006	0.01	0.009000000000000001	0.011000000000000001	0.01	0.006999999999999999	0.008	0.005	0.009000000000000001
Aquabacter	0.006	0.006	0.006	0.005	0.005	0.006	0.006999999999999999	0.004	0.004	0.004	0.005	0.006999999999999999	0.006	0.006999999999999999	0.005	0.003	0.005	0.004	0.006	0.005	0.005	0.004	0.005	0.004	0.006	0.004	0.006999999999999999	0.005	0.005	0.004	0.004	0.004	0.004	0.008	0.006	0.006	0.006	0.005	0.005	0.004	0.012	0.012	0.013	0.012	0.008	0.011000000000000001	0.006	0.011000000000000001
Persicimonas	0.008	0.006999999999999999	0.006	0.008	0.009000000000000001	0.006999999999999999	0.006999999999999999	0.004	0.004	0.004	0.006999999999999999	0.006999999999999999	0.006	0.006	0.005	0.004	0.006	0.003	0.005	0.005	0.005	0.005	0.006	0.004	0.005	0.003	0.005	0.004	0.005	0.005	0.003	0.003	0.006	0.008	0.006	0.006999999999999999	0.006999999999999999	0.006	0.006	0.006	0.011000000000000001	0.01	0.01	0.01	0.006	0.006999999999999999	0.005	0.009000000000000001
Elizabethkingia	0.008	0.011000000000000001	0.009000000000000001	0.006999999999999999	0.013	0.006999999999999999	0.008	0.009000000000000001	0.003	0.003	0.006	0.006999999999999999	0.005	0.005	0.008	0.005	0.003	0.002	0.005	0.005	0.004	0.004	0.004	0.005	0.004	0.004	0.004	0.003	0.004	0.004	0.003	0.005	0.006999999999999999	0.006	0.008	0.006999999999999999	0.005	0.009000000000000001	0.006999999999999999	0.008	0.008	0.006999999999999999	0.005	0.006	0.013	0.006999999999999999	0.004	0.006
Ereboglobus	0.009000000000000001	0.008	0.006999999999999999	0.008	0.009000000000000001	0.006999999999999999	0.01	0.005	0.005	0.004	0.008	0.006	0.006999999999999999	0.006	0.005	0.004	0.004	0.001	0.005	0.005	0.004	0.003	0.004	0.003	0.003	0.002	0.004	0.003	0.004	0.004	0.003	0.003	0.005	0.005	0.005	0.006	0.005	0.005	0.006	0.004	0.015	0.013999999999999999	0.013	0.013999999999999999	0.005	0.006	0.006	0.012
Pseudogemmatithrix	0.01	0.008	0.008	0.008	0.008	0.006999999999999999	0.006999999999999999	0.003	0.003	0.004	0.005	0.006	0.006999999999999999	0.006999999999999999	0.004	0.003	0.005	0.002	0.004	0.004	0.004	0.004	0.005	0.004	0.004	0.003	0.005	0.004	0.005	0.004	0.005	0.003	0.005	0.009000000000000001	0.006	0.006	0.006	0.004	0.005	0.003	0.013999999999999999	0.01	0.011000000000000001	0.01	0.008	0.013	0.004	0.011000000000000001
Sphingosinithalassobacter	0.008	0.006999999999999999	0.006999999999999999	0.006	0.006	0.006999999999999999	0.006	0.004	0.004	0.004	0.006999999999999999	0.006999999999999999	0.006999999999999999	0.006999999999999999	0.005	0.003	0.006	0.004	0.006	0.006	0.006	0.005	0.006	0.005	0.008	0.005	0.006999999999999999	0.006	0.005	0.006	0.005	0.005	0.005	0.006999999999999999	0.006	0.008	0.006	0.005	0.006	0.004	0.006999999999999999	0.006999999999999999	0.008	0.008	0.006999999999999999	0.006999999999999999	0.004	0.006999999999999999
Robbsia	0.006999999999999999	0.006999999999999999	0.006	0.006999999999999999	0.006999999999999999	0.006999999999999999	0.006999999999999999	0.003	0.004	0.006	0.006999999999999999	0.009000000000000001	0.008	0.006	0.006	0.004	0.004	0.003	0.006	0.005	0.004	0.004	0.004	0.004	0.005	0.003	0.005	0.003	0.004	0.004	0.004	0.003	0.005	0.006999999999999999	0.008	0.008	0.005	0.005	0.006	0.005	0.011000000000000001	0.011000000000000001	0.011000000000000001	0.012	0.006	0.008	0.005	0.009000000000000001
Candidatus Korobacter	0.005	0.006999999999999999	0.005	0.004	0.005	0.006	0.008	0.002	0.003	0.004	0.004	0.006	0.005	0.006	0.002	0.004	0.003	0.002	0.006	0.003	0.002	0.002	0.003	0.002	0.002	0.002	0.004	0.002	0.002	0.002	0.002	0.001	0.003	0.015	0.003	0.004	0.004	0.003	0.004	0.003	0.016	0.018000000000000002	0.027	0.024	0.008	0.012	0.009000000000000001	0.016
Tepidicaulis	0.006	0.008	0.006	0.006	0.006	0.004	0.01	0.003	0.003	0.005	0.005	0.009000000000000001	0.006	0.006999999999999999	0.004	0.003	0.004	0.002	0.008	0.004	0.004	0.004	0.005	0.003	0.005	0.004	0.006	0.004	0.004	0.004	0.003	0.003	0.004	0.006999999999999999	0.006	0.006999999999999999	0.004	0.004	0.006	0.004	0.013	0.015	0.012	0.016	0.006	0.009000000000000001	0.004	0.009000000000000001
Halomicrobium	0.006999999999999999	0.006	0.008	0.006	0.006999999999999999	0.006999999999999999	0.006	0.004	0.004	0.004	0.005	0.006	0.006	0.006999999999999999	0.006	0.003	0.006	0.004	0.005	0.005	0.005	0.005	0.005	0.005	0.005	0.004	0.005	0.005	0.005	0.005	0.005	0.004	0.006999999999999999	0.008	0.006	0.006	0.006	0.006	0.006	0.006	0.009000000000000001	0.009000000000000001	0.009000000000000001	0.008	0.006999999999999999	0.009000000000000001	0.004	0.006999999999999999
Sulfurivermis	0.011000000000000001	0.006999999999999999	0.006	0.005	0.005	0.004	0.006	0.004	0.004	0.004	0.005	0.008	0.006999999999999999	0.006	0.004	0.003	0.005	0.002	0.005	0.006	0.004	0.006	0.005	0.003	0.002	0.004	0.004	0.003	0.003	0.008	0.003	0.002	0.008	0.005	0.006	0.009000000000000001	0.006999999999999999	0.006	0.005	0.005	0.01	0.013999999999999999	0.015	0.012	0.006999999999999999	0.006	0.005	0.009000000000000001
Saltatorellus	0.009000000000000001	0.006999999999999999	0.006	0.006999999999999999	0.006999999999999999	0.006	0.006	0.003	0.004	0.004	0.006	0.006999999999999999	0.008	0.006	0.004	0.003	0.005	0.002	0.005	0.005	0.004	0.004	0.004	0.004	0.004	0.003	0.005	0.003	0.004	0.004	0.005	0.003	0.006	0.008	0.006999999999999999	0.006	0.006	0.005	0.005	0.006	0.013999999999999999	0.009000000000000001	0.011000000000000001	0.01	0.006999999999999999	0.009000000000000001	0.005	0.01
Buchnera	0.006	0.006	0.006999999999999999	0.006	0.006999999999999999	0.006999999999999999	0.006999999999999999	0.019	0.005	0.006999999999999999	0.005	0.006999999999999999	0.006	0.005	0.005	0.006999999999999999	0.003	0.004	0.006	0.003	0.004	0.004	0.002	0.004	0.003	0.003	0.003	0.003	0.003	0.004	0.005	0.003	0.01	0.01	0.006	0.006999999999999999	0.005	0.008	0.005	0.013	0.006999999999999999	0.004	0.008	0.005	0.012	0.003	0.004	0.005
Oceanicaulis	0.006	0.009000000000000001	0.006999999999999999	0.006	0.006	0.005	0.006999999999999999	0.004	0.003	0.005	0.005	0.006999999999999999	0.006999999999999999	0.006	0.004	0.003	0.005	0.003	0.006	0.005	0.004	0.004	0.005	0.004	0.005	0.004	0.006	0.004	0.005	0.004	0.004	0.003	0.005	0.006	0.006	0.006	0.006	0.005	0.006	0.004	0.011000000000000001	0.013	0.011000000000000001	0.012	0.006999999999999999	0.008	0.005	0.009000000000000001
Geotalea	0.006	0.006	0.005	0.004	0.004	0.005	0.006999999999999999	0.002	0.003	0.003	0.004	0.005	0.006	0.005	0.003	0.003	0.004	0.002	0.003	0.003	0.002	0.003	0.004	0.003	0.003	0.003	0.004	0.003	0.003	0.003	0.003	0.002	0.004	0.006999999999999999	0.005	0.005	0.004	0.004	0.005	0.003	0.015	0.013	0.02	0.029	0.009000000000000001	0.009000000000000001	0.004	0.025
Fulvivirga	0.011000000000000001	0.009000000000000001	0.012	0.012	0.012	0.01	0.01	0.008	0.003	0.003	0.009000000000000001	0.006999999999999999	0.006	0.004	0.006	0.004	0.003	0.001	0.003	0.004	0.003	0.003	0.003	0.003	0.003	0.002	0.004	0.003	0.003	0.003	0.003	0.002	0.009000000000000001	0.004	0.009000000000000001	0.008	0.005	0.008	0.006	0.006	0.01	0.009000000000000001	0.005	0.008	0.006	0.004	0.003	0.008
Candidatus Rariloculus ( ex Nguyen 2022)	0.008	0.008	0.006999999999999999	0.006999999999999999	0.008	0.005	0.005	0.002	0.004	0.003	0.006	0.008	0.008	0.006999999999999999	0.005	0.004	0.005	0.002	0.005	0.006	0.004	0.005	0.005	0.004	0.003	0.004	0.005	0.003	0.004	0.006	0.004	0.003	0.005	0.006	0.006999999999999999	0.006999999999999999	0.005	0.005	0.005	0.004	0.013	0.01	0.009000000000000001	0.01	0.006	0.01	0.005	0.009000000000000001
Labrenzia	0.006	0.006999999999999999	0.006	0.006	0.006999999999999999	0.006	0.006999999999999999	0.004	0.004	0.004	0.005	0.008	0.006	0.006	0.003	0.004	0.005	0.003	0.006	0.005	0.005	0.004	0.006	0.004	0.005	0.004	0.005	0.005	0.006999999999999999	0.004	0.003	0.003	0.006	0.005	0.006	0.006	0.005	0.004	0.006999999999999999	0.004	0.009000000000000001	0.011000000000000001	0.011000000000000001	0.011000000000000001	0.006999999999999999	0.009000000000000001	0.005	0.01
Salinisphaera	0.006999999999999999	0.006999999999999999	0.006	0.005	0.008	0.005	0.006	0.003	0.004	0.004	0.006	0.008	0.006999999999999999	0.006999999999999999	0.005	0.005	0.005	0.003	0.006	0.005	0.005	0.004	0.005	0.004	0.004	0.003	0.006	0.004	0.005	0.005	0.004	0.003	0.005	0.006999999999999999	0.006999999999999999	0.009000000000000001	0.005	0.005	0.005	0.004	0.009000000000000001	0.011000000000000001	0.01	0.01	0.006	0.008	0.005	0.009000000000000001
Ciceribacter	0.006	0.005	0.006999999999999999	0.004	0.005	0.006999999999999999	0.006	0.005	0.004	0.004	0.004	0.005	0.006	0.006	0.003	0.003	0.004	0.003	0.004	0.004	0.006	0.004	0.005	0.004	0.01	0.004	0.006	0.006	0.006	0.004	0.004	0.003	0.004	0.006	0.003	0.005	0.004	0.005	0.005	0.003	0.019	0.008	0.006	0.006999999999999999	0.008	0.009000000000000001	0.015	0.015
Planctomicrobium	0.006999999999999999	0.006999999999999999	0.005	0.006	0.006999999999999999	0.005	0.006	0.003	0.003	0.004	0.005	0.006999999999999999	0.005	0.005	0.003	0.003	0.005	0.002	0.005	0.004	0.004	0.004	0.005	0.004	0.004	0.003	0.005	0.004	0.005	0.005	0.004	0.002	0.003	0.006999999999999999	0.006	0.006999999999999999	0.005	0.003	0.005	0.004	0.016	0.013	0.013999999999999999	0.013	0.008	0.012	0.004	0.012
Haloferax	0.006999999999999999	0.006999999999999999	0.006	0.005	0.006	0.006	0.006999999999999999	0.004	0.004	0.004	0.005	0.006	0.006	0.006	0.005	0.003	0.005	0.004	0.005	0.006	0.005	0.005	0.005	0.004	0.005	0.005	0.005	0.005	0.006	0.005	0.005	0.004	0.006	0.008	0.006999999999999999	0.006999999999999999	0.006	0.005	0.006	0.006	0.01	0.008	0.01	0.008	0.006	0.008	0.004	0.006999999999999999
Algiphilus	0.006999999999999999	0.006	0.006999999999999999	0.006	0.006999999999999999	0.005	0.006	0.003	0.004	0.003	0.006	0.008	0.009000000000000001	0.006999999999999999	0.004	0.003	0.005	0.002	0.006	0.006	0.005	0.004	0.006	0.004	0.004	0.003	0.006	0.003	0.004	0.005	0.004	0.003	0.005	0.006999999999999999	0.006999999999999999	0.008	0.005	0.005	0.005	0.005	0.011000000000000001	0.011000000000000001	0.01	0.011000000000000001	0.006	0.006999999999999999	0.005	0.009000000000000001
Wenzhouxiangella	0.006999999999999999	0.006999999999999999	0.006999999999999999	0.006	0.008	0.006	0.006	0.004	0.005	0.004	0.005	0.009000000000000001	0.008	0.006999999999999999	0.005	0.003	0.005	0.002	0.005	0.006	0.005	0.004	0.005	0.004	0.004	0.004	0.006	0.004	0.005	0.005	0.003	0.003	0.006	0.008	0.006999999999999999	0.006999999999999999	0.005	0.005	0.004	0.004	0.009000000000000001	0.01	0.01	0.01	0.006	0.008	0.004	0.008
Karimacvirus	0.032	0.145	0.003	0.004	0.002	0.055	0.009000000000000001	0.021	0.0	0.0	0.0	0.0	0.0	0.0	0.0	0.0	0.0	0.0	0.0	0.0	0.0	0.0	0.0	0.0	0.0	0.0	0.0	0.0	0.0	0.0	0.0	0.0	0.001	0.001	0.0	0.0	0.001	0.001	0.001	0.002	0.0	0.0	0.0	0.0	0.0	0.0	0.0	0.0
Spiribacter	0.006999999999999999	0.009000000000000001	0.006999999999999999	0.006	0.008	0.006	0.006	0.004	0.004	0.004	0.005	0.008	0.006999999999999999	0.006	0.004	0.004	0.005	0.002	0.005	0.006	0.004	0.004	0.005	0.004	0.003	0.003	0.005	0.004	0.004	0.005	0.004	0.003	0.005	0.006999999999999999	0.008	0.006999999999999999	0.005	0.006	0.005	0.005	0.01	0.01	0.01	0.01	0.006	0.008	0.005	0.009000000000000001
Yoonia	0.006	0.006999999999999999	0.006	0.005	0.006	0.005	0.008	0.004	0.004	0.004	0.006	0.008	0.006	0.006	0.005	0.003	0.004	0.003	0.006	0.005	0.005	0.004	0.005	0.004	0.005	0.004	0.006	0.005	0.006	0.004	0.004	0.003	0.005	0.006	0.006	0.006	0.006	0.004	0.005	0.004	0.011000000000000001	0.011000000000000001	0.009000000000000001	0.013	0.006	0.008	0.004	0.009000000000000001
Shigella	0.021	0.0	0.008	0.006999999999999999	0.004	0.0	0.015	0.01	0.002	0.0	0.006999999999999999	0.009000000000000001	0.008	0.008	0.0	0.004	0.002	0.0	0.003	0.005	0.002	0.0	0.0	0.004	0.005	0.0	0.005	0.003	0.005	0.003	0.0	0.005	0.005	0.026	0.003	0.011000000000000001	0.01	0.009000000000000001	0.006	0.0	0.006999999999999999	0.004	0.016	0.008	0.008	0.006	0.003	0.008
Gilsonvirus	0.066	0.07100000000000001	0.008	0.003	0.026	0.009000000000000001	0.018000000000000002	0.008	0.0	0.001	0.0	0.0	0.0	0.0	0.013999999999999999	0.0	0.0	0.0	0.0	0.0	0.0	0.0	0.0	0.016	0.0	0.0	0.0	0.0	0.0	0.0	0.0	0.0	0.004	0.0	0.0	0.0	0.006	0.012	0.013	0.0	0.0	0.0	0.0	0.0	0.0	0.0	0.0	0.0
Allosaccharopolyspora	0.005	0.006	0.005	0.005	0.003	0.005	0.005	0.003	0.003	0.003	0.004	0.005	0.005	0.005	0.004	0.002	0.008	0.005	0.004	0.009000000000000001	0.006	0.006999999999999999	0.006	0.008	0.006999999999999999	0.005	0.006	0.005	0.008	0.006999999999999999	0.005	0.006999999999999999	0.006	0.008	0.006	0.005	0.006	0.006	0.005	0.006999999999999999	0.008	0.006	0.008	0.008	0.006	0.008	0.004	0.006
Allochromatium	0.009000000000000001	0.006999999999999999	0.008	0.006999999999999999	0.006999999999999999	0.006	0.006	0.004	0.004	0.003	0.006	0.008	0.006999999999999999	0.006	0.005	0.004	0.005	0.003	0.005	0.005	0.004	0.004	0.005	0.004	0.004	0.003	0.005	0.004	0.004	0.005	0.003	0.002	0.004	0.006999999999999999	0.006999999999999999	0.006999999999999999	0.006	0.005	0.005	0.004	0.01	0.01	0.009000000000000001	0.01	0.006	0.009000000000000001	0.004	0.009000000000000001
Sideroxyarcus	0.003	0.003	0.002	0.002	0.003	0.003	0.001	0.001	0.002	0.001	0.002	0.003	0.002	0.002	0.002	0.001	0.002	0.001	0.002	0.002	0.001	0.001	0.001	0.001	0.001	0.001	0.002	0.001	0.002	0.001	0.001	0.001	0.002	0.002	0.002	0.003	0.001	0.002	0.001	0.002	0.01	0.027999999999999997	0.034999999999999996	0.096	0.013	0.005	0.003	0.015
Maioricimonas	0.008	0.006	0.006	0.006	0.006999999999999999	0.006	0.005	0.002	0.004	0.003	0.005	0.005	0.006	0.005	0.003	0.002	0.005	0.002	0.005	0.004	0.004	0.003	0.004	0.003	0.004	0.003	0.006	0.004	0.005	0.005	0.005	0.003	0.004	0.006999999999999999	0.006	0.006	0.005	0.005	0.006	0.004	0.015	0.011000000000000001	0.013999999999999999	0.011000000000000001	0.009000000000000001	0.011000000000000001	0.004	0.011000000000000001
Ahniella	0.01	0.01	0.008	0.006	0.01	0.006	0.006999999999999999	0.004	0.004	0.006	0.006	0.011000000000000001	0.009000000000000001	0.006999999999999999	0.005	0.005	0.004	0.003	0.006999999999999999	0.004	0.005	0.004	0.004	0.003	0.003	0.003	0.006	0.003	0.003	0.004	0.003	0.003	0.004	0.006999999999999999	0.005	0.005	0.004	0.004	0.004	0.003	0.008	0.011000000000000001	0.008	0.009000000000000001	0.006	0.006	0.005	0.008
Akkermansia	0.006999999999999999	0.006	0.006999999999999999	0.006	0.006	0.006999999999999999	0.006999999999999999	0.004	0.004	0.004	0.006999999999999999	0.006	0.006	0.005	0.004	0.003	0.005	0.002	0.005	0.004	0.004	0.004	0.004	0.003	0.004	0.003	0.005	0.004	0.005	0.006	0.004	0.003	0.006	0.006	0.005	0.006999999999999999	0.005	0.004	0.005	0.004	0.012	0.012	0.011000000000000001	0.013	0.006	0.008	0.004	0.01
Thermaerobacter	0.006999999999999999	0.006	0.006	0.005	0.006999999999999999	0.005	0.005	0.003	0.003	0.004	0.005	0.006	0.005	0.006	0.005	0.003	0.005	0.003	0.005	0.005	0.005	0.005	0.005	0.004	0.005	0.004	0.005	0.005	0.005	0.004	0.004	0.003	0.006	0.009000000000000001	0.006	0.006	0.006	0.005	0.006	0.006	0.011000000000000001	0.009000000000000001	0.011000000000000001	0.008	0.006999999999999999	0.009000000000000001	0.005	0.008
Gordonibacter	0.006999999999999999	0.005	0.005	0.008	0.006	0.006	0.006	0.004	0.003	0.004	0.006	0.006	0.005	0.005	0.005	0.003	0.004	0.003	0.004	0.004	0.005	0.004	0.004	0.003	0.004	0.003	0.005	0.004	0.005	0.004	0.004	0.003	0.004	0.008	0.006999999999999999	0.005	0.005	0.006	0.004	0.006	0.013999999999999999	0.009000000000000001	0.011000000000000001	0.011000000000000001	0.006999999999999999	0.01	0.005	0.011000000000000001
Nitrosomonas	0.006	0.009000000000000001	0.005	0.006	0.01	0.004	0.009000000000000001	0.002	0.003	0.003	0.005	0.006	0.005	0.004	0.003	0.004	0.005	0.005	0.005	0.005	0.006	0.004	0.005	0.003	0.005	0.003	0.005	0.006	0.008	0.005	0.004	0.003	0.003	0.006	0.006	0.005	0.003	0.004	0.004	0.003	0.01	0.011000000000000001	0.011000000000000001	0.013	0.006999999999999999	0.009000000000000001	0.004	0.009000000000000001
Winogradskyella	0.008	0.009000000000000001	0.01	0.006999999999999999	0.009000000000000001	0.009000000000000001	0.01	0.009000000000000001	0.005	0.004	0.006	0.006	0.005	0.005	0.005	0.005	0.003	0.003	0.004	0.004	0.005	0.003	0.003	0.004	0.004	0.004	0.004	0.004	0.004	0.004	0.004	0.003	0.006999999999999999	0.005	0.006999999999999999	0.006999999999999999	0.006	0.006	0.005	0.006	0.008	0.006	0.006	0.006999999999999999	0.006999999999999999	0.004	0.004	0.006
Leptolyngbya	0.006	0.008	0.008	0.006	0.008	0.006999999999999999	0.006	0.01	0.004	0.004	0.006	0.006	0.006999999999999999	0.006	0.004	0.003	0.004	0.003	0.004	0.004	0.005	0.004	0.005	0.003	0.004	0.003	0.005	0.003	0.005	0.004	0.004	0.003	0.005	0.008	0.006	0.006	0.006	0.005	0.006999999999999999	0.005	0.01	0.008	0.009000000000000001	0.006999999999999999	0.006	0.006999999999999999	0.004	0.006999999999999999
Alteromonas	0.006999999999999999	0.008	0.01	0.006999999999999999	0.011000000000000001	0.005	0.008	0.005	0.004	0.005	0.005	0.006999999999999999	0.006999999999999999	0.005	0.005	0.005	0.004	0.003	0.005	0.004	0.004	0.005	0.004	0.004	0.004	0.003	0.004	0.004	0.004	0.004	0.003	0.003	0.005	0.006	0.006999999999999999	0.006999999999999999	0.005	0.004	0.004	0.005	0.006999999999999999	0.009000000000000001	0.008	0.009000000000000001	0.006	0.006999999999999999	0.004	0.009000000000000001
Dermabacter	0.006	0.003	0.005	0.008	0.005	0.005	0.01	0.002	0.002	0.004	0.004	0.006	0.005	0.006999999999999999	0.004	0.003	0.005	0.003	0.004	0.004	0.005	0.003	0.004	0.003	0.005	0.003	0.005	0.004	0.004	0.004	0.004	0.003	0.006	0.008	0.009000000000000001	0.006	0.006	0.008	0.006	0.005	0.01	0.011000000000000001	0.01	0.011000000000000001	0.006	0.01	0.005	0.008
Sediminicurvatus	0.006999999999999999	0.006	0.006	0.006	0.006999999999999999	0.006	0.005	0.003	0.004	0.003	0.006	0.006999999999999999	0.008	0.006999999999999999	0.005	0.004	0.005	0.002	0.005	0.006	0.004	0.005	0.005	0.004	0.004	0.003	0.005	0.003	0.005	0.004	0.004	0.003	0.005	0.006999999999999999	0.006999999999999999	0.008	0.006	0.005	0.005	0.005	0.01	0.009000000000000001	0.008	0.009000000000000001	0.005	0.008	0.004	0.008
Selenomonas	0.006	0.008	0.006999999999999999	0.006999999999999999	0.006	0.005	0.006999999999999999	0.004	0.004	0.004	0.005	0.006	0.006	0.005	0.004	0.004	0.005	0.003	0.005	0.004	0.003	0.004	0.004	0.003	0.004	0.003	0.005	0.003	0.005	0.004	0.004	0.003	0.005	0.008	0.005	0.006	0.005	0.005	0.006999999999999999	0.005	0.012	0.009000000000000001	0.01	0.01	0.006999999999999999	0.008	0.004	0.009000000000000001
Caenispirillum	0.006	0.006999999999999999	0.006999999999999999	0.005	0.005	0.006	0.006999999999999999	0.003	0.004	0.004	0.005	0.005	0.006	0.006	0.004	0.003	0.004	0.003	0.005	0.005	0.004	0.004	0.004	0.003	0.005	0.004	0.006	0.004	0.005	0.003	0.004	0.003	0.005	0.006	0.006	0.006999999999999999	0.005	0.005	0.006	0.004	0.01	0.011000000000000001	0.011000000000000001	0.012	0.006999999999999999	0.008	0.005	0.008
Sporosarcina	0.005	0.006	0.004	0.005	0.006	0.005	0.006	0.006	0.008	0.003	0.003	0.004	0.004	0.009000000000000001	0.004	0.003	0.003	0.012	0.004	0.006	0.003	0.003	0.017	0.004	0.003	0.008	0.003	0.004	0.004	0.002	0.006	0.003	0.005	0.006	0.005	0.005	0.005	0.004	0.003	0.004	0.008	0.006	0.006999999999999999	0.006999999999999999	0.006999999999999999	0.017	0.003	0.006999999999999999
Immundisolibacter	0.006999999999999999	0.006999999999999999	0.006	0.006	0.004	0.005	0.006	0.003	0.004	0.003	0.005	0.008	0.006999999999999999	0.005	0.006	0.003	0.004	0.002	0.004	0.009000000000000001	0.005	0.004	0.005	0.003	0.003	0.003	0.005	0.004	0.004	0.004	0.004	0.003	0.006	0.006	0.006	0.008	0.005	0.005	0.004	0.005	0.011000000000000001	0.01	0.009000000000000001	0.01	0.005	0.009000000000000001	0.004	0.01
Ectothiorhodospira	0.006999999999999999	0.006999999999999999	0.006	0.006999999999999999	0.008	0.005	0.006	0.002	0.004	0.003	0.006	0.008	0.006999999999999999	0.006	0.005	0.003	0.005	0.002	0.006	0.006	0.004	0.004	0.005	0.004	0.003	0.003	0.005	0.003	0.004	0.004	0.004	0.003	0.005	0.006	0.006999999999999999	0.006	0.005	0.005	0.005	0.005	0.009000000000000001	0.01	0.01	0.011000000000000001	0.005	0.006999999999999999	0.005	0.008
Alienimonas	0.006	0.005	0.006999999999999999	0.006	0.006	0.006	0.006999999999999999	0.003	0.004	0.003	0.005	0.006	0.006	0.005	0.004	0.003	0.005	0.003	0.004	0.004	0.004	0.004	0.005	0.003	0.004	0.003	0.005	0.004	0.006	0.004	0.004	0.003	0.005	0.008	0.006999999999999999	0.006	0.006	0.005	0.005	0.005	0.013	0.008	0.01	0.01	0.006999999999999999	0.009000000000000001	0.004	0.008
Kiritimatiella	0.006999999999999999	0.006	0.005	0.006	0.006	0.003	0.008	0.002	0.004	0.003	0.005	0.006999999999999999	0.006999999999999999	0.005	0.005	0.003	0.004	0.002	0.004	0.004	0.004	0.004	0.004	0.004	0.003	0.002	0.005	0.003	0.005	0.004	0.004	0.002	0.003	0.006999999999999999	0.006999999999999999	0.005	0.006	0.004	0.004	0.004	0.015	0.012	0.011000000000000001	0.011000000000000001	0.008	0.01	0.005	0.011000000000000001
Capnocytophaga	0.006999999999999999	0.006999999999999999	0.009000000000000001	0.006999999999999999	0.008	0.006999999999999999	0.006	0.006999999999999999	0.004	0.004	0.006999999999999999	0.006999999999999999	0.005	0.005	0.006	0.004	0.004	0.003	0.004	0.004	0.004	0.003	0.003	0.004	0.004	0.004	0.004	0.003	0.005	0.004	0.004	0.003	0.009000000000000001	0.005	0.006999999999999999	0.008	0.005	0.008	0.006999999999999999	0.008	0.008	0.006999999999999999	0.005	0.006	0.006	0.004	0.004	0.006
Roseiconus	0.006999999999999999	0.006	0.005	0.006999999999999999	0.006999999999999999	0.006	0.006	0.003	0.004	0.002	0.004	0.005	0.005	0.004	0.003	0.003	0.003	0.0	0.004	0.004	0.004	0.004	0.004	0.003	0.003	0.003	0.005	0.004	0.005	0.005	0.003	0.002	0.005	0.006999999999999999	0.006	0.006	0.006	0.004	0.004	0.004	0.018000000000000002	0.012	0.012	0.011000000000000001	0.006	0.013	0.004	0.012
Pollutimonas	0.006999999999999999	0.008	0.006999999999999999	0.006	0.009000000000000001	0.006	0.006	0.003	0.004	0.005	0.006	0.006999999999999999	0.006999999999999999	0.006999999999999999	0.004	0.004	0.004	0.002	0.004	0.005	0.004	0.004	0.004	0.003	0.003	0.003	0.005	0.003	0.003	0.004	0.003	0.002	0.004	0.005	0.006	0.006	0.006	0.005	0.006	0.005	0.009000000000000001	0.01	0.01	0.011000000000000001	0.005	0.009000000000000001	0.004	0.009000000000000001
Sulfuriferula	0.006	0.006	0.006999999999999999	0.006999999999999999	0.006999999999999999	0.006999999999999999	0.005	0.004	0.003	0.004	0.006	0.006	0.006	0.005	0.004	0.003	0.003	0.002	0.005	0.004	0.003	0.004	0.003	0.003	0.003	0.002	0.004	0.003	0.004	0.003	0.002	0.002	0.003	0.006	0.005	0.006	0.004	0.004	0.003	0.003	0.013	0.013	0.012	0.018000000000000002	0.008	0.01	0.004	0.013
Hyphococcus	0.006	0.006999999999999999	0.005	0.006	0.006	0.005	0.006999999999999999	0.004	0.003	0.004	0.006	0.006999999999999999	0.006	0.006999999999999999	0.004	0.003	0.004	0.002	0.006	0.004	0.004	0.004	0.004	0.004	0.004	0.004	0.005	0.004	0.003	0.005	0.004	0.003	0.004	0.006	0.006	0.006999999999999999	0.005	0.004	0.005	0.004	0.009000000000000001	0.012	0.01	0.011000000000000001	0.006	0.008	0.004	0.009000000000000001
Georhizobium	0.006	0.006	0.006999999999999999	0.004	0.006	0.005	0.006	0.003	0.003	0.004	0.005	0.006	0.006	0.005	0.003	0.003	0.005	0.004	0.005	0.004	0.005	0.005	0.005	0.004	0.006999999999999999	0.004	0.006	0.006	0.008	0.004	0.005	0.003	0.004	0.006	0.006	0.006	0.005	0.004	0.005	0.004	0.009000000000000001	0.009000000000000001	0.008	0.009000000000000001	0.006	0.009000000000000001	0.004	0.006999999999999999
Thalassovita	0.006	0.006	0.006	0.006	0.006	0.005	0.006	0.002	0.004	0.004	0.005	0.006999999999999999	0.006	0.006	0.006	0.004	0.004	0.003	0.006	0.005	0.005	0.004	0.005	0.004	0.005	0.004	0.005	0.005	0.005	0.005	0.004	0.003	0.004	0.006	0.005	0.005	0.004	0.004	0.005	0.004	0.009000000000000001	0.01	0.009000000000000001	0.011000000000000001	0.006	0.008	0.004	0.008
Pontivivens	0.006	0.006	0.006999999999999999	0.006	0.005	0.005	0.006999999999999999	0.004	0.004	0.004	0.005	0.006	0.006999999999999999	0.005	0.005	0.002	0.005	0.004	0.005	0.004	0.005	0.004	0.005	0.004	0.005	0.003	0.006	0.005	0.005	0.004	0.005	0.003	0.005	0.008	0.006	0.006	0.005	0.004	0.004	0.004	0.01	0.008	0.008	0.009000000000000001	0.006	0.008	0.005	0.006999999999999999
Desulfosarcina	0.005	0.006999999999999999	0.006999999999999999	0.005	0.006	0.006	0.006	0.003	0.004	0.004	0.004	0.006999999999999999	0.006	0.005	0.004	0.003	0.004	0.002	0.004	0.004	0.004	0.004	0.004	0.003	0.004	0.003	0.005	0.003	0.004	0.004	0.003	0.003	0.006	0.009000000000000001	0.006	0.006999999999999999	0.005	0.004	0.006999999999999999	0.005	0.012	0.01	0.01	0.012	0.005	0.006999999999999999	0.004	0.009000000000000001
Roseococcus	0.006999999999999999	0.005	0.006999999999999999	0.004	0.006	0.006	0.006	0.003	0.003	0.004	0.005	0.005	0.006	0.005	0.004	0.003	0.005	0.003	0.005	0.005	0.004	0.004	0.004	0.003	0.004	0.005	0.005	0.004	0.004	0.004	0.004	0.003	0.005	0.006999999999999999	0.006	0.006	0.005	0.005	0.004	0.004	0.011000000000000001	0.009000000000000001	0.01	0.011000000000000001	0.006999999999999999	0.011000000000000001	0.004	0.008
Cohnella	0.006	0.006	0.006999999999999999	0.006	0.005	0.005	0.006	0.004	0.003	0.003	0.005	0.006	0.006	0.005	0.005	0.003	0.005	0.003	0.005	0.005	0.004	0.004	0.004	0.003	0.004	0.003	0.004	0.003	0.004	0.004	0.004	0.003	0.004	0.006	0.006	0.006999999999999999	0.006	0.006	0.005	0.005	0.01	0.009000000000000001	0.009000000000000001	0.01	0.006	0.013	0.005	0.008
Acidisarcina	0.004	0.005	0.004	0.003	0.003	0.003	0.006	0.001	0.002	0.006	0.003	0.012	0.006	0.008	0.002	0.003	0.003	0.004	0.01	0.002	0.002	0.002	0.003	0.002	0.002	0.001	0.006	0.002	0.002	0.002	0.002	0.002	0.003	0.011000000000000001	0.003	0.003	0.003	0.003	0.004	0.003	0.012	0.019	0.021	0.022000000000000002	0.006999999999999999	0.006999999999999999	0.006	0.013
Terricaulis	0.005	0.008	0.006	0.006999999999999999	0.006999999999999999	0.006999999999999999	0.006	0.003	0.002	0.002	0.004	0.005	0.004	0.004	0.003	0.002	0.004	0.002	0.004	0.005	0.006	0.005	0.005	0.003	0.004	0.002	0.005	0.004	0.006	0.004	0.004	0.003	0.003	0.004	0.008	0.006	0.004	0.003	0.003	0.002	0.015	0.016	0.01	0.013	0.005	0.01	0.005	0.009000000000000001
Terrihabitans	0.006	0.005	0.004	0.004	0.004	0.004	0.005	0.002	0.003	0.003	0.005	0.005	0.004	0.004	0.003	0.002	0.005	0.004	0.005	0.01	0.018000000000000002	0.004	0.009000000000000001	0.003	0.01	0.003	0.006	0.008	0.011000000000000001	0.004	0.004	0.003	0.004	0.005	0.005	0.004	0.003	0.003	0.004	0.003	0.008	0.009000000000000001	0.008	0.008	0.005	0.006999999999999999	0.004	0.006999999999999999
Lactococcus	0.005	0.005	0.004	0.005	0.006	0.004	0.005	0.013	0.004	0.005	0.003	0.006	0.006999999999999999	0.005	0.002	0.003	0.002	0.003	0.005	0.004	0.004	0.005	0.002	0.003	0.004	0.002	0.003	0.003	0.003	0.003	0.005	0.003	0.006	0.006	0.008	0.006	0.009000000000000001	0.006999999999999999	0.008	0.013	0.006999999999999999	0.008	0.012	0.006999999999999999	0.01	0.003	0.005	0.005
Tritonibacter	0.008	0.006999999999999999	0.006	0.005	0.005	0.006999999999999999	0.006999999999999999	0.003	0.003	0.004	0.005	0.006999999999999999	0.006	0.005	0.004	0.004	0.005	0.002	0.005	0.004	0.005	0.004	0.004	0.004	0.005	0.003	0.006	0.005	0.005	0.004	0.005	0.004	0.004	0.006	0.005	0.005	0.004	0.005	0.005	0.004	0.009000000000000001	0.01	0.009000000000000001	0.01	0.004	0.006999999999999999	0.004	0.008
Chitinivorax	0.006999999999999999	0.006999999999999999	0.006	0.005	0.008	0.005	0.006	0.003	0.004	0.003	0.005	0.006	0.008	0.005	0.004	0.003	0.004	0.002	0.004	0.005	0.004	0.004	0.004	0.003	0.003	0.003	0.005	0.003	0.004	0.004	0.004	0.002	0.005	0.005	0.006	0.006	0.005	0.006	0.005	0.005	0.011000000000000001	0.011000000000000001	0.01	0.011000000000000001	0.005	0.006999999999999999	0.005	0.009000000000000001
Eggerthella	0.006999999999999999	0.005	0.006	0.005	0.006	0.006	0.006999999999999999	0.004	0.003	0.004	0.004	0.006	0.006	0.005	0.005	0.003	0.004	0.003	0.005	0.004	0.005	0.004	0.004	0.004	0.004	0.003	0.004	0.004	0.005	0.004	0.004	0.003	0.004	0.006999999999999999	0.006	0.005	0.006	0.005	0.004	0.005	0.011000000000000001	0.011000000000000001	0.01	0.009000000000000001	0.006	0.008	0.005	0.006999999999999999
Candidatus Accumulibacter	0.006	0.006	0.006	0.005	0.006	0.005	0.008	0.002	0.003	0.004	0.005	0.006	0.005	0.005	0.004	0.003	0.003	0.002	0.004	0.004	0.003	0.004	0.003	0.003	0.003	0.002	0.005	0.003	0.003	0.004	0.003	0.002	0.004	0.006	0.006	0.006	0.005	0.005	0.004	0.004	0.013	0.012	0.012	0.013999999999999999	0.006999999999999999	0.01	0.005	0.01
Priestia	0.005	0.006	0.005	0.005	0.006	0.006	0.008	0.012	0.01	0.004	0.004	0.005	0.004	0.004	0.004	0.004	0.003	0.005	0.004	0.003	0.003	0.004	0.002	0.004	0.003	0.003	0.002	0.003	0.003	0.003	0.003	0.003	0.006999999999999999	0.006999999999999999	0.006	0.005	0.005	0.006	0.006	0.006999999999999999	0.005	0.005	0.009000000000000001	0.005	0.011000000000000001	0.01	0.003	0.013
Mameliella	0.006	0.005	0.006	0.005	0.005	0.006	0.005	0.004	0.003	0.004	0.005	0.006	0.006	0.006	0.004	0.004	0.005	0.003	0.005	0.005	0.004	0.004	0.005	0.004	0.005	0.003	0.006	0.004	0.004	0.005	0.003	0.004	0.005	0.006999999999999999	0.006	0.006	0.005	0.004	0.005	0.004	0.009000000000000001	0.008	0.009000000000000001	0.01	0.006	0.008	0.004	0.008
Parablastomonas	0.006	0.006999999999999999	0.008	0.005	0.008	0.009000000000000001	0.008	0.004	0.004	0.004	0.006	0.006	0.008	0.006	0.006	0.004	0.005	0.004	0.005	0.005	0.006	0.004	0.005	0.004	0.01	0.004	0.004	0.005	0.004	0.004	0.005	0.003	0.004	0.004	0.004	0.004	0.004	0.003	0.005	0.003	0.005	0.006	0.006999999999999999	0.006	0.006	0.006	0.003	0.006
Marivirga	0.009000000000000001	0.006999999999999999	0.01	0.01	0.012	0.008	0.008	0.006999999999999999	0.004	0.003	0.008	0.006	0.004	0.005	0.004	0.004	0.002	0.002	0.002	0.003	0.003	0.003	0.003	0.003	0.003	0.002	0.004	0.003	0.004	0.003	0.004	0.002	0.008	0.004	0.008	0.005	0.005	0.006	0.006	0.006	0.01	0.008	0.005	0.006999999999999999	0.005	0.004	0.003	0.006999999999999999
Methylomicrobium	0.008	0.006999999999999999	0.006	0.006999999999999999	0.008	0.005	0.008	0.002	0.003	0.004	0.006	0.006999999999999999	0.006999999999999999	0.006	0.004	0.004	0.004	0.002	0.006	0.005	0.004	0.004	0.004	0.003	0.003	0.003	0.004	0.003	0.004	0.004	0.003	0.002	0.004	0.006	0.005	0.006	0.004	0.005	0.004	0.003	0.01	0.01	0.009000000000000001	0.01	0.006	0.006999999999999999	0.004	0.009000000000000001
Thiodictyon	0.006999999999999999	0.005	0.006	0.006	0.005	0.006	0.005	0.004	0.004	0.004	0.005	0.006	0.006999999999999999	0.005	0.005	0.003	0.004	0.002	0.005	0.005	0.004	0.004	0.004	0.004	0.003	0.003	0.005	0.003	0.005	0.004	0.004	0.003	0.004	0.006999999999999999	0.006	0.006	0.005	0.005	0.005	0.004	0.01	0.009000000000000001	0.01	0.01	0.006	0.008	0.004	0.008
Treponema	0.006999999999999999	0.008	0.008	0.006999999999999999	0.008	0.006999999999999999	0.006999999999999999	0.006999999999999999	0.004	0.005	0.005	0.006	0.005	0.005	0.004	0.004	0.003	0.003	0.005	0.003	0.004	0.003	0.003	0.003	0.003	0.003	0.004	0.003	0.003	0.004	0.003	0.002	0.006	0.006	0.006	0.006999999999999999	0.004	0.005	0.006	0.008	0.008	0.006999999999999999	0.009000000000000001	0.008	0.006999999999999999	0.005	0.003	0.006999999999999999
Arachnia	0.006	0.005	0.006	0.005	0.005	0.006	0.005	0.004	0.003	0.003	0.003	0.006	0.005	0.005	0.004	0.003	0.006	0.004	0.004	0.005	0.005	0.005	0.005	0.004	0.006	0.004	0.005	0.006	0.005	0.005	0.004	0.004	0.006	0.006	0.005	0.006	0.006	0.005	0.005	0.005	0.009000000000000001	0.006999999999999999	0.008	0.006999999999999999	0.006	0.008	0.004	0.006999999999999999
Prochlorococcus	0.004	0.005	0.005	0.006999999999999999	0.008	0.008	0.009000000000000001	0.024	0.006999999999999999	0.01	0.005	0.003	0.003	0.002	0.003	0.009000000000000001	0.002	0.006999999999999999	0.006999999999999999	0.004	0.004	0.003	0.002	0.005	0.003	0.002	0.002	0.002	0.003	0.002	0.003	0.003	0.005	0.006	0.004	0.004	0.003	0.004	0.003	0.01	0.004	0.003	0.006	0.003	0.015	0.003	0.006	0.006
Alloacidobacterium	0.005	0.004	0.003	0.003	0.004	0.003	0.006	0.002	0.002	0.006	0.003	0.009000000000000001	0.004	0.008	0.002	0.003	0.003	0.005	0.01	0.002	0.002	0.001	0.002	0.001	0.003	0.002	0.004	0.002	0.002	0.002	0.002	0.002	0.002	0.012	0.003	0.003	0.003	0.003	0.004	0.003	0.011000000000000001	0.017	0.023	0.021	0.006999999999999999	0.008	0.006	0.013
Halorientalis	0.006	0.005	0.006	0.006	0.006	0.005	0.006	0.003	0.003	0.003	0.004	0.006	0.005	0.005	0.004	0.002	0.005	0.004	0.004	0.004	0.005	0.005	0.005	0.004	0.005	0.004	0.005	0.005	0.005	0.005	0.004	0.004	0.006	0.008	0.006	0.005	0.005	0.005	0.005	0.005	0.009000000000000001	0.006999999999999999	0.009000000000000001	0.006999999999999999	0.006	0.006999999999999999	0.004	0.008
Euzebya	0.005	0.005	0.005	0.005	0.005	0.006	0.005	0.004	0.003	0.003	0.004	0.005	0.006	0.005	0.004	0.003	0.006	0.004	0.004	0.005	0.004	0.005	0.005	0.004	0.005	0.003	0.005	0.005	0.005	0.005	0.004	0.003	0.005	0.006999999999999999	0.005	0.005	0.005	0.005	0.005	0.005	0.01	0.009000000000000001	0.009000000000000001	0.009000000000000001	0.006	0.009000000000000001	0.004	0.006999999999999999
Alicyclobacillus	0.006	0.006999999999999999	0.005	0.005	0.006	0.006	0.006	0.004	0.003	0.003	0.005	0.006	0.006	0.005	0.005	0.003	0.004	0.002	0.005	0.004	0.004	0.004	0.004	0.003	0.003	0.003	0.004	0.003	0.005	0.004	0.004	0.002	0.005	0.008	0.006999999999999999	0.005	0.005	0.005	0.005	0.005	0.01	0.01	0.009000000000000001	0.009000000000000001	0.006	0.008	0.005	0.009000000000000001
Rohdeia	0.006999999999999999	0.006999999999999999	0.006	0.005	0.006	0.006	0.006	0.003	0.004	0.003	0.004	0.006	0.005	0.005	0.003	0.003	0.005	0.003	0.004	0.004	0.004	0.004	0.004	0.003	0.003	0.003	0.004	0.003	0.004	0.004	0.004	0.002	0.006	0.008	0.006	0.005	0.005	0.005	0.005	0.005	0.012	0.009000000000000001	0.01	0.009000000000000001	0.006	0.008	0.005	0.008
Maricaulis	0.006	0.006999999999999999	0.005	0.005	0.006	0.005	0.006	0.003	0.003	0.004	0.005	0.006	0.006	0.005	0.004	0.002	0.004	0.003	0.006	0.004	0.004	0.004	0.004	0.003	0.004	0.004	0.005	0.004	0.005	0.004	0.004	0.004	0.004	0.006	0.005	0.006	0.005	0.004	0.005	0.004	0.009000000000000001	0.011000000000000001	0.01	0.01	0.005	0.008	0.005	0.008
Lactobacillus	0.005	0.005	0.005	0.005	0.006	0.006999999999999999	0.006999999999999999	0.011000000000000001	0.005	0.005	0.004	0.005	0.005	0.005	0.004	0.005	0.003	0.004	0.005	0.004	0.004	0.003	0.006	0.004	0.003	0.003	0.004	0.003	0.003	0.003	0.004	0.003	0.006999999999999999	0.006	0.006999999999999999	0.006	0.004	0.006999999999999999	0.006	0.011000000000000001	0.005	0.005	0.008	0.006	0.009000000000000001	0.003	0.004	0.006
Gallaecimonas	0.006	0.006999999999999999	0.006	0.005	0.005	0.005	0.006	0.003	0.004	0.004	0.006	0.006	0.006999999999999999	0.005	0.005	0.004	0.004	0.003	0.005	0.005	0.004	0.004	0.005	0.003	0.004	0.004	0.005	0.003	0.004	0.004	0.003	0.003	0.005	0.006	0.006	0.006	0.004	0.005	0.005	0.004	0.008	0.01	0.009000000000000001	0.01	0.005	0.006999999999999999	0.004	0.006999999999999999
Zobellella	0.006	0.006	0.006	0.005	0.006999999999999999	0.005	0.004	0.003	0.004	0.004	0.006	0.006	0.005	0.006999999999999999	0.004	0.003	0.005	0.003	0.005	0.004	0.004	0.004	0.005	0.003	0.004	0.003	0.005	0.004	0.004	0.004	0.003	0.004	0.004	0.006999999999999999	0.005	0.006	0.004	0.005	0.005	0.006	0.009000000000000001	0.009000000000000001	0.009000000000000001	0.009000000000000001	0.005	0.006999999999999999	0.004	0.008
Acidobacterium	0.005	0.005	0.002	0.004	0.004	0.003	0.005	0.002	0.002	0.005	0.003	0.009000000000000001	0.004	0.006	0.002	0.004	0.003	0.004	0.008	0.003	0.002	0.002	0.003	0.002	0.003	0.002	0.005	0.002	0.001	0.002	0.002	0.003	0.002	0.01	0.003	0.004	0.003	0.003	0.004	0.002	0.012	0.016	0.02	0.021	0.006999999999999999	0.008	0.006	0.013
Kushneria	0.006999999999999999	0.006999999999999999	0.005	0.006	0.008	0.005	0.006999999999999999	0.002	0.004	0.003	0.005	0.006	0.006	0.006	0.005	0.004	0.005	0.003	0.005	0.004	0.004	0.004	0.004	0.004	0.003	0.003	0.005	0.004	0.003	0.004	0.004	0.003	0.005	0.006	0.005	0.006	0.004	0.005	0.005	0.004	0.008	0.009000000000000001	0.006999999999999999	0.009000000000000001	0.005	0.006999999999999999	0.004	0.008
Piscinibacterium	0.006	0.006999999999999999	0.009000000000000001	0.006	0.008	0.006	0.005	0.003	0.004	0.004	0.008	0.006999999999999999	0.006	0.005	0.006	0.005	0.003	0.001	0.003	0.005	0.004	0.004	0.003	0.002	0.003	0.003	0.005	0.003	0.003	0.004	0.003	0.002	0.005	0.004	0.006	0.006999999999999999	0.004	0.005	0.004	0.006	0.008	0.009000000000000001	0.008	0.009000000000000001	0.005	0.006	0.004	0.008
Vandammella	0.006	0.006	0.009000000000000001	0.006999999999999999	0.008	0.006999999999999999	0.005	0.003	0.004	0.004	0.008	0.006999999999999999	0.006	0.006	0.006	0.004	0.004	0.002	0.004	0.005	0.004	0.004	0.004	0.003	0.004	0.003	0.006	0.003	0.003	0.004	0.003	0.002	0.004	0.004	0.006	0.006999999999999999	0.004	0.005	0.006	0.006999999999999999	0.006999999999999999	0.006999999999999999	0.006	0.006999999999999999	0.004	0.006	0.004	0.006
Kluyvera	0.006	0.005	0.006	0.006	0.006	0.006999999999999999	0.006	0.004	0.003	0.003	0.005	0.006999999999999999	0.005	0.005	0.003	0.002	0.004	0.004	0.004	0.004	0.003	0.003	0.004	0.003	0.004	0.003	0.006	0.004	0.003	0.003	0.003	0.002	0.006999999999999999	0.006999999999999999	0.005	0.006	0.005	0.005	0.004	0.006999999999999999	0.01	0.009000000000000001	0.01	0.012	0.004	0.006999999999999999	0.003	0.006999999999999999
Egicoccus	0.006999999999999999	0.005	0.006	0.005	0.005	0.004	0.004	0.003	0.004	0.004	0.004	0.004	0.006	0.005	0.004	0.002	0.005	0.004	0.004	0.005	0.005	0.004	0.004	0.004	0.004	0.003	0.005	0.004	0.005	0.004	0.004	0.003	0.004	0.008	0.006999999999999999	0.005	0.006	0.005	0.004	0.005	0.01	0.006999999999999999	0.008	0.008	0.006	0.009000000000000001	0.004	0.006999999999999999
Lodderomyces	0.004	0.006	0.006999999999999999	0.006	0.006999999999999999	0.006999999999999999	0.006999999999999999	0.006999999999999999	0.003	0.004	0.005	0.006	0.006	0.005	0.005	0.004	0.002	0.003	0.004	0.003	0.003	0.003	0.003	0.004	0.005	0.003	0.003	0.003	0.005	0.003	0.004	0.003	0.01	0.009000000000000001	0.006	0.006999999999999999	0.005	0.005	0.006999999999999999	0.008	0.005	0.006999999999999999	0.006999999999999999	0.005	0.006	0.003	0.004	0.004
Phycisphaera	0.006999999999999999	0.005	0.006999999999999999	0.005	0.006	0.005	0.005	0.002	0.003	0.004	0.004	0.005	0.006999999999999999	0.006	0.004	0.003	0.005	0.003	0.004	0.005	0.005	0.004	0.005	0.004	0.004	0.003	0.005	0.004	0.005	0.004	0.003	0.003	0.005	0.006999999999999999	0.006999999999999999	0.005	0.005	0.005	0.005	0.004	0.009000000000000001	0.006999999999999999	0.008	0.008	0.005	0.006999999999999999	0.003	0.006999999999999999
Alcanivorax	0.006	0.005	0.006	0.005	0.009000000000000001	0.005	0.006	0.003	0.004	0.003	0.006	0.006	0.006	0.005	0.004	0.003	0.005	0.002	0.005	0.005	0.005	0.004	0.005	0.003	0.004	0.003	0.005	0.004	0.005	0.004	0.003	0.003	0.005	0.005	0.006999999999999999	0.005	0.005	0.004	0.004	0.004	0.008	0.008	0.008	0.009000000000000001	0.004	0.006999999999999999	0.004	0.006999999999999999
Bremia	0.005	0.016	0.009000000000000001	0.006	0.016	0.009000000000000001	0.013999999999999999	0.015	0.003	0.003	0.005	0.003	0.006	0.005	0.006	0.004	0.002	0.013999999999999999	0.002	0.003	0.002	0.002	0.002	0.002	0.005	0.003	0.002	0.002	0.004	0.002	0.003	0.003	0.005	0.005	0.003	0.005	0.004	0.003	0.004	0.005	0.004	0.004	0.004	0.003	0.005	0.002	0.003	0.004
Acidibrevibacterium	0.005	0.005	0.006	0.005	0.005	0.005	0.006999999999999999	0.002	0.003	0.006	0.004	0.005	0.005	0.005	0.004	0.006	0.003	0.002	0.006	0.003	0.003	0.003	0.003	0.002	0.003	0.002	0.005	0.003	0.003	0.003	0.003	0.002	0.004	0.006999999999999999	0.004	0.005	0.004	0.004	0.005	0.003	0.011000000000000001	0.01	0.013	0.013999999999999999	0.006	0.009000000000000001	0.005	0.009000000000000001
Laribacter	0.005	0.005	0.009000000000000001	0.006	0.006	0.005	0.005	0.002	0.003	0.003	0.005	0.006	0.006	0.005	0.004	0.002	0.003	0.002	0.004	0.005	0.003	0.003	0.004	0.004	0.002	0.004	0.004	0.003	0.002	0.004	0.004	0.002	0.004	0.006999999999999999	0.005	0.006	0.005	0.004	0.005	0.004	0.009000000000000001	0.011000000000000001	0.01	0.013	0.006	0.008	0.003	0.009000000000000001
Haloglomus	0.006	0.006	0.005	0.005	0.006	0.005	0.005	0.003	0.003	0.003	0.004	0.005	0.005	0.005	0.005	0.003	0.004	0.004	0.004	0.005	0.004	0.005	0.004	0.004	0.005	0.003	0.005	0.006999999999999999	0.005	0.003	0.004	0.003	0.005	0.006999999999999999	0.006	0.005	0.005	0.005	0.005	0.005	0.008	0.008	0.008	0.006999999999999999	0.005	0.006999999999999999	0.004	0.006
Bauldia	0.005	0.005	0.006	0.005	0.005	0.005	0.005	0.003	0.003	0.003	0.004	0.005	0.005	0.004	0.003	0.003	0.005	0.003	0.005	0.004	0.005	0.003	0.004	0.004	0.005	0.003	0.005	0.004	0.005	0.004	0.004	0.003	0.004	0.006999999999999999	0.005	0.005	0.004	0.004	0.004	0.004	0.009000000000000001	0.009000000000000001	0.009000000000000001	0.01	0.006999999999999999	0.01	0.004	0.008
Thermus	0.006	0.008	0.006	0.006	0.006	0.006	0.006999999999999999	0.006	0.003	0.003	0.005	0.005	0.004	0.005	0.003	0.002	0.005	0.003	0.004	0.004	0.003	0.004	0.004	0.003	0.004	0.003	0.004	0.003	0.004	0.004	0.004	0.002	0.005	0.006999999999999999	0.005	0.005	0.005	0.004	0.005	0.005	0.009000000000000001	0.006999999999999999	0.008	0.009000000000000001	0.006	0.008	0.004	0.006999999999999999
Crystallibacter	0.005	0.005	0.005	0.005	0.003	0.004	0.006	0.003	0.002	0.003	0.003	0.005	0.005	0.005	0.004	0.002	0.004	0.005	0.004	0.004	0.005	0.004	0.004	0.004	0.006	0.004	0.005	0.005	0.006999999999999999	0.004	0.004	0.004	0.005	0.006	0.005	0.005	0.006	0.006	0.005	0.005	0.006999999999999999	0.006999999999999999	0.008	0.006999999999999999	0.006	0.011000000000000001	0.004	0.006999999999999999
Rhodocytophaga	0.005	0.004	0.008	0.005	0.006999999999999999	0.006	0.005	0.006	0.002	0.002	0.005	0.004	0.004	0.003	0.004	0.002	0.004	0.002	0.002	0.008	0.006	0.006999999999999999	0.006	0.005	0.009000000000000001	0.003	0.008	0.008	0.016	0.004	0.003	0.003	0.006999999999999999	0.002	0.006999999999999999	0.009000000000000001	0.005	0.005	0.005	0.005	0.005	0.005	0.003	0.004	0.003	0.002	0.002	0.003
Silvibacterium	0.004	0.004	0.003	0.004	0.003	0.004	0.005	0.002	0.002	0.006	0.003	0.01	0.005	0.006	0.002	0.003	0.003	0.005	0.008	0.002	0.002	0.002	0.003	0.001	0.003	0.002	0.004	0.002	0.002	0.002	0.002	0.002	0.002	0.01	0.003	0.003	0.003	0.003	0.003	0.002	0.012	0.015	0.02	0.02	0.006999999999999999	0.006999999999999999	0.006	0.011000000000000001
Haloterrigena	0.005	0.004	0.006	0.005	0.004	0.005	0.006	0.003	0.003	0.003	0.004	0.006	0.005	0.006	0.004	0.003	0.005	0.004	0.004	0.005	0.005	0.004	0.004	0.004	0.004	0.003	0.005	0.004	0.005	0.005	0.004	0.003	0.005	0.006999999999999999	0.005	0.006	0.005	0.004	0.006	0.005	0.008	0.006999999999999999	0.008	0.009000000000000001	0.005	0.006999999999999999	0.003	0.006999999999999999
Clostridioides	0.002	0.018000000000000002	0.002	0.003	0.003	0.005	0.003	0.029	0.003	0.004	0.005	0.006	0.002	0.002	0.002	0.006999999999999999	0.001	0.003	0.004	0.011000000000000001	0.003	0.001	0.001	0.002	0.001	0.001	0.002	0.005	0.002	0.001	0.001	0.002	0.006	0.003	0.003	0.004	0.003	0.016	0.004	0.027	0.003	0.013	0.005	0.002	0.005	0.001	0.003	0.002
Kaistella	0.005	0.034	0.006999999999999999	0.005	0.006999999999999999	0.006999999999999999	0.006999999999999999	0.013999999999999999	0.003	0.003	0.004	0.004	0.004	0.004	0.003	0.003	0.003	0.005	0.003	0.002	0.003	0.003	0.004	0.003	0.004	0.006	0.003	0.003	0.003	0.002	0.002	0.002	0.005	0.004	0.005	0.005	0.004	0.004	0.005	0.004	0.005	0.005	0.004	0.005	0.006	0.003	0.003	0.004
Chloracidobacterium	0.006999999999999999	0.006	0.006	0.006	0.005	0.006	0.005	0.003	0.003	0.003	0.004	0.005	0.005	0.005	0.004	0.003	0.004	0.002	0.004	0.005	0.004	0.003	0.004	0.003	0.003	0.003	0.004	0.003	0.004	0.004	0.003	0.002	0.004	0.006999999999999999	0.006	0.005	0.005	0.004	0.004	0.003	0.011000000000000001	0.009000000000000001	0.009000000000000001	0.009000000000000001	0.006	0.008	0.004	0.009000000000000001
Pseudactinotalea	0.004	0.005	0.005	0.004	0.004	0.004	0.005	0.004	0.003	0.003	0.004	0.005	0.005	0.005	0.004	0.003	0.005	0.004	0.004	0.004	0.005	0.004	0.005	0.004	0.006	0.004	0.004	0.006	0.005	0.004	0.004	0.004	0.005	0.006999999999999999	0.006	0.005	0.005	0.006	0.005	0.004	0.008	0.006	0.008	0.006999999999999999	0.006	0.008	0.004	0.005
Ktedonosporobacter	0.002	0.002	0.003	0.003	0.002	0.002	0.003	0.001	0.001	0.001	0.002	0.002	0.002	0.003	0.001	0.002	0.002	0.001	0.004	0.001	0.001	0.001	0.001	0.001	0.002	0.001	0.002	0.001	0.001	0.001	0.001	0.001	0.002	0.003	0.002	0.002	0.002	0.002	0.002	0.001	0.013	0.021	0.034	0.018000000000000002	0.019	0.009000000000000001	0.025	0.025
Aquimarina	0.006	0.006999999999999999	0.006999999999999999	0.006999999999999999	0.008	0.006999999999999999	0.006999999999999999	0.01	0.004	0.004	0.006	0.004	0.004	0.004	0.005	0.005	0.003	0.003	0.003	0.004	0.004	0.003	0.003	0.003	0.004	0.003	0.004	0.003	0.003	0.004	0.003	0.003	0.006999999999999999	0.004	0.006	0.005	0.005	0.005	0.004	0.006	0.006999999999999999	0.006	0.005	0.006	0.006	0.004	0.003	0.006
Bartonella	0.004	0.006999999999999999	0.006	0.005	0.006999999999999999	0.006999999999999999	0.006	0.01	0.004	0.004	0.005	0.005	0.005	0.004	0.006	0.004	0.003	0.003	0.005	0.003	0.004	0.003	0.003	0.003	0.005	0.003	0.003	0.003	0.004	0.004	0.003	0.003	0.005	0.005	0.005	0.005	0.004	0.004	0.005	0.006	0.006999999999999999	0.006999999999999999	0.008	0.008	0.006	0.004	0.004	0.006
Halorarum	0.006	0.005	0.005	0.005	0.005	0.006	0.005	0.004	0.003	0.003	0.004	0.005	0.005	0.005	0.004	0.003	0.004	0.003	0.004	0.005	0.005	0.004	0.005	0.004	0.004	0.003	0.005	0.004	0.005	0.004	0.004	0.003	0.005	0.006999999999999999	0.005	0.005	0.005	0.005	0.005	0.005	0.008	0.006999999999999999	0.008	0.006999999999999999	0.005	0.006999999999999999	0.004	0.006
Marichromatium	0.006999999999999999	0.006	0.005	0.006	0.006	0.004	0.006	0.003	0.003	0.004	0.005	0.006	0.006	0.006	0.004	0.003	0.004	0.002	0.005	0.004	0.004	0.004	0.004	0.003	0.003	0.002	0.004	0.003	0.003	0.004	0.003	0.003	0.005	0.006	0.005	0.006	0.005	0.005	0.004	0.004	0.008	0.009000000000000001	0.009000000000000001	0.009000000000000001	0.006	0.006	0.004	0.006999999999999999
Parasphingopyxis	0.006	0.006	0.004	0.005	0.005	0.005	0.006	0.003	0.003	0.003	0.004	0.006999999999999999	0.006999999999999999	0.006	0.004	0.004	0.004	0.003	0.005	0.005	0.005	0.004	0.005	0.004	0.005	0.004	0.005	0.005	0.004	0.005	0.004	0.003	0.004	0.006	0.004	0.005	0.005	0.004	0.004	0.004	0.008	0.006999999999999999	0.006	0.006	0.005	0.006999999999999999	0.003	0.006
Pseudorhizobium	0.004	0.006	0.005	0.004	0.005	0.006	0.005	0.003	0.002	0.002	0.004	0.006	0.005	0.005	0.004	0.002	0.004	0.004	0.004	0.004	0.005	0.003	0.005	0.003	0.018000000000000002	0.004	0.005	0.005	0.006999999999999999	0.004	0.003	0.003	0.004	0.004	0.005	0.008	0.003	0.003	0.005	0.003	0.006	0.008	0.006999999999999999	0.006	0.005	0.006999999999999999	0.003	0.005
Planococcus	0.005	0.006	0.005	0.004	0.004	0.006	0.006	0.006999999999999999	0.003	0.004	0.004	0.005	0.005	0.004	0.004	0.004	0.004	0.004	0.004	0.003	0.004	0.003	0.005	0.003	0.004	0.005	0.005	0.006999999999999999	0.003	0.004	0.003	0.003	0.005	0.005	0.004	0.004	0.004	0.004	0.006	0.004	0.006999999999999999	0.006999999999999999	0.006999999999999999	0.008	0.006	0.006999999999999999	0.004	0.006999999999999999
Tepidiforma	0.006	0.005	0.005	0.005	0.004	0.005	0.004	0.002	0.003	0.002	0.003	0.005	0.005	0.005	0.003	0.002	0.005	0.003	0.004	0.004	0.004	0.004	0.004	0.004	0.004	0.003	0.005	0.004	0.005	0.003	0.004	0.003	0.004	0.006999999999999999	0.005	0.005	0.004	0.005	0.005	0.004	0.01	0.008	0.009000000000000001	0.009000000000000001	0.006	0.009000000000000001	0.004	0.008
Nguyenibacter	0.005	0.006	0.006	0.005	0.004	0.004	0.005	0.003	0.003	0.004	0.005	0.006	0.006	0.006	0.003	0.003	0.004	0.003	0.006	0.004	0.003	0.003	0.004	0.003	0.003	0.003	0.005	0.003	0.004	0.004	0.003	0.003	0.004	0.006999999999999999	0.005	0.005	0.004	0.004	0.004	0.003	0.009000000000000001	0.009000000000000001	0.009000000000000001	0.01	0.006	0.006999999999999999	0.004	0.006999999999999999
Tellurirhabdus	0.006	0.005	0.006999999999999999	0.006	0.006999999999999999	0.005	0.004	0.004	0.003	0.003	0.006	0.006999999999999999	0.005	0.005	0.005	0.003	0.004	0.002	0.004	0.005	0.004	0.003	0.003	0.004	0.003	0.003	0.004	0.003	0.005	0.003	0.003	0.003	0.006	0.004	0.006999999999999999	0.006999999999999999	0.004	0.006	0.006	0.005	0.006999999999999999	0.006999999999999999	0.006	0.006999999999999999	0.005	0.005	0.004	0.006
Methyloligella	0.005	0.006	0.004	0.005	0.004	0.005	0.006	0.002	0.002	0.003	0.004	0.005	0.004	0.004	0.003	0.002	0.004	0.003	0.005	0.003	0.004	0.003	0.004	0.003	0.003	0.003	0.004	0.004	0.004	0.003	0.003	0.003	0.004	0.005	0.005	0.005	0.003	0.004	0.004	0.003	0.011000000000000001	0.01	0.01	0.011000000000000001	0.008	0.012	0.004	0.009000000000000001
Peteryoungia	0.005	0.006999999999999999	0.006999999999999999	0.005	0.003	0.005	0.005	0.004	0.003	0.003	0.004	0.006	0.004	0.005	0.004	0.003	0.004	0.003	0.005	0.004	0.005	0.004	0.005	0.003	0.012	0.004	0.005	0.005	0.005	0.003	0.003	0.004	0.005	0.004	0.004	0.004	0.004	0.003	0.004	0.004	0.006999999999999999	0.006999999999999999	0.006	0.006999999999999999	0.005	0.008	0.003	0.006
Vogesella	0.005	0.006	0.006	0.005	0.006999999999999999	0.005	0.005	0.003	0.004	0.003	0.005	0.005	0.005	0.006	0.005	0.003	0.004	0.002	0.004	0.004	0.004	0.004	0.004	0.002	0.003	0.003	0.005	0.003	0.004	0.004	0.003	0.002	0.004	0.005	0.006	0.006	0.004	0.004	0.004	0.004	0.009000000000000001	0.008	0.008	0.009000000000000001	0.005	0.006	0.004	0.008
Homoserinimonas	0.004	0.003	0.006	0.003	0.003	0.004	0.009000000000000001	0.003	0.002	0.003	0.003	0.008	0.005	0.005	0.005	0.002	0.006	0.008	0.004	0.004	0.006	0.003	0.006	0.003	0.008	0.005	0.004	0.006999999999999999	0.006999999999999999	0.003	0.004	0.003	0.003	0.004	0.003	0.004	0.004	0.003	0.005	0.004	0.005	0.006999999999999999	0.004	0.006999999999999999	0.006	0.01	0.004	0.005
Thermithiobacillus	0.005	0.005	0.006	0.005	0.006	0.005	0.006	0.002	0.003	0.003	0.004	0.006999999999999999	0.005	0.005	0.003	0.003	0.004	0.002	0.004	0.004	0.003	0.003	0.004	0.003	0.003	0.003	0.005	0.003	0.003	0.004	0.003	0.003	0.005	0.006	0.006	0.006	0.005	0.004	0.006	0.004	0.009000000000000001	0.009000000000000001	0.01	0.009000000000000001	0.005	0.005	0.004	0.006999999999999999
Samistivirus	0.031	0.098	0.003	0.012	0.009000000000000001	0.012	0.003	0.003	0.0	0.0	0.0	0.0	0.0	0.0	0.0	0.0	0.0	0.0	0.0	0.0	0.0	0.0	0.0	0.0	0.004	0.001	0.0	0.0	0.0	0.0	0.0	0.0	0.016	0.008	0.0	0.0	0.01	0.001	0.002	0.013	0.0	0.0	0.0	0.0	0.0	0.0	0.0	0.0
Aquitalea	0.005	0.006999999999999999	0.006	0.006	0.006	0.005	0.005	0.003	0.003	0.003	0.006	0.006	0.004	0.005	0.003	0.003	0.004	0.002	0.004	0.004	0.004	0.003	0.004	0.003	0.003	0.003	0.004	0.003	0.003	0.003	0.002	0.002	0.004	0.005	0.006	0.004	0.004	0.003	0.005	0.005	0.008	0.01	0.008	0.011000000000000001	0.006	0.006999999999999999	0.004	0.008
Indioceanicola	0.005	0.004	0.004	0.005	0.005	0.004	0.004	0.002	0.003	0.003	0.005	0.005	0.006	0.005	0.004	0.003	0.004	0.002	0.005	0.003	0.004	0.004	0.003	0.003	0.004	0.003	0.005	0.003	0.005	0.003	0.004	0.003	0.004	0.006	0.005	0.006	0.004	0.005	0.004	0.004	0.008	0.01	0.01	0.011000000000000001	0.005	0.006999999999999999	0.004	0.006999999999999999
Rhodothermus	0.005	0.006	0.006999999999999999	0.004	0.005	0.006	0.005	0.003	0.003	0.003	0.004	0.005	0.005	0.004	0.004	0.003	0.004	0.002	0.005	0.004	0.003	0.003	0.004	0.003	0.003	0.002	0.004	0.003	0.004	0.003	0.003	0.002	0.005	0.006999999999999999	0.005	0.006	0.005	0.004	0.004	0.004	0.009000000000000001	0.008	0.009000000000000001	0.009000000000000001	0.006	0.006999999999999999	0.004	0.008
Naumannella	0.006	0.005	0.004	0.004	0.003	0.005	0.004	0.002	0.002	0.003	0.004	0.004	0.004	0.004	0.004	0.002	0.006	0.004	0.003	0.004	0.005	0.004	0.005	0.003	0.008	0.004	0.005	0.006	0.006	0.005	0.004	0.003	0.004	0.006	0.004	0.005	0.005	0.005	0.005	0.005	0.008	0.006	0.006999999999999999	0.006	0.005	0.008	0.003	0.006
Marinicauda	0.005	0.005	0.006	0.004	0.004	0.004	0.006	0.003	0.003	0.003	0.005	0.006	0.005	0.005	0.003	0.002	0.004	0.002	0.005	0.004	0.004	0.003	0.004	0.003	0.004	0.003	0.005	0.004	0.003	0.004	0.003	0.003	0.004	0.006	0.005	0.005	0.005	0.004	0.005	0.004	0.008	0.01	0.009000000000000001	0.009000000000000001	0.005	0.006999999999999999	0.003	0.006999999999999999
Exiguobacterium	0.006	0.005	0.008	0.004	0.029	0.006	0.005	0.008	0.002	0.003	0.004	0.004	0.005	0.005	0.004	0.002	0.003	0.002	0.003	0.003	0.003	0.002	0.002	0.003	0.003	0.002	0.003	0.002	0.003	0.003	0.003	0.002	0.003	0.006999999999999999	0.003	0.005	0.004	0.003	0.003	0.004	0.006999999999999999	0.006999999999999999	0.006999999999999999	0.006999999999999999	0.004	0.006999999999999999	0.003	0.006
Spiractinospora	0.004	0.006	0.004	0.004	0.003	0.005	0.004	0.003	0.002	0.003	0.003	0.005	0.004	0.005	0.004	0.002	0.005	0.003	0.004	0.004	0.005	0.004	0.004	0.004	0.005	0.003	0.005	0.005	0.005	0.004	0.004	0.004	0.005	0.006	0.006	0.006	0.005	0.006	0.005	0.005	0.006999999999999999	0.006	0.008	0.008	0.005	0.006	0.003	0.006
Frigidibacter	0.006999999999999999	0.006	0.005	0.004	0.005	0.004	0.003	0.003	0.003	0.003	0.005	0.006	0.005	0.005	0.003	0.002	0.004	0.003	0.004	0.004	0.004	0.003	0.005	0.003	0.004	0.002	0.005	0.004	0.005	0.003	0.003	0.002	0.004	0.006	0.005	0.005	0.004	0.004	0.004	0.004	0.008	0.01	0.008	0.009000000000000001	0.004	0.006999999999999999	0.004	0.006999999999999999
Christiangramia	0.008	0.006999999999999999	0.008	0.005	0.008	0.006999999999999999	0.006	0.006	0.003	0.002	0.006	0.005	0.005	0.004	0.004	0.004	0.003	0.002	0.003	0.004	0.003	0.003	0.003	0.004	0.004	0.003	0.004	0.003	0.004	0.003	0.003	0.003	0.006	0.004	0.005	0.006	0.005	0.006	0.005	0.004	0.006999999999999999	0.006	0.004	0.006	0.004	0.004	0.003	0.005
Egibacter	0.006	0.004	0.005	0.005	0.004	0.005	0.005	0.003	0.003	0.003	0.004	0.004	0.005	0.005	0.003	0.002	0.005	0.003	0.004	0.004	0.004	0.003	0.004	0.003	0.004	0.003	0.004	0.003	0.005	0.003	0.003	0.003	0.005	0.006999999999999999	0.005	0.003	0.005	0.004	0.005	0.005	0.009000000000000001	0.006	0.009000000000000001	0.006999999999999999	0.006	0.009000000000000001	0.004	0.006999999999999999
Gloeobacter	0.006	0.005	0.005	0.005	0.005	0.005	0.005	0.002	0.003	0.003	0.004	0.005	0.005	0.005	0.004	0.003	0.004	0.002	0.004	0.003	0.004	0.003	0.004	0.003	0.003	0.003	0.004	0.003	0.003	0.003	0.003	0.002	0.005	0.006999999999999999	0.006	0.005	0.004	0.004	0.005	0.004	0.01	0.009000000000000001	0.008	0.009000000000000001	0.005	0.006999999999999999	0.003	0.006999999999999999
Roseobacter	0.005	0.005	0.004	0.004	0.006	0.004	0.006999999999999999	0.003	0.003	0.003	0.004	0.006999999999999999	0.004	0.004	0.003	0.003	0.004	0.002	0.004	0.004	0.004	0.003	0.004	0.003	0.004	0.003	0.005	0.004	0.004	0.003	0.003	0.003	0.005	0.006	0.005	0.005	0.004	0.004	0.004	0.003	0.008	0.008	0.008	0.01	0.004	0.006999999999999999	0.003	0.006999999999999999
Chromohalobacter	0.005	0.006	0.006999999999999999	0.006	0.006999999999999999	0.003	0.005	0.002	0.003	0.003	0.005	0.005	0.006	0.004	0.003	0.003	0.004	0.002	0.005	0.004	0.004	0.003	0.004	0.003	0.003	0.003	0.005	0.003	0.004	0.004	0.003	0.002	0.004	0.005	0.005	0.006999999999999999	0.004	0.004	0.004	0.003	0.009000000000000001	0.006999999999999999	0.006999999999999999	0.008	0.005	0.006	0.003	0.006999999999999999
Sulfuritortus	0.006	0.005	0.003	0.004	0.006	0.006	0.005	0.002	0.003	0.003	0.004	0.005	0.006	0.005	0.004	0.003	0.004	0.001	0.004	0.003	0.003	0.004	0.003	0.003	0.002	0.002	0.003	0.003	0.003	0.003	0.003	0.002	0.004	0.005	0.006	0.006	0.005	0.004	0.005	0.003	0.01	0.009000000000000001	0.009000000000000001	0.011000000000000001	0.005	0.006999999999999999	0.003	0.008
Afifella	0.005	0.005	0.005	0.004	0.005	0.004	0.006	0.002	0.003	0.003	0.004	0.006	0.005	0.005	0.003	0.002	0.003	0.003	0.005	0.003	0.004	0.003	0.003	0.003	0.005	0.004	0.004	0.003	0.004	0.003	0.003	0.003	0.004	0.006	0.004	0.004	0.004	0.004	0.004	0.003	0.009000000000000001	0.009000000000000001	0.01	0.008	0.005	0.008	0.003	0.008
Limosilactobacillus	0.005	0.003	0.004	0.004	0.005	0.004	0.003	0.006	0.002	0.002	0.003	0.004	0.006	0.003	0.004	0.002	0.003	0.003	0.003	0.002	0.003	0.003	0.003	0.003	0.003	0.002	0.003	0.002	0.003	0.003	0.003	0.002	0.006	0.008	0.004	0.006999999999999999	0.005	0.008	0.015	0.006	0.009000000000000001	0.006999999999999999	0.009000000000000001	0.008	0.005	0.005	0.003	0.006999999999999999
Epilithonimonas	0.003	0.006999999999999999	0.025	0.005	0.006999999999999999	0.009000000000000001	0.006	0.008	0.002	0.003	0.006999999999999999	0.004	0.003	0.004	0.003	0.003	0.003	0.003	0.002	0.003	0.003	0.002	0.005	0.004	0.008	0.006999999999999999	0.003	0.003	0.003	0.002	0.003	0.003	0.005	0.002	0.003	0.003	0.003	0.004	0.004	0.004	0.004	0.003	0.004	0.005	0.004	0.005	0.002	0.004
Halomarina	0.004	0.004	0.006	0.005	0.005	0.005	0.005	0.003	0.003	0.003	0.004	0.004	0.005	0.005	0.003	0.003	0.004	0.003	0.004	0.004	0.004	0.004	0.004	0.003	0.004	0.003	0.005	0.004	0.005	0.004	0.003	0.003	0.004	0.006	0.005	0.004	0.005	0.004	0.005	0.004	0.006999999999999999	0.006999999999999999	0.006999999999999999	0.006	0.005	0.006999999999999999	0.003	0.006
Cedecea	0.005	0.005	0.005	0.004	0.005	0.004	0.005	0.003	0.003	0.003	0.005	0.006	0.006	0.005	0.004	0.003	0.004	0.002	0.005	0.004	0.003	0.003	0.004	0.003	0.004	0.003	0.004	0.003	0.004	0.003	0.003	0.002	0.006	0.005	0.005	0.004	0.003	0.004	0.004	0.004	0.008	0.008	0.008	0.01	0.005	0.005	0.003	0.006
Parolsenella	0.005	0.006999999999999999	0.006999999999999999	0.005	0.005	0.005	0.006	0.004	0.002	0.003	0.003	0.004	0.004	0.004	0.002	0.002	0.002	0.001	0.003	0.002	0.003	0.002	0.002	0.002	0.003	0.002	0.003	0.003	0.004	0.003	0.002	0.001	0.002	0.005	0.006	0.004	0.005	0.002	0.004	0.004	0.011000000000000001	0.011000000000000001	0.01	0.01	0.008	0.011000000000000001	0.005	0.009000000000000001
Marinovum	0.004	0.004	0.005	0.005	0.005	0.005	0.005	0.003	0.003	0.003	0.005	0.006	0.006	0.005	0.004	0.003	0.003	0.002	0.005	0.004	0.004	0.003	0.004	0.003	0.004	0.003	0.005	0.003	0.004	0.003	0.003	0.003	0.004	0.006	0.004	0.004	0.004	0.003	0.004	0.004	0.006999999999999999	0.008	0.006999999999999999	0.008	0.005	0.006999999999999999	0.004	0.006
Crenobacter	0.005	0.006	0.006	0.005	0.006	0.005	0.004	0.002	0.003	0.003	0.005	0.005	0.006	0.005	0.004	0.003	0.003	0.002	0.003	0.004	0.003	0.004	0.004	0.003	0.002	0.002	0.004	0.003	0.004	0.003	0.003	0.002	0.004	0.005	0.005	0.005	0.005	0.004	0.004	0.004	0.008	0.006999999999999999	0.008	0.008	0.005	0.006999999999999999	0.004	0.006999999999999999
Imbroritus	0.006	0.005	0.006	0.005	0.005	0.006	0.004	0.002	0.004	0.004	0.005	0.006	0.005	0.005	0.004	0.003	0.003	0.002	0.004	0.004	0.003	0.003	0.003	0.002	0.002	0.002	0.004	0.002	0.003	0.003	0.002	0.002	0.005	0.004	0.005	0.006	0.004	0.004	0.004	0.004	0.008	0.009000000000000001	0.008	0.009000000000000001	0.005	0.006999999999999999	0.004	0.006999999999999999
Sulfuricaulis	0.006	0.005	0.005	0.005	0.006	0.005	0.004	0.002	0.004	0.002	0.004	0.006	0.006	0.006	0.004	0.002	0.004	0.001	0.004	0.004	0.004	0.003	0.004	0.003	0.002	0.002	0.004	0.003	0.003	0.004	0.003	0.002	0.004	0.005	0.006	0.006	0.004	0.004	0.004	0.003	0.009000000000000001	0.006999999999999999	0.006	0.009000000000000001	0.004	0.006999999999999999	0.003	0.006999999999999999
Defluviicoccus	0.004	0.005	0.003	0.004	0.004	0.004	0.004	0.002	0.003	0.002	0.003	0.004	0.004	0.003	0.002	0.001	0.003	0.002	0.003	0.003	0.002	0.002	0.002	0.002	0.003	0.002	0.004	0.002	0.003	0.002	0.002	0.001	0.003	0.005	0.003	0.003	0.003	0.003	0.004	0.003	0.012	0.012	0.017	0.015	0.008	0.013999999999999999	0.004	0.011000000000000001
Elioraea	0.005	0.004	0.005	0.005	0.005	0.005	0.005	0.002	0.003	0.003	0.004	0.005	0.004	0.005	0.003	0.002	0.003	0.002	0.004	0.003	0.003	0.003	0.004	0.003	0.003	0.003	0.005	0.003	0.003	0.003	0.003	0.002	0.004	0.006	0.005	0.004	0.004	0.004	0.004	0.003	0.009000000000000001	0.008	0.009000000000000001	0.01	0.006	0.008	0.004	0.006999999999999999
Adhaeribacter	0.006	0.006	0.006	0.006	0.005	0.005	0.005	0.004	0.003	0.003	0.005	0.005	0.004	0.004	0.004	0.003	0.003	0.002	0.004	0.005	0.003	0.004	0.003	0.003	0.004	0.002	0.004	0.004	0.003	0.003	0.003	0.003	0.008	0.004	0.008	0.009000000000000001	0.005	0.006	0.006	0.005	0.005	0.005	0.004	0.005	0.003	0.003	0.002	0.005
Collinsella	0.005	0.006	0.006	0.004	0.005	0.004	0.005	0.004	0.003	0.002	0.004	0.005	0.005	0.004	0.003	0.002	0.003	0.002	0.003	0.003	0.003	0.003	0.003	0.002	0.003	0.002	0.004	0.003	0.003	0.003	0.003	0.002	0.004	0.006999999999999999	0.005	0.005	0.003	0.003	0.005	0.005	0.009000000000000001	0.008	0.006999999999999999	0.009000000000000001	0.006999999999999999	0.006999999999999999	0.004	0.009000000000000001
Berryella	0.006	0.005	0.004	0.003	0.006	0.005	0.005	0.002	0.003	0.003	0.005	0.006	0.003	0.005	0.003	0.002	0.003	0.002	0.002	0.002	0.004	0.002	0.003	0.003	0.004	0.002	0.005	0.002	0.002	0.002	0.002	0.002	0.003	0.008	0.005	0.004	0.003	0.005	0.003	0.005	0.01	0.01	0.009000000000000001	0.01	0.005	0.009000000000000001	0.004	0.008
Acidisoma	0.005	0.005	0.004	0.004	0.004	0.004	0.005	0.002	0.003	0.004	0.004	0.005	0.005	0.004	0.003	0.003	0.003	0.003	0.005	0.003	0.003	0.003	0.003	0.002	0.003	0.003	0.004	0.003	0.003	0.003	0.002	0.002	0.004	0.006	0.004	0.005	0.004	0.003	0.004	0.003	0.008	0.011000000000000001	0.01	0.011000000000000001	0.005	0.008	0.004	0.006999999999999999
Methylophilus	0.006999999999999999	0.01	0.016	0.006	0.011000000000000001	0.016	0.008	0.011000000000000001	0.003	0.003	0.005	0.005	0.006999999999999999	0.002	0.004	0.006	0.003	0.001	0.002	0.002	0.008	0.002	0.003	0.002	0.005	0.004	0.002	0.005	0.008	0.002	0.001	0.001	0.001	0.002	0.002	0.001	0.001	0.002	0.001	0.001	0.003	0.004	0.003	0.005	0.002	0.003	0.002	0.004
Pelagovum	0.005	0.005	0.005	0.004	0.004	0.004	0.006	0.002	0.003	0.003	0.004	0.005	0.004	0.005	0.004	0.003	0.004	0.003	0.004	0.004	0.004	0.004	0.004	0.003	0.004	0.002	0.005	0.004	0.004	0.004	0.004	0.002	0.003	0.005	0.005	0.005	0.004	0.004	0.004	0.003	0.006999999999999999	0.008	0.006999999999999999	0.008	0.005	0.006	0.003	0.006
Psychrobacter	0.006	0.006	0.004	0.006	0.006	0.006	0.006999999999999999	0.005	0.004	0.004	0.005	0.006	0.003	0.005	0.004	0.004	0.003	0.005	0.004	0.002	0.003	0.003	0.003	0.003	0.004	0.004	0.004	0.003	0.003	0.003	0.003	0.002	0.004	0.006	0.005	0.004	0.003	0.003	0.003	0.003	0.006	0.006999999999999999	0.006	0.006	0.005	0.005	0.003	0.006
Marinomonas	0.005	0.006999999999999999	0.006	0.005	0.006999999999999999	0.006	0.006999999999999999	0.005	0.003	0.003	0.005	0.005	0.004	0.004	0.003	0.003	0.003	0.002	0.004	0.003	0.004	0.003	0.003	0.003	0.004	0.002	0.003	0.003	0.003	0.003	0.003	0.002	0.006	0.005	0.005	0.004	0.003	0.004	0.004	0.004	0.006999999999999999	0.006999999999999999	0.006	0.006999999999999999	0.005	0.005	0.004	0.006
Pseudazoarcus	0.005	0.004	0.005	0.005	0.004	0.004	0.004	0.002	0.003	0.003	0.005	0.005	0.005	0.005	0.004	0.002	0.003	0.002	0.003	0.003	0.003	0.002	0.004	0.003	0.003	0.002	0.004	0.003	0.003	0.004	0.003	0.002	0.005	0.005	0.006	0.005	0.004	0.004	0.004	0.003	0.009000000000000001	0.009000000000000001	0.009000000000000001	0.009000000000000001	0.004	0.006999999999999999	0.004	0.008
Sporisorium	0.003	0.005	0.006999999999999999	0.004	0.004	0.003	0.004	0.005	0.003	0.005	0.004	0.005	0.005	0.005	0.004	0.002	0.003	0.004	0.004	0.003	0.003	0.002	0.002	0.003	0.004	0.004	0.004	0.002	0.004	0.003	0.003	0.003	0.006	0.01	0.006999999999999999	0.006999999999999999	0.005	0.005	0.006999999999999999	0.006999999999999999	0.005	0.006	0.005	0.004	0.004	0.003	0.003	0.004
Kolteria	0.005	0.005	0.005	0.005	0.004	0.004	0.004	0.002	0.002	0.003	0.003	0.004	0.005	0.005	0.003	0.002	0.004	0.002	0.003	0.003	0.003	0.003	0.004	0.002	0.004	0.003	0.003	0.003	0.005	0.003	0.003	0.002	0.005	0.006	0.004	0.004	0.004	0.004	0.004	0.003	0.011000000000000001	0.009000000000000001	0.009000000000000001	0.009000000000000001	0.005	0.008	0.003	0.006999999999999999
Skermania	0.004	0.003	0.004	0.003	0.004	0.004	0.003	0.002	0.002	0.003	0.003	0.005	0.005	0.004	0.004	0.002	0.005	0.004	0.004	0.004	0.004	0.004	0.005	0.004	0.005	0.004	0.004	0.005	0.006	0.004	0.004	0.004	0.004	0.006	0.004	0.005	0.005	0.005	0.005	0.005	0.005	0.005	0.006999999999999999	0.006	0.005	0.006	0.003	0.005
Niallia	0.005	0.012	0.006999999999999999	0.004	0.005	0.005	0.006	0.006	0.003	0.003	0.002	0.004	0.003	0.002	0.003	0.003	0.002	0.001	0.003	0.002	0.002	0.002	0.001	0.003	0.002	0.002	0.002	0.001	0.002	0.002	0.002	0.002	0.004	0.004	0.004	0.003	0.004	0.003	0.003	0.006	0.009000000000000001	0.005	0.006999999999999999	0.003	0.019	0.013999999999999999	0.003	0.011000000000000001
Marinibacterium	0.005	0.005	0.004	0.003	0.005	0.004	0.005	0.002	0.003	0.003	0.004	0.005	0.005	0.005	0.004	0.003	0.003	0.003	0.004	0.004	0.004	0.003	0.004	0.003	0.004	0.003	0.004	0.003	0.004	0.004	0.003	0.002	0.005	0.005	0.005	0.005	0.004	0.004	0.004	0.003	0.006999999999999999	0.008	0.008	0.006999999999999999	0.005	0.006	0.004	0.005
Amaricoccus	0.005	0.004	0.005	0.004	0.004	0.005	0.004	0.002	0.002	0.002	0.004	0.005	0.004	0.004	0.004	0.003	0.004	0.003	0.004	0.004	0.004	0.004	0.004	0.003	0.005	0.003	0.006	0.005	0.005	0.003	0.004	0.002	0.003	0.004	0.005	0.005	0.004	0.003	0.003	0.003	0.008	0.008	0.006	0.008	0.005	0.006999999999999999	0.003	0.006
Rufibacter	0.006	0.006	0.006	0.006	0.006999999999999999	0.005	0.006999999999999999	0.004	0.003	0.003	0.006	0.005	0.004	0.004	0.003	0.003	0.003	0.001	0.004	0.004	0.003	0.003	0.003	0.003	0.003	0.002	0.003	0.002	0.003	0.003	0.003	0.002	0.006	0.003	0.006	0.006999999999999999	0.004	0.005	0.005	0.004	0.006999999999999999	0.006999999999999999	0.005	0.005	0.005	0.005	0.003	0.005
Brachymonas	0.006	0.006	0.006999999999999999	0.006	0.006	0.006	0.006	0.002	0.003	0.004	0.006999999999999999	0.006	0.005	0.005	0.006	0.004	0.003	0.001	0.003	0.003	0.003	0.003	0.003	0.002	0.003	0.002	0.005	0.002	0.003	0.003	0.002	0.002	0.005	0.003	0.005	0.006	0.005	0.003	0.005	0.005	0.006	0.006	0.005	0.006999999999999999	0.004	0.004	0.003	0.005
Radicibacter	0.005	0.005	0.004	0.004	0.004	0.004	0.005	0.003	0.003	0.003	0.005	0.005	0.005	0.005	0.004	0.002	0.003	0.002	0.005	0.003	0.004	0.003	0.003	0.003	0.004	0.003	0.004	0.003	0.003	0.003	0.003	0.002	0.004	0.005	0.004	0.004	0.003	0.004	0.004	0.003	0.008	0.01	0.008	0.009000000000000001	0.004	0.006	0.004	0.006
Actimicrobium	0.005	0.008	0.006	0.004	0.005	0.005	0.004	0.003	0.003	0.004	0.006	0.006	0.006	0.005	0.003	0.003	0.003	0.002	0.004	0.003	0.003	0.003	0.003	0.003	0.002	0.002	0.004	0.002	0.002	0.002	0.002	0.002	0.004	0.004	0.005	0.005	0.004	0.004	0.003	0.004	0.008	0.008	0.006	0.009000000000000001	0.004	0.005	0.004	0.006999999999999999
Trichomonas	0.003	0.003	0.005	0.004	0.006	0.006	0.005	0.017	0.004	0.005	0.003	0.003	0.005	0.003	0.003	0.005	0.002	0.004	0.005	0.002	0.003	0.003	0.002	0.003	0.003	0.002	0.002	0.002	0.003	0.003	0.003	0.002	0.008	0.006	0.004	0.004	0.004	0.006	0.006	0.01	0.004	0.003	0.005	0.002	0.008	0.002	0.003	0.003
Haematobacter	0.006	0.005	0.006999999999999999	0.005	0.005	0.006	0.005	0.002	0.002	0.003	0.005	0.006	0.005	0.004	0.004	0.002	0.003	0.002	0.003	0.003	0.004	0.002	0.004	0.003	0.004	0.002	0.004	0.004	0.005	0.003	0.003	0.002	0.003	0.005	0.004	0.004	0.003	0.002	0.004	0.004	0.006999999999999999	0.009000000000000001	0.006	0.008	0.005	0.006	0.003	0.006
Blattabacterium	0.005	0.005	0.006	0.004	0.005	0.006999999999999999	0.008	0.01	0.003	0.004	0.004	0.003	0.004	0.004	0.003	0.004	0.002	0.003	0.004	0.002	0.003	0.003	0.002	0.003	0.002	0.002	0.003	0.002	0.002	0.002	0.003	0.002	0.006	0.008	0.005	0.005	0.005	0.004	0.005	0.011000000000000001	0.005	0.004	0.005	0.003	0.006999999999999999	0.003	0.003	0.004
Trichlorobacter	0.005	0.003	0.003	0.005	0.003	0.003	0.004	0.001	0.002	0.002	0.002	0.004	0.004	0.004	0.002	0.002	0.003	0.001	0.002	0.003	0.002	0.002	0.003	0.002	0.002	0.002	0.003	0.002	0.002	0.002	0.002	0.001	0.004	0.005	0.003	0.004	0.003	0.003	0.003	0.002	0.009000000000000001	0.01	0.013	0.023	0.009000000000000001	0.006	0.003	0.019
Roseicyclus	0.006	0.005	0.004	0.004	0.006	0.004	0.006	0.003	0.003	0.003	0.004	0.005	0.004	0.004	0.003	0.002	0.003	0.002	0.004	0.003	0.003	0.003	0.004	0.003	0.004	0.003	0.004	0.004	0.004	0.003	0.003	0.002	0.004	0.005	0.004	0.004	0.004	0.004	0.003	0.004	0.006999999999999999	0.008	0.006999999999999999	0.008	0.005	0.006	0.004	0.006
Vitreoscilla	0.006	0.006999999999999999	0.008	0.006	0.006	0.005	0.004	0.003	0.003	0.004	0.006	0.006	0.005	0.005	0.005	0.004	0.003	0.001	0.003	0.003	0.003	0.003	0.003	0.002	0.002	0.002	0.004	0.002	0.003	0.003	0.002	0.002	0.004	0.003	0.004	0.006	0.004	0.004	0.004	0.004	0.006	0.006	0.006	0.006999999999999999	0.004	0.004	0.004	0.006
Ekhidna	0.006999999999999999	0.006	0.009000000000000001	0.006999999999999999	0.006999999999999999	0.006999999999999999	0.006999999999999999	0.006	0.003	0.003	0.006	0.005	0.004	0.002	0.004	0.003	0.002	0.001	0.002	0.002	0.003	0.003	0.002	0.002	0.003	0.002	0.003	0.002	0.002	0.002	0.002	0.002	0.006	0.003	0.005	0.005	0.004	0.004	0.004	0.005	0.008	0.006999999999999999	0.005	0.006999999999999999	0.004	0.003	0.003	0.006
Geobacillus	0.005	0.005	0.005	0.006	0.005	0.004	0.006	0.004	0.002	0.003	0.003	0.005	0.004	0.004	0.004	0.003	0.003	0.002	0.004	0.003	0.003	0.003	0.003	0.003	0.003	0.003	0.003	0.002	0.003	0.003	0.003	0.002	0.005	0.006	0.004	0.004	0.004	0.003	0.004	0.003	0.008	0.008	0.008	0.006999999999999999	0.005	0.006	0.003	0.006
Thioflavicoccus	0.005	0.004	0.004	0.004	0.004	0.004	0.004	0.003	0.003	0.002	0.004	0.005	0.006	0.005	0.003	0.002	0.004	0.002	0.004	0.004	0.004	0.004	0.004	0.003	0.003	0.002	0.004	0.003	0.003	0.003	0.002	0.003	0.004	0.005	0.005	0.005	0.004	0.004	0.004	0.002	0.006999999999999999	0.008	0.006	0.008	0.005	0.006	0.003	0.006999999999999999
Haladaptatus	0.005	0.004	0.005	0.005	0.004	0.004	0.005	0.005	0.002	0.003	0.004	0.005	0.004	0.004	0.004	0.002	0.004	0.002	0.003	0.003	0.003	0.003	0.004	0.003	0.004	0.003	0.003	0.003	0.004	0.003	0.003	0.002	0.005	0.005	0.005	0.004	0.004	0.003	0.004	0.004	0.008	0.006999999999999999	0.006999999999999999	0.006999999999999999	0.005	0.005	0.003	0.006
Rhodoligotrophos	0.004	0.004	0.004	0.004	0.004	0.004	0.006	0.002	0.002	0.004	0.004	0.005	0.004	0.004	0.003	0.002	0.004	0.002	0.005	0.003	0.003	0.003	0.003	0.003	0.003	0.003	0.005	0.003	0.004	0.003	0.003	0.003	0.003	0.005	0.003	0.005	0.004	0.003	0.004	0.002	0.008	0.009000000000000001	0.009000000000000001	0.008	0.005	0.006	0.003	0.006999999999999999
Parasphingorhabdus	0.004	0.004	0.006	0.003	0.005	0.004	0.006	0.003	0.002	0.003	0.005	0.006	0.005	0.005	0.004	0.003	0.004	0.002	0.004	0.004	0.004	0.003	0.003	0.003	0.005	0.003	0.004	0.004	0.003	0.004	0.003	0.003	0.003	0.004	0.004	0.004	0.003	0.003	0.004	0.003	0.006999999999999999	0.006999999999999999	0.006999999999999999	0.006999999999999999	0.003	0.006	0.003	0.005
Hahella	0.005	0.006	0.005	0.004	0.005	0.006	0.006999999999999999	0.003	0.003	0.003	0.005	0.005	0.005	0.005	0.004	0.003	0.003	0.002	0.004	0.004	0.003	0.004	0.003	0.002	0.003	0.003	0.004	0.002	0.003	0.003	0.002	0.003	0.004	0.004	0.004	0.005	0.003	0.004	0.004	0.003	0.006999999999999999	0.006	0.006	0.008	0.004	0.004	0.003	0.005
Pseudogulbenkiania	0.005	0.005	0.006	0.006	0.005	0.005	0.004	0.002	0.003	0.003	0.005	0.005	0.005	0.004	0.004	0.003	0.003	0.002	0.003	0.004	0.003	0.003	0.003	0.003	0.002	0.003	0.004	0.003	0.003	0.003	0.002	0.002	0.004	0.004	0.004	0.004	0.004	0.004	0.004	0.003	0.006	0.008	0.006999999999999999	0.008	0.004	0.006	0.003	0.006
Gaopeijia	0.005	0.006	0.004	0.005	0.005	0.005	0.004	0.002	0.003	0.002	0.004	0.004	0.004	0.004	0.003	0.002	0.003	0.002	0.003	0.003	0.003	0.003	0.003	0.002	0.003	0.002	0.003	0.003	0.005	0.003	0.003	0.002	0.004	0.005	0.005	0.004	0.004	0.004	0.004	0.004	0.008	0.006999999999999999	0.006999999999999999	0.006999999999999999	0.005	0.008	0.003	0.006
Citrifermentans	0.004	0.005	0.004	0.004	0.005	0.004	0.003	0.002	0.003	0.002	0.003	0.004	0.004	0.004	0.002	0.002	0.003	0.001	0.003	0.003	0.003	0.002	0.003	0.002	0.002	0.002	0.003	0.002	0.003	0.003	0.002	0.001	0.004	0.004	0.003	0.004	0.004	0.003	0.003	0.002	0.009000000000000001	0.008	0.013	0.016	0.005	0.006	0.004	0.012
Sandaracinobacteroides	0.005	0.006	0.004	0.004	0.005	0.004	0.005	0.002	0.003	0.003	0.004	0.005	0.006	0.005	0.004	0.002	0.004	0.002	0.004	0.003	0.003	0.003	0.003	0.002	0.004	0.003	0.004	0.003	0.004	0.003	0.003	0.002	0.004	0.005	0.005	0.004	0.004	0.003	0.004	0.003	0.006999999999999999	0.006999999999999999	0.006	0.006	0.005	0.005	0.003	0.005
Ochrobactrum	0.003	0.004	0.004	0.003	0.002	0.002	0.004	0.001	0.005	0.002	0.002	0.003	0.005	0.004	0.003	0.002	0.005	0.004	0.002	0.003	0.004	0.002	0.003	0.002	0.025	0.006	0.006	0.008	0.004	0.002	0.003	0.005	0.003	0.002	0.002	0.002	0.002	0.004	0.003	0.002	0.005	0.004	0.004	0.006999999999999999	0.004	0.008	0.003	0.005
Methylobacter	0.005	0.005	0.005	0.004	0.006	0.005	0.006	0.003	0.003	0.003	0.005	0.005	0.005	0.004	0.003	0.003	0.003	0.002	0.004	0.003	0.003	0.003	0.003	0.002	0.002	0.002	0.004	0.002	0.003	0.002	0.002	0.002	0.004	0.004	0.004	0.005	0.003	0.003	0.004	0.002	0.006999999999999999	0.008	0.008	0.009000000000000001	0.004	0.005	0.003	0.006999999999999999
Rhodocaloribacter	0.005	0.005	0.005	0.005	0.005	0.005	0.005	0.002	0.003	0.002	0.003	0.003	0.004	0.004	0.004	0.002	0.003	0.002	0.003	0.003	0.003	0.003	0.003	0.003	0.003	0.002	0.003	0.003	0.003	0.003	0.003	0.002	0.004	0.005	0.005	0.004	0.004	0.004	0.004	0.003	0.008	0.006999999999999999	0.008	0.006999999999999999	0.005	0.006999999999999999	0.003	0.006
Pseudochrobactrum	0.005	0.005	0.004	0.004	0.004	0.003	0.005	0.002	0.002	0.002	0.003	0.005	0.004	0.004	0.003	0.002	0.004	0.002	0.005	0.004	0.004	0.003	0.004	0.002	0.009000000000000001	0.004	0.003	0.004	0.005	0.003	0.003	0.002	0.003	0.004	0.004	0.004	0.003	0.002	0.003	0.002	0.006	0.006999999999999999	0.006999999999999999	0.008	0.003	0.005	0.003	0.009000000000000001
Cutaneotrichosporon	0.003	0.004	0.005	0.004	0.004	0.005	0.004	0.005	0.002	0.005	0.004	0.004	0.003	0.005	0.005	0.002	0.003	0.003	0.003	0.002	0.003	0.003	0.003	0.003	0.003	0.003	0.004	0.003	0.003	0.003	0.002	0.004	0.006999999999999999	0.006999999999999999	0.006999999999999999	0.006	0.005	0.005	0.006999999999999999	0.004	0.004	0.005	0.005	0.005	0.004	0.003	0.002	0.003
Aurantibacillus	0.006999999999999999	0.006999999999999999	0.006999999999999999	0.006	0.01	0.006999999999999999	0.006999999999999999	0.004	0.003	0.003	0.006	0.006999999999999999	0.004	0.004	0.005	0.003	0.003	0.001	0.003	0.003	0.003	0.002	0.003	0.002	0.002	0.001	0.003	0.003	0.003	0.002	0.002	0.002	0.003	0.002	0.002	0.003	0.004	0.003	0.004	0.002	0.009000000000000001	0.006999999999999999	0.003	0.006	0.003	0.004	0.002	0.005
Aerophototrophica	0.004	0.004	0.003	0.004	0.005	0.004	0.004	0.003	0.003	0.003	0.004	0.004	0.005	0.004	0.004	0.002	0.003	0.002	0.004	0.003	0.003	0.003	0.003	0.003	0.003	0.002	0.004	0.003	0.004	0.003	0.002	0.002	0.004	0.006	0.004	0.004	0.003	0.003	0.005	0.003	0.006999999999999999	0.006999999999999999	0.008	0.008	0.004	0.006	0.003	0.006999999999999999
Phocaeicola	0.004	0.003	0.005	0.004	0.006999999999999999	0.006	0.004	0.004	0.003	0.003	0.003	0.004	0.005	0.003	0.003	0.003	0.003	0.001	0.003	0.003	0.003	0.003	0.003	0.003	0.002	0.003	0.005	0.002	0.004	0.003	0.003	0.003	0.006	0.004	0.006	0.005	0.005	0.006	0.005	0.004	0.005	0.006999999999999999	0.006	0.005	0.005	0.002	0.002	0.005
Pikeienuella	0.004	0.004	0.005	0.003	0.004	0.004	0.004	0.002	0.002	0.002	0.003	0.005	0.005	0.004	0.003	0.002	0.004	0.002	0.004	0.003	0.003	0.003	0.004	0.003	0.003	0.002	0.004	0.003	0.004	0.003	0.003	0.002	0.003	0.005	0.004	0.004	0.003	0.003	0.004	0.004	0.008	0.009000000000000001	0.006999999999999999	0.008	0.005	0.006999999999999999	0.003	0.006
Sulfuritalea	0.004	0.005	0.004	0.004	0.005	0.004	0.004	0.002	0.002	0.003	0.004	0.005	0.004	0.004	0.003	0.002	0.003	0.002	0.003	0.003	0.003	0.003	0.002	0.002	0.002	0.001	0.003	0.002	0.003	0.002	0.002	0.002	0.003	0.004	0.004	0.004	0.003	0.003	0.004	0.004	0.009000000000000001	0.009000000000000001	0.009000000000000001	0.012	0.004	0.006999999999999999	0.004	0.009000000000000001
Roseivirga	0.006999999999999999	0.006	0.008	0.006999999999999999	0.01	0.006	0.006999999999999999	0.004	0.003	0.002	0.006	0.005	0.003	0.003	0.004	0.003	0.002	0.001	0.003	0.003	0.002	0.002	0.002	0.002	0.002	0.002	0.003	0.002	0.003	0.003	0.002	0.002	0.006	0.002	0.005	0.005	0.003	0.004	0.004	0.004	0.006999999999999999	0.006	0.003	0.006	0.003	0.003	0.002	0.005
Draconibacterium	0.005	0.004	0.006	0.006	0.006	0.004	0.005	0.005	0.002	0.003	0.005	0.005	0.005	0.003	0.004	0.002	0.003	0.001	0.003	0.004	0.003	0.003	0.002	0.004	0.003	0.002	0.004	0.003	0.003	0.003	0.002	0.003	0.004	0.003	0.006	0.005	0.004	0.004	0.005	0.005	0.006999999999999999	0.006	0.004	0.005	0.003	0.003	0.003	0.005
Tateyamaria	0.005	0.004	0.005	0.004	0.003	0.004	0.005	0.002	0.003	0.003	0.004	0.005	0.004	0.004	0.005	0.003	0.003	0.002	0.004	0.003	0.004	0.003	0.004	0.003	0.003	0.003	0.004	0.003	0.003	0.003	0.003	0.002	0.004	0.005	0.004	0.004	0.004	0.003	0.003	0.003	0.006	0.006999999999999999	0.006	0.006999999999999999	0.004	0.006	0.003	0.006
Woeseia	0.003	0.006999999999999999	0.003	0.003	0.004	0.003	0.006	0.001	0.003	0.004	0.006	0.004	0.005	0.004	0.003	0.004	0.005	0.001	0.003	0.003	0.005	0.002	0.005	0.002	0.001	0.001	0.003	0.001	0.002	0.002	0.002	0.001	0.003	0.006999999999999999	0.003	0.008	0.002	0.005	0.005	0.004	0.009000000000000001	0.009000000000000001	0.004	0.01	0.003	0.003	0.003	0.008
Oceanimonas	0.006	0.005	0.006	0.004	0.005	0.004	0.005	0.003	0.003	0.003	0.003	0.004	0.004	0.004	0.003	0.003	0.003	0.002	0.003	0.003	0.003	0.003	0.003	0.003	0.003	0.003	0.004	0.002	0.002	0.003	0.002	0.002	0.005	0.005	0.003	0.005	0.003	0.003	0.004	0.003	0.006	0.009000000000000001	0.006	0.008	0.004	0.005	0.003	0.006
Neotabrizicola	0.004	0.006	0.004	0.003	0.005	0.004	0.004	0.002	0.002	0.002	0.004	0.005	0.004	0.004	0.003	0.002	0.003	0.003	0.003	0.004	0.004	0.004	0.004	0.003	0.004	0.003	0.004	0.004	0.004	0.004	0.003	0.002	0.004	0.004	0.004	0.004	0.003	0.003	0.003	0.003	0.006999999999999999	0.006	0.006	0.006999999999999999	0.004	0.006	0.003	0.006
Sphaerobacter	0.005	0.004	0.004	0.004	0.004	0.004	0.004	0.002	0.002	0.002	0.003	0.004	0.004	0.004	0.003	0.002	0.004	0.003	0.003	0.004	0.003	0.003	0.004	0.003	0.003	0.002	0.003	0.004	0.003	0.003	0.003	0.003	0.003	0.006	0.005	0.004	0.004	0.003	0.004	0.003	0.008	0.005	0.008	0.006	0.005	0.008	0.002	0.006
Halothiobacillus	0.005	0.004	0.005	0.004	0.005	0.004	0.005	0.002	0.003	0.003	0.004	0.006	0.004	0.004	0.004	0.002	0.004	0.002	0.003	0.004	0.003	0.003	0.004	0.003	0.002	0.002	0.004	0.002	0.002	0.003	0.003	0.002	0.003	0.005	0.005	0.006	0.004	0.004	0.003	0.003	0.006	0.006999999999999999	0.006	0.006999999999999999	0.003	0.005	0.003	0.006
Palleronia	0.004	0.004	0.006	0.004	0.004	0.004	0.005	0.002	0.002	0.002	0.004	0.005	0.005	0.003	0.004	0.002	0.003	0.002	0.004	0.003	0.004	0.003	0.003	0.002	0.003	0.002	0.004	0.004	0.003	0.003	0.003	0.003	0.003	0.006	0.004	0.004	0.004	0.003	0.004	0.002	0.006999999999999999	0.006999999999999999	0.006	0.006999999999999999	0.005	0.006	0.003	0.006
Halovivax	0.004	0.005	0.004	0.004	0.003	0.005	0.004	0.002	0.003	0.003	0.003	0.005	0.005	0.004	0.003	0.002	0.004	0.003	0.003	0.003	0.003	0.003	0.003	0.003	0.003	0.003	0.004	0.003	0.004	0.003	0.003	0.002	0.004	0.006	0.004	0.004	0.004	0.005	0.005	0.003	0.006	0.006	0.006	0.006	0.004	0.006	0.003	0.005
Sterolibacterium	0.004	0.005	0.005	0.004	0.004	0.004	0.006	0.002	0.003	0.003	0.003	0.004	0.004	0.004	0.003	0.002	0.003	0.001	0.003	0.003	0.003	0.003	0.003	0.002	0.002	0.002	0.003	0.002	0.002	0.003	0.002	0.002	0.003	0.004	0.005	0.004	0.003	0.004	0.004	0.003	0.008	0.008	0.008	0.012	0.004	0.006	0.003	0.006999999999999999
Roseimaritima	0.005	0.005	0.004	0.003	0.004	0.005	0.004	0.001	0.002	0.002	0.004	0.004	0.004	0.004	0.004	0.002	0.004	0.001	0.003	0.003	0.003	0.003	0.003	0.002	0.003	0.002	0.003	0.003	0.003	0.003	0.003	0.002	0.004	0.004	0.004	0.004	0.004	0.003	0.003	0.002	0.01	0.006999999999999999	0.009000000000000001	0.008	0.005	0.006999999999999999	0.003	0.006999999999999999
Yimella	0.004	0.004	0.004	0.004	0.003	0.005	0.005	0.002	0.002	0.002	0.003	0.004	0.004	0.003	0.003	0.002	0.004	0.004	0.002	0.003	0.004	0.003	0.003	0.003	0.004	0.003	0.004	0.005	0.004	0.003	0.003	0.003	0.004	0.005	0.004	0.005	0.004	0.006	0.005	0.005	0.006	0.006	0.005	0.004	0.004	0.006	0.003	0.004
Haloferula	0.006	0.003	0.004	0.004	0.004	0.006	0.004	0.003	0.003	0.002	0.005	0.004	0.005	0.004	0.003	0.002	0.003	0.001	0.003	0.002	0.003	0.003	0.004	0.002	0.003	0.002	0.003	0.003	0.004	0.004	0.003	0.002	0.004	0.004	0.005	0.004	0.004	0.003	0.003	0.003	0.008	0.008	0.006	0.006999999999999999	0.004	0.006	0.003	0.006
Halococcus	0.004	0.005	0.005	0.003	0.005	0.004	0.003	0.004	0.002	0.003	0.003	0.004	0.004	0.005	0.004	0.002	0.003	0.002	0.003	0.004	0.003	0.003	0.003	0.003	0.003	0.002	0.004	0.003	0.004	0.003	0.003	0.002	0.004	0.006	0.004	0.004	0.004	0.003	0.004	0.003	0.006999999999999999	0.006	0.006	0.006	0.005	0.006	0.003	0.005
Saccharomyces	0.003	0.005	0.006	0.004	0.004	0.004	0.004	0.008	0.003	0.003	0.004	0.006	0.004	0.004	0.003	0.003	0.003	0.003	0.004	0.003	0.002	0.002	0.002	0.002	0.004	0.003	0.003	0.003	0.003	0.002	0.003	0.003	0.005	0.005	0.004	0.006	0.004	0.004	0.004	0.006	0.005	0.005	0.005	0.003	0.005	0.002	0.003	0.004
Methylomagnum	0.004	0.004	0.005	0.005	0.005	0.003	0.005	0.004	0.003	0.003	0.004	0.005	0.004	0.004	0.003	0.003	0.003	0.002	0.004	0.003	0.003	0.003	0.003	0.002	0.002	0.002	0.003	0.002	0.003	0.003	0.003	0.002	0.003	0.005	0.005	0.005	0.003	0.003	0.003	0.003	0.006	0.006999999999999999	0.006999999999999999	0.006999999999999999	0.004	0.005	0.003	0.006
Brevirhabdus	0.004	0.006	0.004	0.003	0.003	0.004	0.004	0.002	0.002	0.003	0.004	0.004	0.004	0.004	0.004	0.002	0.003	0.002	0.004	0.003	0.003	0.003	0.003	0.002	0.003	0.002	0.004	0.003	0.004	0.003	0.003	0.002	0.003	0.004	0.004	0.004	0.004	0.003	0.003	0.003	0.006999999999999999	0.006999999999999999	0.006999999999999999	0.006999999999999999	0.005	0.006	0.003	0.006999999999999999
Fontisphaera	0.005	0.006	0.003	0.004	0.005	0.004	0.005	0.002	0.002	0.002	0.003	0.003	0.003	0.003	0.002	0.002	0.002	0.001	0.003	0.002	0.001	0.002	0.002	0.001	0.001	0.002	0.002	0.001	0.002	0.002	0.001	0.001	0.002	0.003	0.002	0.003	0.002	0.002	0.002	0.001	0.015	0.012	0.011000000000000001	0.016	0.005	0.006999999999999999	0.004	0.013999999999999999
Ferrimonas	0.005	0.004	0.005	0.005	0.005	0.004	0.004	0.003	0.002	0.002	0.004	0.006	0.005	0.004	0.003	0.002	0.004	0.002	0.003	0.003	0.003	0.003	0.003	0.003	0.003	0.003	0.003	0.003	0.003	0.003	0.003	0.002	0.003	0.004	0.004	0.004	0.004	0.003	0.004	0.003	0.006	0.006	0.006	0.006	0.003	0.005	0.003	0.006
Cohaesibacter	0.004	0.004	0.004	0.003	0.004	0.004	0.004	0.003	0.002	0.003	0.003	0.005	0.003	0.004	0.002	0.002	0.003	0.002	0.004	0.003	0.003	0.003	0.003	0.003	0.004	0.003	0.004	0.003	0.003	0.002	0.003	0.003	0.002	0.004	0.004	0.004	0.004	0.004	0.003	0.003	0.006	0.008	0.008	0.009000000000000001	0.004	0.005	0.003	0.006
Thiothrix	0.005	0.005	0.005	0.004	0.006	0.005	0.005	0.003	0.002	0.003	0.004	0.004	0.004	0.004	0.004	0.002	0.003	0.001	0.004	0.002	0.003	0.002	0.003	0.002	0.002	0.002	0.003	0.002	0.003	0.002	0.002	0.001	0.003	0.005	0.004	0.004	0.003	0.004	0.003	0.004	0.006999999999999999	0.006999999999999999	0.006999999999999999	0.008	0.003	0.005	0.003	0.006999999999999999
Natronococcus	0.004	0.004	0.004	0.004	0.004	0.003	0.004	0.002	0.002	0.003	0.003	0.004	0.004	0.004	0.003	0.002	0.004	0.003	0.003	0.003	0.003	0.003	0.003	0.003	0.004	0.003	0.003	0.004	0.005	0.003	0.003	0.002	0.003	0.005	0.004	0.004	0.004	0.003	0.004	0.004	0.006	0.006	0.006	0.006	0.004	0.005	0.003	0.005
Sulfidibacter	0.006	0.003	0.005	0.004	0.005	0.004	0.005	0.002	0.002	0.002	0.004	0.005	0.003	0.004	0.003	0.002	0.003	0.002	0.003	0.003	0.003	0.003	0.003	0.002	0.002	0.002	0.003	0.002	0.003	0.003	0.002	0.002	0.003	0.004	0.005	0.004	0.004	0.003	0.004	0.004	0.006999999999999999	0.006999999999999999	0.006999999999999999	0.006999999999999999	0.004	0.005	0.003	0.006
Pseudoroseicyclus	0.004	0.004	0.004	0.004	0.004	0.004	0.004	0.003	0.002	0.003	0.004	0.004	0.003	0.004	0.004	0.003	0.003	0.002	0.004	0.003	0.003	0.003	0.003	0.003	0.003	0.002	0.004	0.003	0.003	0.003	0.003	0.003	0.004	0.004	0.004	0.004	0.004	0.003	0.004	0.003	0.006999999999999999	0.006	0.005	0.006	0.003	0.005	0.003	0.005
Lautropia	0.004	0.006	0.005	0.003	0.004	0.004	0.003	0.002	0.003	0.003	0.005	0.005	0.005	0.004	0.004	0.003	0.003	0.002	0.003	0.004	0.003	0.003	0.003	0.002	0.002	0.002	0.003	0.003	0.004	0.003	0.002	0.002	0.004	0.004	0.003	0.004	0.003	0.003	0.004	0.004	0.006	0.006	0.006	0.006	0.004	0.005	0.002	0.005
Myroides	0.005	0.005	0.006	0.005	0.006	0.005	0.006	0.006	0.002	0.002	0.004	0.004	0.003	0.003	0.003	0.002	0.002	0.002	0.003	0.002	0.003	0.002	0.002	0.002	0.004	0.003	0.002	0.002	0.003	0.002	0.002	0.001	0.005	0.004	0.006	0.004	0.003	0.004	0.003	0.006	0.006	0.004	0.003	0.005	0.005	0.006	0.002	0.005
Dinoroseobacter	0.005	0.005	0.005	0.003	0.004	0.004	0.004	0.002	0.002	0.002	0.003	0.005	0.004	0.004	0.003	0.002	0.003	0.002	0.003	0.003	0.003	0.003	0.003	0.002	0.004	0.002	0.004	0.004	0.003	0.003	0.003	0.002	0.003	0.004	0.004	0.005	0.003	0.003	0.003	0.003	0.006	0.006	0.006	0.006999999999999999	0.004	0.005	0.003	0.006
Mixta	0.005	0.004	0.005	0.004	0.005	0.004	0.006	0.002	0.002	0.003	0.004	0.005	0.004	0.004	0.003	0.003	0.003	0.002	0.004	0.003	0.003	0.003	0.003	0.002	0.002	0.002	0.003	0.002	0.003	0.003	0.002	0.002	0.003	0.005	0.003	0.005	0.003	0.003	0.003	0.003	0.006	0.006	0.006	0.006	0.004	0.005	0.003	0.006
Aliarcobacter	0.003	0.004	0.003	0.004	0.004	0.005	0.005	0.011000000000000001	0.004	0.005	0.003	0.004	0.003	0.003	0.004	0.005	0.001	0.003	0.005	0.002	0.003	0.002	0.001	0.003	0.002	0.002	0.002	0.001	0.001	0.002	0.003	0.002	0.006	0.005	0.005	0.004	0.004	0.004	0.004	0.006999999999999999	0.003	0.003	0.005	0.002	0.008	0.002	0.004	0.003
Candidatus Viadribacter	0.003	0.005	0.003	0.004	0.004	0.004	0.003	0.001	0.002	0.002	0.002	0.002	0.003	0.003	0.002	0.001	0.003	0.001	0.003	0.006	0.005	0.004	0.006	0.002	0.005	0.002	0.004	0.004	0.005	0.004	0.004	0.002	0.002	0.003	0.006	0.004	0.003	0.002	0.002	0.003	0.008	0.006999999999999999	0.006	0.006999999999999999	0.003	0.005	0.003	0.005
Besnoitia	0.005	0.004	0.005	0.004	0.005	0.005	0.005	0.006	0.002	0.003	0.003	0.004	0.004	0.004	0.004	0.002	0.003	0.002	0.003	0.003	0.003	0.003	0.003	0.002	0.003	0.002	0.003	0.002	0.003	0.002	0.002	0.002	0.004	0.006999999999999999	0.004	0.004	0.004	0.003	0.004	0.005	0.005	0.005	0.004	0.004	0.003	0.004	0.003	0.004
Mycoplasmopsis	0.003	0.003	0.004	0.003	0.003	0.006	0.004	0.012	0.003	0.004	0.004	0.003	0.003	0.003	0.003	0.005	0.002	0.002	0.004	0.002	0.002	0.003	0.002	0.002	0.002	0.002	0.002	0.002	0.003	0.003	0.003	0.002	0.006	0.006999999999999999	0.005	0.004	0.004	0.005	0.003	0.006999999999999999	0.003	0.003	0.005	0.002	0.006999999999999999	0.001	0.003	0.003
Brenneria	0.005	0.004	0.005	0.004	0.005	0.003	0.005	0.002	0.002	0.003	0.004	0.005	0.004	0.004	0.003	0.002	0.002	0.001	0.004	0.003	0.003	0.002	0.002	0.002	0.003	0.002	0.003	0.002	0.002	0.002	0.002	0.002	0.003	0.004	0.003	0.004	0.003	0.003	0.003	0.002	0.006	0.006	0.012	0.008	0.004	0.004	0.003	0.006
Actinopolyspora	0.004	0.003	0.003	0.002	0.003	0.003	0.003	0.001	0.002	0.002	0.003	0.003	0.003	0.004	0.003	0.001	0.005	0.003	0.003	0.004	0.004	0.004	0.004	0.004	0.004	0.003	0.004	0.003	0.003	0.004	0.003	0.003	0.004	0.005	0.005	0.004	0.004	0.004	0.004	0.004	0.005	0.004	0.005	0.005	0.004	0.005	0.003	0.004
Morganella	0.005	0.005	0.004	0.004	0.002	0.004	0.003	0.006	0.002	0.002	0.003	0.006	0.006	0.004	0.003	0.002	0.002	0.001	0.003	0.002	0.003	0.003	0.002	0.001	0.002	0.002	0.003	0.002	0.003	0.002	0.002	0.001	0.004	0.004	0.005	0.004	0.003	0.004	0.005	0.004	0.004	0.006	0.006	0.006999999999999999	0.003	0.006	0.003	0.006999999999999999
Candida	0.004	0.004	0.005	0.004	0.004	0.005	0.006	0.008	0.002	0.003	0.003	0.003	0.004	0.003	0.003	0.003	0.002	0.003	0.003	0.002	0.002	0.002	0.002	0.002	0.003	0.003	0.002	0.002	0.003	0.002	0.003	0.002	0.006	0.008	0.005	0.004	0.003	0.004	0.004	0.006	0.003	0.003	0.004	0.003	0.006	0.002	0.003	0.003
Hankyongella	0.005	0.004	0.004	0.004	0.004	0.004	0.006	0.003	0.003	0.003	0.003	0.004	0.005	0.004	0.002	0.002	0.003	0.002	0.004	0.003	0.003	0.003	0.003	0.002	0.003	0.002	0.003	0.003	0.003	0.003	0.002	0.002	0.003	0.004	0.003	0.004	0.003	0.002	0.003	0.003	0.005	0.006999999999999999	0.006	0.006	0.003	0.005	0.003	0.005
Pluralibacter	0.004	0.004	0.004	0.004	0.004	0.004	0.005	0.002	0.004	0.003	0.003	0.005	0.004	0.004	0.004	0.001	0.003	0.002	0.003	0.003	0.003	0.002	0.003	0.002	0.002	0.002	0.003	0.002	0.003	0.003	0.002	0.002	0.002	0.005	0.004	0.004	0.003	0.004	0.004	0.003	0.006	0.005	0.008	0.006	0.004	0.004	0.003	0.005
Curvibacter	0.004	0.009000000000000001	0.006	0.004	0.006	0.006	0.003	0.002	0.003	0.003	0.006999999999999999	0.004	0.003	0.003	0.005	0.004	0.002	0.0	0.002	0.003	0.002	0.003	0.003	0.001	0.002	0.001	0.004	0.002	0.002	0.002	0.002	0.001	0.004	0.002	0.003	0.008	0.003	0.003	0.003	0.01	0.004	0.004	0.004	0.005	0.002	0.003	0.003	0.004
Methylomarinovum	0.004	0.005	0.005	0.004	0.004	0.004	0.003	0.002	0.002	0.002	0.004	0.005	0.004	0.003	0.003	0.002	0.003	0.001	0.004	0.003	0.003	0.003	0.003	0.002	0.002	0.002	0.003	0.002	0.003	0.003	0.002	0.002	0.003	0.005	0.004	0.004	0.003	0.003	0.004	0.003	0.006999999999999999	0.006	0.006	0.006	0.004	0.005	0.003	0.005
Ketogulonicigenium	0.004	0.004	0.003	0.003	0.004	0.003	0.006999999999999999	0.002	0.002	0.003	0.003	0.005	0.004	0.003	0.002	0.002	0.003	0.002	0.004	0.003	0.003	0.003	0.003	0.002	0.004	0.003	0.004	0.003	0.003	0.003	0.002	0.002	0.004	0.004	0.003	0.003	0.003	0.003	0.003	0.003	0.006	0.006999999999999999	0.006	0.006999999999999999	0.003	0.004	0.002	0.005
Salinirubellus	0.004	0.003	0.004	0.003	0.003	0.004	0.004	0.002	0.003	0.002	0.003	0.004	0.004	0.004	0.003	0.002	0.004	0.002	0.003	0.003	0.004	0.003	0.003	0.002	0.003	0.003	0.003	0.003	0.003	0.003	0.003	0.002	0.004	0.005	0.004	0.003	0.004	0.003	0.004	0.004	0.006999999999999999	0.005	0.005	0.005	0.004	0.005	0.003	0.003
Olivibacter	0.005	0.005	0.006	0.004	0.005	0.004	0.005	0.004	0.002	0.003	0.005	0.004	0.003	0.003	0.004	0.002	0.003	0.001	0.003	0.004	0.003	0.003	0.002	0.003	0.002	0.003	0.004	0.002	0.004	0.002	0.002	0.002	0.005	0.002	0.004	0.005	0.003	0.004	0.004	0.003	0.005	0.005	0.003	0.005	0.003	0.003	0.002	0.004
Haloprofundus	0.004	0.004	0.004	0.004	0.003	0.004	0.002	0.003	0.002	0.002	0.003	0.005	0.004	0.004	0.003	0.002	0.003	0.002	0.003	0.003	0.003	0.003	0.003	0.003	0.004	0.002	0.004	0.003	0.004	0.002	0.003	0.002	0.004	0.005	0.004	0.003	0.004	0.003	0.004	0.003	0.006	0.005	0.006	0.005	0.003	0.005	0.002	0.005
Candidatus Promineifilum	0.005	0.005	0.003	0.004	0.004	0.003	0.004	0.002	0.002	0.002	0.003	0.003	0.003	0.004	0.003	0.002	0.003	0.002	0.002	0.003	0.003	0.003	0.003	0.002	0.003	0.002	0.003	0.002	0.003	0.002	0.003	0.002	0.004	0.005	0.004	0.004	0.004	0.003	0.003	0.002	0.006999999999999999	0.006	0.006	0.006	0.004	0.006	0.003	0.006
Cytobacillus	0.004	0.006999999999999999	0.004	0.002	0.004	0.004	0.004	0.008	0.003	0.004	0.003	0.003	0.004	0.003	0.003	0.003	0.002	0.002	0.003	0.002	0.002	0.002	0.002	0.002	0.002	0.001	0.001	0.001	0.002	0.002	0.002	0.001	0.004	0.004	0.003	0.004	0.003	0.004	0.003	0.006	0.006	0.004	0.005	0.005	0.008	0.006	0.002	0.006999999999999999
Candidatus Pelagibacter	0.004	0.005	0.005	0.004	0.005	0.005	0.005	0.008	0.002	0.004	0.003	0.004	0.004	0.003	0.003	0.004	0.002	0.002	0.003	0.002	0.002	0.002	0.002	0.002	0.003	0.002	0.002	0.002	0.003	0.002	0.003	0.002	0.005	0.005	0.004	0.003	0.003	0.004	0.004	0.006	0.004	0.003	0.005	0.003	0.005	0.002	0.003	0.003
Schlesneria	0.004	0.004	0.004	0.004	0.005	0.003	0.003	0.001	0.002	0.003	0.003	0.006	0.003	0.003	0.001	0.002	0.003	0.001	0.003	0.002	0.002	0.002	0.002	0.002	0.002	0.001	0.003	0.002	0.003	0.002	0.002	0.001	0.002	0.004	0.003	0.002	0.003	0.002	0.002	0.001	0.011000000000000001	0.01	0.008	0.009000000000000001	0.005	0.006999999999999999	0.004	0.009000000000000001
Chitinibacter	0.005	0.004	0.004	0.004	0.008	0.005	0.004	0.003	0.002	0.002	0.004	0.004	0.004	0.003	0.003	0.002	0.002	0.001	0.002	0.002	0.002	0.002	0.002	0.003	0.002	0.002	0.002	0.002	0.002	0.003	0.002	0.002	0.003	0.004	0.004	0.004	0.003	0.003	0.004	0.002	0.006	0.008	0.006	0.006999999999999999	0.003	0.004	0.003	0.006999999999999999
Flaviflexus	0.004	0.003	0.003	0.004	0.003	0.004	0.003	0.002	0.002	0.002	0.003	0.004	0.004	0.004	0.003	0.002	0.003	0.003	0.003	0.003	0.003	0.003	0.003	0.003	0.003	0.003	0.003	0.002	0.003	0.003	0.003	0.002	0.002	0.004	0.004	0.003	0.004	0.003	0.003	0.003	0.006999999999999999	0.005	0.006	0.006	0.005	0.006999999999999999	0.002	0.005
Quatrionicoccus	0.003	0.004	0.004	0.003	0.004	0.003	0.003	0.002	0.002	0.002	0.004	0.003	0.004	0.003	0.002	0.002	0.002	0.001	0.002	0.003	0.002	0.002	0.002	0.002	0.002	0.002	0.003	0.002	0.002	0.002	0.002	0.001	0.002	0.003	0.003	0.004	0.002	0.003	0.002	0.002	0.006999999999999999	0.006999999999999999	0.008	0.017	0.005	0.005	0.003	0.012
Fimbriimonas	0.004	0.004	0.003	0.003	0.004	0.004	0.005	0.002	0.002	0.003	0.005	0.004	0.005	0.005	0.004	0.003	0.002	0.001	0.003	0.002	0.002	0.002	0.002	0.002	0.002	0.002	0.002	0.002	0.002	0.002	0.002	0.001	0.004	0.006	0.003	0.003	0.004	0.004	0.004	0.003	0.006999999999999999	0.008	0.006	0.006999999999999999	0.003	0.004	0.003	0.005
Imperialibacter	0.005	0.004	0.005	0.006	0.006999999999999999	0.006	0.006	0.003	0.003	0.002	0.004	0.004	0.003	0.003	0.003	0.002	0.002	0.001	0.003	0.002	0.002	0.002	0.002	0.002	0.002	0.002	0.003	0.002	0.002	0.002	0.002	0.002	0.006	0.002	0.005	0.006	0.003	0.004	0.004	0.003	0.006	0.005	0.004	0.005	0.004	0.003	0.003	0.003
Arcobacter	0.003	0.004	0.005	0.003	0.003	0.004	0.004	0.01	0.003	0.004	0.003	0.004	0.004	0.003	0.003	0.004	0.002	0.002	0.003	0.002	0.002	0.002	0.001	0.002	0.002	0.002	0.002	0.002	0.003	0.002	0.003	0.002	0.006	0.004	0.004	0.003	0.004	0.005	0.004	0.006999999999999999	0.003	0.003	0.005	0.003	0.006	0.002	0.004	0.003
Acidiferrobacter	0.004	0.004	0.004	0.004	0.005	0.004	0.004	0.002	0.002	0.002	0.003	0.005	0.004	0.004	0.002	0.002	0.003	0.001	0.003	0.003	0.003	0.003	0.003	0.002	0.002	0.002	0.003	0.002	0.002	0.003	0.002	0.002	0.002	0.005	0.004	0.004	0.003	0.003	0.004	0.003	0.006999999999999999	0.006999999999999999	0.006	0.006	0.003	0.005	0.003	0.005
Halobellus	0.004	0.003	0.005	0.003	0.003	0.004	0.004	0.002	0.002	0.002	0.002	0.003	0.004	0.004	0.003	0.002	0.003	0.002	0.003	0.003	0.003	0.003	0.003	0.002	0.003	0.003	0.004	0.003	0.004	0.003	0.002	0.002	0.003	0.006	0.004	0.004	0.003	0.003	0.004	0.003	0.006	0.005	0.005	0.005	0.004	0.005	0.002	0.005
Dictyostelium	0.003	0.004	0.003	0.004	0.005	0.004	0.003	0.01	0.003	0.004	0.003	0.003	0.005	0.004	0.004	0.004	0.002	0.003	0.003	0.002	0.002	0.002	0.001	0.003	0.002	0.002	0.002	0.001	0.002	0.002	0.002	0.002	0.006	0.005	0.004	0.005	0.003	0.004	0.003	0.006999999999999999	0.003	0.002	0.005	0.002	0.006999999999999999	0.002	0.003	0.003
Glycocaulis	0.004	0.004	0.004	0.003	0.004	0.003	0.004	0.003	0.002	0.003	0.003	0.005	0.005	0.004	0.003	0.002	0.003	0.002	0.003	0.002	0.003	0.002	0.003	0.002	0.003	0.002	0.003	0.002	0.002	0.003	0.002	0.002	0.002	0.005	0.003	0.003	0.003	0.003	0.004	0.003	0.006	0.008	0.006	0.006999999999999999	0.003	0.005	0.002	0.005
Pukyongiella	0.004	0.004	0.004	0.003	0.003	0.002	0.005	0.002	0.002	0.002	0.004	0.004	0.003	0.004	0.003	0.001	0.003	0.003	0.004	0.003	0.003	0.003	0.003	0.003	0.003	0.002	0.004	0.003	0.003	0.002	0.002	0.002	0.002	0.004	0.004	0.004	0.003	0.003	0.004	0.002	0.006	0.006	0.005	0.006999999999999999	0.004	0.005	0.002	0.005
Chitinolyticbacter	0.004	0.004	0.005	0.003	0.004	0.003	0.004	0.002	0.003	0.003	0.005	0.004	0.005	0.004	0.003	0.002	0.003	0.001	0.003	0.003	0.003	0.002	0.003	0.002	0.002	0.002	0.003	0.002	0.002	0.002	0.002	0.002	0.003	0.004	0.004	0.004	0.003	0.003	0.003	0.003	0.006	0.006	0.005	0.006	0.004	0.005	0.003	0.005
Blautia	0.003	0.003	0.005	0.003	0.005	0.004	0.004	0.005	0.003	0.002	0.003	0.005	0.003	0.003	0.003	0.002	0.002	0.003	0.003	0.002	0.002	0.002	0.002	0.003	0.002	0.002	0.002	0.002	0.002	0.002	0.002	0.002	0.005	0.006	0.004	0.005	0.004	0.004	0.004	0.005	0.005	0.005	0.005	0.005	0.005	0.003	0.002	0.004
Gluconacetobacter	0.003	0.004	0.004	0.003	0.003	0.003	0.004	0.001	0.002	0.003	0.003	0.005	0.004	0.003	0.003	0.002	0.003	0.002	0.004	0.003	0.002	0.002	0.003	0.002	0.003	0.002	0.003	0.002	0.002	0.003	0.002	0.002	0.002	0.005	0.003	0.004	0.003	0.003	0.003	0.002	0.006	0.008	0.006999999999999999	0.008	0.004	0.005	0.003	0.005
Methylovorus	0.003	0.013	0.019	0.004	0.013	0.006	0.003	0.002	0.002	0.005	0.004	0.004	0.003	0.008	0.002	0.004	0.001	0.001	0.003	0.001	0.002	0.001	0.001	0.001	0.001	0.001	0.001	0.001	0.001	0.001	0.001	0.001	0.001	0.001	0.002	0.002	0.001	0.001	0.001	0.001	0.003	0.005	0.004	0.008	0.002	0.008	0.002	0.005
Natronosalvus	0.004	0.004	0.004	0.003	0.004	0.004	0.003	0.002	0.002	0.002	0.003	0.004	0.003	0.004	0.003	0.002	0.003	0.003	0.003	0.003	0.003	0.003	0.003	0.002	0.003	0.002	0.004	0.003	0.003	0.003	0.003	0.002	0.003	0.005	0.003	0.003	0.004	0.003	0.004	0.003	0.006	0.005	0.005	0.004	0.004	0.004	0.003	0.004
Neopusillimonas	0.004	0.006	0.004	0.003	0.003	0.002	0.004	0.002	0.002	0.002	0.004	0.004	0.003	0.004	0.002	0.002	0.002	0.002	0.003	0.003	0.002	0.003	0.002	0.002	0.002	0.001	0.003	0.002	0.003	0.002	0.002	0.002	0.005	0.003	0.005	0.005	0.003	0.004	0.003	0.003	0.006999999999999999	0.006999999999999999	0.006	0.008	0.003	0.005	0.002	0.004
Vulcanimicrobium	0.004	0.003	0.003	0.004	0.003	0.003	0.003	0.001	0.002	0.002	0.003	0.004	0.003	0.004	0.002	0.002	0.003	0.002	0.003	0.003	0.003	0.002	0.003	0.002	0.002	0.002	0.003	0.002	0.002	0.003	0.003	0.002	0.003	0.004	0.004	0.003	0.004	0.003	0.004	0.003	0.006999999999999999	0.006	0.006	0.006999999999999999	0.005	0.006	0.003	0.005
Microvirgula	0.004	0.004	0.004	0.003	0.003	0.003	0.003	0.002	0.002	0.002	0.004	0.004	0.003	0.004	0.003	0.002	0.003	0.001	0.003	0.003	0.003	0.002	0.003	0.002	0.002	0.002	0.003	0.002	0.003	0.002	0.002	0.001	0.005	0.005	0.004	0.005	0.003	0.003	0.004	0.004	0.006	0.005	0.006999999999999999	0.006	0.003	0.005	0.002	0.005
Acidocella	0.004	0.003	0.004	0.003	0.003	0.003	0.004	0.001	0.002	0.003	0.003	0.004	0.004	0.004	0.002	0.002	0.003	0.002	0.004	0.003	0.003	0.002	0.003	0.002	0.002	0.002	0.004	0.002	0.002	0.002	0.002	0.002	0.003	0.005	0.004	0.003	0.003	0.003	0.003	0.002	0.006	0.006	0.006999999999999999	0.006999999999999999	0.003	0.006	0.003	0.006
Actibacterium	0.004	0.003	0.005	0.002	0.004	0.004	0.003	0.003	0.002	0.002	0.003	0.005	0.004	0.003	0.002	0.002	0.003	0.002	0.003	0.004	0.003	0.003	0.002	0.002	0.002	0.002	0.004	0.003	0.004	0.003	0.002	0.002	0.003	0.004	0.003	0.003	0.003	0.002	0.003	0.002	0.006	0.006	0.006	0.006	0.004	0.005	0.003	0.005
Methylogaea	0.004	0.004	0.005	0.003	0.004	0.003	0.004	0.001	0.003	0.003	0.004	0.004	0.005	0.003	0.003	0.002	0.003	0.001	0.003	0.003	0.003	0.002	0.003	0.002	0.002	0.002	0.003	0.002	0.002	0.003	0.002	0.002	0.003	0.004	0.004	0.003	0.003	0.002	0.003	0.002	0.006999999999999999	0.006999999999999999	0.006	0.006999999999999999	0.003	0.004	0.003	0.005
Halorarius	0.003	0.003	0.004	0.003	0.004	0.003	0.004	0.002	0.002	0.002	0.003	0.003	0.004	0.004	0.002	0.002	0.003	0.002	0.003	0.003	0.003	0.003	0.003	0.003	0.004	0.002	0.004	0.003	0.003	0.002	0.003	0.002	0.004	0.006	0.004	0.004	0.003	0.003	0.003	0.003	0.005	0.004	0.005	0.005	0.004	0.005	0.002	0.004
Asaia	0.003	0.004	0.003	0.003	0.003	0.003	0.004	0.002	0.002	0.002	0.003	0.005	0.004	0.004	0.003	0.002	0.003	0.002	0.004	0.003	0.003	0.002	0.003	0.002	0.002	0.002	0.004	0.002	0.002	0.002	0.002	0.002	0.002	0.004	0.003	0.004	0.003	0.002	0.003	0.002	0.006	0.006999999999999999	0.006999999999999999	0.008	0.003	0.005	0.003	0.006
Toxoplasma	0.002	0.003	0.005	0.003	0.004	0.004	0.004	0.006	0.002	0.003	0.005	0.003	0.006999999999999999	0.006	0.006	0.003	0.002	0.003	0.002	0.003	0.002	0.002	0.002	0.002	0.003	0.002	0.002	0.003	0.003	0.002	0.003	0.002	0.004	0.003	0.003	0.004	0.002	0.003	0.004	0.005	0.003	0.004	0.004	0.003	0.004	0.002	0.002	0.004
Sutterella	0.004	0.004	0.003	0.004	0.004	0.004	0.003	0.002	0.002	0.002	0.004	0.004	0.004	0.003	0.003	0.002	0.003	0.001	0.003	0.003	0.002	0.003	0.002	0.002	0.002	0.001	0.003	0.002	0.002	0.002	0.002	0.002	0.003	0.004	0.004	0.004	0.004	0.003	0.003	0.003	0.006	0.006	0.005	0.006999999999999999	0.004	0.006	0.002	0.006
Wolbachia	0.004	0.005	0.008	0.004	0.005	0.005	0.005	0.006	0.002	0.002	0.003	0.003	0.004	0.003	0.004	0.003	0.002	0.002	0.002	0.002	0.002	0.002	0.002	0.002	0.002	0.002	0.002	0.002	0.003	0.002	0.003	0.002	0.005	0.004	0.004	0.004	0.003	0.002	0.004	0.009000000000000001	0.003	0.003	0.004	0.002	0.004	0.002	0.002	0.002
Chlamydia	0.003	0.005	0.004	0.006	0.006999999999999999	0.008	0.003	0.006999999999999999	0.002	0.002	0.003	0.002	0.006	0.002	0.004	0.006	0.004	0.005	0.003	0.002	0.002	0.003	0.001	0.003	0.004	0.002	0.001	0.002	0.005	0.003	0.002	0.002	0.002	0.003	0.004	0.002	0.002	0.003	0.002	0.003	0.002	0.003	0.005	0.002	0.004	0.001	0.002	0.002
Thiocystis	0.004	0.005	0.004	0.003	0.004	0.003	0.005	0.002	0.002	0.002	0.003	0.005	0.004	0.003	0.003	0.002	0.003	0.001	0.004	0.003	0.002	0.002	0.003	0.003	0.002	0.002	0.003	0.002	0.002	0.003	0.002	0.002	0.003	0.004	0.002	0.004	0.003	0.003	0.003	0.002	0.006	0.006	0.006	0.006	0.003	0.004	0.003	0.005
Symmachiella	0.005	0.004	0.003	0.003	0.003	0.003	0.003	0.001	0.002	0.002	0.003	0.003	0.003	0.003	0.002	0.001	0.003	0.001	0.003	0.002	0.002	0.002	0.002	0.002	0.002	0.002	0.003	0.002	0.003	0.002	0.002	0.001	0.003	0.004	0.003	0.003	0.003	0.002	0.002	0.002	0.01	0.008	0.008	0.008	0.005	0.006	0.003	0.006999999999999999
Desulfarculus	0.004	0.005	0.004	0.003	0.004	0.004	0.005	0.002	0.002	0.002	0.002	0.004	0.004	0.003	0.002	0.001	0.003	0.001	0.002	0.003	0.003	0.002	0.003	0.003	0.002	0.002	0.003	0.002	0.002	0.002	0.002	0.001	0.004	0.005	0.004	0.003	0.003	0.003	0.003	0.003	0.006999999999999999	0.006	0.006	0.006	0.003	0.004	0.002	0.005
Brooklawnia	0.003	0.003	0.003	0.003	0.003	0.004	0.004	0.002	0.001	0.002	0.002	0.004	0.004	0.003	0.002	0.002	0.003	0.003	0.003	0.003	0.003	0.003	0.003	0.002	0.004	0.002	0.003	0.003	0.003	0.002	0.002	0.002	0.003	0.004	0.004	0.003	0.003	0.003	0.003	0.003	0.006	0.005	0.006	0.005	0.004	0.006	0.003	0.004
Halotalea	0.004	0.004	0.004	0.003	0.003	0.004	0.004	0.001	0.002	0.002	0.004	0.004	0.004	0.003	0.002	0.002	0.003	0.001	0.003	0.003	0.003	0.003	0.003	0.002	0.002	0.002	0.004	0.002	0.002	0.003	0.002	0.002	0.003	0.004	0.003	0.003	0.003	0.003	0.003	0.002	0.006	0.006	0.006	0.005	0.004	0.005	0.003	0.005
Chlorobaculum	0.005	0.004	0.004	0.004	0.004	0.003	0.004	0.002	0.002	0.003	0.003	0.004	0.003	0.003	0.002	0.002	0.002	0.001	0.003	0.002	0.002	0.002	0.003	0.002	0.002	0.001	0.002	0.002	0.002	0.002	0.002	0.002	0.003	0.004	0.004	0.003	0.003	0.002	0.004	0.002	0.006999999999999999	0.006	0.006999999999999999	0.006	0.003	0.005	0.003	0.006999999999999999
Geoalkalibacter	0.004	0.004	0.003	0.003	0.003	0.004	0.004	0.002	0.002	0.002	0.004	0.003	0.003	0.003	0.002	0.002	0.003	0.001	0.003	0.003	0.002	0.002	0.002	0.002	0.002	0.002	0.003	0.002	0.002	0.003	0.002	0.001	0.003	0.004	0.003	0.004	0.002	0.002	0.003	0.002	0.006999999999999999	0.006999999999999999	0.006999999999999999	0.008	0.003	0.005	0.002	0.006999999999999999
Endozoicomonas	0.004	0.004	0.005	0.003	0.006	0.003	0.004	0.003	0.002	0.002	0.004	0.003	0.003	0.003	0.003	0.002	0.003	0.001	0.003	0.002	0.002	0.002	0.002	0.002	0.002	0.002	0.003	0.003	0.002	0.002	0.002	0.001	0.005	0.003	0.003	0.004	0.003	0.003	0.003	0.004	0.005	0.006	0.006	0.006	0.004	0.003	0.002	0.004
Cellulophaga	0.004	0.004	0.004	0.005	0.006	0.004	0.004	0.005	0.003	0.002	0.005	0.004	0.003	0.003	0.004	0.003	0.002	0.002	0.002	0.002	0.002	0.002	0.002	0.002	0.002	0.002	0.002	0.002	0.002	0.002	0.002	0.001	0.004	0.003	0.003	0.005	0.003	0.004	0.003	0.004	0.005	0.004	0.003	0.003	0.005	0.003	0.002	0.003
Buttiauxella	0.002	0.003	0.003	0.001	0.002	0.002	0.005	0.003	0.001	0.001	0.006999999999999999	0.003	0.004	0.005	0.001	0.001	0.001	0.001	0.002	0.001	0.001	0.001	0.002	0.001	0.002	0.001	0.001	0.001	0.002	0.001	0.002	0.001	0.001	0.001	0.003	0.003	0.001	0.001	0.002	0.001	0.006999999999999999	0.003	0.005	0.003	0.005	0.043	0.002	0.005
Helicobacter	0.004	0.002	0.004	0.003	0.004	0.004	0.004	0.011000000000000001	0.002	0.003	0.003	0.003	0.003	0.003	0.003	0.003	0.002	0.002	0.003	0.002	0.002	0.002	0.002	0.002	0.002	0.002	0.002	0.002	0.002	0.003	0.002	0.001	0.003	0.005	0.003	0.003	0.003	0.004	0.004	0.005	0.004	0.003	0.005	0.003	0.005	0.002	0.003	0.003
Halorhodospira	0.004	0.003	0.003	0.003	0.003	0.003	0.003	0.002	0.002	0.003	0.003	0.004	0.004	0.004	0.002	0.002	0.003	0.002	0.003	0.003	0.002	0.003	0.003	0.002	0.002	0.002	0.003	0.002	0.003	0.002	0.003	0.002	0.002	0.004	0.004	0.004	0.003	0.003	0.003	0.002	0.006	0.005	0.005	0.006	0.003	0.005	0.002	0.005
Mariluticola	0.004	0.005	0.004	0.002	0.005	0.003	0.006	0.004	0.001	0.003	0.003	0.004	0.005	0.003	0.003	0.001	0.003	0.002	0.004	0.003	0.003	0.002	0.003	0.003	0.005	0.003	0.003	0.004	0.003	0.002	0.002	0.003	0.002	0.003	0.003	0.002	0.003	0.001	0.003	0.001	0.003	0.005	0.003	0.004	0.003	0.004	0.002	0.004
Alkalilimnicola	0.004	0.004	0.003	0.003	0.004	0.002	0.003	0.001	0.002	0.002	0.003	0.004	0.004	0.004	0.003	0.002	0.003	0.002	0.003	0.003	0.003	0.002	0.003	0.002	0.002	0.002	0.003	0.002	0.003	0.002	0.002	0.001	0.003	0.003	0.004	0.004	0.003	0.003	0.002	0.003	0.006	0.006	0.005	0.006999999999999999	0.003	0.004	0.003	0.005
Natronorubrum	0.003	0.004	0.003	0.003	0.002	0.003	0.004	0.002	0.002	0.002	0.003	0.004	0.004	0.003	0.003	0.002	0.003	0.002	0.002	0.003	0.003	0.003	0.003	0.002	0.003	0.002	0.003	0.002	0.003	0.003	0.003	0.002	0.003	0.004	0.003	0.003	0.003	0.003	0.003	0.003	0.005	0.005	0.005	0.005	0.004	0.005	0.002	0.004
Nonlabens	0.004	0.005	0.005	0.005	0.005	0.005	0.005	0.005	0.002	0.002	0.004	0.004	0.003	0.003	0.002	0.002	0.003	0.001	0.003	0.002	0.002	0.002	0.002	0.002	0.003	0.002	0.002	0.002	0.003	0.002	0.002	0.002	0.003	0.003	0.004	0.003	0.003	0.003	0.003	0.004	0.005	0.004	0.003	0.003	0.004	0.002	0.002	0.003
Segatella	0.003	0.004	0.004	0.003	0.006	0.004	0.006	0.003	0.002	0.002	0.003	0.003	0.003	0.003	0.003	0.002	0.002	0.001	0.002	0.002	0.003	0.002	0.002	0.003	0.002	0.002	0.003	0.001	0.002	0.002	0.002	0.002	0.004	0.003	0.004	0.004	0.003	0.004	0.004	0.004	0.005	0.004	0.003	0.004	0.004	0.003	0.003	0.004
Gymnodinialimonas	0.003	0.003	0.003	0.004	0.003	0.003	0.003	0.001	0.002	0.002	0.003	0.003	0.003	0.003	0.002	0.001	0.003	0.002	0.003	0.002	0.003	0.002	0.003	0.002	0.003	0.001	0.003	0.003	0.003	0.003	0.002	0.002	0.003	0.004	0.003	0.004	0.003	0.003	0.004	0.004	0.005	0.006	0.006999999999999999	0.005	0.003	0.004	0.002	0.005
Formosa	0.004	0.004	0.004	0.004	0.006999999999999999	0.004	0.006999999999999999	0.006	0.002	0.002	0.004	0.003	0.002	0.002	0.002	0.002	0.002	0.001	0.002	0.002	0.002	0.002	0.002	0.002	0.003	0.002	0.002	0.003	0.003	0.002	0.002	0.002	0.004	0.002	0.004	0.003	0.003	0.004	0.002	0.004	0.004	0.004	0.004	0.004	0.004	0.002	0.002	0.003
Rhodopirellula	0.004	0.003	0.004	0.003	0.003	0.003	0.003	0.001	0.002	0.002	0.003	0.003	0.003	0.003	0.002	0.001	0.003	0.001	0.003	0.002	0.002	0.002	0.003	0.002	0.002	0.002	0.003	0.002	0.003	0.002	0.003	0.002	0.003	0.004	0.004	0.003	0.003	0.003	0.003	0.002	0.008	0.006	0.006	0.005	0.003	0.005	0.002	0.006
Herminiimonas	0.004	0.004	0.006999999999999999	0.004	0.004	0.003	0.004	0.004	0.002	0.002	0.006	0.004	0.003	0.002	0.002	0.002	0.001	0.015	0.006	0.002	0.008	0.001	0.003	0.001	0.002	0.004	0.003	0.002	0.002	0.001	0.001	0.002	0.003	0.001	0.001	0.002	0.003	0.002	0.002	0.002	0.003	0.002	0.002	0.004	0.002	0.002	0.002	0.002
Salinigranum	0.004	0.003	0.004	0.003	0.003	0.003	0.003	0.001	0.002	0.003	0.002	0.003	0.004	0.003	0.003	0.001	0.003	0.002	0.003	0.003	0.003	0.002	0.003	0.003	0.003	0.002	0.003	0.002	0.003	0.002	0.002	0.002	0.003	0.004	0.003	0.003	0.004	0.003	0.003	0.003	0.005	0.005	0.005	0.005	0.004	0.004	0.002	0.004
Halapricum	0.003	0.003	0.003	0.004	0.003	0.003	0.004	0.002	0.002	0.003	0.003	0.004	0.003	0.003	0.002	0.002	0.003	0.002	0.002	0.003	0.003	0.003	0.003	0.002	0.003	0.002	0.003	0.002	0.003	0.002	0.002	0.002	0.003	0.004	0.003	0.003	0.003	0.003	0.004	0.003	0.004	0.004	0.005	0.005	0.004	0.005	0.002	0.003
Flagellatimonas	0.004	0.003	0.003	0.003	0.004	0.003	0.004	0.002	0.003	0.002	0.003	0.004	0.003	0.004	0.002	0.002	0.003	0.001	0.003	0.003	0.003	0.002	0.003	0.002	0.002	0.002	0.003	0.002	0.002	0.003	0.002	0.001	0.003	0.004	0.003	0.004	0.003	0.002	0.002	0.002	0.005	0.005	0.005	0.005	0.003	0.004	0.003	0.005
Aquisalimonas	0.004	0.004	0.003	0.003	0.004	0.003	0.003	0.002	0.002	0.002	0.003	0.004	0.003	0.003	0.002	0.002	0.003	0.001	0.003	0.003	0.002	0.002	0.003	0.003	0.002	0.002	0.003	0.002	0.002	0.002	0.002	0.002	0.003	0.004	0.003	0.004	0.003	0.003	0.003	0.003	0.006	0.005	0.005	0.006	0.002	0.004	0.002	0.004
Xenorhabdus	0.004	0.004	0.003	0.003	0.004	0.004	0.003	0.011000000000000001	0.002	0.002	0.003	0.004	0.003	0.003	0.003	0.003	0.002	0.002	0.003	0.002	0.002	0.002	0.002	0.002	0.002	0.002	0.002	0.001	0.002	0.002	0.002	0.002	0.002	0.003	0.003	0.003	0.002	0.003	0.003	0.003	0.004	0.005	0.005	0.005	0.004	0.002	0.002	0.004
Thiosocius	0.003	0.004	0.003	0.004	0.004	0.003	0.003	0.002	0.002	0.001	0.003	0.004	0.005	0.003	0.003	0.002	0.003	0.001	0.003	0.003	0.003	0.002	0.002	0.002	0.002	0.001	0.003	0.002	0.002	0.003	0.002	0.002	0.002	0.004	0.004	0.004	0.003	0.002	0.002	0.002	0.006	0.005	0.005	0.005	0.003	0.004	0.003	0.005
Zunongwangia	0.004	0.004	0.005	0.004	0.004	0.004	0.006	0.009000000000000001	0.002	0.002	0.004	0.003	0.003	0.002	0.002	0.002	0.002	0.001	0.002	0.002	0.003	0.002	0.002	0.002	0.002	0.002	0.003	0.002	0.003	0.002	0.002	0.001	0.003	0.002	0.004	0.005	0.003	0.003	0.004	0.004	0.004	0.004	0.002	0.003	0.003	0.002	0.002	0.003
Microcoleus	0.001	0.001	0.033	0.009000000000000001	0.005	0.006	0.002	0.001	0.001	0.001	0.001	0.001	0.001	0.001	0.001	0.001	0.001	0.001	0.001	0.025	0.001	0.001	0.003	0.012	0.0	0.001	0.001	0.001	0.001	0.0	0.001	0.001	0.001	0.004	0.001	0.001	0.002	0.001	0.002	0.001	0.002	0.002	0.002	0.002	0.003	0.001	0.001	0.001
Candidatus Nanosynbacter	0.004	0.003	0.004	0.002	0.004	0.003	0.009000000000000001	0.002	0.001	0.001	0.002	0.003	0.003	0.003	0.004	0.001	0.003	0.003	0.002	0.004	0.006	0.005	0.003	0.004	0.004	0.002	0.002	0.005	0.004	0.006	0.004	0.003	0.003	0.003	0.002	0.002	0.004	0.002	0.002	0.002	0.002	0.002	0.002	0.002	0.002	0.001	0.001	0.002
Empedobacter	0.005	0.004	0.005	0.004	0.006999999999999999	0.005	0.005	0.003	0.002	0.002	0.003	0.002	0.003	0.003	0.003	0.003	0.002	0.002	0.003	0.002	0.002	0.002	0.002	0.002	0.002	0.002	0.002	0.002	0.002	0.002	0.002	0.001	0.003	0.003	0.004	0.003	0.002	0.003	0.003	0.003	0.004	0.004	0.003	0.004	0.004	0.002	0.002	0.004
Thalassotalea	0.004	0.005	0.002	0.004	0.005	0.005	0.004	0.005	0.002	0.003	0.004	0.004	0.003	0.003	0.003	0.002	0.002	0.001	0.002	0.002	0.002	0.002	0.002	0.002	0.002	0.002	0.002	0.002	0.002	0.002	0.002	0.002	0.004	0.003	0.003	0.003	0.003	0.003	0.002	0.003	0.004	0.005	0.004	0.004	0.005	0.002	0.002	0.003
Cyclobacterium	0.004	0.004	0.005	0.003	0.004	0.004	0.004	0.003	0.002	0.002	0.004	0.004	0.003	0.003	0.004	0.002	0.002	0.001	0.002	0.002	0.002	0.002	0.002	0.002	0.002	0.001	0.002	0.001	0.002	0.002	0.002	0.002	0.004	0.002	0.004	0.004	0.003	0.003	0.004	0.003	0.006	0.005	0.004	0.004	0.003	0.003	0.002	0.004
Zukovirus	0.02	0.02	0.002	0.001	0.084	0.002	0.003	0.003	0.0	0.0	0.0	0.0	0.0	0.0	0.0	0.0	0.0	0.0	0.0	0.0	0.0	0.0	0.0	0.0	0.0	0.0	0.0	0.0	0.0	0.0	0.0	0.0	0.006999999999999999	0.0	0.0	0.0	0.0	0.0	0.0	0.0	0.0	0.0	0.0	0.0	0.0	0.0	0.0	0.0
Citromicrobium	0.004	0.003	0.003	0.003	0.003	0.004	0.004	0.002	0.002	0.002	0.002	0.003	0.004	0.003	0.003	0.002	0.002	0.002	0.002	0.003	0.003	0.002	0.003	0.003	0.004	0.002	0.003	0.003	0.002	0.003	0.003	0.002	0.002	0.003	0.003	0.003	0.003	0.003	0.003	0.002	0.004	0.005	0.004	0.004	0.003	0.004	0.002	0.004
Octadecabacter	0.004	0.003	0.003	0.003	0.004	0.003	0.004	0.002	0.002	0.002	0.003	0.004	0.003	0.002	0.003	0.002	0.002	0.001	0.003	0.002	0.003	0.003	0.003	0.002	0.003	0.002	0.003	0.003	0.003	0.002	0.002	0.001	0.002	0.003	0.002	0.004	0.002	0.002	0.003	0.002	0.005	0.006	0.005	0.006	0.003	0.004	0.003	0.004
Sulfurimicrobium	0.003	0.004	0.003	0.003	0.003	0.003	0.002	0.002	0.002	0.002	0.003	0.003	0.003	0.003	0.003	0.002	0.002	0.001	0.002	0.002	0.002	0.002	0.002	0.002	0.001	0.001	0.003	0.001	0.002	0.002	0.002	0.001	0.001	0.003	0.003	0.003	0.003	0.003	0.002	0.002	0.008	0.006999999999999999	0.006999999999999999	0.01	0.003	0.005	0.003	0.006
Silicimonas	0.004	0.004	0.003	0.003	0.003	0.004	0.004	0.002	0.002	0.002	0.003	0.003	0.003	0.002	0.002	0.001	0.003	0.002	0.002	0.003	0.003	0.002	0.003	0.002	0.003	0.002	0.003	0.003	0.003	0.002	0.002	0.002	0.003	0.003	0.003	0.003	0.003	0.002	0.003	0.003	0.005	0.005	0.004	0.005	0.003	0.004	0.002	0.004
Oryzomicrobium	0.003	0.004	0.004	0.003	0.004	0.003	0.003	0.001	0.002	0.002	0.003	0.003	0.003	0.003	0.003	0.002	0.002	0.001	0.002	0.002	0.002	0.002	0.003	0.002	0.002	0.002	0.003	0.002	0.002	0.002	0.002	0.001	0.002	0.004	0.003	0.003	0.003	0.003	0.003	0.003	0.006	0.006	0.006	0.006	0.003	0.004	0.002	0.005
Salinibacter	0.004	0.003	0.003	0.003	0.003	0.004	0.003	0.002	0.002	0.002	0.003	0.003	0.003	0.003	0.002	0.002	0.002	0.001	0.003	0.003	0.002	0.002	0.003	0.002	0.002	0.002	0.002	0.002	0.002	0.002	0.002	0.002	0.003	0.004	0.003	0.003	0.003	0.003	0.003	0.002	0.006	0.005	0.006	0.005	0.003	0.005	0.002	0.005
Desulfolutivibrio	0.003	0.003	0.003	0.003	0.003	0.004	0.004	0.002	0.002	0.002	0.003	0.003	0.003	0.003	0.002	0.002	0.002	0.001	0.002	0.002	0.002	0.002	0.002	0.002	0.002	0.002	0.003	0.002	0.002	0.002	0.002	0.001	0.003	0.004	0.003	0.004	0.003	0.002	0.003	0.003	0.006	0.005	0.006	0.006	0.004	0.004	0.002	0.005
Luteococcus	0.003	0.004	0.003	0.004	0.002	0.003	0.003	0.001	0.001	0.002	0.002	0.003	0.003	0.003	0.003	0.002	0.003	0.002	0.002	0.003	0.003	0.002	0.003	0.002	0.004	0.002	0.003	0.004	0.004	0.003	0.002	0.002	0.003	0.003	0.003	0.003	0.003	0.002	0.003	0.003	0.005	0.004	0.004	0.004	0.003	0.004	0.002	0.004
Siccibacter	0.003	0.005	0.004	0.003	0.003	0.005	0.003	0.001	0.001	0.002	0.003	0.006	0.003	0.003	0.004	0.002	0.002	0.001	0.004	0.002	0.002	0.002	0.006999999999999999	0.003	0.004	0.001	0.002	0.002	0.002	0.003	0.002	0.001	0.002	0.003	0.003	0.003	0.003	0.002	0.002	0.001	0.004	0.005	0.004	0.005	0.003	0.003	0.002	0.003
Fibrella	0.004	0.003	0.005	0.004	0.003	0.003	0.004	0.003	0.002	0.002	0.003	0.004	0.003	0.003	0.003	0.002	0.002	0.001	0.002	0.003	0.002	0.002	0.002	0.002	0.002	0.002	0.003	0.002	0.002	0.002	0.002	0.002	0.004	0.002	0.004	0.004	0.003	0.003	0.004	0.003	0.005	0.004	0.003	0.004	0.003	0.003	0.002	0.003
Spongiibacter	0.004	0.004	0.005	0.004	0.005	0.004	0.005	0.003	0.002	0.002	0.004	0.004	0.004	0.004	0.004	0.002	0.002	0.001	0.003	0.002	0.002	0.003	0.002	0.002	0.002	0.002	0.003	0.002	0.003	0.002	0.002	0.001	0.002	0.002	0.002	0.003	0.002	0.002	0.002	0.002	0.004	0.004	0.004	0.004	0.002	0.003	0.002	0.004
Leeuwenhoekiella	0.004	0.003	0.006	0.004	0.004	0.003	0.004	0.004	0.002	0.002	0.004	0.003	0.003	0.003	0.002	0.002	0.002	0.002	0.002	0.002	0.002	0.002	0.002	0.002	0.002	0.002	0.003	0.002	0.002	0.002	0.002	0.001	0.004	0.002	0.004	0.005	0.003	0.003	0.004	0.003	0.004	0.004	0.003	0.004	0.003	0.002	0.002	0.003
Isoalcanivorax	0.004	0.004	0.003	0.003	0.003	0.003	0.003	0.002	0.002	0.002	0.003	0.004	0.004	0.003	0.002	0.002	0.002	0.002	0.002	0.003	0.002	0.002	0.003	0.002	0.002	0.002	0.003	0.002	0.001	0.002	0.002	0.001	0.004	0.003	0.004	0.004	0.003	0.003	0.002	0.003	0.004	0.005	0.005	0.006	0.003	0.003	0.002	0.004
Virgibacillus	0.004	0.005	0.004	0.003	0.004	0.005	0.004	0.006	0.002	0.003	0.003	0.002	0.003	0.003	0.003	0.003	0.003	0.002	0.002	0.002	0.002	0.002	0.001	0.002	0.003	0.001	0.002	0.002	0.003	0.002	0.003	0.002	0.004	0.003	0.003	0.002	0.002	0.003	0.003	0.004	0.002	0.003	0.003	0.003	0.004	0.002	0.002	0.003
Thermophilibacter	0.004	0.003	0.003	0.004	0.003	0.003	0.004	0.001	0.002	0.001	0.002	0.003	0.003	0.003	0.002	0.001	0.002	0.002	0.003	0.002	0.002	0.002	0.002	0.001	0.002	0.002	0.003	0.002	0.003	0.002	0.002	0.002	0.003	0.004	0.003	0.004	0.003	0.003	0.002	0.003	0.005	0.005	0.005	0.005	0.004	0.005	0.002	0.005
Gemmobacter	0.003	0.004	0.004	0.003	0.003	0.002	0.004	0.002	0.002	0.002	0.003	0.004	0.003	0.002	0.003	0.001	0.003	0.002	0.003	0.003	0.003	0.002	0.003	0.002	0.003	0.002	0.003	0.002	0.003	0.002	0.002	0.002	0.002	0.003	0.002	0.003	0.003	0.003	0.002	0.002	0.005	0.005	0.004	0.004	0.004	0.004	0.002	0.004
Sulfurimonas	0.003	0.003	0.002	0.003	0.003	0.005	0.004	0.006999999999999999	0.003	0.004	0.003	0.002	0.002	0.002	0.003	0.004	0.001	0.002	0.004	0.002	0.002	0.002	0.001	0.002	0.002	0.001	0.001	0.001	0.002	0.002	0.002	0.001	0.005	0.005	0.003	0.004	0.002	0.003	0.004	0.005	0.003	0.003	0.004	0.003	0.005	0.002	0.002	0.003
Barnesiella	0.003	0.005	0.003	0.003	0.005	0.003	0.003	0.002	0.002	0.002	0.003	0.003	0.002	0.003	0.002	0.001	0.002	0.001	0.002	0.002	0.002	0.002	0.002	0.001	0.001	0.001	0.003	0.001	0.002	0.002	0.002	0.002	0.003	0.004	0.005	0.005	0.003	0.003	0.005	0.004	0.006	0.006	0.005	0.005	0.002	0.002	0.002	0.003
Blastopirellula	0.004	0.003	0.002	0.003	0.003	0.003	0.003	0.002	0.002	0.002	0.002	0.003	0.002	0.003	0.002	0.002	0.003	0.001	0.002	0.002	0.002	0.002	0.003	0.002	0.002	0.001	0.003	0.002	0.003	0.002	0.003	0.001	0.002	0.003	0.003	0.003	0.002	0.002	0.002	0.002	0.008	0.005	0.006	0.006	0.004	0.006	0.002	0.005
Emticicia	0.004	0.003	0.006	0.004	0.006	0.004	0.003	0.003	0.002	0.002	0.004	0.004	0.002	0.002	0.003	0.002	0.003	0.001	0.002	0.003	0.003	0.002	0.003	0.002	0.002	0.002	0.003	0.003	0.003	0.002	0.002	0.002	0.004	0.001	0.003	0.004	0.003	0.003	0.003	0.002	0.003	0.004	0.002	0.003	0.003	0.002	0.002	0.002
Aequorivita	0.004	0.004	0.004	0.004	0.004	0.003	0.003	0.004	0.002	0.002	0.003	0.003	0.002	0.002	0.002	0.002	0.002	0.003	0.002	0.002	0.003	0.001	0.002	0.002	0.002	0.002	0.003	0.006	0.005	0.004	0.002	0.001	0.003	0.002	0.003	0.002	0.003	0.003	0.003	0.003	0.004	0.004	0.003	0.003	0.002	0.002	0.002	0.003
Paragemmobacter	0.003	0.002	0.003	0.004	0.003	0.002	0.003	0.001	0.002	0.002	0.003	0.005	0.003	0.003	0.003	0.002	0.002	0.001	0.002	0.003	0.002	0.002	0.003	0.002	0.003	0.002	0.003	0.003	0.002	0.002	0.002	0.002	0.001	0.003	0.003	0.002	0.003	0.002	0.002	0.002	0.006	0.006	0.005	0.006	0.003	0.004	0.002	0.005
Tuwongella	0.003	0.003	0.003	0.002	0.002	0.002	0.004	0.001	0.002	0.002	0.002	0.002	0.003	0.002	0.002	0.002	0.002	0.001	0.002	0.002	0.001	0.002	0.002	0.002	0.001	0.001	0.003	0.001	0.002	0.002	0.002	0.001	0.002	0.003	0.002	0.002	0.003	0.002	0.002	0.002	0.01	0.006999999999999999	0.008	0.006	0.005	0.006999999999999999	0.003	0.006999999999999999
Sinimarinibacterium	0.003	0.003	0.003	0.003	0.004	0.002	0.004	0.002	0.002	0.002	0.002	0.005	0.003	0.003	0.002	0.002	0.002	0.001	0.003	0.002	0.002	0.002	0.003	0.002	0.002	0.002	0.003	0.002	0.002	0.002	0.002	0.001	0.003	0.003	0.003	0.003	0.002	0.003	0.002	0.002	0.006	0.006	0.005	0.005	0.002	0.003	0.002	0.005
Geopseudomonas	0.003	0.004	0.004	0.003	0.003	0.003	0.003	0.002	0.002	0.002	0.003	0.004	0.003	0.004	0.002	0.002	0.002	0.001	0.003	0.003	0.002	0.002	0.002	0.002	0.002	0.002	0.002	0.002	0.002	0.003	0.002	0.002	0.002	0.004	0.003	0.003	0.003	0.003	0.003	0.002	0.005	0.004	0.004	0.005	0.002	0.004	0.002	0.003
Albidovulum	0.003	0.003	0.004	0.003	0.003	0.003	0.004	0.001	0.002	0.002	0.003	0.004	0.004	0.002	0.002	0.002	0.002	0.001	0.003	0.002	0.002	0.003	0.002	0.002	0.002	0.002	0.003	0.003	0.003	0.003	0.002	0.001	0.002	0.003	0.003	0.003	0.002	0.002	0.003	0.003	0.005	0.004	0.005	0.004	0.003	0.004	0.002	0.004
Ponticoccus	0.003	0.003	0.002	0.002	0.004	0.003	0.002	0.002	0.002	0.002	0.003	0.003	0.004	0.003	0.003	0.002	0.002	0.002	0.003	0.003	0.002	0.002	0.002	0.002	0.003	0.002	0.003	0.002	0.003	0.002	0.002	0.002	0.003	0.004	0.003	0.003	0.003	0.002	0.003	0.003	0.004	0.004	0.004	0.004	0.003	0.004	0.002	0.003
Gephyromycinifex	0.003	0.002	0.003	0.003	0.003	0.003	0.004	0.001	0.001	0.002	0.002	0.003	0.003	0.003	0.002	0.001	0.003	0.002	0.002	0.002	0.003	0.002	0.002	0.002	0.003	0.002	0.002	0.003	0.004	0.003	0.002	0.002	0.002	0.003	0.004	0.003	0.003	0.004	0.003	0.003	0.004	0.003	0.004	0.004	0.004	0.004	0.002	0.003
Granulibacter	0.003	0.004	0.002	0.002	0.003	0.002	0.004	0.001	0.002	0.003	0.002	0.003	0.003	0.003	0.002	0.002	0.002	0.002	0.004	0.002	0.002	0.001	0.002	0.001	0.002	0.002	0.003	0.002	0.002	0.001	0.002	0.001	0.002	0.004	0.002	0.003	0.002	0.002	0.002	0.002	0.005	0.006	0.006	0.008	0.004	0.004	0.003	0.004
Isosphaera	0.004	0.003	0.003	0.002	0.003	0.003	0.003	0.001	0.002	0.002	0.002	0.002	0.004	0.003	0.002	0.001	0.002	0.002	0.003	0.002	0.002	0.002	0.002	0.002	0.001	0.001	0.002	0.002	0.001	0.001	0.001	0.001	0.003	0.004	0.003	0.003	0.002	0.002	0.002	0.002	0.006999999999999999	0.005	0.006999999999999999	0.006	0.004	0.005	0.002	0.006
Kerstersia	0.002	0.004	0.003	0.002	0.003	0.003	0.003	0.001	0.002	0.002	0.003	0.004	0.003	0.003	0.003	0.002	0.002	0.002	0.003	0.002	0.002	0.002	0.003	0.002	0.002	0.002	0.003	0.002	0.002	0.002	0.002	0.002	0.003	0.003	0.003	0.003	0.003	0.003	0.002	0.002	0.005	0.004	0.004	0.005	0.002	0.004	0.002	0.004
Olsenella	0.003	0.003	0.003	0.002	0.003	0.003	0.002	0.001	0.002	0.002	0.002	0.003	0.003	0.003	0.002	0.001	0.002	0.001	0.002	0.002	0.002	0.002	0.002	0.002	0.002	0.002	0.003	0.002	0.002	0.002	0.002	0.002	0.002	0.003	0.003	0.003	0.003	0.003	0.003	0.002	0.006	0.005	0.005	0.006	0.004	0.005	0.002	0.005
Parvularcula	0.003	0.003	0.004	0.003	0.004	0.003	0.002	0.001	0.002	0.002	0.003	0.004	0.004	0.004	0.002	0.002	0.002	0.001	0.003	0.002	0.002	0.002	0.002	0.002	0.002	0.001	0.003	0.002	0.002	0.002	0.002	0.001	0.002	0.003	0.003	0.003	0.002	0.002	0.003	0.002	0.005	0.005	0.005	0.006	0.003	0.003	0.002	0.004
Acetobacteroides	0.004	0.003	0.006999999999999999	0.005	0.008	0.006999999999999999	0.005	0.004	0.004	0.001	0.003	0.003	0.004	0.001	0.005	0.001	0.002	0.001	0.002	0.001	0.002	0.001	0.001	0.002	0.002	0.002	0.002	0.001	0.002	0.001	0.005	0.004	0.002	0.001	0.002	0.003	0.001	0.002	0.002	0.002	0.003	0.002	0.002	0.003	0.002	0.002	0.002	0.003
Pseudogemmobacter	0.003	0.003	0.003	0.002	0.003	0.003	0.003	0.002	0.002	0.002	0.003	0.004	0.003	0.003	0.002	0.002	0.002	0.002	0.002	0.003	0.003	0.002	0.003	0.002	0.003	0.002	0.003	0.002	0.003	0.003	0.002	0.002	0.003	0.003	0.002	0.003	0.003	0.002	0.002	0.002	0.004	0.004	0.004	0.005	0.002	0.003	0.002	0.003
Mariniflexile	0.003	0.004	0.003	0.003	0.006	0.003	0.005	0.006	0.002	0.002	0.003	0.002	0.002	0.002	0.002	0.002	0.002	0.002	0.002	0.002	0.002	0.002	0.001	0.002	0.002	0.002	0.002	0.003	0.003	0.002	0.002	0.002	0.004	0.002	0.003	0.003	0.003	0.003	0.003	0.003	0.004	0.003	0.003	0.003	0.003	0.002	0.002	0.002
Rhodophyticola	0.003	0.003	0.003	0.002	0.003	0.002	0.003	0.001	0.002	0.002	0.003	0.003	0.003	0.003	0.002	0.002	0.003	0.002	0.003	0.002	0.003	0.002	0.002	0.002	0.002	0.002	0.003	0.002	0.002	0.003	0.002	0.002	0.002	0.003	0.003	0.003	0.003	0.002	0.003	0.002	0.005	0.004	0.004	0.005	0.003	0.004	0.002	0.004
Cytophaga	0.005	0.006999999999999999	0.006	0.004	0.015	0.012	0.01	0.006	0.001	0.001	0.004	0.004	0.002	0.001	0.004	0.002	0.001	0.001	0.001	0.001	0.001	0.001	0.001	0.001	0.001	0.001	0.001	0.001	0.001	0.001	0.001	0.001	0.002	0.001	0.002	0.002	0.001	0.002	0.001	0.002	0.003	0.002	0.001	0.002	0.001	0.004	0.001	0.002
Halosolutus	0.003	0.003	0.002	0.002	0.002	0.003	0.002	0.001	0.002	0.003	0.002	0.003	0.003	0.003	0.002	0.002	0.003	0.001	0.003	0.002	0.003	0.002	0.003	0.002	0.002	0.002	0.003	0.002	0.002	0.002	0.002	0.002	0.003	0.004	0.003	0.003	0.003	0.003	0.003	0.002	0.004	0.004	0.004	0.004	0.003	0.004	0.002	0.003
Cardiobacterium	0.003	0.004	0.003	0.003	0.003	0.003	0.003	0.002	0.002	0.002	0.003	0.003	0.003	0.003	0.002	0.002	0.003	0.001	0.002	0.002	0.002	0.002	0.002	0.002	0.002	0.001	0.002	0.002	0.002	0.002	0.002	0.002	0.003	0.003	0.003	0.003	0.002	0.002	0.002	0.002	0.005	0.005	0.005	0.004	0.003	0.003	0.002	0.004
Thalassolituus	0.003	0.003	0.003	0.003	0.004	0.003	0.004	0.002	0.002	0.003	0.003	0.004	0.003	0.003	0.003	0.002	0.002	0.001	0.003	0.002	0.002	0.002	0.003	0.002	0.002	0.002	0.002	0.002	0.002	0.002	0.001	0.001	0.002	0.003	0.002	0.003	0.003	0.002	0.002	0.002	0.004	0.004	0.004	0.005	0.002	0.003	0.002	0.004
Metabacillus	0.003	0.005	0.002	0.003	0.003	0.003	0.004	0.005	0.002	0.002	0.003	0.002	0.002	0.002	0.001	0.002	0.001	0.002	0.003	0.001	0.001	0.002	0.001	0.001	0.002	0.001	0.002	0.001	0.001	0.002	0.001	0.002	0.003	0.004	0.003	0.002	0.003	0.003	0.003	0.004	0.005	0.004	0.003	0.003	0.006	0.004	0.002	0.004
Caldinitratiruptor	0.003	0.003	0.002	0.003	0.003	0.003	0.003	0.001	0.002	0.001	0.002	0.003	0.003	0.003	0.003	0.002	0.002	0.002	0.002	0.002	0.002	0.002	0.002	0.002	0.002	0.001	0.002	0.002	0.002	0.002	0.002	0.001	0.002	0.004	0.002	0.002	0.003	0.003	0.003	0.002	0.005	0.004	0.005	0.004	0.004	0.004	0.002	0.005
Desulfobulbus	0.003	0.003	0.003	0.003	0.003	0.003	0.003	0.001	0.002	0.002	0.003	0.003	0.002	0.003	0.002	0.002	0.002	0.001	0.003	0.002	0.002	0.001	0.002	0.002	0.001	0.001	0.002	0.002	0.002	0.001	0.002	0.001	0.003	0.003	0.003	0.003	0.002	0.002	0.003	0.003	0.005	0.005	0.004	0.006	0.003	0.004	0.002	0.005
Natrarchaeobaculum	0.002	0.003	0.003	0.002	0.002	0.003	0.002	0.003	0.002	0.002	0.002	0.003	0.003	0.003	0.002	0.001	0.003	0.002	0.003	0.002	0.002	0.002	0.002	0.002	0.002	0.002	0.002	0.002	0.002	0.002	0.002	0.002	0.002	0.004	0.003	0.003	0.003	0.003	0.003	0.003	0.005	0.003	0.004	0.004	0.003	0.004	0.002	0.003
Bernardetia	0.004	0.004	0.004	0.004	0.004	0.005	0.004	0.006999999999999999	0.002	0.002	0.003	0.002	0.003	0.002	0.002	0.002	0.001	0.002	0.002	0.002	0.002	0.002	0.001	0.001	0.002	0.001	0.002	0.001	0.002	0.002	0.001	0.001	0.003	0.002	0.002	0.002	0.002	0.003	0.002	0.003	0.004	0.004	0.003	0.003	0.004	0.002	0.002	0.003
Solitalea	0.004	0.003	0.005	0.003	0.004	0.004	0.004	0.002	0.002	0.002	0.004	0.002	0.003	0.002	0.003	0.002	0.002	0.001	0.002	0.002	0.002	0.002	0.002	0.002	0.002	0.002	0.002	0.002	0.002	0.002	0.002	0.002	0.003	0.001	0.003	0.003	0.002	0.004	0.002	0.003	0.004	0.003	0.002	0.003	0.003	0.002	0.002	0.003
Psychrobacillus	0.003	0.006	0.002	0.003	0.002	0.003	0.003	0.006	0.002	0.001	0.001	0.002	0.001	0.006	0.002	0.001	0.001	0.003	0.002	0.002	0.002	0.001	0.002	0.002	0.001	0.002	0.001	0.002	0.001	0.001	0.002	0.001	0.003	0.003	0.003	0.002	0.003	0.002	0.003	0.003	0.004	0.002	0.003	0.002	0.006	0.009000000000000001	0.002	0.003
Congregibacter	0.003	0.003	0.003	0.002	0.003	0.002	0.002	0.001	0.002	0.002	0.003	0.005	0.004	0.003	0.003	0.002	0.002	0.001	0.003	0.002	0.002	0.002	0.002	0.001	0.002	0.001	0.003	0.002	0.002	0.002	0.001	0.001	0.002	0.003	0.002	0.003	0.002	0.002	0.002	0.003	0.005	0.005	0.005	0.005	0.003	0.003	0.002	0.003
Beijerinckia	0.002	0.003	0.002	0.002	0.003	0.003	0.004	0.001	0.001	0.002	0.002	0.003	0.003	0.003	0.002	0.001	0.002	0.001	0.003	0.002	0.002	0.002	0.002	0.002	0.002	0.002	0.002	0.002	0.002	0.001	0.002	0.001	0.002	0.003	0.002	0.002	0.002	0.002	0.002	0.001	0.005	0.005	0.006	0.006999999999999999	0.003	0.005	0.002	0.005
Teredinibacter	0.004	0.005	0.005	0.004	0.005	0.005	0.005	0.002	0.002	0.002	0.004	0.003	0.003	0.002	0.003	0.002	0.002	0.001	0.001	0.002	0.002	0.002	0.002	0.001	0.002	0.001	0.002	0.002	0.002	0.002	0.001	0.001	0.002	0.002	0.002	0.002	0.002	0.002	0.002	0.002	0.003	0.003	0.003	0.004	0.003	0.002	0.002	0.003
Lacticaseibacillus	0.003	0.002	0.003	0.004	0.003	0.002	0.003	0.005	0.002	0.002	0.002	0.002	0.003	0.002	0.003	0.002	0.002	0.001	0.003	0.002	0.002	0.002	0.001	0.002	0.002	0.002	0.002	0.002	0.002	0.002	0.001	0.001	0.003	0.003	0.002	0.003	0.002	0.003	0.003	0.003	0.004	0.005	0.005	0.004	0.002	0.002	0.002	0.003
Pseudopedobacter	0.004	0.004	0.003	0.004	0.004	0.003	0.005	0.002	0.001	0.001	0.002	0.003	0.003	0.002	0.002	0.002	0.002	0.002	0.002	0.002	0.002	0.002	0.002	0.002	0.001	0.002	0.003	0.001	0.002	0.002	0.001	0.001	0.003	0.001	0.003	0.004	0.002	0.003	0.002	0.003	0.003	0.004	0.003	0.003	0.003	0.005	0.002	0.002
Hwanghaeella	0.002	0.003	0.002	0.003	0.002	0.002	0.003	0.001	0.002	0.002	0.003	0.003	0.002	0.003	0.002	0.001	0.002	0.001	0.003	0.002	0.002	0.002	0.002	0.001	0.002	0.002	0.003	0.002	0.002	0.002	0.002	0.001	0.002	0.003	0.002	0.003	0.002	0.002	0.003	0.002	0.005	0.006	0.005	0.005	0.003	0.004	0.002	0.004
Xylella	0.003	0.003	0.002	0.002	0.003	0.004	0.003	0.001	0.002	0.002	0.002	0.003	0.003	0.002	0.002	0.001	0.003	0.001	0.002	0.002	0.002	0.002	0.002	0.001	0.002	0.003	0.002	0.002	0.002	0.002	0.001	0.001	0.004	0.003	0.002	0.006999999999999999	0.001	0.003	0.003	0.001	0.004	0.004	0.003	0.006999999999999999	0.002	0.003	0.002	0.003
Moraxella	0.003	0.003	0.002	0.002	0.004	0.003	0.004	0.002	0.002	0.002	0.003	0.002	0.003	0.002	0.002	0.002	0.002	0.002	0.002	0.002	0.002	0.002	0.002	0.002	0.002	0.001	0.002	0.002	0.002	0.002	0.002	0.001	0.003	0.003	0.003	0.003	0.002	0.002	0.003	0.003	0.004	0.004	0.004	0.004	0.003	0.002	0.002	0.003
Advenella	0.002	0.003	0.003	0.002	0.003	0.003	0.003	0.002	0.002	0.002	0.003	0.004	0.003	0.003	0.001	0.002	0.002	0.002	0.003	0.002	0.002	0.002	0.002	0.002	0.002	0.002	0.002	0.001	0.002	0.001	0.002	0.002	0.002	0.002	0.002	0.003	0.003	0.002	0.002	0.002	0.004	0.005	0.004	0.005	0.002	0.003	0.002	0.004
Sporomusa	0.003	0.003	0.003	0.003	0.003	0.003	0.002	0.002	0.001	0.001	0.003	0.003	0.003	0.002	0.002	0.002	0.002	0.001	0.002	0.002	0.002	0.001	0.002	0.001	0.002	0.002	0.002	0.001	0.002	0.002	0.002	0.001	0.003	0.003	0.003	0.003	0.002	0.003	0.002	0.003	0.004	0.004	0.005	0.005	0.004	0.003	0.002	0.004
Phytobacter	0.002	0.009000000000000001	0.003	0.001	0.005	0.001	0.003	0.0	0.002	0.002	0.002	0.003	0.002	0.005	0.002	0.002	0.002	0.001	0.002	0.001	0.002	0.001	0.001	0.001	0.002	0.002	0.002	0.001	0.003	0.001	0.002	0.001	0.001	0.002	0.002	0.001	0.004	0.002	0.001	0.001	0.004	0.004	0.005	0.006999999999999999	0.004	0.006	0.002	0.004
Algibacter	0.003	0.004	0.004	0.003	0.004	0.003	0.005	0.004	0.002	0.002	0.003	0.003	0.003	0.002	0.002	0.002	0.001	0.001	0.002	0.002	0.002	0.001	0.001	0.002	0.002	0.002	0.002	0.002	0.002	0.002	0.002	0.001	0.004	0.003	0.003	0.002	0.002	0.003	0.002	0.004	0.003	0.002	0.002	0.003	0.003	0.002	0.002	0.003
Pseudothauera	0.003	0.003	0.003	0.003	0.003	0.002	0.004	0.003	0.002	0.001	0.002	0.004	0.002	0.002	0.003	0.001	0.002	0.001	0.002	0.002	0.002	0.002	0.002	0.002	0.001	0.001	0.002	0.001	0.002	0.001	0.001	0.001	0.002	0.002	0.003	0.003	0.002	0.002	0.002	0.002	0.004	0.006	0.005	0.006	0.003	0.004	0.002	0.004
Megasphaera	0.004	0.003	0.003	0.003	0.002	0.002	0.003	0.002	0.001	0.002	0.002	0.003	0.003	0.003	0.002	0.001	0.002	0.001	0.002	0.002	0.002	0.001	0.002	0.002	0.002	0.001	0.002	0.001	0.002	0.002	0.001	0.001	0.003	0.003	0.003	0.002	0.003	0.002	0.002	0.003	0.005	0.006	0.006	0.004	0.003	0.003	0.002	0.003
Simiduia	0.004	0.003	0.004	0.002	0.005	0.003	0.005	0.002	0.002	0.002	0.003	0.003	0.002	0.002	0.002	0.002	0.002	0.001	0.002	0.002	0.002	0.002	0.002	0.002	0.002	0.001	0.002	0.002	0.002	0.002	0.002	0.001	0.002	0.002	0.002	0.003	0.002	0.002	0.002	0.002	0.004	0.004	0.003	0.004	0.002	0.003	0.002	0.004
Riemerella	0.002	0.003	0.002	0.003	0.003	0.003	0.01	0.006	0.002	0.002	0.002	0.003	0.002	0.002	0.002	0.002	0.002	0.002	0.002	0.002	0.002	0.002	0.001	0.002	0.001	0.001	0.001	0.001	0.002	0.002	0.002	0.002	0.003	0.002	0.004	0.002	0.002	0.002	0.002	0.005	0.004	0.002	0.003	0.003	0.004	0.001	0.001	0.002
Listeria	0.002	0.002	0.002	0.002	0.003	0.002	0.002	0.004	0.002	0.002	0.002	0.002	0.002	0.002	0.002	0.002	0.002	0.001	0.003	0.001	0.005	0.004	0.001	0.002	0.001	0.001	0.002	0.001	0.002	0.002	0.002	0.001	0.004	0.003	0.003	0.002	0.006999999999999999	0.002	0.002	0.003	0.004	0.003	0.004	0.002	0.006	0.003	0.002	0.002
Methanosarcina	0.002	0.003	0.002	0.002	0.004	0.003	0.004	0.006	0.002	0.003	0.002	0.002	0.002	0.002	0.002	0.003	0.002	0.002	0.002	0.002	0.002	0.002	0.001	0.002	0.002	0.001	0.001	0.001	0.002	0.002	0.001	0.001	0.004	0.004	0.003	0.003	0.002	0.002	0.004	0.004	0.003	0.002	0.003	0.002	0.004	0.002	0.002	0.003
Desulfomicrobium	0.003	0.003	0.003	0.003	0.002	0.002	0.004	0.001	0.002	0.002	0.002	0.003	0.002	0.002	0.002	0.001	0.002	0.001	0.002	0.002	0.002	0.002	0.002	0.002	0.002	0.001	0.002	0.002	0.002	0.002	0.002	0.001	0.002	0.003	0.002	0.003	0.002	0.002	0.002	0.002	0.005	0.004	0.005	0.005	0.003	0.004	0.002	0.005
Methylacidimicrobium	0.003	0.003	0.003	0.003	0.002	0.003	0.003	0.001	0.002	0.001	0.002	0.003	0.004	0.002	0.002	0.001	0.002	0.001	0.002	0.002	0.001	0.001	0.002	0.001	0.001	0.001	0.002	0.001	0.002	0.002	0.001	0.001	0.002	0.003	0.002	0.003	0.002	0.001	0.002	0.001	0.006999999999999999	0.006999999999999999	0.006	0.006	0.003	0.004	0.002	0.005
Anabaena	0.003	0.002	0.002	0.001	0.002	0.004	0.004	0.003	0.001	0.001	0.003	0.003	0.002	0.003	0.003	0.002	0.002	0.001	0.002	0.001	0.002	0.002	0.001	0.001	0.002	0.001	0.001	0.002	0.002	0.001	0.001	0.001	0.002	0.004	0.002	0.002	0.003	0.003	0.003	0.002	0.006999999999999999	0.004	0.01	0.003	0.003	0.002	0.002	0.003
Methylotenera	0.004	0.006	0.003	0.01	0.019	0.005	0.004	0.01	0.002	0.003	0.004	0.001	0.001	0.001	0.002	0.004	0.001	0.002	0.002	0.001	0.001	0.001	0.001	0.002	0.001	0.0	0.001	0.001	0.001	0.001	0.0	0.0	0.001	0.001	0.001	0.001	0.001	0.001	0.001	0.001	0.001	0.001	0.001	0.002	0.001	0.002	0.001	0.005
Duffyella	0.001	0.001	0.002	0.001	0.003	0.001	0.002	0.001	0.002	0.001	0.027999999999999997	0.001	0.001	0.003	0.002	0.005	0.001	0.002	0.001	0.002	0.001	0.004	0.001	0.003	0.003	0.004	0.003	0.003	0.001	0.001	0.001	0.001	0.001	0.001	0.002	0.002	0.001	0.001	0.001	0.01	0.001	0.002	0.001	0.002	0.001	0.001	0.001	0.002
Candidatus Methylocalor	0.003	0.003	0.003	0.003	0.002	0.002	0.003	0.001	0.002	0.002	0.003	0.003	0.003	0.003	0.002	0.002	0.002	0.001	0.003	0.002	0.002	0.002	0.002	0.002	0.001	0.001	0.002	0.002	0.002	0.002	0.002	0.001	0.001	0.003	0.003	0.003	0.002	0.002	0.002	0.002	0.004	0.004	0.004	0.005	0.002	0.004	0.002	0.004
Carnobacterium	0.001	0.001	0.001	0.001	0.001	0.001	0.001	0.004	0.001	0.001	0.001	0.001	0.002	0.001	0.001	0.001	0.001	0.0	0.001	0.001	0.001	0.001	0.001	0.001	0.058	0.002	0.001	0.001	0.001	0.001	0.001	0.001	0.001	0.002	0.002	0.001	0.001	0.001	0.001	0.002	0.001	0.001	0.003	0.001	0.002	0.001	0.001	0.002
Mucisphaera	0.003	0.003	0.002	0.002	0.002	0.002	0.002	0.001	0.002	0.001	0.002	0.003	0.003	0.002	0.002	0.001	0.002	0.001	0.002	0.002	0.002	0.002	0.002	0.002	0.002	0.001	0.003	0.002	0.002	0.002	0.002	0.001	0.002	0.003	0.002	0.003	0.003	0.002	0.003	0.002	0.006	0.005	0.004	0.005	0.002	0.004	0.002	0.004
Neospora	0.002	0.002	0.001	0.002	0.002	0.003	0.002	0.002	0.001	0.002	0.002	0.002	0.002	0.002	0.002	0.002	0.002	0.002	0.002	0.001	0.001	0.001	0.001	0.002	0.002	0.001	0.002	0.001	0.002	0.001	0.001	0.001	0.006999999999999999	0.006	0.004	0.006	0.002	0.002	0.005	0.006999999999999999	0.003	0.003	0.005	0.003	0.002	0.002	0.002	0.002
Maridesulfovibrio	0.002	0.003	0.003	0.002	0.003	0.002	0.003	0.003	0.001	0.002	0.002	0.003	0.002	0.002	0.002	0.002	0.002	0.001	0.002	0.002	0.002	0.002	0.002	0.002	0.002	0.002	0.002	0.001	0.002	0.002	0.002	0.001	0.003	0.003	0.003	0.003	0.002	0.002	0.002	0.002	0.005	0.004	0.004	0.004	0.003	0.002	0.002	0.004
Porphyromonas	0.003	0.003	0.003	0.003	0.004	0.004	0.003	0.002	0.002	0.001	0.003	0.004	0.003	0.002	0.001	0.001	0.002	0.001	0.002	0.002	0.002	0.002	0.002	0.002	0.002	0.002	0.002	0.001	0.002	0.001	0.002	0.001	0.002	0.003	0.002	0.004	0.002	0.003	0.002	0.002	0.004	0.004	0.004	0.004	0.002	0.002	0.001	0.003
Thalassiosira	0.002	0.002	0.003	0.003	0.004	0.004	0.004	0.004	0.001	0.001	0.002	0.002	0.002	0.001	0.002	0.001	0.001	0.001	0.001	0.001	0.001	0.001	0.001	0.001	0.001	0.001	0.001	0.001	0.002	0.001	0.002	0.001	0.006	0.005	0.004	0.005	0.002	0.003	0.005	0.008	0.002	0.002	0.004	0.002	0.005	0.001	0.002	0.002
Pararhodospirillum	0.003	0.003	0.002	0.003	0.003	0.002	0.003	0.002	0.002	0.001	0.002	0.002	0.002	0.002	0.002	0.002	0.002	0.001	0.002	0.002	0.002	0.002	0.002	0.001	0.002	0.001	0.002	0.002	0.002	0.001	0.002	0.001	0.001	0.003	0.002	0.003	0.002	0.002	0.002	0.002	0.004	0.005	0.005	0.006	0.003	0.004	0.002	0.004
Stratiformator	0.003	0.003	0.002	0.002	0.002	0.002	0.003	0.001	0.001	0.001	0.002	0.003	0.002	0.002	0.001	0.001	0.002	0.001	0.002	0.002	0.002	0.002	0.002	0.002	0.002	0.002	0.002	0.001	0.002	0.002	0.002	0.001	0.002	0.003	0.002	0.003	0.002	0.002	0.002	0.002	0.006	0.005	0.005	0.005	0.003	0.005	0.002	0.004
Halioglobus	0.003	0.003	0.004	0.002	0.004	0.003	0.002	0.001	0.002	0.002	0.003	0.003	0.003	0.002	0.002	0.002	0.002	0.001	0.002	0.002	0.002	0.002	0.002	0.002	0.001	0.001	0.002	0.002	0.001	0.002	0.002	0.001	0.002	0.003	0.002	0.003	0.002	0.002	0.001	0.002	0.004	0.005	0.004	0.004	0.002	0.003	0.002	0.004
Saxibacter	0.002	0.002	0.003	0.002	0.001	0.002	0.003	0.001	0.001	0.002	0.002	0.003	0.002	0.002	0.002	0.001	0.003	0.002	0.002	0.002	0.002	0.002	0.002	0.002	0.003	0.002	0.002	0.002	0.002	0.002	0.002	0.002	0.004	0.003	0.003	0.002	0.003	0.003	0.003	0.003	0.004	0.004	0.004	0.003	0.002	0.003	0.002	0.002
Parerythrobacter	0.002	0.003	0.003	0.003	0.003	0.003	0.004	0.002	0.002	0.002	0.002	0.003	0.003	0.002	0.002	0.001	0.002	0.001	0.003	0.002	0.003	0.002	0.003	0.002	0.003	0.002	0.002	0.002	0.002	0.002	0.002	0.001	0.002	0.002	0.002	0.002	0.002	0.002	0.002	0.001	0.004	0.004	0.003	0.003	0.002	0.003	0.002	0.003
Thermococcus	0.003	0.003	0.003	0.003	0.003	0.002	0.003	0.002	0.002	0.001	0.002	0.003	0.003	0.002	0.002	0.001	0.002	0.002	0.002	0.002	0.002	0.002	0.002	0.002	0.002	0.001	0.002	0.002	0.001	0.002	0.001	0.002	0.003	0.003	0.002	0.002	0.002	0.002	0.003	0.003	0.003	0.003	0.004	0.004	0.003	0.003	0.002	0.003
Telmatocola	0.003	0.003	0.002	0.002	0.002	0.003	0.002	0.001	0.002	0.001	0.002	0.003	0.002	0.002	0.001	0.001	0.001	0.001	0.002	0.001	0.001	0.001	0.002	0.001	0.001	0.001	0.001	0.001	0.001	0.002	0.001	0.0	0.002	0.003	0.002	0.002	0.002	0.002	0.002	0.001	0.009000000000000001	0.006	0.006999999999999999	0.005	0.004	0.006	0.003	0.006
Ligilactobacillus	0.003	0.004	0.002	0.003	0.003	0.002	0.003	0.006	0.002	0.002	0.002	0.002	0.002	0.002	0.001	0.002	0.002	0.002	0.002	0.001	0.001	0.002	0.001	0.002	0.001	0.001	0.002	0.001	0.002	0.001	0.002	0.001	0.004	0.004	0.003	0.002	0.003	0.003	0.003	0.004	0.003	0.003	0.003	0.003	0.003	0.002	0.002	0.002
Butyricimonas	0.003	0.002	0.002	0.002	0.004	0.002	0.003	0.002	0.002	0.002	0.002	0.003	0.002	0.002	0.003	0.002	0.002	0.001	0.002	0.002	0.001	0.002	0.001	0.002	0.002	0.001	0.002	0.001	0.002	0.002	0.002	0.001	0.005	0.002	0.004	0.004	0.002	0.003	0.004	0.003	0.005	0.003	0.002	0.003	0.002	0.002	0.002	0.002
Vannielia	0.003	0.003	0.003	0.003	0.003	0.002	0.003	0.002	0.001	0.002	0.002	0.003	0.003	0.003	0.002	0.001	0.002	0.001	0.002	0.002	0.002	0.002	0.002	0.001	0.002	0.001	0.002	0.001	0.003	0.002	0.002	0.001	0.001	0.003	0.003	0.002	0.002	0.002	0.002	0.002	0.004	0.004	0.004	0.004	0.002	0.004	0.002	0.003
Salegentibacter	0.003	0.003	0.003	0.003	0.004	0.003	0.004	0.003	0.002	0.001	0.003	0.002	0.003	0.002	0.002	0.002	0.001	0.001	0.002	0.002	0.002	0.002	0.001	0.002	0.002	0.001	0.002	0.001	0.002	0.001	0.001	0.001	0.003	0.002	0.002	0.003	0.003	0.003	0.003	0.003	0.004	0.003	0.002	0.003	0.002	0.002	0.002	0.003
Halorhabdus	0.003	0.002	0.002	0.002	0.002	0.003	0.003	0.002	0.002	0.002	0.002	0.002	0.002	0.003	0.002	0.001	0.002	0.002	0.002	0.002	0.002	0.002	0.002	0.002	0.002	0.001	0.002	0.002	0.003	0.002	0.002	0.001	0.002	0.003	0.002	0.002	0.002	0.002	0.002	0.002	0.004	0.004	0.004	0.004	0.002	0.003	0.002	0.003
Helcobacillus	0.002	0.002	0.004	0.002	0.001	0.002	0.002	0.001	0.001	0.002	0.002	0.003	0.002	0.003	0.002	0.001	0.002	0.002	0.002	0.002	0.002	0.002	0.002	0.002	0.002	0.002	0.003	0.002	0.003	0.002	0.002	0.001	0.003	0.003	0.003	0.002	0.002	0.002	0.002	0.002	0.004	0.003	0.004	0.003	0.003	0.003	0.002	0.003
Rubinisphaera	0.003	0.003	0.002	0.002	0.002	0.002	0.003	0.001	0.002	0.001	0.002	0.002	0.003	0.002	0.002	0.001	0.002	0.001	0.002	0.002	0.001	0.001	0.002	0.001	0.001	0.001	0.002	0.002	0.002	0.002	0.001	0.001	0.002	0.003	0.003	0.002	0.002	0.002	0.002	0.002	0.005	0.005	0.005	0.005	0.003	0.004	0.002	0.005
Schizosaccharomyces	0.002	0.003	0.004	0.002	0.004	0.003	0.003	0.005	0.002	0.002	0.002	0.002	0.004	0.002	0.003	0.002	0.001	0.002	0.002	0.001	0.001	0.001	0.001	0.002	0.002	0.001	0.002	0.001	0.002	0.001	0.002	0.003	0.004	0.003	0.002	0.003	0.003	0.003	0.003	0.003	0.002	0.002	0.002	0.001	0.003	0.001	0.002	0.002
Methylotuvimicrobium	0.003	0.003	0.003	0.003	0.003	0.002	0.002	0.001	0.002	0.001	0.003	0.003	0.003	0.003	0.002	0.001	0.002	0.001	0.002	0.002	0.002	0.002	0.002	0.002	0.002	0.001	0.002	0.002	0.001	0.002	0.001	0.001	0.002	0.003	0.002	0.002	0.002	0.002	0.002	0.001	0.004	0.004	0.004	0.005	0.003	0.003	0.002	0.003
Kordia	0.003	0.003	0.004	0.003	0.005	0.003	0.003	0.004	0.002	0.002	0.003	0.002	0.003	0.002	0.003	0.002	0.002	0.002	0.002	0.001	0.001	0.002	0.001	0.002	0.002	0.001	0.002	0.001	0.002	0.002	0.002	0.001	0.003	0.002	0.003	0.003	0.002	0.002	0.002	0.003	0.003	0.002	0.002	0.002	0.002	0.002	0.001	0.002
Pseudescherichia	0.002	0.002	0.002	0.002	0.002	0.002	0.002	0.001	0.001	0.001	0.002	0.003	0.002	0.002	0.001	0.001	0.002	0.001	0.002	0.002	0.003	0.002	0.002	0.002	0.001	0.001	0.002	0.002	0.008	0.002	0.001	0.001	0.002	0.003	0.002	0.003	0.002	0.003	0.002	0.002	0.004	0.004	0.004	0.005	0.002	0.003	0.002	0.003
Aliiroseovarius	0.003	0.003	0.003	0.002	0.003	0.002	0.003	0.002	0.001	0.002	0.002	0.003	0.003	0.002	0.001	0.001	0.002	0.001	0.003	0.002	0.002	0.002	0.002	0.002	0.002	0.001	0.002	0.002	0.002	0.002	0.002	0.001	0.002	0.002	0.002	0.002	0.002	0.002	0.002	0.002	0.004	0.004	0.004	0.004	0.002	0.003	0.002	0.003
Paraclostridium	0.002	0.003	0.002	0.003	0.002	0.003	0.003	0.013	0.002	0.002	0.002	0.002	0.001	0.001	0.001	0.002	0.001	0.002	0.002	0.001	0.002	0.001	0.001	0.001	0.001	0.001	0.001	0.001	0.001	0.001	0.002	0.001	0.005	0.003	0.004	0.003	0.002	0.003	0.003	0.004	0.001	0.001	0.003	0.002	0.005	0.002	0.002	0.001
Enterocloster	0.003	0.003	0.003	0.002	0.003	0.003	0.002	0.002	0.002	0.002	0.002	0.003	0.002	0.003	0.002	0.001	0.002	0.001	0.002	0.001	0.002	0.001	0.001	0.001	0.002	0.001	0.002	0.001	0.002	0.002	0.001	0.002	0.003	0.003	0.002	0.003	0.002	0.002	0.002	0.003	0.003	0.004	0.003	0.004	0.003	0.003	0.002	0.003
Haemophilus	0.004	0.003	0.003	0.002	0.005	0.004	0.005	0.004	0.002	0.001	0.002	0.003	0.002	0.002	0.002	0.002	0.001	0.001	0.001	0.001	0.001	0.001	0.001	0.001	0.001	0.001	0.001	0.001	0.002	0.001	0.001	0.001	0.004	0.003	0.003	0.002	0.002	0.003	0.002	0.002	0.003	0.004	0.004	0.003	0.003	0.002	0.001	0.003
Reichenbachiella	0.004	0.003	0.006	0.004	0.005	0.003	0.003	0.003	0.001	0.001	0.003	0.003	0.002	0.002	0.002	0.002	0.001	0.001	0.002	0.001	0.002	0.001	0.001	0.001	0.001	0.001	0.002	0.001	0.001	0.001	0.001	0.001	0.003	0.002	0.003	0.002	0.002	0.002	0.003	0.002	0.004	0.003	0.002	0.003	0.003	0.001	0.002	0.003
Pacificitalea	0.003	0.002	0.002	0.002	0.002	0.002	0.003	0.001	0.001	0.002	0.002	0.003	0.002	0.002	0.001	0.002	0.002	0.001	0.002	0.002	0.002	0.001	0.002	0.002	0.002	0.002	0.003	0.002	0.002	0.002	0.001	0.001	0.002	0.003	0.002	0.002	0.002	0.002	0.003	0.002	0.004	0.004	0.004	0.004	0.003	0.003	0.001	0.004
Symbiobacterium	0.003	0.003	0.002	0.003	0.002	0.002	0.003	0.002	0.001	0.001	0.002	0.002	0.002	0.002	0.002	0.001	0.002	0.001	0.002	0.002	0.002	0.002	0.002	0.001	0.002	0.001	0.002	0.002	0.002	0.002	0.002	0.001	0.002	0.003	0.002	0.002	0.002	0.002	0.002	0.002	0.004	0.003	0.004	0.004	0.003	0.005	0.002	0.003
Tumebacillus	0.003	0.002	0.002	0.002	0.002	0.003	0.003	0.002	0.002	0.001	0.002	0.003	0.002	0.003	0.002	0.001	0.002	0.001	0.002	0.002	0.001	0.002	0.002	0.002	0.002	0.001	0.002	0.001	0.002	0.001	0.001	0.001	0.002	0.003	0.002	0.003	0.002	0.002	0.002	0.002	0.004	0.004	0.004	0.005	0.003	0.003	0.002	0.003
Rickettsia	0.002	0.004	0.002	0.002	0.004	0.004	0.003	0.006	0.002	0.003	0.002	0.003	0.001	0.002	0.002	0.002	0.001	0.002	0.002	0.001	0.001	0.001	0.001	0.002	0.002	0.001	0.001	0.001	0.002	0.001	0.001	0.002	0.002	0.003	0.002	0.002	0.002	0.002	0.002	0.004	0.003	0.003	0.003	0.002	0.003	0.002	0.002	0.003
Humidisolicoccus	0.002	0.002	0.002	0.002	0.002	0.002	0.004	0.001	0.001	0.002	0.001	0.004	0.003	0.002	0.002	0.001	0.003	0.003	0.002	0.002	0.003	0.002	0.003	0.001	0.003	0.002	0.002	0.002	0.003	0.002	0.002	0.001	0.001	0.002	0.002	0.001	0.002	0.002	0.002	0.002	0.003	0.004	0.002	0.003	0.003	0.004	0.001	0.002
Natronobacterium	0.003	0.002	0.003	0.002	0.002	0.002	0.002	0.001	0.001	0.002	0.002	0.002	0.002	0.002	0.002	0.001	0.002	0.001	0.002	0.002	0.002	0.002	0.002	0.002	0.002	0.002	0.002	0.002	0.002	0.002	0.002	0.001	0.003	0.003	0.003	0.002	0.002	0.002	0.002	0.002	0.003	0.003	0.004	0.004	0.002	0.003	0.002	0.003
Rubripirellula	0.003	0.003	0.003	0.003	0.002	0.002	0.002	0.001	0.001	0.001	0.002	0.002	0.003	0.002	0.001	0.001	0.002	0.001	0.002	0.002	0.002	0.001	0.002	0.001	0.001	0.001	0.002	0.002	0.002	0.002	0.001	0.001	0.002	0.003	0.002	0.002	0.002	0.002	0.002	0.001	0.005	0.004	0.005	0.004	0.003	0.004	0.002	0.004
Flammeovirga	0.003	0.003	0.004	0.003	0.004	0.003	0.003	0.004	0.002	0.002	0.003	0.002	0.002	0.001	0.002	0.002	0.001	0.001	0.002	0.001	0.001	0.002	0.001	0.001	0.002	0.001	0.001	0.001	0.001	0.002	0.001	0.001	0.004	0.002	0.003	0.003	0.002	0.003	0.003	0.003	0.003	0.002	0.003	0.002	0.003	0.001	0.001	0.003
Francisella	0.002	0.002	0.003	0.003	0.005	0.002	0.003	0.005	0.002	0.003	0.002	0.002	0.002	0.002	0.002	0.003	0.001	0.001	0.002	0.001	0.002	0.001	0.001	0.002	0.002	0.002	0.001	0.001	0.001	0.001	0.001	0.001	0.004	0.003	0.003	0.003	0.002	0.002	0.002	0.002	0.002	0.002	0.003	0.002	0.003	0.002	0.002	0.003
Segniliparus	0.003	0.002	0.002	0.002	0.002	0.002	0.002	0.002	0.001	0.001	0.002	0.002	0.002	0.002	0.002	0.001	0.002	0.002	0.002	0.002	0.002	0.002	0.002	0.002	0.002	0.002	0.002	0.002	0.002	0.002	0.002	0.001	0.001	0.003	0.002	0.003	0.002	0.002	0.002	0.002	0.004	0.003	0.003	0.003	0.002	0.004	0.002	0.004
Oceanithermus	0.003	0.002	0.002	0.002	0.002	0.003	0.002	0.002	0.001	0.002	0.001	0.002	0.002	0.003	0.002	0.001	0.002	0.001	0.001	0.002	0.002	0.002	0.002	0.002	0.002	0.001	0.002	0.002	0.002	0.002	0.002	0.001	0.002	0.004	0.002	0.002	0.002	0.002	0.002	0.001	0.004	0.003	0.004	0.004	0.002	0.004	0.002	0.003
Antarcticibacterium	0.003	0.003	0.003	0.003	0.004	0.002	0.004	0.003	0.001	0.001	0.002	0.002	0.002	0.002	0.002	0.002	0.001	0.001	0.002	0.002	0.002	0.002	0.001	0.002	0.002	0.001	0.002	0.001	0.002	0.001	0.001	0.001	0.003	0.002	0.003	0.003	0.002	0.003	0.003	0.003	0.003	0.004	0.002	0.002	0.002	0.002	0.001	0.002
Mammaliicoccus	0.002	0.002	0.003	0.002	0.002	0.002	0.003	0.008	0.002	0.002	0.002	0.002	0.002	0.002	0.002	0.003	0.001	0.001	0.002	0.001	0.002	0.002	0.001	0.001	0.002	0.001	0.001	0.001	0.002	0.001	0.002	0.001	0.004	0.002	0.003	0.002	0.002	0.003	0.002	0.004	0.002	0.002	0.003	0.002	0.004	0.001	0.002	0.002
Zobellia	0.003	0.003	0.003	0.003	0.003	0.004	0.003	0.003	0.001	0.001	0.003	0.002	0.002	0.002	0.003	0.001	0.002	0.001	0.002	0.002	0.002	0.001	0.001	0.001	0.002	0.002	0.002	0.002	0.001	0.001	0.001	0.001	0.003	0.002	0.003	0.003	0.002	0.003	0.003	0.002	0.003	0.003	0.002	0.003	0.002	0.002	0.001	0.002
Anderseniella	0.003	0.002	0.002	0.002	0.001	0.002	0.002	0.002	0.001	0.001	0.002	0.004	0.002	0.002	0.001	0.001	0.002	0.001	0.002	0.002	0.002	0.001	0.002	0.001	0.002	0.001	0.002	0.002	0.002	0.002	0.001	0.001	0.002	0.003	0.003	0.003	0.001	0.002	0.002	0.001	0.005	0.004	0.004	0.005	0.002	0.004	0.002	0.003
Mycosarcoma	0.002	0.003	0.003	0.002	0.002	0.002	0.003	0.002	0.001	0.002	0.002	0.002	0.002	0.002	0.002	0.001	0.002	0.001	0.002	0.001	0.001	0.001	0.001	0.001	0.002	0.002	0.002	0.002	0.001	0.001	0.001	0.001	0.004	0.005	0.003	0.002	0.003	0.003	0.004	0.003	0.003	0.003	0.003	0.003	0.003	0.002	0.001	0.002
Haliscomenobacter	0.003	0.002	0.003	0.003	0.004	0.002	0.002	0.002	0.001	0.001	0.003	0.003	0.001	0.002	0.002	0.002	0.001	0.001	0.002	0.002	0.002	0.002	0.001	0.002	0.001	0.001	0.002	0.001	0.002	0.001	0.002	0.001	0.003	0.002	0.003	0.004	0.002	0.002	0.003	0.002	0.004	0.003	0.003	0.003	0.002	0.002	0.001	0.003
Salinarchaeum	0.003	0.003	0.002	0.002	0.002	0.003	0.002	0.002	0.001	0.001	0.002	0.003	0.002	0.003	0.002	0.001	0.002	0.002	0.002	0.002	0.002	0.002	0.002	0.001	0.002	0.001	0.002	0.001	0.002	0.002	0.001	0.001	0.002	0.003	0.002	0.003	0.002	0.002	0.002	0.002	0.003	0.003	0.003	0.003	0.002	0.003	0.002	0.003
Halosegnis	0.003	0.003	0.003	0.002	0.003	0.004	0.002	0.001	0.001	0.002	0.002	0.002	0.003	0.003	0.003	0.001	0.002	0.001	0.002	0.002	0.001	0.002	0.002	0.002	0.002	0.002	0.002	0.002	0.003	0.002	0.001	0.002	0.002	0.003	0.002	0.002	0.002	0.002	0.002	0.001	0.002	0.002	0.003	0.002	0.002	0.003	0.001	0.002
Adlercreutzia	0.002	0.003	0.002	0.002	0.003	0.003	0.002	0.001	0.002	0.001	0.002	0.002	0.002	0.002	0.001	0.001	0.002	0.001	0.002	0.002	0.002	0.002	0.002	0.002	0.002	0.001	0.001	0.001	0.001	0.001	0.001	0.001	0.002	0.004	0.002	0.003	0.002	0.002	0.002	0.002	0.004	0.003	0.004	0.004	0.003	0.003	0.002	0.003
Kluyveromyces	0.002	0.002	0.002	0.002	0.001	0.002	0.003	0.003	0.002	0.001	0.002	0.003	0.003	0.002	0.002	0.002	0.001	0.002	0.002	0.001	0.001	0.001	0.001	0.001	0.001	0.001	0.001	0.002	0.002	0.001	0.001	0.001	0.004	0.004	0.003	0.003	0.002	0.002	0.002	0.005	0.003	0.003	0.003	0.003	0.003	0.002	0.002	0.002
Idiomarina	0.003	0.002	0.003	0.003	0.003	0.003	0.003	0.002	0.001	0.001	0.002	0.003	0.003	0.002	0.002	0.002	0.002	0.001	0.002	0.001	0.001	0.002	0.002	0.001	0.001	0.001	0.002	0.002	0.001	0.002	0.001	0.001	0.002	0.003	0.002	0.002	0.002	0.002	0.002	0.002	0.004	0.003	0.003	0.004	0.001	0.002	0.002	0.003
Bradymonas	0.003	0.003	0.003	0.002	0.003	0.002	0.002	0.001	0.002	0.001	0.002	0.003	0.002	0.002	0.002	0.001	0.002	0.001	0.002	0.002	0.002	0.002	0.002	0.001	0.001	0.001	0.002	0.001	0.002	0.002	0.001	0.001	0.002	0.003	0.002	0.002	0.002	0.002	0.002	0.001	0.004	0.004	0.004	0.003	0.002	0.003	0.002	0.003
Saccharibacillus	0.002	0.002	0.002	0.002	0.001	0.003	0.001	0.002	0.001	0.001	0.001	0.002	0.002	0.002	0.001	0.002	0.001	0.001	0.001	0.001	0.001	0.001	0.002	0.001	0.023	0.001	0.002	0.001	0.001	0.001	0.001	0.001	0.002	0.002	0.002	0.002	0.002	0.002	0.001	0.001	0.003	0.003	0.003	0.002	0.002	0.003	0.001	0.002
Leptotrichia	0.002	0.002	0.002	0.002	0.003	0.003	0.002	0.006999999999999999	0.002	0.003	0.002	0.002	0.001	0.002	0.002	0.003	0.001	0.002	0.002	0.001	0.002	0.001	0.001	0.002	0.001	0.001	0.001	0.001	0.001	0.002	0.002	0.001	0.003	0.002	0.003	0.002	0.002	0.002	0.002	0.004	0.002	0.001	0.003	0.002	0.004	0.001	0.002	0.002
Paraurantiacibacter	0.002	0.003	0.003	0.002	0.003	0.003	0.003	0.001	0.001	0.002	0.002	0.002	0.004	0.002	0.002	0.001	0.002	0.001	0.002	0.002	0.002	0.002	0.002	0.001	0.003	0.001	0.002	0.002	0.002	0.002	0.002	0.001	0.002	0.002	0.002	0.002	0.002	0.002	0.001	0.001	0.003	0.003	0.002	0.003	0.002	0.003	0.001	0.003
Naumovozyma	0.002	0.002	0.002	0.002	0.003	0.003	0.002	0.006999999999999999	0.001	0.002	0.001	0.002	0.002	0.002	0.002	0.002	0.001	0.002	0.002	0.001	0.001	0.001	0.001	0.001	0.002	0.001	0.001	0.001	0.002	0.001	0.001	0.001	0.004	0.003	0.005	0.003	0.002	0.003	0.002	0.004	0.002	0.001	0.002	0.002	0.004	0.001	0.002	0.002
Magnetovirga	0.003	0.002	0.003	0.002	0.003	0.002	0.002	0.001	0.002	0.001	0.002	0.002	0.002	0.002	0.001	0.001	0.001	0.001	0.002	0.002	0.002	0.002	0.002	0.001	0.001	0.001	0.002	0.002	0.002	0.001	0.001	0.001	0.001	0.002	0.002	0.003	0.002	0.002	0.002	0.002	0.004	0.004	0.004	0.004	0.002	0.003	0.002	0.004
Tetragenococcus	0.002	0.001	0.001	0.004	0.003	0.003	0.003	0.008	0.004	0.006	0.002	0.001	0.001	0.001	0.001	0.005	0.0	0.004	0.004	0.003	0.002	0.002	0.001	0.003	0.001	0.0	0.0	0.001	0.001	0.001	0.001	0.001	0.002	0.001	0.001	0.001	0.001	0.001	0.001	0.001	0.001	0.001	0.001	0.002	0.006	0.001	0.003	0.003
Rouxiella	0.003	0.003	0.002	0.002	0.003	0.003	0.002	0.001	0.001	0.002	0.002	0.003	0.003	0.002	0.002	0.001	0.002	0.001	0.002	0.002	0.001	0.002	0.002	0.001	0.001	0.001	0.002	0.001	0.001	0.002	0.001	0.001	0.002	0.002	0.002	0.003	0.002	0.001	0.002	0.002	0.003	0.004	0.004	0.004	0.002	0.002	0.002	0.003
Mitsuokella	0.002	0.003	0.002	0.002	0.002	0.002	0.002	0.001	0.001	0.001	0.002	0.002	0.002	0.002	0.002	0.001	0.002	0.001	0.001	0.002	0.001	0.002	0.002	0.001	0.001	0.002	0.002	0.001	0.002	0.001	0.001	0.001	0.002	0.003	0.002	0.002	0.002	0.002	0.002	0.002	0.004	0.004	0.004	0.004	0.002	0.004	0.002	0.004
Neomoorella	0.003	0.003	0.002	0.002	0.002	0.002	0.002	0.001	0.001	0.001	0.002	0.002	0.002	0.003	0.001	0.001	0.002	0.001	0.002	0.001	0.001	0.001	0.001	0.001	0.002	0.001	0.001	0.002	0.002	0.002	0.002	0.001	0.002	0.003	0.002	0.002	0.002	0.002	0.002	0.003	0.004	0.004	0.004	0.004	0.002	0.003	0.002	0.003
Aquisalinus	0.002	0.002	0.002	0.002	0.002	0.002	0.003	0.001	0.001	0.001	0.002	0.003	0.002	0.002	0.001	0.001	0.002	0.001	0.002	0.002	0.002	0.001	0.002	0.001	0.002	0.001	0.002	0.002	0.001	0.002	0.001	0.001	0.002	0.002	0.003	0.002	0.002	0.002	0.002	0.002	0.004	0.004	0.004	0.003	0.003	0.003	0.002	0.003
Candidatus Symbiobacter	0.002	0.003	0.004	0.003	0.002	0.003	0.002	0.001	0.002	0.002	0.003	0.003	0.003	0.002	0.002	0.002	0.001	0.001	0.002	0.002	0.001	0.001	0.001	0.001	0.001	0.001	0.002	0.001	0.001	0.001	0.001	0.001	0.002	0.002	0.002	0.003	0.002	0.002	0.002	0.003	0.003	0.003	0.003	0.003	0.002	0.002	0.002	0.003
Salarchaeum	0.002	0.001	0.002	0.002	0.003	0.002	0.003	0.001	0.001	0.001	0.002	0.003	0.002	0.002	0.002	0.001	0.002	0.001	0.002	0.002	0.002	0.002	0.002	0.002	0.002	0.001	0.002	0.001	0.002	0.002	0.001	0.001	0.002	0.003	0.003	0.002	0.002	0.001	0.002	0.002	0.003	0.004	0.003	0.003	0.002	0.003	0.002	0.003
Brachyspira	0.002	0.002	0.002	0.002	0.003	0.002	0.002	0.006	0.002	0.003	0.002	0.002	0.003	0.002	0.002	0.003	0.001	0.002	0.003	0.001	0.002	0.001	0.001	0.002	0.001	0.001	0.001	0.001	0.001	0.001	0.002	0.001	0.003	0.002	0.002	0.002	0.002	0.002	0.001	0.004	0.002	0.002	0.002	0.002	0.004	0.001	0.002	0.002
Thermoflexus	0.008	0.002	0.001	0.008	0.002	0.002	0.001	0.001	0.001	0.001	0.005	0.001	0.002	0.001	0.001	0.001	0.001	0.001	0.001	0.001	0.001	0.001	0.001	0.001	0.001	0.001	0.001	0.001	0.001	0.002	0.002	0.001	0.001	0.002	0.002	0.002	0.002	0.001	0.001	0.001	0.009000000000000001	0.002	0.003	0.002	0.002	0.003	0.001	0.006999999999999999
Syntrophotalea	0.003	0.002	0.003	0.003	0.002	0.003	0.003	0.001	0.001	0.001	0.002	0.002	0.002	0.002	0.002	0.001	0.001	0.001	0.002	0.001	0.001	0.001	0.002	0.001	0.001	0.001	0.002	0.001	0.001	0.002	0.002	0.001	0.002	0.003	0.002	0.002	0.002	0.002	0.002	0.001	0.004	0.004	0.004	0.005	0.002	0.003	0.001	0.004
Geochorda	0.002	0.002	0.003	0.002	0.002	0.002	0.002	0.001	0.001	0.001	0.002	0.002	0.002	0.002	0.001	0.001	0.002	0.001	0.002	0.002	0.002	0.001	0.002	0.002	0.002	0.001	0.002	0.001	0.002	0.001	0.002	0.001	0.002	0.003	0.002	0.002	0.002	0.002	0.002	0.002	0.004	0.003	0.004	0.003	0.002	0.004	0.002	0.003
Austwickia	0.002	0.002	0.003	0.002	0.002	0.002	0.002	0.001	0.001	0.001	0.001	0.002	0.002	0.002	0.001	0.001	0.002	0.002	0.002	0.001	0.002	0.002	0.002	0.001	0.002	0.001	0.002	0.002	0.002	0.002	0.001	0.001	0.002	0.002	0.002	0.002	0.003	0.003	0.003	0.002	0.004	0.003	0.003	0.003	0.002	0.003	0.002	0.002
Halalkalicoccus	0.002	0.001	0.003	0.002	0.002	0.003	0.002	0.001	0.001	0.001	0.002	0.002	0.002	0.002	0.002	0.001	0.002	0.001	0.002	0.002	0.001	0.001	0.002	0.002	0.002	0.002	0.002	0.002	0.002	0.002	0.002	0.001	0.002	0.003	0.002	0.002	0.002	0.002	0.002	0.002	0.004	0.002	0.003	0.003	0.002	0.003	0.002	0.002
Acidothermus	0.002	0.002	0.002	0.002	0.001	0.002	0.002	0.001	0.001	0.001	0.001	0.002	0.002	0.002	0.001	0.001	0.002	0.001	0.002	0.002	0.001	0.001	0.001	0.002	0.002	0.001	0.002	0.002	0.002	0.001	0.001	0.001	0.002	0.004	0.002	0.002	0.002	0.002	0.002	0.002	0.004	0.004	0.005	0.004	0.003	0.003	0.002	0.003
Theileria	0.002	0.002	0.002	0.001	0.002	0.003	0.002	0.006999999999999999	0.002	0.002	0.002	0.002	0.002	0.002	0.001	0.002	0.001	0.002	0.002	0.001	0.002	0.001	0.001	0.002	0.002	0.001	0.001	0.001	0.002	0.001	0.001	0.002	0.003	0.003	0.002	0.002	0.002	0.002	0.002	0.004	0.002	0.001	0.003	0.001	0.004	0.001	0.002	0.002
Oceanobacillus	0.002	0.003	0.002	0.002	0.002	0.003	0.002	0.008	0.002	0.001	0.002	0.002	0.002	0.001	0.001	0.002	0.001	0.001	0.002	0.001	0.002	0.001	0.001	0.001	0.001	0.001	0.001	0.001	0.001	0.001	0.002	0.001	0.003	0.003	0.002	0.002	0.002	0.002	0.003	0.003	0.002	0.002	0.003	0.002	0.004	0.002	0.002	0.002
Colwellia	0.003	0.002	0.002	0.002	0.003	0.003	0.002	0.003	0.001	0.002	0.002	0.002	0.001	0.001	0.002	0.002	0.001	0.001	0.002	0.002	0.002	0.001	0.001	0.001	0.001	0.001	0.001	0.001	0.001	0.001	0.001	0.001	0.004	0.002	0.003	0.003	0.002	0.002	0.003	0.003	0.002	0.005	0.004	0.003	0.003	0.001	0.001	0.002
Nesterenkonia	0.003	0.002	0.003	0.002	0.002	0.002	0.002	0.001	0.001	0.001	0.001	0.002	0.002	0.002	0.002	0.001	0.002	0.002	0.002	0.002	0.002	0.002	0.002	0.002	0.002	0.002	0.002	0.002	0.002	0.001	0.002	0.001	0.002	0.003	0.002	0.002	0.002	0.002	0.002	0.002	0.002	0.002	0.002	0.003	0.002	0.003	0.002	0.002
Adhaeretor	0.003	0.002	0.002	0.002	0.002	0.002	0.002	0.001	0.002	0.001	0.002	0.002	0.001	0.002	0.002	0.001	0.002	0.001	0.001	0.001	0.001	0.002	0.002	0.001	0.001	0.001	0.002	0.001	0.003	0.002	0.002	0.001	0.002	0.002	0.002	0.002	0.002	0.001	0.002	0.001	0.005	0.003	0.004	0.004	0.003	0.004	0.001	0.003
Falsirhodobacter	0.002	0.002	0.002	0.002	0.001	0.002	0.003	0.001	0.001	0.002	0.002	0.002	0.002	0.002	0.001	0.001	0.002	0.001	0.002	0.002	0.002	0.002	0.002	0.001	0.002	0.001	0.002	0.002	0.002	0.002	0.002	0.001	0.002	0.002	0.002	0.002	0.001	0.002	0.002	0.001	0.003	0.004	0.003	0.004	0.002	0.003	0.002	0.003
Arenibacterium	0.002	0.002	0.002	0.002	0.002	0.002	0.002	0.001	0.001	0.001	0.002	0.002	0.002	0.002	0.001	0.002	0.002	0.001	0.002	0.002	0.002	0.002	0.002	0.001	0.002	0.001	0.002	0.002	0.002	0.002	0.001	0.001	0.002	0.002	0.002	0.002	0.002	0.002	0.002	0.002	0.003	0.003	0.003	0.004	0.002	0.003	0.001	0.004
Vagococcus	0.002	0.002	0.002	0.002	0.002	0.003	0.003	0.004	0.002	0.002	0.002	0.003	0.002	0.002	0.002	0.002	0.001	0.001	0.002	0.001	0.001	0.001	0.001	0.001	0.001	0.001	0.001	0.001	0.001	0.001	0.001	0.001	0.003	0.002	0.002	0.002	0.002	0.002	0.003	0.004	0.003	0.003	0.003	0.002	0.003	0.002	0.002	0.002
Gimibacter	0.002	0.003	0.003	0.002	0.002	0.002	0.002	0.001	0.001	0.002	0.002	0.003	0.002	0.003	0.002	0.001	0.002	0.001	0.002	0.001	0.002	0.001	0.002	0.001	0.001	0.001	0.002	0.002	0.001	0.001	0.001	0.001	0.001	0.003	0.003	0.002	0.002	0.002	0.002	0.002	0.003	0.004	0.003	0.004	0.002	0.002	0.001	0.003
Lacinutrix	0.003	0.004	0.003	0.002	0.003	0.003	0.003	0.003	0.001	0.002	0.002	0.001	0.003	0.002	0.002	0.002	0.001	0.001	0.001	0.001	0.001	0.001	0.001	0.001	0.002	0.001	0.001	0.002	0.002	0.001	0.001	0.001	0.003	0.002	0.002	0.002	0.002	0.002	0.002	0.003	0.003	0.002	0.002	0.003	0.003	0.002	0.001	0.002
Babesia	0.002	0.003	0.003	0.002	0.003	0.003	0.002	0.004	0.002	0.002	0.002	0.002	0.003	0.002	0.002	0.001	0.001	0.002	0.002	0.001	0.001	0.002	0.001	0.001	0.002	0.001	0.002	0.001	0.002	0.001	0.002	0.001	0.003	0.004	0.003	0.002	0.001	0.001	0.002	0.003	0.002	0.002	0.002	0.001	0.003	0.001	0.001	0.002
Thermoflavifilum	0.002	0.002	0.002	0.002	0.002	0.002	0.003	0.001	0.001	0.001	0.003	0.002	0.002	0.002	0.002	0.002	0.002	0.001	0.002	0.002	0.001	0.002	0.001	0.002	0.001	0.001	0.002	0.001	0.002	0.001	0.002	0.001	0.003	0.001	0.003	0.004	0.003	0.002	0.002	0.002	0.003	0.003	0.003	0.003	0.002	0.001	0.002	0.002
Kingella	0.003	0.003	0.003	0.003	0.002	0.002	0.001	0.002	0.001	0.001	0.002	0.002	0.002	0.002	0.001	0.001	0.001	0.001	0.002	0.002	0.001	0.001	0.001	0.001	0.001	0.001	0.001	0.001	0.001	0.001	0.001	0.001	0.002	0.002	0.002	0.002	0.001	0.002	0.002	0.002	0.004	0.005	0.003	0.005	0.002	0.003	0.002	0.005
Pseudoglutamicibacter	0.002	0.002	0.0	0.003	0.002	0.002	0.002	0.002	0.001	0.002	0.002	0.003	0.002	0.002	0.001	0.001	0.001	0.001	0.002	0.002	0.002	0.001	0.002	0.001	0.002	0.001	0.002	0.002	0.002	0.002	0.001	0.001	0.001	0.002	0.001	0.001	0.002	0.002	0.002	0.003	0.004	0.004	0.003	0.003	0.003	0.004	0.001	0.003
Brettanomyces	0.002	0.001	0.002	0.002	0.002	0.002	0.002	0.003	0.002	0.002	0.002	0.002	0.002	0.002	0.001	0.002	0.002	0.001	0.002	0.001	0.001	0.001	0.001	0.001	0.002	0.001	0.002	0.001	0.001	0.001	0.001	0.001	0.004	0.005	0.002	0.003	0.002	0.002	0.002	0.003	0.003	0.002	0.003	0.002	0.004	0.001	0.002	0.002
Planctopirus	0.002	0.002	0.001	0.002	0.002	0.002	0.002	0.001	0.001	0.001	0.002	0.002	0.002	0.002	0.001	0.001	0.002	0.001	0.002	0.001	0.001	0.001	0.002	0.001	0.001	0.001	0.002	0.001	0.001	0.001	0.001	0.001	0.001	0.002	0.002	0.002	0.002	0.001	0.002	0.001	0.006999999999999999	0.005	0.005	0.004	0.003	0.004	0.002	0.004
Buchananella	0.002	0.002	0.002	0.002	0.002	0.002	0.002	0.001	0.001	0.001	0.002	0.002	0.002	0.002	0.002	0.001	0.002	0.001	0.002	0.002	0.002	0.002	0.002	0.001	0.002	0.001	0.002	0.002	0.002	0.002	0.002	0.001	0.002	0.002	0.002	0.003	0.002	0.002	0.002	0.002	0.003	0.002	0.003	0.003	0.002	0.003	0.001	0.002
Desulfoferula	0.002	0.001	0.002	0.002	0.002	0.003	0.002	0.001	0.001	0.001	0.002	0.002	0.002	0.002	0.001	0.001	0.002	0.001	0.002	0.002	0.002	0.002	0.001	0.002	0.001	0.001	0.002	0.001	0.002	0.001	0.001	0.001	0.002	0.003	0.002	0.002	0.002	0.002	0.002	0.002	0.004	0.003	0.004	0.004	0.002	0.003	0.001	0.003
Limnochorda	0.002	0.002	0.002	0.002	0.002	0.002	0.002	0.001	0.001	0.001	0.001	0.002	0.002	0.002	0.001	0.001	0.002	0.002	0.002	0.002	0.002	0.002	0.001	0.001	0.001	0.001	0.002	0.002	0.002	0.001	0.002	0.001	0.002	0.003	0.002	0.002	0.002	0.002	0.002	0.001	0.004	0.003	0.003	0.004	0.002	0.004	0.001	0.003
Truepera	0.002	0.002	0.003	0.003	0.002	0.002	0.002	0.002	0.001	0.002	0.002	0.002	0.002	0.002	0.002	0.001	0.002	0.001	0.001	0.001	0.002	0.002	0.002	0.002	0.002	0.001	0.002	0.001	0.001	0.001	0.001	0.001	0.001	0.003	0.002	0.002	0.002	0.002	0.002	0.001	0.003	0.003	0.003	0.003	0.002	0.003	0.002	0.003
Fuerstiella	0.003	0.002	0.003	0.002	0.002	0.002	0.002	0.001	0.001	0.001	0.002	0.002	0.002	0.002	0.002	0.001	0.001	0.001	0.001	0.001	0.001	0.001	0.002	0.002	0.001	0.001	0.002	0.001	0.001	0.002	0.001	0.001	0.002	0.002	0.002	0.002	0.002	0.002	0.002	0.001	0.005	0.003	0.004	0.004	0.002	0.004	0.001	0.004
Fuscovulum	0.002	0.002	0.003	0.001	0.002	0.001	0.003	0.001	0.001	0.002	0.003	0.003	0.002	0.002	0.001	0.001	0.002	0.001	0.002	0.002	0.002	0.002	0.002	0.001	0.002	0.002	0.002	0.002	0.002	0.001	0.001	0.001	0.001	0.002	0.001	0.002	0.001	0.001	0.002	0.002	0.003	0.003	0.003	0.004	0.002	0.003	0.002	0.003
Microcystis	0.002	0.002	0.002	0.006999999999999999	0.003	0.003	0.002	0.006	0.001	0.002	0.002	0.001	0.001	0.002	0.002	0.001	0.001	0.001	0.002	0.001	0.001	0.001	0.001	0.001	0.002	0.001	0.002	0.001	0.002	0.001	0.001	0.001	0.002	0.002	0.002	0.002	0.001	0.002	0.002	0.002	0.002	0.002	0.003	0.002	0.003	0.003	0.001	0.002
Kineobactrum	0.002	0.002	0.002	0.002	0.002	0.002	0.002	0.001	0.002	0.001	0.002	0.003	0.002	0.002	0.002	0.002	0.002	0.001	0.001	0.002	0.002	0.002	0.002	0.001	0.001	0.001	0.002	0.001	0.002	0.002	0.001	0.001	0.002	0.002	0.002	0.002	0.002	0.001	0.002	0.001	0.004	0.004	0.003	0.003	0.002	0.003	0.002	0.002
Subdoligranulum	0.002	0.002	0.003	0.002	0.002	0.002	0.002	0.001	0.001	0.001	0.002	0.003	0.002	0.002	0.001	0.001	0.002	0.001	0.001	0.001	0.001	0.002	0.001	0.001	0.002	0.002	0.002	0.001	0.001	0.002	0.001	0.001	0.002	0.003	0.002	0.002	0.002	0.002	0.002	0.001	0.005	0.003	0.003	0.003	0.002	0.003	0.002	0.004
Manuelvirus	0.011000000000000001	0.024	0.006	0.003	0.011000000000000001	0.004	0.021	0.006999999999999999	0.0	0.0	0.001	0.0	0.0	0.0	0.001	0.0	0.0	0.0	0.0	0.0	0.0	0.0	0.0	0.0	0.001	0.0	0.001	0.0	0.0	0.001	0.0	0.0	0.0	0.0	0.0	0.0	0.0	0.0	0.0	0.0	0.0	0.0	0.0	0.0	0.0	0.0	0.0	0.0
Rossellomorea	0.002	0.003	0.003	0.002	0.002	0.003	0.002	0.002	0.001	0.002	0.002	0.002	0.002	0.001	0.001	0.001	0.002	0.001	0.001	0.002	0.001	0.001	0.001	0.002	0.001	0.002	0.001	0.001	0.001	0.001	0.001	0.001	0.002	0.002	0.002	0.002	0.002	0.002	0.002	0.003	0.003	0.004	0.003	0.003	0.003	0.003	0.001	0.003
Candidatus Thiodiazotropha	0.003	0.003	0.003	0.002	0.002	0.002	0.002	0.001	0.002	0.001	0.002	0.002	0.002	0.002	0.001	0.001	0.001	0.001	0.002	0.001	0.001	0.002	0.001	0.001	0.001	0.001	0.002	0.001	0.001	0.001	0.001	0.001	0.003	0.003	0.002	0.003	0.002	0.002	0.003	0.002	0.003	0.003	0.004	0.003	0.002	0.002	0.001	0.003
Eubacterium	0.002	0.003	0.003	0.002	0.003	0.002	0.002	0.002	0.001	0.001	0.002	0.002	0.002	0.002	0.002	0.001	0.001	0.001	0.001	0.002	0.001	0.001	0.001	0.002	0.001	0.001	0.002	0.001	0.002	0.001	0.001	0.001	0.003	0.003	0.002	0.002	0.002	0.002	0.002	0.002	0.003	0.003	0.003	0.003	0.003	0.002	0.002	0.002
Propionimicrobium	0.002	0.002	0.002	0.002	0.002	0.002	0.002	0.001	0.001	0.001	0.002	0.002	0.002	0.002	0.001	0.001	0.002	0.002	0.002	0.002	0.002	0.002	0.002	0.001	0.002	0.001	0.002	0.002	0.002	0.002	0.001	0.001	0.002	0.003	0.002	0.002	0.002	0.002	0.002	0.001	0.004	0.002	0.003	0.003	0.002	0.003	0.001	0.002
Tropicibacter	0.002	0.002	0.002	0.001	0.002	0.002	0.002	0.001	0.001	0.002	0.002	0.002	0.002	0.002	0.001	0.001	0.002	0.001	0.002	0.002	0.002	0.002	0.002	0.001	0.002	0.001	0.002	0.002	0.001	0.002	0.002	0.001	0.002	0.002	0.002	0.002	0.002	0.002	0.002	0.001	0.003	0.003	0.004	0.003	0.002	0.003	0.002	0.002
Caldilinea	0.003	0.003	0.002	0.002	0.002	0.002	0.003	0.001	0.001	0.001	0.002	0.002	0.001	0.002	0.001	0.001	0.001	0.001	0.001	0.001	0.001	0.001	0.001	0.001	0.001	0.001	0.001	0.001	0.001	0.001	0.001	0.001	0.002	0.002	0.01	0.002	0.002	0.002	0.002	0.002	0.004	0.003	0.003	0.003	0.002	0.003	0.001	0.003
Terrisporobacter	0.002	0.002	0.003	0.002	0.003	0.002	0.003	0.006999999999999999	0.002	0.002	0.002	0.002	0.002	0.002	0.002	0.002	0.001	0.002	0.002	0.001	0.001	0.001	0.001	0.001	0.001	0.001	0.001	0.001	0.001	0.001	0.002	0.001	0.003	0.002	0.003	0.003	0.002	0.002	0.002	0.003	0.002	0.001	0.001	0.001	0.003	0.001	0.002	0.001
Paralcaligenes	0.003	0.002	0.002	0.002	0.003	0.002	0.003	0.001	0.001	0.001	0.002	0.002	0.002	0.002	0.002	0.001	0.001	0.002	0.002	0.002	0.001	0.001	0.001	0.001	0.002	0.001	0.002	0.001	0.002	0.002	0.001	0.001	0.002	0.001	0.002	0.002	0.002	0.001	0.001	0.002	0.003	0.003	0.003	0.004	0.002	0.003	0.002	0.003
Rheinheimera	0.002	0.004	0.002	0.002	0.003	0.003	0.002	0.012	0.001	0.001	0.002	0.002	0.002	0.001	0.001	0.003	0.001	0.0	0.001	0.001	0.001	0.001	0.001	0.001	0.001	0.001	0.001	0.001	0.001	0.001	0.001	0.001	0.002	0.001	0.002	0.002	0.002	0.002	0.001	0.002	0.002	0.003	0.003	0.003	0.002	0.002	0.001	0.002
Limnobacter	0.002	0.003	0.003	0.002	0.003	0.002	0.002	0.001	0.001	0.002	0.002	0.003	0.002	0.002	0.001	0.001	0.001	0.001	0.002	0.002	0.001	0.001	0.001	0.001	0.001	0.001	0.002	0.001	0.002	0.001	0.001	0.001	0.002	0.002	0.002	0.002	0.001	0.002	0.002	0.002	0.004	0.004	0.003	0.004	0.002	0.002	0.001	0.003
Thermochromatium	0.002	0.002	0.002	0.002	0.002	0.001	0.003	0.001	0.001	0.002	0.002	0.002	0.002	0.002	0.001	0.001	0.001	0.001	0.002	0.001	0.001	0.001	0.001	0.001	0.001	0.001	0.002	0.001	0.001	0.002	0.001	0.001	0.002	0.003	0.002	0.003	0.002	0.002	0.002	0.001	0.004	0.004	0.004	0.004	0.002	0.002	0.002	0.003
Methanoculleus	0.003	0.003	0.003	0.002	0.002	0.002	0.002	0.001	0.001	0.001	0.001	0.002	0.002	0.002	0.002	0.001	0.002	0.001	0.001	0.001	0.002	0.001	0.002	0.001	0.002	0.001	0.002	0.002	0.002	0.002	0.001	0.001	0.002	0.002	0.002	0.002	0.002	0.002	0.002	0.002	0.003	0.003	0.003	0.002	0.002	0.003	0.001	0.002
Halomontanus	0.002	0.002	0.002	0.002	0.002	0.002	0.001	0.001	0.001	0.001	0.001	0.003	0.002	0.002	0.001	0.002	0.002	0.001	0.001	0.002	0.002	0.002	0.002	0.002	0.002	0.001	0.002	0.001	0.002	0.002	0.002	0.001	0.002	0.002	0.003	0.002	0.002	0.001	0.002	0.001	0.003	0.003	0.003	0.002	0.002	0.002	0.001	0.003
Sebaldella	0.001	0.0	0.001	0.003	0.003	0.004	0.002	0.013	0.005	0.006999999999999999	0.002	0.0	0.0	0.0	0.001	0.006999999999999999	0.0	0.004	0.005	0.002	0.003	0.002	0.001	0.004	0.0	0.0	0.0	0.0	0.0	0.001	0.001	0.001	0.0	0.0	0.0	0.0	0.0	0.0	0.0	0.001	0.001	0.0	0.001	0.0	0.006	0.001	0.002	0.003
Mesobacillus	0.002	0.003	0.003	0.002	0.002	0.002	0.002	0.002	0.001	0.001	0.002	0.002	0.002	0.001	0.001	0.001	0.001	0.001	0.002	0.001	0.001	0.001	0.001	0.001	0.002	0.001	0.001	0.001	0.002	0.001	0.001	0.001	0.002	0.002	0.002	0.002	0.002	0.002	0.002	0.002	0.003	0.003	0.003	0.002	0.004	0.003	0.002	0.003
Salinilacihabitans	0.003	0.002	0.002	0.002	0.002	0.002	0.002	0.001	0.001	0.001	0.001	0.002	0.002	0.002	0.001	0.001	0.002	0.001	0.002	0.002	0.002	0.001	0.002	0.002	0.002	0.001	0.002	0.002	0.002	0.001	0.002	0.001	0.002	0.002	0.002	0.002	0.002	0.002	0.002	0.002	0.002	0.002	0.003	0.002	0.002	0.003	0.001	0.002
Chloroflexus	0.002	0.002	0.002	0.002	0.001	0.002	0.002	0.001	0.001	0.001	0.002	0.002	0.002	0.002	0.002	0.001	0.001	0.001	0.001	0.001	0.001	0.001	0.002	0.001	0.002	0.001	0.002	0.001	0.001	0.001	0.001	0.001	0.002	0.002	0.003	0.003	0.002	0.002	0.002	0.002	0.004	0.003	0.004	0.003	0.002	0.003	0.001	0.003
Roseinatronobacter	0.002	0.002	0.002	0.002	0.002	0.001	0.002	0.001	0.001	0.001	0.002	0.002	0.002	0.002	0.001	0.001	0.002	0.001	0.002	0.001	0.002	0.001	0.001	0.002	0.002	0.001	0.002	0.001	0.002	0.002	0.002	0.001	0.001	0.002	0.002	0.002	0.002	0.001	0.001	0.001	0.003	0.003	0.003	0.004	0.002	0.003	0.002	0.003
Carboxydichorda	0.003	0.002	0.003	0.002	0.002	0.002	0.002	0.002	0.001	0.001	0.001	0.002	0.002	0.002	0.002	0.001	0.001	0.001	0.001	0.002	0.001	0.001	0.001	0.001	0.001	0.001	0.001	0.001	0.002	0.001	0.001	0.001	0.002	0.003	0.003	0.002	0.002	0.002	0.001	0.002	0.003	0.003	0.003	0.003	0.002	0.003	0.001	0.003
Aquaspirillum	0.003	0.002	0.002	0.002	0.002	0.002	0.002	0.0	0.001	0.002	0.003	0.002	0.002	0.002	0.001	0.002	0.001	0.001	0.002	0.002	0.001	0.001	0.001	0.001	0.001	0.001	0.002	0.001	0.001	0.001	0.001	0.001	0.002	0.002	0.003	0.002	0.002	0.002	0.002	0.001	0.003	0.003	0.003	0.004	0.002	0.002	0.001	0.003
Robiginitalea	0.003	0.002	0.003	0.002	0.002	0.001	0.001	0.001	0.001	0.001	0.002	0.003	0.002	0.002	0.002	0.002	0.001	0.001	0.002	0.001	0.001	0.001	0.001	0.001	0.002	0.001	0.002	0.001	0.001	0.001	0.001	0.001	0.003	0.001	0.003	0.003	0.002	0.001	0.002	0.002	0.004	0.003	0.003	0.003	0.002	0.002	0.001	0.002
Candidatus Endoriftia	0.002	0.003	0.001	0.002	0.002	0.001	0.002	0.001	0.001	0.001	0.002	0.003	0.002	0.002	0.001	0.001	0.001	0.001	0.002	0.002	0.001	0.001	0.001	0.001	0.001	0.001	0.002	0.001	0.002	0.002	0.001	0.001	0.002	0.002	0.002	0.003	0.002	0.002	0.002	0.002	0.003	0.003	0.003	0.003	0.002	0.002	0.002	0.003
Solibacillus	0.002	0.006999999999999999	0.001	0.002	0.002	0.002	0.002	0.003	0.001	0.001	0.001	0.001	0.001	0.001	0.001	0.001	0.001	0.001	0.001	0.001	0.001	0.001	0.0	0.001	0.001	0.001	0.001	0.001	0.001	0.001	0.001	0.001	0.002	0.002	0.002	0.002	0.002	0.002	0.003	0.003	0.002	0.002	0.003	0.002	0.004	0.008	0.001	0.002
Franconibacter	0.002	0.002	0.002	0.002	0.002	0.001	0.001	0.001	0.001	0.001	0.003	0.002	0.003	0.003	0.001	0.001	0.001	0.001	0.001	0.001	0.002	0.001	0.001	0.001	0.001	0.001	0.001	0.001	0.003	0.001	0.002	0.001	0.001	0.004	0.002	0.002	0.001	0.002	0.001	0.001	0.004	0.005	0.003	0.003	0.002	0.002	0.002	0.003
Pauljensenia	0.002	0.002	0.001	0.002	0.002	0.002	0.002	0.001	0.001	0.001	0.001	0.002	0.003	0.002	0.001	0.001	0.002	0.001	0.001	0.002	0.001	0.002	0.002	0.002	0.001	0.001	0.002	0.001	0.002	0.001	0.001	0.001	0.001	0.003	0.002	0.001	0.002	0.002	0.002	0.001	0.003	0.003	0.004	0.004	0.002	0.003	0.002	0.002
Filomicrobium	0.002	0.002	0.002	0.001	0.003	0.002	0.002	0.001	0.001	0.001	0.001	0.002	0.002	0.001	0.001	0.001	0.002	0.001	0.002	0.001	0.002	0.001	0.002	0.001	0.002	0.001	0.002	0.001	0.002	0.001	0.001	0.001	0.002	0.002	0.002	0.002	0.002	0.001	0.001	0.001	0.003	0.004	0.004	0.003	0.002	0.004	0.001	0.003
Sugiyamaella	0.002	0.002	0.002	0.002	0.003	0.002	0.002	0.002	0.001	0.001	0.002	0.002	0.002	0.002	0.002	0.001	0.001	0.001	0.002	0.001	0.001	0.001	0.001	0.001	0.001	0.001	0.001	0.001	0.001	0.001	0.001	0.001	0.003	0.004	0.003	0.002	0.002	0.002	0.003	0.003	0.002	0.003	0.002	0.002	0.003	0.001	0.001	0.002
Oceanicola	0.002	0.002	0.002	0.002	0.002	0.002	0.001	0.001	0.001	0.001	0.001	0.002	0.002	0.002	0.002	0.001	0.001	0.001	0.002	0.002	0.001	0.001	0.002	0.002	0.001	0.001	0.002	0.002	0.002	0.002	0.001	0.001	0.002	0.002	0.002	0.002	0.002	0.002	0.002	0.002	0.003	0.003	0.003	0.003	0.002	0.002	0.001	0.002
Salinibaculum	0.002	0.001	0.002	0.002	0.002	0.002	0.002	0.001	0.001	0.001	0.002	0.002	0.002	0.002	0.001	0.001	0.002	0.001	0.001	0.001	0.002	0.002	0.002	0.001	0.002	0.001	0.002	0.002	0.002	0.002	0.001	0.001	0.002	0.003	0.002	0.002	0.002	0.002	0.002	0.002	0.003	0.002	0.003	0.002	0.002	0.002	0.001	0.002
Candidatus Nitrotoga	0.002	0.002	0.002	0.002	0.001	0.002	0.001	0.001	0.001	0.001	0.001	0.002	0.001	0.001	0.001	0.001	0.001	0.001	0.002	0.001	0.002	0.001	0.003	0.001	0.001	0.001	0.003	0.001	0.008	0.001	0.002	0.001	0.001	0.001	0.001	0.002	0.001	0.001	0.001	0.001	0.003	0.003	0.003	0.006	0.002	0.003	0.001	0.003
Anseongella	0.002	0.002	0.003	0.002	0.003	0.003	0.003	0.002	0.001	0.001	0.003	0.003	0.002	0.002	0.001	0.001	0.001	0.001	0.002	0.002	0.001	0.001	0.001	0.002	0.001	0.001	0.002	0.001	0.001	0.001	0.001	0.001	0.002	0.002	0.003	0.002	0.002	0.002	0.002	0.002	0.002	0.003	0.002	0.002	0.001	0.001	0.001	0.002
Phormidium	0.001	0.001	0.017	0.005	0.003	0.004	0.001	0.001	0.0	0.0	0.001	0.001	0.001	0.001	0.0	0.001	0.001	0.0	0.001	0.012	0.001	0.001	0.002	0.006	0.0	0.0	0.001	0.0	0.001	0.0	0.001	0.0	0.001	0.002	0.002	0.001	0.001	0.001	0.001	0.0	0.001	0.001	0.001	0.002	0.003	0.001	0.001	0.001
Hafnia	0.003	0.003	0.003	0.002	0.002	0.002	0.001	0.002	0.001	0.001	0.002	0.002	0.002	0.002	0.001	0.001	0.001	0.001	0.002	0.001	0.001	0.001	0.001	0.001	0.001	0.001	0.001	0.001	0.001	0.001	0.001	0.001	0.001	0.002	0.002	0.002	0.001	0.002	0.002	0.002	0.003	0.003	0.003	0.003	0.003	0.004	0.002	0.002
Novipirellula	0.003	0.002	0.002	0.001	0.003	0.002	0.002	0.001	0.001	0.001	0.002	0.002	0.002	0.001	0.001	0.001	0.001	0.001	0.001	0.002	0.001	0.001	0.001	0.001	0.001	0.001	0.002	0.001	0.001	0.001	0.001	0.001	0.002	0.002	0.002	0.002	0.002	0.001	0.002	0.001	0.004	0.004	0.004	0.004	0.002	0.003	0.001	0.003
Neoasaia	0.002	0.002	0.003	0.002	0.003	0.003	0.002	0.005	0.001	0.002	0.002	0.002	0.001	0.001	0.001	0.001	0.001	0.001	0.002	0.001	0.001	0.001	0.001	0.001	0.001	0.001	0.002	0.001	0.001	0.001	0.001	0.001	0.001	0.002	0.002	0.001	0.002	0.001	0.001	0.002	0.003	0.003	0.004	0.003	0.002	0.002	0.001	0.003
Metamycoplasma	0.001	0.002	0.002	0.002	0.002	0.002	0.002	0.004	0.002	0.002	0.002	0.002	0.001	0.001	0.001	0.002	0.001	0.002	0.002	0.001	0.001	0.001	0.001	0.001	0.001	0.001	0.001	0.001	0.001	0.001	0.001	0.001	0.003	0.004	0.002	0.002	0.002	0.002	0.002	0.003	0.002	0.001	0.003	0.001	0.003	0.001	0.002	0.002
Halomicrococcus	0.002	0.001	0.003	0.002	0.002	0.002	0.003	0.001	0.001	0.001	0.001	0.002	0.001	0.002	0.002	0.001	0.002	0.001	0.002	0.002	0.001	0.001	0.002	0.002	0.002	0.001	0.001	0.002	0.002	0.001	0.002	0.001	0.002	0.002	0.002	0.002	0.001	0.001	0.002	0.001	0.003	0.002	0.003	0.003	0.002	0.002	0.001	0.002
Parasedimentitalea	0.002	0.002	0.001	0.002	0.003	0.001	0.002	0.001	0.001	0.001	0.002	0.002	0.002	0.002	0.001	0.001	0.001	0.001	0.002	0.001	0.002	0.001	0.001	0.001	0.002	0.001	0.002	0.002	0.001	0.001	0.001	0.001	0.001	0.002	0.002	0.002	0.002	0.002	0.002	0.002	0.003	0.004	0.003	0.003	0.002	0.002	0.001	0.003
Oxalobacter	0.002	0.003	0.002	0.002	0.002	0.002	0.002	0.001	0.001	0.001	0.002	0.002	0.002	0.002	0.001	0.001	0.001	0.001	0.001	0.001	0.001	0.001	0.001	0.001	0.001	0.001	0.001	0.001	0.001	0.001	0.001	0.001	0.002	0.002	0.002	0.001	0.002	0.002	0.002	0.001	0.004	0.004	0.003	0.005	0.002	0.003	0.001	0.003
Loktanella	0.002	0.002	0.002	0.002	0.002	0.002	0.002	0.002	0.001	0.001	0.002	0.002	0.002	0.002	0.001	0.001	0.001	0.001	0.002	0.002	0.001	0.001	0.002	0.001	0.002	0.001	0.002	0.002	0.001	0.001	0.001	0.001	0.001	0.002	0.001	0.002	0.002	0.001	0.002	0.001	0.003	0.003	0.003	0.003	0.002	0.002	0.002	0.003
Phototrophicus	0.002	0.002	0.002	0.002	0.001	0.001	0.002	0.001	0.001	0.001	0.002	0.001	0.008	0.006	0.001	0.001	0.001	0.001	0.001	0.001	0.002	0.001	0.001	0.001	0.001	0.0	0.001	0.001	0.001	0.001	0.001	0.0	0.001	0.001	0.002	0.002	0.002	0.001	0.001	0.001	0.004	0.003	0.003	0.003	0.001	0.005	0.001	0.003
Arcticibacter	0.002	0.002	0.003	0.002	0.003	0.002	0.002	0.004	0.001	0.002	0.002	0.002	0.002	0.002	0.002	0.001	0.001	0.001	0.001	0.002	0.001	0.001	0.001	0.002	0.001	0.001	0.001	0.001	0.001	0.002	0.001	0.001	0.003	0.001	0.002	0.003	0.002	0.002	0.002	0.002	0.002	0.002	0.002	0.002	0.002	0.001	0.001	0.001
Actinobacillus	0.002	0.002	0.003	0.002	0.002	0.002	0.002	0.002	0.002	0.001	0.002	0.002	0.002	0.002	0.002	0.001	0.001	0.001	0.001	0.001	0.001	0.001	0.001	0.001	0.001	0.001	0.002	0.001	0.001	0.001	0.002	0.001	0.002	0.002	0.003	0.002	0.002	0.002	0.002	0.002	0.002	0.002	0.003	0.003	0.002	0.001	0.001	0.002
Ruficoccus	0.002	0.002	0.002	0.003	0.002	0.002	0.001	0.001	0.001	0.001	0.002	0.002	0.002	0.001	0.001	0.001	0.001	0.001	0.002	0.002	0.001	0.001	0.001	0.001	0.001	0.001	0.002	0.001	0.001	0.001	0.001	0.001	0.002	0.002	0.002	0.002	0.002	0.001	0.002	0.001	0.004	0.004	0.003	0.004	0.001	0.002	0.001	0.004
Methylophaga	0.002	0.002	0.004	0.002	0.004	0.002	0.003	0.002	0.001	0.001	0.002	0.002	0.002	0.001	0.001	0.001	0.001	0.001	0.002	0.001	0.001	0.001	0.001	0.001	0.001	0.001	0.001	0.001	0.001	0.001	0.001	0.001	0.001	0.002	0.003	0.001	0.001	0.001	0.001	0.001	0.003	0.004	0.003	0.004	0.002	0.002	0.001	0.003
Shimia	0.002	0.002	0.002	0.002	0.001	0.002	0.003	0.001	0.001	0.001	0.002	0.003	0.002	0.002	0.002	0.001	0.001	0.001	0.001	0.001	0.002	0.001	0.002	0.001	0.001	0.001	0.002	0.001	0.002	0.001	0.001	0.001	0.001	0.002	0.002	0.002	0.001	0.001	0.002	0.001	0.003	0.003	0.003	0.003	0.002	0.003	0.001	0.003
Prosthecochloris	0.003	0.002	0.002	0.002	0.002	0.002	0.003	0.001	0.001	0.001	0.002	0.002	0.002	0.002	0.001	0.001	0.001	0.0	0.002	0.001	0.002	0.001	0.001	0.001	0.001	0.001	0.001	0.001	0.001	0.001	0.001	0.001	0.001	0.003	0.002	0.002	0.001	0.001	0.001	0.002	0.004	0.003	0.003	0.004	0.002	0.002	0.001	0.003
Halolamina	0.002	0.002	0.002	0.002	0.002	0.002	0.002	0.001	0.001	0.002	0.001	0.002	0.002	0.002	0.001	0.001	0.002	0.001	0.001	0.001	0.001	0.001	0.001	0.001	0.002	0.002	0.002	0.001	0.002	0.002	0.002	0.001	0.001	0.002	0.002	0.001	0.002	0.001	0.002	0.001	0.003	0.002	0.003	0.002	0.002	0.002	0.002	0.003
Nissabacter	0.002	0.002	0.002	0.002	0.002	0.003	0.001	0.001	0.001	0.001	0.002	0.002	0.002	0.002	0.002	0.001	0.002	0.001	0.002	0.002	0.001	0.002	0.001	0.001	0.001	0.001	0.002	0.001	0.002	0.001	0.001	0.001	0.002	0.002	0.002	0.002	0.002	0.001	0.001	0.001	0.002	0.003	0.003	0.003	0.002	0.002	0.001	0.002
Seohaeicola	0.002	0.002	0.002	0.001	0.002	0.002	0.002	0.002	0.001	0.001	0.002	0.002	0.002	0.002	0.001	0.001	0.001	0.001	0.001	0.002	0.002	0.001	0.002	0.001	0.001	0.001	0.002	0.001	0.001	0.002	0.002	0.001	0.001	0.002	0.002	0.002	0.002	0.001	0.002	0.001	0.003	0.003	0.002	0.003	0.001	0.003	0.001	0.003
Hoyosella	0.002	0.001	0.001	0.001	0.001	0.002	0.002	0.001	0.001	0.001	0.001	0.002	0.002	0.002	0.001	0.001	0.002	0.001	0.001	0.002	0.002	0.001	0.002	0.001	0.002	0.001	0.002	0.001	0.002	0.001	0.002	0.001	0.001	0.003	0.003	0.002	0.002	0.002	0.002	0.001	0.003	0.002	0.003	0.003	0.002	0.003	0.001	0.002
Yamadazyma	0.001	0.002	0.003	0.001	0.001	0.001	0.001	0.002	0.001	0.001	0.001	0.003	0.004	0.002	0.002	0.001	0.001	0.001	0.002	0.001	0.001	0.001	0.001	0.001	0.001	0.001	0.001	0.001	0.001	0.0	0.001	0.001	0.003	0.005	0.001	0.002	0.001	0.002	0.001	0.004	0.003	0.005	0.002	0.002	0.002	0.001	0.002	0.002
Varunaivibrio	0.002	0.002	0.002	0.001	0.002	0.001	0.002	0.001	0.001	0.001	0.002	0.002	0.002	0.002	0.001	0.001	0.001	0.001	0.002	0.001	0.001	0.001	0.001	0.001	0.001	0.001	0.002	0.001	0.001	0.001	0.001	0.001	0.002	0.002	0.001	0.002	0.002	0.001	0.001	0.001	0.003	0.004	0.004	0.004	0.002	0.003	0.002	0.003
Aquisediminimonas	0.002	0.002	0.001	0.001	0.002	0.002	0.002	0.001	0.001	0.001	0.002	0.002	0.002	0.002	0.002	0.001	0.002	0.001	0.002	0.003	0.002	0.001	0.002	0.001	0.002	0.001	0.002	0.002	0.002	0.001	0.001	0.002	0.001	0.002	0.002	0.002	0.001	0.001	0.001	0.001	0.002	0.002	0.002	0.003	0.002	0.002	0.001	0.002
Catalinimonas	0.003	0.001	0.002	0.003	0.003	0.002	0.002	0.001	0.001	0.001	0.002	0.002	0.001	0.002	0.001	0.001	0.001	0.0	0.001	0.002	0.001	0.001	0.001	0.002	0.001	0.001	0.002	0.001	0.001	0.001	0.001	0.001	0.003	0.002	0.003	0.003	0.002	0.002	0.002	0.001	0.003	0.003	0.001	0.002	0.002	0.002	0.001	0.002
Oceanidesulfovibrio	0.002	0.002	0.002	0.002	0.002	0.002	0.002	0.001	0.001	0.001	0.002	0.002	0.002	0.002	0.001	0.001	0.001	0.001	0.002	0.001	0.001	0.001	0.002	0.002	0.001	0.001	0.002	0.001	0.001	0.001	0.001	0.001	0.002	0.003	0.002	0.002	0.002	0.001	0.001	0.001	0.003	0.002	0.004	0.003	0.001	0.002	0.001	0.003
Magnetospira	0.001	0.002	0.001	0.002	0.002	0.001	0.002	0.001	0.001	0.001	0.002	0.002	0.002	0.001	0.001	0.001	0.001	0.001	0.002	0.001	0.001	0.001	0.001	0.001	0.001	0.001	0.002	0.001	0.001	0.001	0.001	0.001	0.001	0.002	0.002	0.002	0.002	0.002	0.001	0.002	0.003	0.004	0.004	0.004	0.002	0.003	0.002	0.003
Arabiibacter	0.002	0.002	0.002	0.002	0.002	0.002	0.003	0.001	0.001	0.001	0.002	0.002	0.002	0.001	0.001	0.001	0.002	0.001	0.001	0.001	0.001	0.001	0.002	0.001	0.001	0.001	0.001	0.001	0.001	0.001	0.001	0.001	0.002	0.003	0.001	0.002	0.002	0.001	0.002	0.001	0.003	0.003	0.003	0.003	0.002	0.003	0.001	0.003
Thermobacillus	0.002	0.002	0.002	0.002	0.001	0.002	0.002	0.001	0.001	0.001	0.001	0.002	0.002	0.002	0.001	0.001	0.002	0.001	0.001	0.001	0.001	0.001	0.002	0.001	0.001	0.001	0.001	0.001	0.002	0.001	0.001	0.001	0.002	0.002	0.002	0.002	0.002	0.001	0.002	0.002	0.003	0.003	0.003	0.003	0.002	0.003	0.001	0.003
Thalassomonas	0.002	0.002	0.002	0.001	0.003	0.002	0.003	0.001	0.001	0.001	0.002	0.002	0.002	0.002	0.001	0.001	0.001	0.001	0.002	0.001	0.001	0.001	0.001	0.001	0.001	0.001	0.002	0.001	0.001	0.001	0.001	0.001	0.002	0.002	0.002	0.003	0.002	0.001	0.001	0.002	0.002	0.003	0.003	0.003	0.002	0.002	0.002	0.002
Porcisia	0.002	0.002	0.002	0.002	0.002	0.002	0.002	0.005	0.001	0.001	0.002	0.001	0.002	0.002	0.002	0.001	0.001	0.001	0.001	0.001	0.001	0.001	0.001	0.001	0.001	0.001	0.002	0.001	0.002	0.001	0.001	0.001	0.002	0.003	0.002	0.002	0.001	0.001	0.002	0.003	0.002	0.002	0.003	0.002	0.002	0.002	0.001	0.001
Acidimicrobium	0.002	0.002	0.002	0.002	0.002	0.003	0.001	0.001	0.001	0.001	0.001	0.002	0.002	0.002	0.001	0.001	0.002	0.001	0.001	0.001	0.001	0.001	0.001	0.001	0.001	0.001	0.001	0.001	0.002	0.001	0.002	0.001	0.001	0.002	0.002	0.001	0.002	0.001	0.001	0.001	0.004	0.003	0.003	0.003	0.002	0.004	0.001	0.003
Romboutsia	0.002	0.002	0.002	0.002	0.003	0.002	0.002	0.004	0.001	0.001	0.001	0.001	0.0	0.001	0.001	0.001	0.001	0.001	0.001	0.001	0.001	0.0	0.0	0.001	0.001	0.0	0.0	0.0	0.0	0.001	0.001	0.001	0.002	0.003	0.002	0.003	0.002	0.002	0.002	0.004	0.002	0.002	0.002	0.003	0.006	0.003	0.003	0.002
Gardnerella	0.001	0.001	0.002	0.002	0.002	0.001	0.002	0.004	0.001	0.001	0.002	0.002	0.001	0.001	0.001	0.001	0.001	0.001	0.001	0.001	0.001	0.001	0.0	0.001	0.001	0.001	0.001	0.0	0.001	0.001	0.005	0.001	0.002	0.004	0.002	0.002	0.003	0.002	0.002	0.001	0.003	0.002	0.003	0.002	0.003	0.002	0.001	0.002
Ruminococcus	0.002	0.002	0.002	0.002	0.001	0.003	0.002	0.002	0.001	0.001	0.002	0.003	0.002	0.002	0.001	0.001	0.001	0.001	0.001	0.001	0.001	0.001	0.001	0.001	0.001	0.001	0.001	0.001	0.001	0.001	0.001	0.001	0.003	0.002	0.002	0.002	0.001	0.001	0.002	0.002	0.003	0.002	0.003	0.003	0.002	0.002	0.001	0.003
Agathobaculum	0.001	0.002	0.002	0.002	0.001	0.002	0.002	0.001	0.001	0.001	0.002	0.002	0.002	0.002	0.002	0.001	0.002	0.001	0.001	0.001	0.001	0.001	0.001	0.001	0.001	0.001	0.001	0.001	0.002	0.001	0.001	0.001	0.002	0.003	0.002	0.002	0.002	0.001	0.002	0.001	0.003	0.003	0.002	0.003	0.002	0.002	0.002	0.002
Syntrophobacter	0.002	0.002	0.002	0.002	0.002	0.002	0.003	0.001	0.001	0.001	0.002	0.002	0.002	0.002	0.001	0.0	0.001	0.001	0.001	0.001	0.001	0.001	0.001	0.001	0.001	0.001	0.001	0.001	0.001	0.001	0.001	0.001	0.001	0.003	0.001	0.002	0.001	0.001	0.001	0.001	0.004	0.003	0.004	0.004	0.002	0.003	0.001	0.003
Aurantimicrobium	0.002	0.002	0.002	0.001	0.002	0.002	0.004	0.002	0.001	0.001	0.001	0.002	0.002	0.002	0.002	0.001	0.002	0.002	0.001	0.001	0.001	0.001	0.002	0.001	0.003	0.002	0.001	0.003	0.002	0.001	0.001	0.001	0.001	0.001	0.001	0.001	0.001	0.001	0.001	0.001	0.002	0.002	0.002	0.002	0.002	0.003	0.001	0.002
Heyndrickxia	0.002	0.003	0.002	0.002	0.002	0.001	0.002	0.003	0.001	0.001	0.001	0.002	0.002	0.001	0.001	0.001	0.001	0.001	0.002	0.001	0.001	0.001	0.001	0.001	0.002	0.001	0.001	0.001	0.001	0.001	0.001	0.001	0.002	0.002	0.002	0.002	0.001	0.002	0.001	0.002	0.002	0.002	0.003	0.003	0.002	0.003	0.001	0.003
Aquirufa	0.003	0.002	0.002	0.003	0.003	0.003	0.003	0.001	0.001	0.001	0.002	0.002	0.002	0.001	0.001	0.001	0.001	0.0	0.001	0.001	0.001	0.001	0.001	0.001	0.001	0.001	0.001	0.001	0.001	0.001	0.001	0.001	0.002	0.001	0.002	0.002	0.002	0.002	0.002	0.002	0.003	0.003	0.002	0.002	0.002	0.001	0.001	0.002
Kordiimonas	0.002	0.003	0.003	0.002	0.002	0.002	0.002	0.002	0.001	0.001	0.002	0.002	0.002	0.002	0.001	0.001	0.001	0.001	0.002	0.001	0.001	0.001	0.001	0.001	0.001	0.001	0.001	0.001	0.001	0.001	0.001	0.001	0.001	0.002	0.002	0.002	0.001	0.001	0.001	0.001	0.002	0.003	0.002	0.004	0.002	0.002	0.001	0.002
Levilactobacillus	0.002	0.002	0.002	0.002	0.001	0.002	0.002	0.001	0.001	0.001	0.002	0.002	0.002	0.001	0.001	0.001	0.001	0.001	0.002	0.001	0.001	0.001	0.001	0.001	0.001	0.001	0.001	0.001	0.002	0.001	0.001	0.001	0.002	0.002	0.002	0.002	0.002	0.002	0.002	0.001	0.003	0.003	0.003	0.002	0.001	0.002	0.001	0.003
Candidatus Leptofilum	0.002	0.002	0.002	0.002	0.002	0.002	0.001	0.002	0.001	0.001	0.002	0.002	0.001	0.002	0.001	0.001	0.001	0.001	0.001	0.001	0.001	0.001	0.001	0.001	0.001	0.001	0.001	0.001	0.001	0.001	0.001	0.001	0.001	0.002	0.002	0.001	0.002	0.002	0.002	0.001	0.004	0.003	0.003	0.003	0.002	0.002	0.001	0.003
Borreliella	0.001	0.001	0.002	0.002	0.001	0.002	0.002	0.006999999999999999	0.002	0.002	0.001	0.002	0.001	0.001	0.001	0.002	0.001	0.001	0.002	0.001	0.001	0.001	0.001	0.001	0.001	0.001	0.001	0.001	0.001	0.001	0.001	0.001	0.002	0.002	0.002	0.002	0.001	0.002	0.002	0.004	0.001	0.001	0.002	0.001	0.004	0.001	0.001	0.001
Calycomorphotria	0.002	0.001	0.002	0.002	0.002	0.002	0.002	0.001	0.001	0.001	0.002	0.002	0.002	0.002	0.001	0.001	0.001	0.0	0.001	0.001	0.001	0.001	0.002	0.001	0.001	0.001	0.002	0.001	0.001	0.001	0.001	0.001	0.001	0.002	0.002	0.002	0.001	0.001	0.001	0.001	0.004	0.003	0.003	0.003	0.002	0.003	0.001	0.003
Pasteurella	0.003	0.002	0.001	0.002	0.002	0.002	0.002	0.003	0.001	0.001	0.002	0.002	0.001	0.001	0.001	0.002	0.001	0.001	0.001	0.001	0.001	0.001	0.001	0.002	0.001	0.001	0.001	0.001	0.001	0.001	0.002	0.001	0.002	0.001	0.001	0.003	0.001	0.002	0.001	0.002	0.002	0.002	0.003	0.002	0.004	0.001	0.001	0.002
Pandoravirus	0.002	0.002	0.002	0.002	0.002	0.002	0.002	0.001	0.001	0.001	0.002	0.001	0.001	0.002	0.002	0.001	0.002	0.001	0.001	0.001	0.001	0.001	0.001	0.001	0.001	0.001	0.002	0.001	0.002	0.002	0.001	0.001	0.002	0.002	0.003	0.001	0.002	0.001	0.002	0.002	0.002	0.002	0.002	0.002	0.002	0.002	0.001	0.002
Gilvimarinus	0.003	0.002	0.004	0.002	0.004	0.003	0.004	0.002	0.001	0.001	0.002	0.002	0.001	0.001	0.002	0.001	0.001	0.001	0.001	0.001	0.002	0.001	0.001	0.001	0.001	0.001	0.002	0.001	0.001	0.001	0.001	0.001	0.002	0.001	0.001	0.002	0.001	0.001	0.001	0.001	0.002	0.002	0.002	0.002	0.001	0.001	0.001	0.002
Kozakia	0.001	0.002	0.002	0.002	0.002	0.002	0.002	0.001	0.001	0.001	0.002	0.002	0.001	0.002	0.001	0.001	0.001	0.001	0.002	0.001	0.001	0.001	0.001	0.001	0.001	0.001	0.002	0.001	0.001	0.001	0.001	0.001	0.001	0.002	0.001	0.002	0.001	0.001	0.001	0.001	0.003	0.004	0.003	0.004	0.002	0.002	0.001	0.003
Flavonifractor	0.002	0.001	0.002	0.001	0.002	0.001	0.003	0.001	0.001	0.001	0.001	0.002	0.001	0.002	0.001	0.001	0.001	0.001	0.001	0.001	0.001	0.001	0.001	0.001	0.001	0.001	0.002	0.001	0.001	0.001	0.001	0.001	0.001	0.002	0.002	0.002	0.001	0.002	0.002	0.002	0.003	0.003	0.003	0.003	0.002	0.003	0.001	0.003
Arcanobacterium	0.002	0.001	0.002	0.001	0.002	0.002	0.002	0.001	0.001	0.001	0.002	0.002	0.002	0.002	0.001	0.001	0.001	0.001	0.001	0.001	0.001	0.001	0.001	0.001	0.002	0.001	0.001	0.001	0.001	0.001	0.001	0.001	0.001	0.002	0.002	0.002	0.002	0.001	0.002	0.002	0.002	0.003	0.003	0.003	0.002	0.002	0.001	0.003
Mesomycoplasma	0.001	0.002	0.002	0.002	0.002	0.002	0.003	0.005	0.001	0.002	0.001	0.001	0.001	0.001	0.002	0.002	0.001	0.001	0.002	0.001	0.001	0.001	0.001	0.001	0.001	0.001	0.001	0.001	0.001	0.001	0.001	0.001	0.003	0.002	0.002	0.002	0.001	0.002	0.001	0.003	0.002	0.001	0.002	0.001	0.003	0.001	0.001	0.001
Borrelia	0.001	0.001	0.002	0.002	0.002	0.002	0.001	0.006	0.001	0.002	0.002	0.002	0.001	0.001	0.001	0.002	0.001	0.001	0.002	0.001	0.001	0.001	0.001	0.001	0.001	0.001	0.001	0.001	0.001	0.001	0.001	0.001	0.003	0.002	0.001	0.002	0.001	0.002	0.002	0.003	0.001	0.001	0.003	0.001	0.003	0.001	0.001	0.002
Natrialba	0.002	0.002	0.003	0.002	0.002	0.002	0.002	0.001	0.001	0.001	0.001	0.001	0.002	0.002	0.001	0.001	0.001	0.001	0.001	0.001	0.002	0.001	0.001	0.001	0.001	0.001	0.002	0.002	0.001	0.001	0.001	0.001	0.002	0.002	0.001	0.002	0.001	0.001	0.002	0.001	0.003	0.003	0.003	0.002	0.002	0.002	0.001	0.002
Oleidesulfovibrio	0.002	0.002	0.003	0.002	0.002	0.001	0.0	0.0	0.001	0.001	0.001	0.001	0.001	0.002	0.001	0.0	0.001	0.0	0.001	0.001	0.001	0.001	0.001	0.001	0.001	0.001	0.002	0.001	0.001	0.001	0.001	0.0	0.002	0.004	0.001	0.002	0.001	0.002	0.003	0.002	0.003	0.002	0.004	0.004	0.002	0.002	0.003	0.002
Bythopirellula	0.002	0.002	0.002	0.002	0.002	0.002	0.002	0.0	0.001	0.001	0.001	0.001	0.001	0.001	0.001	0.001	0.001	0.0	0.001	0.001	0.001	0.001	0.002	0.001	0.001	0.001	0.002	0.002	0.002	0.001	0.001	0.0	0.001	0.002	0.002	0.002	0.001	0.001	0.001	0.001	0.004	0.003	0.003	0.003	0.002	0.004	0.001	0.003
Vescimonas	0.003	0.001	0.002	0.001	0.003	0.003	0.001	0.001	0.001	0.001	0.001	0.002	0.002	0.001	0.001	0.001	0.002	0.001	0.001	0.001	0.001	0.001	0.001	0.001	0.001	0.001	0.001	0.001	0.001	0.001	0.001	0.001	0.001	0.002	0.001	0.002	0.002	0.001	0.002	0.001	0.002	0.003	0.003	0.003	0.001	0.002	0.002	0.004
Roseburia	0.002	0.001	0.002	0.001	0.002	0.002	0.002	0.003	0.001	0.001	0.001	0.002	0.001	0.001	0.001	0.001	0.001	0.001	0.001	0.001	0.001	0.001	0.001	0.001	0.001	0.001	0.001	0.001	0.001	0.001	0.001	0.0	0.003	0.002	0.002	0.003	0.001	0.002	0.003	0.004	0.002	0.002	0.003	0.003	0.002	0.001	0.001	0.001
Photorhabdus	0.002	0.002	0.002	0.001	0.002	0.002	0.002	0.003	0.001	0.001	0.002	0.002	0.002	0.002	0.002	0.001	0.002	0.001	0.001	0.001	0.001	0.001	0.001	0.001	0.002	0.001	0.001	0.001	0.001	0.001	0.001	0.001	0.002	0.002	0.002	0.002	0.001	0.001	0.001	0.002	0.002	0.002	0.002	0.002	0.002	0.001	0.001	0.002
Thiomicrorhabdus	0.002	0.002	0.003	0.002	0.002	0.003	0.003	0.002	0.001	0.001	0.002	0.002	0.001	0.001	0.001	0.001	0.001	0.001	0.001	0.001	0.001	0.001	0.001	0.001	0.001	0.001	0.001	0.001	0.001	0.001	0.001	0.001	0.001	0.002	0.002	0.002	0.001	0.001	0.001	0.002	0.002	0.003	0.002	0.003	0.002	0.002	0.001	0.002
Candidatus Methylospira	0.002	0.003	0.003	0.001	0.003	0.001	0.002	0.001	0.001	0.001	0.001	0.002	0.002	0.002	0.001	0.001	0.001	0.001	0.002	0.001	0.001	0.001	0.001	0.001	0.001	0.001	0.001	0.001	0.001	0.001	0.001	0.001	0.001	0.002	0.001	0.002	0.001	0.001	0.002	0.001	0.002	0.003	0.003	0.003	0.002	0.002	0.001	0.003
Permianibacter	0.002	0.002	0.002	0.002	0.002	0.001	0.002	0.001	0.001	0.001	0.002	0.003	0.002	0.002	0.001	0.002	0.001	0.0	0.002	0.001	0.001	0.001	0.001	0.001	0.001	0.001	0.001	0.001	0.001	0.001	0.001	0.001	0.001	0.002	0.002	0.002	0.001	0.001	0.001	0.001	0.003	0.003	0.002	0.003	0.002	0.002	0.001	0.003
Halalkalibacterium (ex Joshi et al. 2022)	0.0	0.0	0.0	0.0	0.0	0.0	0.0	0.0	0.0	0.0	0.0	0.0	0.0	0.0	0.0	0.0	0.0	0.001	0.0	0.001	0.0	0.0	0.0	0.0	0.001	0.066	0.001	0.001	0.0	0.0	0.0	0.0	0.0	0.0	0.0	0.0	0.001	0.0	0.0	0.0	0.001	0.0	0.001	0.0	0.0	0.0	0.0	0.0
Tannerella	0.002	0.002	0.004	0.002	0.003	0.001	0.002	0.001	0.001	0.001	0.001	0.002	0.002	0.001	0.001	0.001	0.001	0.001	0.001	0.001	0.001	0.001	0.001	0.001	0.001	0.001	0.002	0.001	0.001	0.001	0.001	0.001	0.001	0.002	0.002	0.002	0.001	0.001	0.002	0.002	0.003	0.003	0.002	0.003	0.001	0.001	0.001	0.002
Pseudovibrio	0.002	0.001	0.002	0.002	0.002	0.002	0.001	0.001	0.001	0.001	0.002	0.002	0.002	0.001	0.001	0.001	0.001	0.001	0.001	0.001	0.001	0.001	0.001	0.001	0.002	0.001	0.001	0.001	0.002	0.001	0.001	0.001	0.001	0.002	0.002	0.002	0.001	0.001	0.002	0.001	0.003	0.003	0.003	0.003	0.002	0.002	0.001	0.002
Anaerocolumna	0.002	0.002	0.001	0.002	0.003	0.002	0.002	0.004	0.001	0.001	0.002	0.002	0.002	0.001	0.002	0.001	0.001	0.001	0.001	0.001	0.001	0.001	0.001	0.001	0.001	0.001	0.001	0.001	0.001	0.001	0.001	0.001	0.002	0.002	0.002	0.001	0.002	0.002	0.001	0.002	0.001	0.002	0.002	0.002	0.002	0.001	0.001	0.002
Meiothermus	0.001	0.002	0.001	0.002	0.002	0.001	0.002	0.001	0.001	0.001	0.002	0.002	0.002	0.002	0.001	0.001	0.002	0.001	0.001	0.002	0.001	0.001	0.001	0.001	0.001	0.001	0.001	0.001	0.002	0.001	0.001	0.001	0.002	0.002	0.001	0.002	0.001	0.002	0.002	0.001	0.003	0.002	0.002	0.003	0.002	0.002	0.001	0.002
Dryocola	0.003	0.002	0.002	0.002	0.002	0.001	0.001	0.001	0.001	0.001	0.001	0.002	0.002	0.001	0.001	0.001	0.001	0.001	0.001	0.002	0.001	0.001	0.001	0.001	0.002	0.001	0.002	0.001	0.001	0.001	0.001	0.001	0.001	0.002	0.002	0.002	0.001	0.002	0.001	0.001	0.003	0.002	0.003	0.003	0.002	0.001	0.001	0.003
Marivivens	0.001	0.002	0.002	0.002	0.002	0.002	0.003	0.001	0.001	0.001	0.002	0.002	0.002	0.001	0.001	0.001	0.001	0.001	0.001	0.001	0.002	0.001	0.001	0.001	0.001	0.001	0.001	0.002	0.001	0.001	0.001	0.001	0.001	0.001	0.001	0.002	0.001	0.001	0.001	0.001	0.003	0.003	0.003	0.004	0.002	0.002	0.001	0.002
Marinimicrobium	0.002	0.003	0.003	0.002	0.002	0.002	0.002	0.001	0.001	0.001	0.002	0.002	0.002	0.002	0.001	0.001	0.001	0.0	0.001	0.002	0.001	0.001	0.001	0.001	0.001	0.001	0.001	0.001	0.001	0.001	0.001	0.001	0.001	0.002	0.002	0.002	0.001	0.001	0.001	0.001	0.003	0.002	0.002	0.003	0.002	0.002	0.001	0.002
Lonsdalea	0.002	0.002	0.002	0.002	0.002	0.001	0.002	0.001	0.001	0.001	0.002	0.002	0.002	0.002	0.001	0.001	0.001	0.001	0.001	0.001	0.001	0.001	0.001	0.001	0.001	0.001	0.001	0.001	0.001	0.001	0.001	0.001	0.001	0.002	0.001	0.002	0.001	0.002	0.002	0.001	0.003	0.003	0.003	0.003	0.001	0.002	0.001	0.003
Pseudaeromonas	0.002	0.002	0.002	0.001	0.002	0.001	0.001	0.001	0.001	0.001	0.002	0.002	0.002	0.002	0.002	0.001	0.001	0.001	0.001	0.001	0.001	0.001	0.001	0.001	0.001	0.001	0.002	0.001	0.001	0.001	0.001	0.001	0.002	0.002	0.001	0.002	0.002	0.001	0.001	0.001	0.003	0.003	0.003	0.003	0.002	0.002	0.001	0.002
Parafannyhessea	0.003	0.002	0.001	0.003	0.001	0.001	0.004	0.0	0.001	0.001	0.001	0.001	0.002	0.001	0.002	0.001	0.001	0.001	0.001	0.001	0.001	0.001	0.001	0.001	0.001	0.001	0.001	0.001	0.001	0.001	0.001	0.0	0.001	0.002	0.002	0.001	0.002	0.001	0.001	0.001	0.003	0.003	0.003	0.004	0.003	0.003	0.001	0.002
Nitrosococcus	0.002	0.002	0.002	0.002	0.002	0.002	0.003	0.002	0.001	0.001	0.002	0.002	0.002	0.001	0.001	0.001	0.001	0.001	0.001	0.001	0.001	0.001	0.001	0.001	0.001	0.001	0.002	0.001	0.001	0.001	0.001	0.001	0.001	0.001	0.001	0.002	0.001	0.001	0.001	0.001	0.003	0.003	0.003	0.003	0.002	0.002	0.001	0.002
Malaciobacter	0.001	0.001	0.001	0.001	0.002	0.003	0.002	0.006999999999999999	0.002	0.002	0.001	0.001	0.001	0.001	0.001	0.002	0.001	0.002	0.001	0.001	0.001	0.001	0.001	0.001	0.001	0.001	0.001	0.001	0.001	0.001	0.001	0.001	0.002	0.002	0.002	0.002	0.002	0.002	0.001	0.003	0.001	0.001	0.002	0.001	0.003	0.001	0.001	0.001
Micavibrio	0.002	0.003	0.002	0.001	0.003	0.001	0.003	0.002	0.001	0.001	0.002	0.002	0.002	0.001	0.001	0.001	0.001	0.001	0.001	0.002	0.002	0.001	0.002	0.001	0.002	0.002	0.001	0.001	0.002	0.001	0.001	0.001	0.001	0.002	0.001	0.002	0.001	0.001	0.001	0.001	0.002	0.002	0.002	0.002	0.001	0.001	0.001	0.002
Candidatus Phytoplasma	0.001	0.003	0.002	0.002	0.003	0.003	0.002	0.004	0.001	0.002	0.001	0.001	0.002	0.002	0.002	0.002	0.001	0.002	0.001	0.001	0.001	0.001	0.001	0.001	0.001	0.001	0.001	0.001	0.001	0.001	0.001	0.001	0.003	0.001	0.002	0.002	0.002	0.001	0.001	0.002	0.002	0.001	0.001	0.001	0.002	0.001	0.001	0.0
Eikenella	0.002	0.002	0.002	0.002	0.003	0.002	0.002	0.001	0.001	0.001	0.001	0.002	0.001	0.001	0.001	0.001	0.001	0.001	0.001	0.001	0.001	0.001	0.001	0.001	0.001	0.001	0.001	0.001	0.001	0.001	0.001	0.001	0.001	0.002	0.002	0.002	0.001	0.001	0.001	0.001	0.003	0.003	0.004	0.003	0.002	0.002	0.001	0.002
Agarivorans	0.002	0.003	0.003	0.002	0.003	0.003	0.002	0.001	0.001	0.001	0.001	0.002	0.002	0.001	0.001	0.001	0.001	0.001	0.001	0.001	0.001	0.001	0.001	0.001	0.001	0.001	0.001	0.001	0.001	0.001	0.001	0.001	0.001	0.001	0.001	0.002	0.001	0.001	0.001	0.001	0.002	0.003	0.003	0.002	0.003	0.002	0.001	0.002
Neptuniibacter	0.003	0.002	0.002	0.002	0.003	0.002	0.002	0.002	0.001	0.001	0.002	0.002	0.002	0.002	0.001	0.002	0.001	0.001	0.002	0.001	0.001	0.001	0.001	0.001	0.001	0.001	0.002	0.001	0.001	0.001	0.001	0.001	0.001	0.002	0.001	0.002	0.001	0.001	0.001	0.001	0.002	0.002	0.002	0.002	0.001	0.001	0.001	0.002
Yarrowia	0.002	0.002	0.002	0.001	0.001	0.002	0.001	0.002	0.001	0.001	0.002	0.002	0.002	0.001	0.002	0.001	0.001	0.001	0.001	0.001	0.001	0.001	0.001	0.001	0.001	0.001	0.001	0.001	0.001	0.001	0.001	0.001	0.002	0.003	0.002	0.003	0.002	0.002	0.002	0.003	0.002	0.002	0.002	0.002	0.001	0.001	0.001	0.001
Paraprevotella	0.0	0.001	0.002	0.002	0.002	0.002	0.003	0.002	0.001	0.001	0.001	0.002	0.002	0.001	0.001	0.001	0.001	0.001	0.001	0.001	0.001	0.001	0.001	0.001	0.0	0.001	0.002	0.0	0.001	0.001	0.001	0.001	0.003	0.002	0.003	0.003	0.001	0.002	0.003	0.001	0.002	0.003	0.002	0.003	0.001	0.001	0.001	0.002
Salinimicrobium	0.002	0.002	0.003	0.002	0.003	0.002	0.003	0.001	0.001	0.001	0.002	0.002	0.002	0.001	0.001	0.001	0.001	0.001	0.001	0.001	0.001	0.001	0.001	0.001	0.001	0.001	0.001	0.001	0.001	0.001	0.001	0.001	0.002	0.002	0.002	0.003	0.001	0.001	0.002	0.001	0.002	0.002	0.002	0.002	0.001	0.001	0.001	0.002
Mediterraneibacter	0.002	0.002	0.002	0.002	0.003	0.002	0.002	0.002	0.001	0.001	0.001	0.002	0.001	0.001	0.002	0.001	0.001	0.001	0.001	0.001	0.001	0.001	0.001	0.001	0.001	0.001	0.001	0.001	0.001	0.001	0.001	0.001	0.002	0.002	0.002	0.002	0.001	0.001	0.001	0.002	0.002	0.002	0.002	0.002	0.002	0.002	0.001	0.002
Salaquimonas	0.001	0.002	0.002	0.001	0.001	0.002	0.002	0.001	0.001	0.001	0.001	0.002	0.002	0.002	0.001	0.001	0.001	0.001	0.002	0.001	0.001	0.001	0.001	0.001	0.002	0.001	0.002	0.002	0.002	0.001	0.001	0.001	0.001	0.002	0.002	0.001	0.001	0.001	0.001	0.001	0.002	0.003	0.002	0.003	0.001	0.003	0.001	0.002
Hydrogenibacillus	0.002	0.002	0.002	0.002	0.002	0.002	0.003	0.001	0.001	0.001	0.001	0.002	0.002	0.002	0.001	0.001	0.001	0.001	0.001	0.001	0.001	0.001	0.001	0.001	0.001	0.001	0.002	0.001	0.001	0.001	0.001	0.001	0.001	0.002	0.001	0.002	0.002	0.001	0.001	0.001	0.003	0.002	0.002	0.002	0.001	0.003	0.001	0.002
Thiomicrolovo	0.002	0.001	0.002	0.002	0.002	0.001	0.002	0.001	0.001	0.0	0.002	0.002	0.001	0.002	0.001	0.001	0.002	0.0	0.001	0.001	0.001	0.001	0.001	0.001	0.001	0.001	0.002	0.001	0.002	0.001	0.001	0.001	0.002	0.002	0.002	0.002	0.002	0.001	0.001	0.001	0.003	0.002	0.002	0.003	0.002	0.002	0.001	0.002
Allomuricauda	0.002	0.002	0.002	0.002	0.002	0.002	0.003	0.001	0.001	0.001	0.002	0.002	0.002	0.001	0.001	0.001	0.001	0.001	0.001	0.001	0.001	0.001	0.001	0.001	0.001	0.001	0.001	0.001	0.001	0.001	0.001	0.001	0.002	0.001	0.002	0.002	0.002	0.002	0.002	0.001	0.003	0.002	0.002	0.002	0.001	0.001	0.001	0.002
Methylobacillus	0.002	0.002	0.002	0.001	0.002	0.001	0.002	0.001	0.001	0.001	0.002	0.002	0.001	0.002	0.001	0.001	0.001	0.001	0.001	0.001	0.002	0.001	0.002	0.001	0.001	0.001	0.001	0.001	0.002	0.001	0.001	0.0	0.001	0.001	0.001	0.002	0.001	0.001	0.001	0.001	0.003	0.003	0.003	0.005	0.001	0.002	0.001	0.002
Candidatus Phaeomarinibacter	0.002	0.001	0.002	0.001	0.002	0.002	0.002	0.001	0.001	0.001	0.001	0.002	0.002	0.001	0.001	0.001	0.001	0.001	0.002	0.001	0.001	0.001	0.001	0.001	0.001	0.001	0.001	0.001	0.001	0.001	0.001	0.001	0.001	0.002	0.001	0.001	0.001	0.001	0.001	0.001	0.003	0.004	0.003	0.004	0.002	0.002	0.001	0.003
Halarchaeum	0.002	0.002	0.002	0.002	0.001	0.002	0.002	0.001	0.001	0.002	0.001	0.002	0.002	0.002	0.001	0.001	0.001	0.001	0.001	0.001	0.001	0.001	0.001	0.001	0.001	0.001	0.002	0.001	0.001	0.001	0.001	0.001	0.001	0.002	0.001	0.001	0.001	0.001	0.002	0.002	0.003	0.003	0.002	0.003	0.001	0.002	0.001	0.002
Psychromonas	0.002	0.002	0.001	0.002	0.002	0.002	0.003	0.002	0.001	0.002	0.002	0.002	0.003	0.003	0.003	0.001	0.001	0.001	0.001	0.001	0.001	0.001	0.001	0.001	0.001	0.001	0.001	0.001	0.001	0.0	0.001	0.001	0.002	0.001	0.002	0.001	0.001	0.001	0.001	0.002	0.002	0.001	0.002	0.002	0.002	0.001	0.001	0.001
Ferriphaselus	0.001	0.002	0.001	0.001	0.001	0.001	0.001	0.001	0.001	0.001	0.001	0.001	0.001	0.001	0.001	0.001	0.001	0.0	0.001	0.001	0.001	0.001	0.001	0.001	0.001	0.001	0.001	0.001	0.001	0.001	0.0	0.001	0.001	0.001	0.001	0.001	0.001	0.001	0.001	0.001	0.004	0.005	0.004	0.011000000000000001	0.002	0.002	0.001	0.003
Azorhizophilus	0.002	0.001	0.002	0.002	0.002	0.002	0.002	0.001	0.001	0.001	0.001	0.002	0.001	0.002	0.001	0.001	0.001	0.001	0.001	0.001	0.001	0.001	0.002	0.001	0.001	0.001	0.002	0.001	0.001	0.001	0.001	0.001	0.001	0.002	0.002	0.001	0.001	0.002	0.001	0.001	0.002	0.002	0.002	0.004	0.002	0.002	0.001	0.002
Aestuariispira	0.002	0.002	0.001	0.001	0.001	0.001	0.001	0.001	0.001	0.001	0.001	0.002	0.001	0.002	0.001	0.001	0.001	0.001	0.002	0.001	0.001	0.001	0.001	0.001	0.001	0.001	0.002	0.001	0.001	0.001	0.001	0.001	0.002	0.002	0.001	0.002	0.001	0.001	0.002	0.001	0.003	0.004	0.003	0.003	0.002	0.002	0.001	0.002
Algicella	0.002	0.002	0.002	0.001	0.002	0.001	0.002	0.001	0.001	0.001	0.001	0.002	0.001	0.002	0.001	0.001	0.001	0.001	0.001	0.001	0.001	0.001	0.001	0.001	0.001	0.001	0.002	0.001	0.001	0.001	0.002	0.001	0.001	0.002	0.002	0.001	0.002	0.001	0.001	0.001	0.002	0.003	0.003	0.002	0.002	0.002	0.001	0.003
Roseicitreum	0.002	0.002	0.002	0.002	0.001	0.001	0.001	0.001	0.001	0.001	0.002	0.002	0.002	0.002	0.002	0.001	0.001	0.001	0.001	0.001	0.001	0.001	0.001	0.001	0.001	0.001	0.002	0.002	0.001	0.001	0.001	0.001	0.001	0.002	0.001	0.002	0.001	0.001	0.001	0.001	0.003	0.003	0.002	0.003	0.001	0.002	0.001	0.002
Candidatus Tisiphia	0.001	0.001	0.001	0.002	0.003	0.002	0.002	0.005	0.001	0.001	0.001	0.001	0.001	0.001	0.001	0.001	0.001	0.001	0.001	0.001	0.001	0.001	0.001	0.001	0.001	0.003	0.001	0.001	0.001	0.001	0.001	0.001	0.002	0.002	0.001	0.001	0.002	0.002	0.002	0.003	0.001	0.002	0.003	0.001	0.002	0.001	0.001	0.001
Novacetimonas	0.002	0.001	0.001	0.001	0.001	0.002	0.002	0.001	0.001	0.001	0.001	0.002	0.002	0.002	0.001	0.001	0.001	0.001	0.002	0.001	0.001	0.001	0.001	0.001	0.001	0.001	0.001	0.001	0.001	0.001	0.001	0.001	0.001	0.001	0.001	0.002	0.001	0.001	0.001	0.001	0.003	0.004	0.003	0.004	0.003	0.002	0.001	0.002
Silvimonas	0.002	0.002	0.001	0.002	0.002	0.002	0.001	0.001	0.001	0.001	0.002	0.002	0.002	0.002	0.002	0.001	0.001	0.001	0.002	0.001	0.001	0.001	0.001	0.001	0.001	0.001	0.001	0.001	0.001	0.001	0.001	0.001	0.001	0.001	0.002	0.002	0.001	0.001	0.001	0.001	0.003	0.003	0.002	0.003	0.001	0.002	0.001	0.002
Thermoleptolyngbya	0.002	0.001	0.003	0.001	0.002	0.002	0.002	0.003	0.001	0.001	0.001	0.002	0.002	0.002	0.001	0.0	0.001	0.001	0.001	0.002	0.001	0.001	0.001	0.001	0.001	0.001	0.001	0.001	0.001	0.001	0.001	0.001	0.002	0.002	0.001	0.002	0.002	0.001	0.001	0.001	0.003	0.002	0.002	0.002	0.001	0.002	0.001	0.002
Halarcobacter	0.001	0.001	0.001	0.002	0.002	0.002	0.002	0.004	0.002	0.003	0.002	0.001	0.001	0.001	0.001	0.002	0.001	0.002	0.001	0.001	0.001	0.001	0.0	0.001	0.001	0.001	0.001	0.001	0.001	0.001	0.001	0.001	0.002	0.002	0.002	0.001	0.001	0.002	0.001	0.003	0.001	0.001	0.002	0.001	0.003	0.001	0.002	0.001
Sulfuricella	0.001	0.002	0.002	0.002	0.002	0.002	0.002	0.001	0.001	0.001	0.001	0.001	0.002	0.001	0.001	0.001	0.001	0.0	0.001	0.001	0.001	0.001	0.001	0.0	0.001	0.001	0.001	0.001	0.001	0.001	0.001	0.0	0.001	0.001	0.001	0.002	0.001	0.001	0.001	0.0	0.004	0.003	0.004	0.005	0.002	0.003	0.002	0.003
Rhizosphaericola	0.002	0.001	0.002	0.002	0.003	0.002	0.001	0.001	0.001	0.001	0.002	0.002	0.001	0.001	0.002	0.001	0.001	0.0	0.001	0.001	0.001	0.001	0.001	0.001	0.001	0.001	0.001	0.001	0.001	0.001	0.001	0.001	0.002	0.001	0.002	0.002	0.002	0.002	0.001	0.001	0.003	0.003	0.002	0.002	0.001	0.002	0.001	0.002
Antarctobacter	0.002	0.002	0.002	0.001	0.002	0.002	0.002	0.001	0.001	0.001	0.001	0.002	0.002	0.001	0.001	0.001	0.001	0.001	0.001	0.001	0.001	0.001	0.001	0.001	0.001	0.001	0.001	0.002	0.002	0.001	0.001	0.001	0.001	0.002	0.001	0.001	0.002	0.001	0.001	0.001	0.003	0.002	0.002	0.003	0.002	0.002	0.001	0.002
Anaerococcus	0.001	0.002	0.002	0.002	0.001	0.002	0.001	0.004	0.001	0.001	0.001	0.002	0.001	0.001	0.002	0.001	0.001	0.001	0.001	0.001	0.001	0.001	0.004	0.001	0.001	0.001	0.001	0.001	0.001	0.001	0.001	0.001	0.002	0.001	0.002	0.001	0.001	0.002	0.001	0.003	0.001	0.001	0.002	0.001	0.003	0.001	0.001	0.002
Spongiactinospora	0.002	0.001	0.002	0.001	0.001	0.001	0.001	0.001	0.001	0.001	0.001	0.001	0.002	0.001	0.001	0.001	0.001	0.001	0.001	0.001	0.001	0.001	0.001	0.001	0.001	0.001	0.001	0.001	0.001	0.001	0.001	0.001	0.002	0.003	0.002	0.002	0.002	0.002	0.002	0.002	0.002	0.002	0.003	0.003	0.002	0.002	0.001	0.002
Atlantibacter	0.001	0.002	0.002	0.003	0.001	0.002	0.001	0.001	0.001	0.001	0.001	0.002	0.002	0.002	0.001	0.001	0.001	0.001	0.001	0.001	0.001	0.001	0.001	0.001	0.002	0.001	0.001	0.001	0.001	0.001	0.001	0.001	0.002	0.002	0.001	0.002	0.002	0.001	0.001	0.001	0.002	0.002	0.003	0.003	0.001	0.002	0.001	0.002
Methanobacterium	0.001	0.002	0.002	0.001	0.001	0.002	0.002	0.004	0.001	0.002	0.002	0.002	0.002	0.001	0.001	0.001	0.001	0.001	0.002	0.001	0.001	0.001	0.001	0.001	0.001	0.001	0.001	0.001	0.001	0.001	0.001	0.001	0.002	0.002	0.001	0.002	0.001	0.001	0.001	0.002	0.002	0.002	0.002	0.001	0.003	0.001	0.001	0.001
Venatoribacter	0.002	0.002	0.002	0.001	0.002	0.001	0.002	0.001	0.001	0.001	0.002	0.002	0.002	0.002	0.001	0.001	0.001	0.001	0.001	0.001	0.001	0.001	0.001	0.001	0.001	0.001	0.001	0.001	0.001	0.001	0.001	0.001	0.002	0.002	0.002	0.001	0.001	0.001	0.002	0.001	0.002	0.003	0.002	0.003	0.001	0.002	0.001	0.002
Coraliomargarita	0.002	0.002	0.002	0.001	0.003	0.002	0.002	0.001	0.001	0.001	0.002	0.002	0.002	0.001	0.001	0.001	0.001	0.0	0.001	0.001	0.001	0.001	0.001	0.001	0.001	0.001	0.001	0.001	0.001	0.001	0.001	0.001	0.001	0.001	0.001	0.002	0.001	0.001	0.001	0.001	0.003	0.003	0.003	0.003	0.002	0.002	0.001	0.002
Methanofollis	0.002	0.002	0.002	0.002	0.002	0.003	0.002	0.001	0.001	0.001	0.001	0.001	0.002	0.002	0.001	0.001	0.001	0.001	0.001	0.001	0.001	0.001	0.001	0.001	0.001	0.001	0.001	0.001	0.002	0.001	0.001	0.001	0.001	0.002	0.001	0.002	0.001	0.001	0.002	0.001	0.002	0.002	0.002	0.002	0.001	0.002	0.001	0.002
Candidatus Spongiisocius	0.002	0.002	0.002	0.002	0.001	0.001	0.001	0.001	0.001	0.001	0.001	0.001	0.001	0.001	0.001	0.001	0.001	0.001	0.002	0.001	0.001	0.001	0.001	0.001	0.001	0.001	0.002	0.001	0.001	0.001	0.001	0.001	0.001	0.002	0.002	0.002	0.002	0.001	0.001	0.001	0.003	0.002	0.003	0.002	0.002	0.003	0.001	0.002
Marinifilum	0.002	0.002	0.002	0.001	0.002	0.003	0.001	0.003	0.001	0.001	0.002	0.001	0.001	0.001	0.001	0.001	0.001	0.0	0.001	0.001	0.001	0.001	0.001	0.001	0.001	0.001	0.001	0.001	0.001	0.001	0.001	0.001	0.002	0.001	0.001	0.002	0.001	0.002	0.001	0.002	0.002	0.002	0.003	0.002	0.003	0.001	0.001	0.002
Dehalogenimonas	0.001	0.001	0.002	0.001	0.001	0.002	0.002	0.001	0.001	0.001	0.002	0.002	0.001	0.001	0.001	0.001	0.001	0.0	0.001	0.001	0.001	0.001	0.001	0.001	0.001	0.001	0.001	0.001	0.001	0.001	0.001	0.001	0.001	0.002	0.001	0.001	0.002	0.001	0.001	0.001	0.004	0.003	0.003	0.003	0.002	0.003	0.001	0.003
Daejeonia	0.001	0.002	0.003	0.002	0.002	0.0	0.003	0.001	0.0	0.001	0.002	0.002	0.002	0.001	0.002	0.001	0.001	0.0	0.001	0.001	0.001	0.001	0.001	0.001	0.0	0.001	0.001	0.001	0.001	0.001	0.001	0.0	0.001	0.001	0.002	0.002	0.002	0.003	0.002	0.002	0.003	0.003	0.001	0.003	0.001	0.001	0.001	0.002
Halobacillus	0.003	0.002	0.002	0.001	0.001	0.002	0.002	0.003	0.001	0.001	0.001	0.001	0.001	0.002	0.002	0.001	0.001	0.001	0.001	0.001	0.001	0.001	0.001	0.001	0.001	0.001	0.001	0.001	0.001	0.001	0.001	0.001	0.002	0.002	0.002	0.001	0.001	0.001	0.001	0.001	0.002	0.002	0.002	0.002	0.002	0.002	0.001	0.002
Pusillimonas	0.002	0.003	0.002	0.001	0.001	0.001	0.002	0.001	0.001	0.001	0.001	0.002	0.002	0.002	0.001	0.001	0.001	0.001	0.001	0.001	0.001	0.001	0.001	0.001	0.001	0.001	0.001	0.001	0.001	0.001	0.001	0.001	0.001	0.001	0.001	0.003	0.001	0.001	0.001	0.001	0.002	0.003	0.002	0.003	0.001	0.003	0.001	0.002
Mannheimia	0.002	0.001	0.001	0.002	0.002	0.002	0.002	0.004	0.001	0.001	0.001	0.001	0.001	0.001	0.001	0.001	0.001	0.001	0.001	0.001	0.001	0.001	0.001	0.001	0.001	0.001	0.001	0.001	0.001	0.001	0.001	0.001	0.001	0.003	0.001	0.002	0.001	0.002	0.001	0.002	0.002	0.001	0.003	0.002	0.002	0.001	0.002	0.001
Nioella	0.001	0.002	0.002	0.001	0.001	0.002	0.003	0.001	0.001	0.001	0.001	0.002	0.002	0.001	0.001	0.001	0.001	0.001	0.001	0.001	0.001	0.001	0.001	0.001	0.001	0.001	0.001	0.002	0.001	0.001	0.001	0.001	0.001	0.002	0.001	0.002	0.001	0.002	0.001	0.002	0.002	0.003	0.002	0.002	0.001	0.002	0.001	0.002
Arenibacter	0.002	0.002	0.001	0.002	0.003	0.002	0.002	0.002	0.001	0.001	0.002	0.002	0.001	0.001	0.001	0.001	0.001	0.001	0.001	0.001	0.001	0.001	0.001	0.001	0.001	0.001	0.001	0.001	0.001	0.001	0.001	0.0	0.002	0.001	0.002	0.002	0.002	0.002	0.001	0.002	0.002	0.002	0.001	0.002	0.001	0.001	0.001	0.002
Candidatus Mycosynbacter	0.001	0.001	0.002	0.001	0.001	0.001	0.003	0.001	0.001	0.0	0.001	0.001	0.002	0.002	0.002	0.0	0.002	0.001	0.001	0.003	0.004	0.003	0.002	0.003	0.002	0.001	0.001	0.003	0.002	0.002	0.002	0.002	0.001	0.001	0.001	0.001	0.002	0.001	0.001	0.001	0.001	0.001	0.001	0.0	0.0	0.0	0.0	0.001
Candidatus Nitrosocosmicus	0.005	0.001	0.001	0.002	0.002	0.002	0.002	0.001	0.002	0.0	0.001	0.0	0.001	0.0	0.001	0.001	0.0	0.001	0.0	0.0	0.001	0.006999999999999999	0.0	0.001	0.001	0.001	0.0	0.005	0.003	0.001	0.001	0.0	0.001	0.001	0.006	0.004	0.001	0.001	0.002	0.001	0.001	0.001	0.0	0.001	0.002	0.001	0.0	0.0
Borockvirus	0.006	0.015	0.004	0.001	0.008	0.003	0.016	0.004	0.0	0.0	0.0	0.0	0.001	0.0	0.0	0.001	0.0	0.0	0.0	0.0	0.0	0.0	0.0	0.0	0.0	0.0	0.0	0.0	0.0	0.0	0.0	0.0	0.0	0.0	0.0	0.0	0.0	0.008	0.0	0.0	0.0	0.0	0.0	0.0	0.0	0.0	0.0	0.0
Olleya	0.002	0.002	0.002	0.002	0.002	0.003	0.002	0.003	0.001	0.001	0.001	0.001	0.001	0.001	0.002	0.002	0.001	0.001	0.001	0.001	0.001	0.001	0.001	0.001	0.001	0.001	0.001	0.001	0.001	0.001	0.001	0.001	0.001	0.001	0.002	0.001	0.001	0.001	0.001	0.004	0.002	0.001	0.001	0.002	0.001	0.001	0.001	0.001
Hydrogenophilus	0.002	0.002	0.001	0.002	0.002	0.001	0.002	0.001	0.001	0.001	0.001	0.001	0.001	0.001	0.001	0.001	0.001	0.001	0.001	0.001	0.001	0.001	0.001	0.001	0.001	0.001	0.001	0.001	0.001	0.001	0.001	0.001	0.002	0.002	0.002	0.001	0.001	0.001	0.001	0.001	0.003	0.003	0.002	0.003	0.002	0.002	0.001	0.002
Paeniglutamicibacter	0.001	0.002	0.002	0.001	0.001	0.002	0.001	0.001	0.001	0.001	0.001	0.001	0.001	0.002	0.001	0.001	0.002	0.002	0.001	0.001	0.001	0.001	0.002	0.001	0.002	0.001	0.001	0.002	0.001	0.001	0.002	0.001	0.001	0.002	0.001	0.001	0.001	0.001	0.002	0.001	0.002	0.002	0.002	0.002	0.001	0.002	0.001	0.002
Candidatus Methylopumilus	0.002	0.002	0.002	0.003	0.002	0.002	0.002	0.004	0.001	0.001	0.002	0.002	0.001	0.001	0.001	0.002	0.001	0.001	0.001	0.001	0.001	0.001	0.001	0.001	0.001	0.001	0.001	0.001	0.001	0.001	0.001	0.0	0.001	0.001	0.001	0.001	0.001	0.001	0.001	0.001	0.002	0.002	0.001	0.002	0.002	0.001	0.001	0.002
Desulfocurvibacter	0.002	0.002	0.002	0.002	0.001	0.002	0.002	0.0	0.001	0.001	0.002	0.002	0.001	0.001	0.001	0.001	0.001	0.001	0.001	0.001	0.001	0.001	0.001	0.001	0.001	0.001	0.001	0.001	0.001	0.001	0.001	0.001	0.001	0.002	0.002	0.001	0.001	0.001	0.002	0.001	0.003	0.002	0.002	0.002	0.002	0.002	0.001	0.002
Cloacibacterium	0.003	0.003	0.002	0.003	0.002	0.002	0.002	0.001	0.001	0.001	0.001	0.002	0.002	0.001	0.001	0.001	0.001	0.001	0.001	0.001	0.001	0.001	0.001	0.001	0.001	0.001	0.001	0.001	0.001	0.001	0.001	0.001	0.001	0.001	0.002	0.002	0.001	0.002	0.001	0.002	0.002	0.002	0.001	0.001	0.001	0.001	0.001	0.001
Saccharomycodes	0.002	0.002	0.002	0.001	0.002	0.002	0.001	0.004	0.001	0.002	0.001	0.001	0.001	0.001	0.001	0.001	0.001	0.001	0.001	0.001	0.001	0.001	0.001	0.001	0.001	0.001	0.001	0.001	0.001	0.001	0.001	0.001	0.003	0.002	0.001	0.002	0.001	0.001	0.002	0.002	0.001	0.001	0.001	0.001	0.004	0.001	0.001	0.001
Mycoavidus	0.002	0.002	0.002	0.002	0.002	0.001	0.003	0.002	0.001	0.001	0.001	0.002	0.001	0.001	0.001	0.002	0.001	0.001	0.001	0.001	0.001	0.001	0.001	0.001	0.001	0.001	0.001	0.0	0.001	0.001	0.001	0.001	0.001	0.001	0.001	0.001	0.001	0.001	0.001	0.001	0.002	0.003	0.003	0.003	0.001	0.002	0.001	0.002
Natronobeatus	0.002	0.001	0.001	0.002	0.002	0.002	0.001	0.0	0.001	0.001	0.001	0.002	0.001	0.002	0.001	0.001	0.001	0.001	0.002	0.001	0.001	0.001	0.001	0.001	0.001	0.001	0.002	0.001	0.001	0.001	0.001	0.001	0.001	0.002	0.002	0.002	0.002	0.001	0.001	0.001	0.002	0.002	0.002	0.002	0.002	0.002	0.001	0.002
Gilliamella	0.002	0.002	0.001	0.003	0.002	0.002	0.001	0.004	0.001	0.001	0.001	0.001	0.001	0.001	0.002	0.001	0.001	0.001	0.001	0.001	0.001	0.001	0.001	0.001	0.001	0.001	0.001	0.001	0.001	0.001	0.001	0.001	0.001	0.001	0.002	0.001	0.001	0.001	0.001	0.002	0.002	0.001	0.002	0.002	0.003	0.001	0.001	0.001
Plesiomonas	0.002	0.001	0.002	0.001	0.002	0.001	0.002	0.001	0.001	0.001	0.002	0.002	0.001	0.002	0.001	0.001	0.001	0.0	0.001	0.001	0.001	0.001	0.001	0.001	0.001	0.001	0.001	0.001	0.001	0.001	0.001	0.001	0.001	0.002	0.001	0.002	0.001	0.001	0.002	0.001	0.002	0.003	0.003	0.002	0.001	0.002	0.001	0.002
Sutcliffiella	0.001	0.002	0.001	0.002	0.002	0.001	0.002	0.002	0.001	0.001	0.001	0.001	0.001	0.001	0.001	0.001	0.001	0.001	0.001	0.001	0.001	0.001	0.001	0.001	0.001	0.001	0.001	0.001	0.001	0.001	0.001	0.001	0.003	0.002	0.002	0.002	0.002	0.002	0.002	0.002	0.002	0.001	0.002	0.001	0.002	0.001	0.001	0.001
Dolichospermum	0.002	0.001	0.002	0.001	0.002	0.002	0.002	0.002	0.001	0.001	0.001	0.001	0.001	0.001	0.001	0.001	0.001	0.001	0.001	0.001	0.001	0.001	0.001	0.001	0.001	0.001	0.001	0.001	0.001	0.001	0.001	0.001	0.002	0.001	0.002	0.001	0.001	0.001	0.002	0.002	0.003	0.001	0.003	0.002	0.003	0.001	0.001	0.001
Hoylesella	0.002	0.001	0.003	0.002	0.002	0.001	0.002	0.001	0.001	0.001	0.001	0.002	0.002	0.001	0.002	0.0	0.001	0.001	0.001	0.001	0.001	0.001	0.0	0.001	0.0	0.001	0.001	0.001	0.001	0.001	0.001	0.002	0.002	0.001	0.002	0.002	0.001	0.002	0.002	0.001	0.003	0.002	0.001	0.001	0.002	0.001	0.001	0.002
Halalkaliarchaeum	0.002	0.001	0.001	0.001	0.001	0.002	0.002	0.001	0.001	0.001	0.001	0.002	0.001	0.001	0.001	0.001	0.001	0.001	0.001	0.001	0.001	0.001	0.001	0.001	0.002	0.001	0.001	0.001	0.001	0.001	0.001	0.001	0.002	0.002	0.002	0.001	0.002	0.002	0.001	0.001	0.002	0.002	0.002	0.002	0.002	0.002	0.001	0.002
Alterisphingorhabdus (ex Yan et al. 2024)	0.001	0.003	0.002	0.001	0.002	0.001	0.002	0.001	0.001	0.001	0.002	0.001	0.002	0.001	0.001	0.001	0.001	0.001	0.002	0.001	0.002	0.001	0.001	0.001	0.002	0.001	0.001	0.001	0.001	0.001	0.001	0.001	0.001	0.001	0.001	0.002	0.001	0.001	0.001	0.001	0.002	0.002	0.002	0.002	0.001	0.002	0.001	0.002
Chondrinema	0.002	0.002	0.003	0.002	0.002	0.001	0.003	0.002	0.001	0.001	0.002	0.001	0.001	0.001	0.001	0.001	0.001	0.001	0.001	0.001	0.001	0.001	0.001	0.001	0.001	0.001	0.001	0.001	0.001	0.001	0.001	0.001	0.002	0.001	0.002	0.002	0.001	0.001	0.001	0.002	0.002	0.002	0.001	0.002	0.001	0.001	0.001	0.001
Gibbsiella	0.002	0.002	0.001	0.001	0.001	0.002	0.001	0.001	0.001	0.001	0.002	0.002	0.001	0.002	0.001	0.001	0.001	0.001	0.001	0.001	0.001	0.001	0.001	0.001	0.001	0.001	0.001	0.001	0.001	0.001	0.001	0.001	0.002	0.002	0.001	0.002	0.001	0.001	0.001	0.001	0.003	0.003	0.002	0.002	0.001	0.002	0.001	0.002
Salinimonas	0.002	0.001	0.002	0.001	0.001	0.002	0.002	0.001	0.001	0.001	0.002	0.002	0.001	0.001	0.001	0.001	0.001	0.001	0.001	0.001	0.001	0.001	0.001	0.001	0.001	0.001	0.001	0.001	0.001	0.001	0.001	0.001	0.001	0.002	0.002	0.002	0.001	0.001	0.001	0.001	0.002	0.003	0.002	0.002	0.002	0.001	0.001	0.002
Halovalidus	0.002	0.001	0.001	0.001	0.001	0.001	0.001	0.001	0.001	0.001	0.001	0.001	0.002	0.002	0.002	0.001	0.001	0.001	0.001	0.001	0.001	0.001	0.001	0.001	0.001	0.001	0.001	0.001	0.001	0.001	0.001	0.001	0.002	0.002	0.002	0.002	0.002	0.001	0.002	0.001	0.002	0.002	0.002	0.002	0.001	0.002	0.001	0.002
Hydrogenimonas	0.002	0.001	0.002	0.001	0.002	0.001	0.001	0.001	0.001	0.001	0.002	0.002	0.002	0.001	0.001	0.001	0.001	0.001	0.001	0.001	0.001	0.001	0.001	0.001	0.001	0.001	0.001	0.001	0.001	0.001	0.001	0.001	0.001	0.002	0.002	0.001	0.001	0.001	0.002	0.001	0.002	0.002	0.003	0.002	0.001	0.002	0.001	0.002
Nitrospina	0.002	0.002	0.002	0.002	0.001	0.001	0.002	0.0	0.001	0.001	0.001	0.002	0.001	0.001	0.001	0.001	0.001	0.0	0.001	0.001	0.001	0.001	0.001	0.001	0.001	0.001	0.001	0.001	0.0	0.001	0.001	0.001	0.001	0.002	0.002	0.002	0.001	0.001	0.001	0.001	0.003	0.003	0.002	0.003	0.001	0.002	0.001	0.003
Caldichromatium	0.001	0.001	0.002	0.002	0.001	0.001	0.001	0.0	0.001	0.001	0.001	0.001	0.002	0.002	0.001	0.001	0.001	0.001	0.002	0.001	0.001	0.001	0.001	0.001	0.001	0.001	0.001	0.001	0.001	0.001	0.001	0.001	0.001	0.002	0.001	0.001	0.001	0.002	0.001	0.001	0.003	0.003	0.003	0.003	0.001	0.002	0.001	0.002
Methanobrevibacter	0.001	0.001	0.001	0.001	0.002	0.002	0.001	0.004	0.001	0.001	0.001	0.001	0.002	0.001	0.001	0.002	0.001	0.001	0.001	0.001	0.001	0.001	0.0	0.001	0.001	0.001	0.001	0.001	0.001	0.001	0.001	0.001	0.002	0.002	0.002	0.002	0.001	0.001	0.001	0.003	0.001	0.001	0.002	0.001	0.004	0.001	0.001	0.001
Methanocella	0.002	0.001	0.001	0.001	0.001	0.002	0.002	0.001	0.001	0.001	0.001	0.002	0.001	0.001	0.001	0.001	0.001	0.001	0.001	0.001	0.001	0.001	0.001	0.001	0.001	0.001	0.001	0.001	0.001	0.001	0.001	0.001	0.002	0.002	0.002	0.002	0.001	0.001	0.002	0.001	0.002	0.002	0.002	0.002	0.002	0.002	0.001	0.002
Neolewinella	0.002	0.002	0.001	0.002	0.001	0.002	0.001	0.001	0.001	0.001	0.002	0.002	0.001	0.001	0.002	0.001	0.001	0.001	0.001	0.001	0.001	0.001	0.001	0.001	0.001	0.001	0.001	0.001	0.002	0.001	0.001	0.001	0.001	0.002	0.001	0.002	0.001	0.001	0.001	0.001	0.002	0.002	0.002	0.002	0.001	0.002	0.001	0.002
Phaeodactylibacter	0.002	0.001	0.003	0.001	0.001	0.001	0.002	0.001	0.001	0.001	0.002	0.002	0.001	0.001	0.001	0.001	0.001	0.0	0.001	0.001	0.001	0.001	0.001	0.001	0.001	0.001	0.001	0.001	0.001	0.001	0.001	0.001	0.001	0.001	0.001	0.001	0.001	0.001	0.001	0.001	0.002	0.002	0.004	0.003	0.003	0.002	0.001	0.002
Snodgrassella	0.002	0.001	0.001	0.001	0.002	0.002	0.002	0.002	0.001	0.001	0.001	0.001	0.001	0.001	0.001	0.001	0.001	0.001	0.001	0.001	0.001	0.001	0.001	0.001	0.001	0.001	0.001	0.001	0.001	0.001	0.002	0.001	0.001	0.002	0.002	0.002	0.001	0.002	0.001	0.002	0.001	0.002	0.002	0.002	0.002	0.001	0.001	0.002
Abyssibius	0.002	0.001	0.002	0.002	0.001	0.002	0.001	0.001	0.001	0.001	0.002	0.002	0.001	0.001	0.001	0.001	0.001	0.0	0.001	0.001	0.001	0.001	0.001	0.001	0.001	0.001	0.002	0.001	0.001	0.001	0.001	0.001	0.001	0.001	0.001	0.002	0.001	0.001	0.001	0.001	0.002	0.004	0.002	0.003	0.001	0.002	0.001	0.002
Nakaseomyces	0.002	0.001	0.002	0.002	0.001	0.002	0.001	0.004	0.002	0.002	0.001	0.001	0.001	0.001	0.001	0.001	0.001	0.001	0.002	0.001	0.001	0.001	0.001	0.001	0.001	0.001	0.001	0.001	0.001	0.0	0.001	0.001	0.001	0.001	0.001	0.001	0.001	0.001	0.001	0.003	0.002	0.001	0.001	0.001	0.003	0.001	0.002	0.002
Pseudophaeobacter	0.002	0.001	0.002	0.002	0.001	0.001	0.002	0.0	0.001	0.001	0.001	0.002	0.001	0.001	0.001	0.001	0.001	0.001	0.002	0.001	0.001	0.001	0.001	0.001	0.001	0.001	0.001	0.001	0.001	0.001	0.001	0.001	0.001	0.002	0.001	0.001	0.002	0.001	0.001	0.001	0.002	0.003	0.002	0.002	0.002	0.002	0.001	0.002
Pistricoccus	0.001	0.002	0.002	0.001	0.002	0.001	0.001	0.001	0.001	0.001	0.001	0.002	0.001	0.002	0.001	0.001	0.001	0.001	0.002	0.001	0.001	0.001	0.001	0.001	0.001	0.001	0.001	0.001	0.001	0.001	0.001	0.001	0.002	0.002	0.001	0.001	0.001	0.001	0.001	0.001	0.002	0.002	0.002	0.003	0.001	0.002	0.001	0.002
Henningerozyma	0.001	0.001	0.002	0.001	0.002	0.002	0.001	0.003	0.001	0.002	0.001	0.002	0.001	0.001	0.002	0.001	0.001	0.001	0.001	0.001	0.001	0.001	0.001	0.001	0.001	0.001	0.001	0.001	0.001	0.001	0.001	0.001	0.002	0.002	0.002	0.001	0.001	0.001	0.002	0.002	0.001	0.001	0.002	0.001	0.002	0.001	0.001	0.001
Nibribacter	0.003	0.001	0.002	0.003	0.002	0.001	0.001	0.001	0.001	0.001	0.002	0.002	0.001	0.001	0.001	0.001	0.001	0.0	0.001	0.002	0.001	0.001	0.001	0.001	0.001	0.0	0.001	0.001	0.001	0.001	0.001	0.001	0.002	0.001	0.002	0.003	0.001	0.001	0.002	0.001	0.002	0.002	0.001	0.002	0.001	0.001	0.001	0.001
Marivita	0.002	0.001	0.002	0.001	0.001	0.002	0.002	0.001	0.001	0.001	0.002	0.002	0.001	0.001	0.002	0.001	0.001	0.001	0.001	0.001	0.001	0.001	0.001	0.001	0.001	0.001	0.001	0.001	0.001	0.001	0.001	0.001	0.001	0.001	0.001	0.001	0.001	0.001	0.001	0.001	0.002	0.003	0.002	0.002	0.002	0.002	0.001	0.002
Amphritea	0.002	0.002	0.002	0.002	0.002	0.002	0.001	0.001	0.001	0.001	0.002	0.002	0.001	0.001	0.001	0.001	0.001	0.001	0.001	0.001	0.001	0.001	0.001	0.001	0.001	0.001	0.001	0.001	0.001	0.001	0.001	0.001	0.001	0.001	0.001	0.002	0.001	0.001	0.001	0.001	0.002	0.002	0.002	0.002	0.001	0.002	0.001	0.002
Cloacibacillus	0.001	0.001	0.002	0.001	0.001	0.001	0.002	0.001	0.001	0.001	0.001	0.001	0.002	0.002	0.001	0.001	0.001	0.001	0.001	0.001	0.001	0.001	0.001	0.001	0.001	0.001	0.001	0.001	0.001	0.001	0.001	0.001	0.002	0.002	0.002	0.002	0.001	0.001	0.001	0.001	0.002	0.002	0.003	0.002	0.001	0.002	0.001	0.002
Aureliella	0.002	0.002	0.002	0.001	0.001	0.001	0.001	0.001	0.001	0.001	0.001	0.001	0.002	0.001	0.001	0.001	0.001	0.0	0.001	0.001	0.001	0.001	0.001	0.001	0.001	0.001	0.001	0.001	0.001	0.001	0.001	0.0	0.001	0.002	0.002	0.001	0.001	0.001	0.001	0.001	0.003	0.003	0.003	0.003	0.001	0.003	0.001	0.002
Rickettsiella	0.002	0.002	0.001	0.002	0.002	0.001	0.002	0.002	0.001	0.001	0.001	0.001	0.001	0.001	0.001	0.001	0.001	0.0	0.001	0.001	0.001	0.002	0.0	0.001	0.002	0.001	0.001	0.003	0.001	0.001	0.001	0.001	0.001	0.001	0.002	0.001	0.001	0.001	0.001	0.001	0.003	0.002	0.002	0.002	0.001	0.002	0.001	0.001
Saccharospirillum	0.001	0.001	0.002	0.002	0.001	0.002	0.002	0.001	0.001	0.001	0.001	0.002	0.002	0.001	0.001	0.001	0.001	0.001	0.001	0.001	0.001	0.001	0.001	0.001	0.001	0.001	0.001	0.001	0.001	0.001	0.001	0.001	0.002	0.001	0.002	0.002	0.001	0.001	0.001	0.001	0.002	0.002	0.002	0.002	0.001	0.002	0.001	0.002
Mariniblastus	0.002	0.002	0.001	0.001	0.001	0.001	0.002	0.001	0.001	0.001	0.001	0.001	0.001	0.001	0.001	0.001	0.001	0.001	0.001	0.001	0.001	0.001	0.001	0.001	0.001	0.001	0.001	0.001	0.001	0.001	0.001	0.001	0.001	0.002	0.001	0.002	0.001	0.001	0.001	0.001	0.004	0.002	0.002	0.003	0.002	0.002	0.001	0.002
Candidatus Atelocyanobacterium	0.001	0.0	0.001	0.001	0.002	0.003	0.003	0.009000000000000001	0.002	0.004	0.001	0.0	0.0	0.0	0.0	0.003	0.0	0.003	0.003	0.001	0.001	0.001	0.0	0.003	0.0	0.0	0.0	0.0	0.0	0.001	0.001	0.001	0.0	0.001	0.0	0.001	0.0	0.001	0.001	0.001	0.001	0.0	0.001	0.001	0.006	0.001	0.002	0.001
Megalodesulfovibrio	0.002	0.001	0.002	0.001	0.001	0.002	0.001	0.001	0.001	0.001	0.001	0.001	0.002	0.001	0.001	0.001	0.001	0.001	0.001	0.001	0.001	0.001	0.001	0.001	0.001	0.001	0.001	0.001	0.001	0.001	0.001	0.001	0.001	0.002	0.002	0.001	0.001	0.001	0.001	0.001	0.002	0.002	0.002	0.003	0.002	0.002	0.001	0.002
Cyanobacterium	0.002	0.002	0.002	0.001	0.001	0.001	0.002	0.004	0.001	0.002	0.001	0.001	0.001	0.001	0.001	0.001	0.001	0.001	0.001	0.001	0.001	0.001	0.001	0.001	0.001	0.001	0.001	0.0	0.001	0.001	0.001	0.001	0.002	0.002	0.001	0.002	0.001	0.002	0.001	0.002	0.001	0.001	0.002	0.001	0.002	0.001	0.001	0.001
Thermohahella	0.002	0.002	0.002	0.001	0.002	0.001	0.002	0.001	0.001	0.001	0.001	0.001	0.001	0.002	0.001	0.001	0.001	0.0	0.001	0.001	0.001	0.001	0.001	0.001	0.001	0.001	0.001	0.001	0.001	0.001	0.001	0.001	0.002	0.001	0.001	0.001	0.001	0.001	0.001	0.001	0.002	0.003	0.002	0.003	0.001	0.002	0.001	0.002
Slackia	0.002	0.001	0.002	0.001	0.001	0.001	0.001	0.001	0.001	0.001	0.001	0.002	0.001	0.002	0.001	0.001	0.001	0.001	0.001	0.001	0.001	0.001	0.001	0.001	0.001	0.001	0.001	0.001	0.001	0.001	0.001	0.001	0.001	0.002	0.001	0.001	0.001	0.001	0.001	0.002	0.002	0.002	0.002	0.003	0.002	0.002	0.001	0.002
Sulfuriroseicoccus	0.001	0.001	0.001	0.001	0.002	0.001	0.002	0.001	0.001	0.001	0.002	0.002	0.001	0.001	0.001	0.001	0.001	0.001	0.001	0.001	0.001	0.001	0.001	0.001	0.001	0.001	0.001	0.001	0.001	0.001	0.001	0.0	0.001	0.001	0.001	0.002	0.001	0.001	0.001	0.001	0.003	0.003	0.003	0.003	0.001	0.002	0.001	0.002
Lutibacter	0.002	0.001	0.002	0.001	0.003	0.002	0.002	0.002	0.001	0.001	0.001	0.001	0.001	0.001	0.001	0.002	0.001	0.001	0.001	0.001	0.001	0.001	0.001	0.001	0.001	0.001	0.001	0.001	0.001	0.001	0.001	0.001	0.003	0.001	0.002	0.001	0.001	0.001	0.001	0.002	0.002	0.001	0.001	0.001	0.002	0.001	0.001	0.001
Pyramidobacter	0.002	0.002	0.001	0.001	0.002	0.002	0.001	0.001	0.001	0.001	0.001	0.001	0.001	0.001	0.001	0.001	0.001	0.001	0.001	0.001	0.001	0.001	0.001	0.001	0.001	0.001	0.001	0.001	0.001	0.001	0.001	0.001	0.001	0.002	0.002	0.002	0.001	0.002	0.001	0.001	0.002	0.002	0.002	0.002	0.001	0.002	0.001	0.002
Parvimonas	0.002	0.001	0.002	0.001	0.001	0.001	0.002	0.004	0.001	0.002	0.001	0.001	0.0	0.001	0.001	0.001	0.0	0.001	0.002	0.001	0.001	0.001	0.001	0.001	0.001	0.001	0.0	0.001	0.001	0.001	0.0	0.001	0.004	0.002	0.002	0.001	0.001	0.001	0.002	0.002	0.001	0.001	0.001	0.001	0.003	0.001	0.001	0.001
Halopiger	0.002	0.001	0.002	0.002	0.002	0.002	0.001	0.001	0.001	0.001	0.001	0.002	0.001	0.002	0.001	0.001	0.001	0.001	0.001	0.001	0.001	0.001	0.001	0.001	0.001	0.001	0.001	0.001	0.001	0.001	0.001	0.001	0.001	0.002	0.001	0.001	0.001	0.001	0.001	0.001	0.002	0.002	0.002	0.002	0.001	0.002	0.001	0.001
Sodaliphilus	0.002	0.001	0.002	0.001	0.001	0.002	0.002	0.001	0.001	0.0	0.001	0.002	0.002	0.002	0.001	0.001	0.001	0.001	0.001	0.001	0.001	0.001	0.001	0.001	0.001	0.001	0.001	0.001	0.001	0.001	0.0	0.001	0.002	0.001	0.002	0.002	0.001	0.001	0.001	0.001	0.002	0.002	0.002	0.002	0.001	0.001	0.001	0.002
Thalassococcus	0.001	0.001	0.001	0.001	0.001	0.001	0.001	0.001	0.001	0.001	0.001	0.002	0.002	0.001	0.001	0.001	0.001	0.001	0.001	0.001	0.001	0.001	0.001	0.001	0.001	0.001	0.001	0.001	0.001	0.001	0.001	0.001	0.001	0.002	0.002	0.001	0.001	0.001	0.002	0.001	0.002	0.002	0.002	0.003	0.002	0.002	0.001	0.002
Uruburuella	0.002	0.002	0.002	0.002	0.002	0.001	0.001	0.001	0.001	0.001	0.001	0.002	0.001	0.001	0.001	0.001	0.001	0.0	0.001	0.001	0.001	0.001	0.001	0.001	0.001	0.001	0.001	0.001	0.001	0.001	0.001	0.001	0.001	0.001	0.001	0.001	0.001	0.001	0.001	0.001	0.002	0.002	0.002	0.003	0.002	0.002	0.001	0.002
Ehrlichia	0.001	0.003	0.002	0.002	0.002	0.003	0.002	0.003	0.001	0.002	0.001	0.001	0.001	0.001	0.002	0.001	0.0	0.001	0.001	0.0	0.001	0.001	0.001	0.001	0.001	0.001	0.001	0.0	0.001	0.001	0.001	0.001	0.002	0.001	0.001	0.001	0.001	0.001	0.001	0.002	0.001	0.001	0.002	0.001	0.002	0.001	0.001	0.001
Desulfococcus	0.001	0.002	0.001	0.001	0.001	0.001	0.001	0.001	0.001	0.001	0.001	0.001	0.001	0.001	0.001	0.001	0.001	0.001	0.001	0.001	0.001	0.001	0.001	0.001	0.001	0.001	0.001	0.001	0.001	0.001	0.001	0.001	0.002	0.002	0.001	0.002	0.001	0.001	0.001	0.0	0.003	0.002	0.003	0.003	0.001	0.002	0.001	0.002
Torulaspora	0.001	0.001	0.002	0.001	0.001	0.002	0.002	0.002	0.001	0.001	0.001	0.002	0.002	0.001	0.001	0.001	0.001	0.001	0.001	0.001	0.001	0.0	0.001	0.001	0.001	0.001	0.001	0.001	0.001	0.001	0.001	0.001	0.002	0.002	0.001	0.001	0.001	0.001	0.001	0.002	0.002	0.002	0.001	0.001	0.002	0.001	0.001	0.002
Ornithobacterium	0.002	0.001	0.001	0.002	0.002	0.002	0.002	0.003	0.001	0.001	0.001	0.001	0.001	0.001	0.001	0.001	0.001	0.001	0.001	0.001	0.001	0.001	0.001	0.001	0.001	0.001	0.001	0.001	0.001	0.001	0.001	0.001	0.001	0.001	0.002	0.001	0.001	0.001	0.001	0.001	0.002	0.002	0.002	0.002	0.001	0.001	0.001	0.001
Natrononativus	0.002	0.001	0.001	0.002	0.001	0.001	0.001	0.001	0.001	0.001	0.001	0.001	0.001	0.001	0.002	0.001	0.001	0.001	0.001	0.001	0.001	0.001	0.001	0.001	0.001	0.001	0.002	0.001	0.002	0.001	0.001	0.001	0.001	0.002	0.001	0.001	0.001	0.001	0.001	0.001	0.002	0.002	0.002	0.002	0.001	0.002	0.001	0.002
Marinithermus	0.001	0.002	0.002	0.002	0.001	0.001	0.001	0.001	0.001	0.001	0.001	0.001	0.001	0.001	0.001	0.001	0.001	0.001	0.001	0.001	0.001	0.001	0.001	0.001	0.001	0.001	0.001	0.001	0.001	0.001	0.001	0.001	0.001	0.002	0.002	0.001	0.001	0.001	0.001	0.001	0.002	0.002	0.002	0.002	0.002	0.002	0.001	0.002
Granulosicoccus	0.001	0.002	0.001	0.002	0.002	0.001	0.002	0.001	0.001	0.001	0.001	0.002	0.001	0.001	0.001	0.001	0.001	0.001	0.001	0.001	0.001	0.001	0.001	0.001	0.001	0.001	0.001	0.001	0.001	0.001	0.001	0.0	0.001	0.001	0.001	0.001	0.001	0.001	0.001	0.001	0.002	0.003	0.002	0.003	0.002	0.001	0.001	0.002
Aquipluma	0.002	0.002	0.003	0.001	0.003	0.001	0.002	0.002	0.001	0.001	0.002	0.001	0.001	0.001	0.001	0.001	0.001	0.0	0.001	0.001	0.001	0.001	0.001	0.001	0.001	0.001	0.001	0.001	0.001	0.001	0.001	0.001	0.002	0.0	0.002	0.002	0.001	0.001	0.002	0.002	0.002	0.001	0.001	0.001	0.001	0.001	0.0	0.001
Ahrensia	0.001	0.001	0.002	0.001	0.001	0.001	0.001	0.001	0.001	0.001	0.001	0.002	0.001	0.001	0.001	0.001	0.001	0.001	0.001	0.001	0.001	0.001	0.001	0.001	0.001	0.001	0.001	0.001	0.001	0.001	0.001	0.001	0.001	0.001	0.001	0.001	0.001	0.001	0.001	0.001	0.003	0.003	0.003	0.003	0.001	0.002	0.001	0.002
Coprobacter	0.002	0.001	0.002	0.001	0.001	0.001	0.003	0.002	0.001	0.001	0.001	0.001	0.001	0.001	0.001	0.001	0.001	0.0	0.001	0.001	0.001	0.001	0.001	0.001	0.001	0.001	0.001	0.001	0.001	0.001	0.001	0.001	0.002	0.001	0.002	0.002	0.001	0.002	0.001	0.003	0.002	0.002	0.001	0.001	0.001	0.001	0.001	0.001
Pediococcus	0.002	0.001	0.002	0.001	0.001	0.001	0.001	0.002	0.001	0.002	0.002	0.001	0.001	0.001	0.001	0.002	0.001	0.001	0.001	0.001	0.001	0.001	0.001	0.001	0.001	0.001	0.001	0.001	0.001	0.001	0.001	0.001	0.002	0.002	0.002	0.001	0.001	0.001	0.001	0.002	0.001	0.001	0.002	0.001	0.002	0.001	0.001	0.001
Methylomarinum	0.002	0.002	0.001	0.001	0.002	0.001	0.001	0.0	0.001	0.001	0.002	0.002	0.002	0.001	0.001	0.001	0.001	0.0	0.001	0.001	0.001	0.001	0.001	0.001	0.001	0.001	0.001	0.001	0.001	0.001	0.001	0.0	0.001	0.001	0.001	0.002	0.001	0.001	0.001	0.001	0.002	0.002	0.002	0.003	0.002	0.002	0.001	0.002
Psychroserpens	0.002	0.001	0.001	0.002	0.002	0.002	0.002	0.003	0.002	0.002	0.001	0.001	0.001	0.001	0.001	0.003	0.0	0.002	0.002	0.001	0.001	0.001	0.0	0.002	0.0	0.0	0.001	0.001	0.0	0.001	0.001	0.001	0.002	0.001	0.0	0.001	0.001	0.001	0.001	0.001	0.002	0.001	0.001	0.001	0.002	0.001	0.001	0.002
Rugosibacter	0.002	0.001	0.001	0.001	0.001	0.001	0.002	0.001	0.001	0.001	0.001	0.002	0.001	0.001	0.001	0.001	0.001	0.0	0.001	0.001	0.001	0.001	0.001	0.001	0.0	0.001	0.001	0.0	0.001	0.001	0.001	0.0	0.001	0.001	0.001	0.001	0.001	0.001	0.001	0.001	0.003	0.003	0.003	0.005	0.001	0.002	0.001	0.003
Vairimorpha	0.001	0.001	0.001	0.001	0.001	0.002	0.001	0.004	0.001	0.002	0.001	0.001	0.002	0.001	0.001	0.001	0.001	0.001	0.001	0.001	0.001	0.001	0.0	0.001	0.001	0.0	0.001	0.0	0.001	0.001	0.001	0.001	0.002	0.002	0.002	0.002	0.001	0.001	0.001	0.003	0.001	0.001	0.002	0.001	0.002	0.0	0.002	0.001
Gaoshiqia	0.001	0.001	0.001	0.001	0.002	0.002	0.001	0.001	0.001	0.001	0.002	0.001	0.001	0.001	0.001	0.001	0.001	0.001	0.001	0.001	0.001	0.001	0.001	0.001	0.001	0.001	0.001	0.001	0.001	0.001	0.001	0.001	0.002	0.001	0.002	0.002	0.001	0.002	0.002	0.001	0.001	0.002	0.001	0.002	0.002	0.001	0.001	0.001
Cryptosporidium	0.001	0.002	0.001	0.001	0.003	0.002	0.002	0.003	0.001	0.001	0.001	0.001	0.001	0.001	0.001	0.001	0.001	0.001	0.001	0.001	0.001	0.001	0.001	0.001	0.001	0.001	0.001	0.001	0.001	0.001	0.001	0.001	0.002	0.002	0.001	0.001	0.001	0.001	0.001	0.002	0.001	0.001	0.001	0.001	0.002	0.001	0.001	0.001
Paraglaciecola	0.001	0.002	0.002	0.002	0.002	0.002	0.002	0.002	0.001	0.001	0.001	0.001	0.001	0.001	0.001	0.001	0.001	0.001	0.001	0.001	0.001	0.001	0.001	0.001	0.001	0.001	0.001	0.001	0.001	0.001	0.001	0.001	0.003	0.001	0.001	0.001	0.001	0.001	0.001	0.001	0.002	0.002	0.001	0.001	0.001	0.001	0.001	0.001
Natronorarus	0.002	0.001	0.001	0.001	0.001	0.001	0.002	0.001	0.001	0.001	0.001	0.002	0.001	0.001	0.001	0.001	0.001	0.001	0.001	0.001	0.001	0.001	0.001	0.001	0.001	0.001	0.001	0.001	0.001	0.001	0.001	0.001	0.002	0.002	0.002	0.001	0.001	0.001	0.001	0.001	0.002	0.002	0.002	0.001	0.002	0.002	0.001	0.001
Planktothrix	0.001	0.001	0.002	0.001	0.002	0.002	0.001	0.005	0.001	0.002	0.001	0.001	0.001	0.001	0.001	0.001	0.0	0.001	0.001	0.001	0.001	0.001	0.001	0.001	0.001	0.001	0.001	0.0	0.001	0.001	0.001	0.001	0.001	0.002	0.001	0.002	0.001	0.001	0.001	0.002	0.001	0.001	0.002	0.001	0.002	0.001	0.001	0.001
Dysgonomonas	0.002	0.001	0.001	0.001	0.001	0.001	0.002	0.002	0.001	0.001	0.001	0.002	0.001	0.001	0.001	0.001	0.001	0.0	0.001	0.001	0.001	0.001	0.001	0.001	0.001	0.001	0.001	0.001	0.001	0.001	0.001	0.001	0.002	0.001	0.001	0.002	0.001	0.002	0.002	0.002	0.002	0.001	0.001	0.002	0.002	0.001	0.001	0.001
Arsenophonus	0.001	0.001	0.001	0.001	0.001	0.001	0.002	0.003	0.001	0.001	0.001	0.001	0.001	0.001	0.001	0.001	0.001	0.001	0.001	0.001	0.001	0.001	0.0	0.001	0.001	0.0	0.001	0.001	0.001	0.001	0.001	0.0	0.001	0.002	0.001	0.001	0.001	0.001	0.001	0.002	0.002	0.001	0.003	0.001	0.006	0.001	0.001	0.002
Flowerpowervirus	0.006999999999999999	0.015	0.003	0.002	0.006999999999999999	0.002	0.011000000000000001	0.005	0.0	0.0	0.0	0.0	0.0	0.0	0.001	0.0	0.0	0.0	0.0	0.0	0.0	0.0	0.0	0.0	0.002	0.0	0.002	0.0	0.0	0.001	0.0	0.0	0.0	0.0	0.0	0.0	0.0	0.0	0.001	0.0	0.0	0.0	0.0	0.0	0.0	0.0	0.0	0.0
Motiliproteus	0.001	0.001	0.001	0.001	0.001	0.002	0.002	0.001	0.001	0.001	0.001	0.001	0.002	0.001	0.001	0.001	0.001	0.0	0.001	0.001	0.001	0.001	0.001	0.001	0.001	0.001	0.001	0.001	0.001	0.001	0.001	0.001	0.001	0.002	0.001	0.001	0.001	0.001	0.001	0.001	0.002	0.002	0.003	0.003	0.001	0.001	0.001	0.002
Deefgea	0.001	0.002	0.001	0.002	0.003	0.002	0.002	0.001	0.001	0.001	0.002	0.001	0.002	0.001	0.001	0.001	0.001	0.001	0.001	0.001	0.001	0.001	0.001	0.0	0.0	0.001	0.001	0.001	0.001	0.001	0.001	0.0	0.001	0.001	0.001	0.001	0.001	0.001	0.001	0.001	0.002	0.002	0.002	0.002	0.001	0.001	0.001	0.002
Chimaeribacter	0.001	0.001	0.001	0.001	0.001	0.002	0.002	0.0	0.001	0.001	0.001	0.002	0.002	0.001	0.001	0.001	0.001	0.0	0.001	0.001	0.001	0.001	0.001	0.001	0.001	0.001	0.001	0.001	0.001	0.001	0.001	0.001	0.001	0.001	0.002	0.002	0.001	0.001	0.001	0.001	0.002	0.002	0.002	0.002	0.001	0.002	0.001	0.002
Aggregatibacter	0.001	0.003	0.001	0.001	0.003	0.001	0.001	0.002	0.001	0.001	0.001	0.001	0.001	0.001	0.001	0.001	0.001	0.001	0.001	0.001	0.001	0.001	0.001	0.001	0.001	0.001	0.001	0.001	0.001	0.001	0.001	0.0	0.001	0.001	0.001	0.001	0.001	0.001	0.001	0.001	0.002	0.002	0.002	0.002	0.002	0.001	0.001	0.002
Leadbetterella	0.002	0.001	0.001	0.001	0.002	0.002	0.002	0.001	0.001	0.001	0.002	0.001	0.001	0.001	0.001	0.001	0.001	0.0	0.001	0.001	0.001	0.001	0.001	0.001	0.0	0.001	0.001	0.001	0.001	0.001	0.001	0.0	0.003	0.001	0.002	0.001	0.001	0.002	0.001	0.001	0.002	0.002	0.001	0.002	0.001	0.001	0.001	0.002
Picosynechococcus	0.001	0.001	0.001	0.002	0.002	0.002	0.002	0.005	0.002	0.003	0.001	0.001	0.001	0.001	0.001	0.002	0.0	0.001	0.002	0.001	0.001	0.001	0.0	0.002	0.0	0.0	0.001	0.0	0.0	0.001	0.001	0.001	0.001	0.001	0.0	0.001	0.001	0.0	0.001	0.0	0.001	0.002	0.001	0.001	0.003	0.001	0.002	0.002
Sedimenticola	0.001	0.001	0.002	0.001	0.002	0.001	0.001	0.001	0.001	0.001	0.001	0.001	0.002	0.001	0.001	0.001	0.001	0.001	0.001	0.001	0.001	0.001	0.001	0.001	0.001	0.001	0.001	0.001	0.001	0.001	0.001	0.001	0.001	0.001	0.001	0.001	0.001	0.001	0.001	0.001	0.002	0.002	0.002	0.002	0.001	0.002	0.001	0.002
Kangiella	0.001	0.001	0.001	0.001	0.001	0.001	0.001	0.001	0.001	0.001	0.001	0.001	0.001	0.001	0.001	0.001	0.001	0.001	0.001	0.001	0.001	0.001	0.001	0.001	0.001	0.001	0.001	0.001	0.0	0.001	0.001	0.0	0.003	0.002	0.002	0.003	0.001	0.001	0.004	0.003	0.001	0.001	0.002	0.001	0.001	0.001	0.0	0.001
Winkia	0.001	0.0	0.0	0.004	0.0	0.0	0.0	0.004	0.0	0.0	0.001	0.003	0.002	0.001	0.0	0.0	0.002	0.0	0.001	0.001	0.001	0.001	0.001	0.0	0.001	0.001	0.001	0.002	0.001	0.0	0.001	0.001	0.004	0.001	0.001	0.001	0.001	0.001	0.002	0.0	0.002	0.004	0.001	0.003	0.001	0.002	0.001	0.001
Lachnoclostridium	0.001	0.002	0.001	0.001	0.001	0.001	0.001	0.001	0.001	0.001	0.001	0.002	0.002	0.001	0.001	0.0	0.001	0.001	0.001	0.001	0.001	0.001	0.001	0.001	0.001	0.001	0.001	0.001	0.001	0.001	0.001	0.001	0.002	0.002	0.001	0.001	0.001	0.001	0.001	0.001	0.002	0.002	0.002	0.002	0.002	0.001	0.001	0.001
Oscillibacter	0.002	0.002	0.0	0.001	0.002	0.001	0.0	0.0	0.001	0.001	0.001	0.001	0.002	0.001	0.001	0.001	0.001	0.0	0.001	0.0	0.001	0.001	0.001	0.001	0.001	0.001	0.001	0.001	0.001	0.001	0.001	0.001	0.001	0.002	0.002	0.001	0.002	0.002	0.001	0.001	0.002	0.002	0.002	0.002	0.002	0.001	0.001	0.002
Natronoglycomyces	0.001	0.001	0.002	0.001	0.001	0.001	0.001	0.001	0.001	0.001	0.001	0.001	0.001	0.001	0.001	0.0	0.001	0.001	0.001	0.001	0.001	0.001	0.001	0.002	0.002	0.001	0.001	0.001	0.001	0.001	0.001	0.001	0.001	0.001	0.001	0.001	0.001	0.001	0.002	0.001	0.002	0.002	0.002	0.002	0.001	0.002	0.001	0.002
Lacrimispora	0.001	0.001	0.001	0.001	0.002	0.001	0.001	0.002	0.001	0.001	0.001	0.002	0.002	0.001	0.001	0.001	0.001	0.001	0.001	0.001	0.001	0.001	0.001	0.001	0.001	0.001	0.001	0.001	0.001	0.001	0.001	0.001	0.001	0.002	0.002	0.001	0.001	0.002	0.001	0.001	0.002	0.001	0.001	0.002	0.001	0.001	0.001	0.001
Hydrocarboniclastica	0.002	0.002	0.002	0.001	0.001	0.001	0.001	0.0	0.001	0.001	0.001	0.001	0.002	0.001	0.001	0.001	0.001	0.0	0.001	0.001	0.001	0.001	0.001	0.001	0.001	0.001	0.001	0.001	0.001	0.001	0.001	0.001	0.001	0.002	0.001	0.002	0.002	0.001	0.001	0.001	0.002	0.002	0.002	0.002	0.001	0.001	0.001	0.001
Macrococcus	0.001	0.002	0.002	0.001	0.001	0.002	0.002	0.002	0.001	0.001	0.001	0.001	0.001	0.001	0.002	0.001	0.001	0.001	0.001	0.001	0.001	0.001	0.001	0.001	0.001	0.001	0.001	0.001	0.001	0.001	0.001	0.001	0.001	0.001	0.001	0.001	0.001	0.002	0.001	0.002	0.001	0.001	0.002	0.001	0.001	0.001	0.001	0.001
Aureispira	0.001	0.002	0.002	0.001	0.002	0.003	0.002	0.004	0.001	0.001	0.001	0.001	0.001	0.001	0.001	0.001	0.001	0.001	0.001	0.001	0.001	0.001	0.001	0.001	0.001	0.0	0.001	0.001	0.001	0.001	0.001	0.001	0.001	0.001	0.001	0.001	0.001	0.001	0.001	0.001	0.001	0.001	0.001	0.001	0.002	0.001	0.001	0.001
Phaeodactylum	0.001	0.002	0.002	0.001	0.002	0.002	0.002	0.002	0.001	0.001	0.001	0.001	0.002	0.001	0.001	0.001	0.001	0.001	0.001	0.001	0.001	0.001	0.001	0.001	0.001	0.001	0.001	0.001	0.001	0.001	0.001	0.001	0.002	0.001	0.001	0.001	0.001	0.001	0.001	0.001	0.001	0.001	0.002	0.001	0.001	0.001	0.001	0.001
Aquicoccus	0.001	0.002	0.002	0.001	0.001	0.001	0.001	0.0	0.001	0.001	0.001	0.002	0.001	0.001	0.001	0.001	0.001	0.001	0.001	0.001	0.001	0.001	0.001	0.001	0.001	0.001	0.001	0.001	0.001	0.001	0.001	0.001	0.001	0.001	0.001	0.001	0.001	0.001	0.001	0.001	0.002	0.002	0.002	0.003	0.001	0.002	0.001	0.002
Ureibacillus	0.001	0.002	0.002	0.002	0.001	0.001	0.001	0.002	0.001	0.001	0.001	0.001	0.001	0.001	0.001	0.001	0.001	0.001	0.001	0.001	0.001	0.001	0.001	0.001	0.001	0.001	0.001	0.0	0.001	0.001	0.001	0.0	0.001	0.001	0.001	0.002	0.001	0.001	0.001	0.001	0.002	0.001	0.002	0.001	0.003	0.002	0.001	0.002
Desulfobacter	0.001	0.001	0.001	0.001	0.001	0.001	0.001	0.001	0.001	0.001	0.001	0.001	0.001	0.001	0.001	0.001	0.001	0.001	0.001	0.001	0.001	0.001	0.001	0.0	0.001	0.001	0.001	0.001	0.001	0.001	0.001	0.001	0.003	0.001	0.002	0.002	0.001	0.001	0.002	0.002	0.002	0.002	0.002	0.002	0.001	0.001	0.001	0.001
Oxynema	0.001	0.001	0.001	0.001	0.001	0.002	0.001	0.002	0.001	0.001	0.001	0.001	0.001	0.001	0.001	0.001	0.001	0.001	0.001	0.001	0.001	0.001	0.001	0.001	0.001	0.001	0.0	0.001	0.001	0.0	0.001	0.001	0.002	0.002	0.001	0.001	0.001	0.001	0.002	0.001	0.001	0.002	0.003	0.002	0.002	0.001	0.001	0.002
Calothrix	0.001	0.001	0.001	0.001	0.002	0.002	0.001	0.002	0.001	0.001	0.001	0.001	0.001	0.001	0.001	0.001	0.001	0.001	0.001	0.001	0.001	0.001	0.001	0.001	0.0	0.001	0.0	0.001	0.001	0.001	0.001	0.001	0.002	0.002	0.001	0.001	0.001	0.001	0.001	0.003	0.002	0.001	0.002	0.001	0.002	0.002	0.001	0.001
Trypanosoma	0.001	0.001	0.002	0.001	0.001	0.001	0.002	0.003	0.001	0.001	0.001	0.001	0.001	0.001	0.001	0.001	0.001	0.001	0.001	0.001	0.001	0.001	0.001	0.001	0.0	0.001	0.001	0.001	0.001	0.0	0.001	0.0	0.003	0.002	0.001	0.002	0.001	0.001	0.002	0.002	0.001	0.001	0.002	0.001	0.002	0.001	0.001	0.001
Spironucleus	0.001	0.002	0.001	0.001	0.002	0.001	0.001	0.003	0.001	0.002	0.001	0.001	0.001	0.001	0.001	0.001	0.0	0.001	0.001	0.001	0.001	0.001	0.001	0.001	0.001	0.001	0.001	0.001	0.001	0.001	0.001	0.001	0.002	0.002	0.001	0.001	0.001	0.001	0.001	0.002	0.001	0.001	0.002	0.001	0.002	0.001	0.001	0.001
Peptoniphilus	0.002	0.001	0.0	0.002	0.002	0.002	0.002	0.002	0.001	0.001	0.001	0.001	0.001	0.002	0.001	0.001	0.0	0.001	0.001	0.001	0.001	0.001	0.001	0.001	0.001	0.001	0.001	0.001	0.001	0.001	0.001	0.001	0.002	0.002	0.001	0.001	0.001	0.001	0.0	0.002	0.001	0.001	0.002	0.001	0.002	0.001	0.0	0.002
Thermomicrobium	0.001	0.001	0.001	0.002	0.001	0.001	0.001	0.001	0.001	0.001	0.001	0.001	0.001	0.001	0.001	0.0	0.001	0.001	0.001	0.001	0.001	0.001	0.001	0.001	0.001	0.001	0.001	0.001	0.001	0.001	0.001	0.001	0.001	0.001	0.001	0.001	0.001	0.001	0.001	0.001	0.003	0.002	0.002	0.002	0.002	0.002	0.001	0.002
Caldicellulosiruptor	0.001	0.001	0.001	0.001	0.002	0.002	0.001	0.003	0.001	0.001	0.001	0.001	0.001	0.001	0.001	0.001	0.001	0.001	0.001	0.001	0.001	0.001	0.0	0.001	0.001	0.001	0.001	0.001	0.001	0.0	0.001	0.001	0.001	0.003	0.002	0.002	0.001	0.001	0.001	0.002	0.001	0.001	0.002	0.001	0.001	0.001	0.001	0.001
Thiomicrospira	0.001	0.002	0.002	0.002	0.002	0.002	0.002	0.001	0.001	0.001	0.001	0.002	0.001	0.001	0.001	0.001	0.001	0.0	0.001	0.001	0.001	0.001	0.001	0.0	0.001	0.001	0.001	0.001	0.001	0.001	0.0	0.0	0.001	0.001	0.001	0.001	0.001	0.001	0.001	0.001	0.002	0.002	0.002	0.002	0.001	0.001	0.001	0.002
Aquiluna	0.001	0.001	0.001	0.001	0.001	0.001	0.001	0.001	0.001	0.001	0.001	0.002	0.002	0.001	0.001	0.001	0.001	0.001	0.001	0.001	0.001	0.001	0.001	0.001	0.001	0.001	0.001	0.001	0.001	0.001	0.001	0.001	0.001	0.001	0.001	0.001	0.001	0.001	0.001	0.001	0.002	0.002	0.001	0.002	0.002	0.002	0.001	0.002
Sinomicrobium	0.001	0.001	0.002	0.002	0.001	0.001	0.001	0.001	0.001	0.001	0.002	0.002	0.001	0.001	0.002	0.001	0.001	0.0	0.001	0.001	0.001	0.001	0.001	0.001	0.001	0.0	0.001	0.001	0.001	0.001	0.001	0.001	0.002	0.001	0.001	0.002	0.001	0.002	0.001	0.002	0.001	0.002	0.001	0.001	0.001	0.001	0.001	0.001
Dokdonia	0.001	0.001	0.002	0.001	0.002	0.002	0.002	0.001	0.001	0.001	0.002	0.001	0.001	0.001	0.001	0.001	0.001	0.001	0.001	0.001	0.001	0.001	0.001	0.001	0.001	0.001	0.001	0.001	0.0	0.001	0.001	0.001	0.002	0.001	0.001	0.001	0.001	0.001	0.001	0.001	0.002	0.001	0.001	0.002	0.001	0.001	0.001	0.002
Candidatus Planktophila	0.001	0.001	0.001	0.001	0.001	0.001	0.002	0.001	0.001	0.001	0.001	0.002	0.001	0.001	0.001	0.0	0.001	0.001	0.001	0.001	0.001	0.001	0.001	0.001	0.001	0.001	0.001	0.001	0.001	0.001	0.001	0.001	0.001	0.001	0.001	0.001	0.001	0.001	0.001	0.001	0.002	0.002	0.001	0.005	0.001	0.001	0.001	0.002
Turneriella	0.003	0.005	0.005	0.006999999999999999	0.006	0.004	0.001	0.003	0.0	0.0	0.001	0.001	0.001	0.001	0.0	0.0	0.001	0.0	0.0	0.001	0.0	0.0	0.0	0.0	0.0	0.0	0.0	0.0	0.001	0.0	0.0	0.0	0.001	0.001	0.001	0.001	0.001	0.0	0.0	0.0	0.002	0.002	0.001	0.001	0.001	0.001	0.001	0.001
Halospeciosus	0.001	0.002	0.001	0.001	0.001	0.001	0.001	0.001	0.001	0.001	0.001	0.001	0.001	0.001	0.001	0.0	0.001	0.001	0.001	0.001	0.001	0.001	0.001	0.001	0.001	0.001	0.001	0.001	0.001	0.001	0.001	0.001	0.001	0.002	0.001	0.002	0.001	0.001	0.001	0.001	0.002	0.001	0.002	0.002	0.001	0.002	0.001	0.002
Zymobacter	0.002	0.002	0.002	0.001	0.001	0.001	0.001	0.001	0.001	0.001	0.001	0.002	0.001	0.001	0.001	0.001	0.001	0.0	0.001	0.001	0.001	0.001	0.001	0.001	0.001	0.001	0.001	0.001	0.001	0.001	0.001	0.001	0.001	0.001	0.001	0.001	0.001	0.001	0.001	0.001	0.002	0.002	0.001	0.002	0.002	0.001	0.0	0.002
Nitrincola	0.002	0.002	0.001	0.002	0.001	0.001	0.001	0.001	0.001	0.001	0.001	0.001	0.001	0.001	0.001	0.001	0.001	0.0	0.001	0.001	0.001	0.001	0.001	0.001	0.001	0.001	0.001	0.001	0.001	0.001	0.001	0.0	0.001	0.001	0.001	0.001	0.001	0.001	0.001	0.001	0.002	0.002	0.002	0.002	0.002	0.001	0.001	0.002
Natribaculum	0.001	0.001	0.001	0.001	0.001	0.001	0.001	0.001	0.001	0.001	0.001	0.001	0.001	0.001	0.001	0.001	0.001	0.001	0.001	0.001	0.001	0.001	0.001	0.001	0.001	0.001	0.001	0.001	0.002	0.001	0.001	0.001	0.001	0.002	0.001	0.001	0.001	0.001	0.001	0.001	0.002	0.002	0.002	0.001	0.001	0.002	0.001	0.002
Desulfofustis	0.002	0.001	0.001	0.001	0.001	0.001	0.001	0.001	0.001	0.001	0.001	0.001	0.001	0.001	0.001	0.001	0.001	0.001	0.001	0.001	0.001	0.001	0.001	0.001	0.001	0.001	0.001	0.001	0.001	0.001	0.001	0.001	0.001	0.001	0.001	0.001	0.001	0.001	0.001	0.001	0.002	0.002	0.002	0.002	0.001	0.002	0.001	0.002
Caproiciproducens	0.001	0.002	0.001	0.001	0.002	0.001	0.001	0.001	0.001	0.001	0.001	0.001	0.001	0.001	0.001	0.0	0.001	0.001	0.001	0.001	0.001	0.001	0.001	0.001	0.001	0.001	0.001	0.001	0.001	0.001	0.001	0.001	0.001	0.002	0.001	0.001	0.001	0.001	0.001	0.001	0.002	0.001	0.002	0.002	0.001	0.002	0.001	0.002
Gallionella	0.001	0.001	0.001	0.001	0.001	0.001	0.001	0.0	0.001	0.001	0.001	0.001	0.0	0.001	0.0	0.001	0.001	0.0	0.001	0.001	0.001	0.001	0.001	0.001	0.001	0.0	0.001	0.001	0.001	0.0	0.001	0.0	0.001	0.001	0.001	0.001	0.0	0.0	0.001	0.001	0.002	0.003	0.004	0.009000000000000001	0.002	0.001	0.001	0.002
Rhodoluna	0.001	0.001	0.001	0.0	0.001	0.001	0.002	0.001	0.0	0.001	0.001	0.002	0.001	0.002	0.001	0.001	0.001	0.001	0.001	0.001	0.001	0.001	0.001	0.001	0.002	0.001	0.001	0.001	0.001	0.001	0.001	0.0	0.001	0.001	0.001	0.001	0.001	0.001	0.001	0.001	0.002	0.003	0.001	0.002	0.001	0.002	0.001	0.002
Psychromicrobium	0.001	0.001	0.004	0.001	0.001	0.001	0.002	0.001	0.0	0.001	0.001	0.001	0.001	0.001	0.001	0.0	0.001	0.001	0.001	0.001	0.001	0.001	0.001	0.0	0.002	0.002	0.001	0.001	0.001	0.002	0.001	0.001	0.002	0.001	0.001	0.001	0.001	0.002	0.002	0.001	0.001	0.001	0.001	0.001	0.001	0.001	0.001	0.001
Leminorella	0.001	0.001	0.001	0.001	0.001	0.001	0.003	0.001	0.001	0.001	0.001	0.002	0.001	0.002	0.001	0.001	0.001	0.0	0.001	0.001	0.001	0.001	0.001	0.001	0.0	0.0	0.001	0.001	0.001	0.001	0.001	0.0	0.002	0.001	0.001	0.001	0.001	0.001	0.001	0.001	0.002	0.002	0.002	0.002	0.001	0.002	0.001	0.002
Nanchangia	0.001	0.001	0.001	0.001	0.001	0.001	0.001	0.001	0.001	0.0	0.001	0.001	0.001	0.002	0.001	0.001	0.001	0.001	0.001	0.001	0.001	0.001	0.001	0.001	0.001	0.001	0.001	0.001	0.001	0.001	0.001	0.001	0.001	0.002	0.002	0.001	0.001	0.001	0.001	0.001	0.002	0.002	0.002	0.002	0.001	0.002	0.001	0.001
Companilactobacillus	0.001	0.002	0.001	0.001	0.002	0.001	0.001	0.002	0.001	0.002	0.001	0.001	0.001	0.001	0.001	0.002	0.001	0.001	0.001	0.001	0.001	0.001	0.001	0.001	0.001	0.001	0.001	0.001	0.001	0.001	0.001	0.0	0.002	0.002	0.002	0.001	0.001	0.001	0.001	0.001	0.001	0.001	0.001	0.001	0.001	0.001	0.001	0.001
Coxiella	0.001	0.002	0.001	0.001	0.002	0.002	0.002	0.001	0.001	0.001	0.001	0.001	0.001	0.001	0.001	0.0	0.001	0.001	0.001	0.001	0.0	0.0	0.001	0.0	0.001	0.0	0.001	0.001	0.001	0.001	0.0	0.001	0.001	0.001	0.001	0.002	0.001	0.001	0.0	0.001	0.003	0.002	0.003	0.002	0.002	0.001	0.001	0.003
Apibacter	0.001	0.001	0.001	0.001	0.002	0.001	0.001	0.003	0.001	0.001	0.001	0.001	0.001	0.001	0.001	0.001	0.001	0.001	0.001	0.001	0.001	0.001	0.001	0.001	0.001	0.001	0.001	0.0	0.001	0.001	0.001	0.0	0.002	0.001	0.001	0.003	0.001	0.001	0.001	0.002	0.002	0.001	0.001	0.001	0.002	0.001	0.001	0.001
Weissella	0.001	0.001	0.001	0.001	0.001	0.001	0.001	0.003	0.001	0.001	0.001	0.001	0.001	0.001	0.001	0.001	0.001	0.001	0.001	0.001	0.001	0.001	0.001	0.001	0.003	0.001	0.001	0.0	0.001	0.001	0.001	0.001	0.001	0.002	0.001	0.001	0.001	0.001	0.002	0.002	0.001	0.001	0.001	0.001	0.002	0.001	0.001	0.001
Emcibacter	0.001	0.001	0.001	0.001	0.001	0.001	0.002	0.001	0.001	0.001	0.001	0.002	0.001	0.001	0.001	0.001	0.001	0.001	0.001	0.001	0.001	0.001	0.001	0.001	0.001	0.001	0.001	0.001	0.001	0.001	0.001	0.001	0.001	0.001	0.001	0.001	0.001	0.001	0.001	0.001	0.002	0.002	0.002	0.002	0.001	0.001	0.001	0.002
Qingshengfaniella	0.001	0.001	0.001	0.001	0.001	0.001	0.001	0.001	0.0	0.001	0.001	0.001	0.002	0.001	0.001	0.001	0.001	0.001	0.001	0.001	0.001	0.001	0.001	0.001	0.001	0.001	0.001	0.001	0.001	0.001	0.001	0.001	0.001	0.001	0.001	0.001	0.001	0.001	0.002	0.001	0.002	0.002	0.002	0.002	0.001	0.002	0.001	0.002
Desulfitobacterium	0.001	0.002	0.001	0.001	0.001	0.001	0.001	0.001	0.0	0.001	0.001	0.001	0.001	0.001	0.001	0.001	0.001	0.001	0.001	0.001	0.001	0.001	0.001	0.001	0.001	0.001	0.0	0.001	0.001	0.001	0.001	0.001	0.001	0.001	0.001	0.001	0.001	0.001	0.001	0.001	0.002	0.003	0.002	0.002	0.002	0.001	0.001	0.002
Roseibacillus	0.002	0.002	0.001	0.001	0.001	0.001	0.002	0.0	0.001	0.001	0.001	0.002	0.002	0.001	0.001	0.001	0.001	0.0	0.001	0.001	0.001	0.001	0.001	0.001	0.001	0.0	0.001	0.001	0.001	0.001	0.001	0.0	0.001	0.001	0.001	0.001	0.001	0.001	0.001	0.0	0.002	0.002	0.002	0.002	0.001	0.002	0.001	0.002
Chroococcidiopsis	0.001	0.001	0.002	0.001	0.001	0.001	0.001	0.001	0.001	0.001	0.001	0.001	0.001	0.001	0.001	0.001	0.001	0.001	0.001	0.001	0.001	0.001	0.001	0.001	0.001	0.001	0.001	0.001	0.001	0.001	0.001	0.0	0.001	0.003	0.001	0.001	0.001	0.001	0.001	0.002	0.002	0.001	0.002	0.001	0.001	0.001	0.001	0.002
Seonamhaeicola	0.002	0.001	0.002	0.001	0.002	0.002	0.002	0.002	0.001	0.001	0.001	0.001	0.001	0.001	0.001	0.001	0.0	0.001	0.001	0.001	0.001	0.001	0.001	0.001	0.001	0.001	0.001	0.001	0.001	0.0	0.001	0.001	0.001	0.001	0.001	0.002	0.001	0.001	0.001	0.001	0.002	0.001	0.001	0.001	0.001	0.001	0.001	0.001
Pokkaliibacter	0.002	0.001	0.002	0.001	0.001	0.002	0.001	0.001	0.001	0.001	0.001	0.001	0.001	0.001	0.001	0.001	0.001	0.001	0.001	0.001	0.001	0.001	0.001	0.001	0.001	0.001	0.001	0.001	0.001	0.001	0.001	0.0	0.001	0.001	0.001	0.001	0.001	0.001	0.001	0.001	0.001	0.002	0.002	0.002	0.001	0.001	0.001	0.002
Thermoanaerobacterium	0.001	0.001	0.001	0.001	0.002	0.002	0.001	0.002	0.001	0.001	0.001	0.001	0.001	0.001	0.001	0.001	0.001	0.001	0.001	0.001	0.001	0.001	0.0	0.001	0.001	0.001	0.001	0.001	0.001	0.001	0.001	0.001	0.001	0.001	0.002	0.001	0.001	0.001	0.001	0.002	0.001	0.001	0.002	0.001	0.002	0.001	0.001	0.001
Petrimonas	0.001	0.002	0.002	0.001	0.002	0.002	0.001	0.001	0.001	0.001	0.001	0.001	0.001	0.001	0.001	0.001	0.001	0.0	0.001	0.001	0.001	0.001	0.001	0.001	0.001	0.001	0.001	0.0	0.001	0.001	0.0	0.001	0.001	0.001	0.002	0.001	0.001	0.001	0.001	0.001	0.002	0.002	0.002	0.002	0.001	0.001	0.001	0.001
Coralliovum	0.001	0.001	0.001	0.001	0.001	0.001	0.001	0.002	0.001	0.001	0.001	0.001	0.001	0.001	0.001	0.001	0.001	0.001	0.001	0.001	0.001	0.001	0.001	0.001	0.001	0.001	0.001	0.001	0.001	0.001	0.001	0.0	0.001	0.001	0.001	0.001	0.001	0.001	0.001	0.001	0.002	0.002	0.002	0.002	0.001	0.002	0.001	0.002
Hungatella	0.001	0.001	0.001	0.001	0.001	0.001	0.001	0.001	0.001	0.001	0.001	0.001	0.001	0.001	0.001	0.001	0.001	0.001	0.001	0.001	0.001	0.001	0.001	0.001	0.001	0.001	0.001	0.001	0.001	0.001	0.001	0.0	0.001	0.001	0.001	0.002	0.001	0.001	0.001	0.001	0.002	0.002	0.002	0.002	0.001	0.001	0.002	0.002
Candidatus Desulforudis	0.001	0.001	0.001	0.001	0.001	0.002	0.001	0.001	0.001	0.001	0.001	0.001	0.001	0.001	0.001	0.0	0.001	0.0	0.001	0.001	0.001	0.001	0.001	0.001	0.001	0.001	0.001	0.001	0.001	0.001	0.001	0.0	0.001	0.002	0.001	0.001	0.001	0.001	0.001	0.001	0.002	0.001	0.003	0.002	0.002	0.002	0.001	0.002
Glaciimonas	0.002	0.001	0.001	0.001	0.001	0.001	0.001	0.001	0.001	0.001	0.002	0.002	0.001	0.001	0.001	0.001	0.001	0.001	0.001	0.001	0.001	0.001	0.001	0.001	0.001	0.001	0.001	0.001	0.001	0.0	0.001	0.0	0.001	0.001	0.001	0.001	0.001	0.001	0.001	0.001	0.002	0.002	0.002	0.002	0.001	0.001	0.001	0.002
Luteithermobacter	0.001	0.001	0.002	0.001	0.001	0.001	0.001	0.0	0.001	0.001	0.001	0.001	0.001	0.001	0.0	0.001	0.001	0.0	0.001	0.001	0.0	0.001	0.001	0.001	0.001	0.001	0.001	0.001	0.001	0.001	0.001	0.001	0.001	0.001	0.001	0.001	0.001	0.001	0.001	0.001	0.002	0.002	0.003	0.003	0.001	0.002	0.001	0.002
Superficieibacter	0.001	0.001	0.002	0.001	0.001	0.001	0.001	0.001	0.001	0.001	0.001	0.001	0.001	0.001	0.001	0.001	0.001	0.001	0.001	0.001	0.001	0.001	0.001	0.001	0.001	0.001	0.001	0.001	0.0	0.001	0.001	0.001	0.001	0.001	0.001	0.001	0.002	0.001	0.001	0.001	0.002	0.001	0.002	0.002	0.001	0.001	0.001	0.002
Salidesulfovibrio	0.001	0.001	0.001	0.001	0.001	0.001	0.001	0.001	0.001	0.001	0.001	0.001	0.001	0.001	0.001	0.001	0.001	0.001	0.001	0.001	0.001	0.001	0.001	0.001	0.001	0.0	0.001	0.001	0.001	0.001	0.001	0.001	0.001	0.001	0.001	0.002	0.001	0.001	0.001	0.001	0.002	0.002	0.002	0.002	0.001	0.001	0.001	0.002
Salinirarus	0.001	0.001	0.001	0.001	0.001	0.001	0.001	0.001	0.001	0.001	0.001	0.001	0.001	0.001	0.001	0.001	0.001	0.001	0.001	0.001	0.001	0.001	0.001	0.001	0.001	0.001	0.001	0.001	0.001	0.001	0.001	0.001	0.001	0.001	0.001	0.001	0.001	0.001	0.001	0.001	0.001	0.002	0.002	0.002	0.001	0.002	0.001	0.002
Halopenitus	0.001	0.001	0.001	0.001	0.001	0.001	0.001	0.001	0.001	0.001	0.001	0.001	0.001	0.001	0.001	0.0	0.001	0.001	0.001	0.001	0.001	0.001	0.001	0.001	0.001	0.001	0.001	0.001	0.001	0.001	0.001	0.001	0.001	0.001	0.001	0.001	0.001	0.001	0.001	0.001	0.002	0.002	0.002	0.002	0.001	0.002	0.001	0.002
Pseudanabaena	0.001	0.001	0.002	0.001	0.001	0.001	0.001	0.001	0.001	0.001	0.001	0.001	0.001	0.001	0.0	0.0	0.001	0.001	0.001	0.001	0.001	0.001	0.0	0.001	0.001	0.0	0.001	0.001	0.0	0.001	0.001	0.001	0.001	0.002	0.001	0.002	0.001	0.001	0.001	0.002	0.002	0.003	0.002	0.002	0.001	0.001	0.001	0.002
Candidatus Reidiella	0.002	0.001	0.001	0.002	0.001	0.001	0.002	0.001	0.001	0.001	0.001	0.001	0.001	0.001	0.001	0.001	0.001	0.0	0.001	0.001	0.001	0.001	0.001	0.001	0.001	0.001	0.001	0.001	0.001	0.001	0.001	0.001	0.001	0.001	0.001	0.001	0.001	0.001	0.001	0.0	0.002	0.002	0.002	0.002	0.001	0.001	0.001	0.001
Leuconostoc	0.002	0.001	0.001	0.001	0.001	0.001	0.001	0.003	0.001	0.002	0.002	0.001	0.001	0.001	0.001	0.001	0.001	0.001	0.001	0.001	0.001	0.001	0.0	0.001	0.0	0.001	0.001	0.001	0.001	0.001	0.001	0.001	0.001	0.001	0.001	0.001	0.001	0.001	0.001	0.002	0.001	0.001	0.001	0.001	0.002	0.001	0.001	0.001
Pirellula	0.001	0.001	0.001	0.001	0.001	0.001	0.001	0.001	0.001	0.001	0.001	0.001	0.001	0.001	0.001	0.001	0.001	0.0	0.001	0.001	0.001	0.001	0.001	0.001	0.001	0.0	0.001	0.001	0.001	0.001	0.001	0.0	0.001	0.001	0.001	0.001	0.001	0.001	0.001	0.001	0.003	0.002	0.002	0.002	0.001	0.002	0.001	0.002
Bilophila	0.002	0.001	0.001	0.001	0.002	0.001	0.001	0.001	0.001	0.001	0.001	0.001	0.001	0.001	0.001	0.0	0.001	0.001	0.001	0.001	0.001	0.0	0.001	0.001	0.001	0.001	0.001	0.001	0.001	0.001	0.001	0.0	0.001	0.001	0.001	0.001	0.001	0.001	0.001	0.001	0.002	0.002	0.002	0.002	0.001	0.002	0.001	0.001
Geitlerinema	0.001	0.001	0.002	0.001	0.002	0.001	0.001	0.001	0.001	0.0	0.001	0.001	0.001	0.001	0.001	0.001	0.001	0.0	0.001	0.001	0.001	0.001	0.0	0.001	0.001	0.001	0.001	0.0	0.001	0.001	0.001	0.001	0.001	0.002	0.001	0.001	0.001	0.001	0.001	0.001	0.002	0.002	0.002	0.001	0.002	0.001	0.001	0.002
Mailhella	0.001	0.002	0.001	0.001	0.001	0.002	0.001	0.0	0.001	0.001	0.001	0.001	0.001	0.001	0.001	0.001	0.001	0.0	0.001	0.001	0.001	0.0	0.001	0.001	0.001	0.001	0.001	0.001	0.001	0.001	0.001	0.0	0.001	0.001	0.001	0.001	0.001	0.001	0.001	0.001	0.002	0.002	0.002	0.002	0.001	0.002	0.001	0.002
Maritalea	0.001	0.001	0.001	0.001	0.001	0.001	0.002	0.001	0.001	0.001	0.001	0.001	0.001	0.001	0.001	0.001	0.001	0.0	0.001	0.001	0.001	0.001	0.001	0.001	0.001	0.001	0.001	0.001	0.001	0.001	0.001	0.001	0.001	0.001	0.001	0.001	0.001	0.001	0.001	0.001	0.001	0.002	0.002	0.002	0.001	0.001	0.001	0.002
Synechocystis	0.001	0.001	0.001	0.001	0.001	0.001	0.001	0.002	0.0	0.001	0.001	0.001	0.001	0.001	0.0	0.0	0.001	0.0	0.001	0.001	0.001	0.001	0.001	0.0	0.001	0.0	0.001	0.001	0.001	0.001	0.0	0.0	0.002	0.001	0.001	0.002	0.001	0.001	0.001	0.001	0.001	0.001	0.002	0.009000000000000001	0.001	0.001	0.001	0.001
Vaginella	0.003	0.0	0.002	0.0	0.003	0.002	0.0	0.0	0.001	0.001	0.001	0.002	0.002	0.002	0.0	0.001	0.001	0.001	0.0	0.001	0.001	0.001	0.001	0.001	0.001	0.001	0.001	0.001	0.0	0.001	0.0	0.001	0.003	0.0	0.001	0.002	0.001	0.0	0.001	0.0	0.002	0.002	0.001	0.002	0.001	0.001	0.001	0.001
Candidatus Blochmanniella	0.001	0.001	0.002	0.001	0.001	0.002	0.001	0.003	0.001	0.001	0.001	0.001	0.001	0.001	0.001	0.001	0.001	0.001	0.001	0.001	0.001	0.001	0.0	0.001	0.0	0.0	0.001	0.001	0.001	0.001	0.001	0.0	0.001	0.002	0.001	0.001	0.001	0.001	0.001	0.003	0.001	0.001	0.001	0.001	0.002	0.001	0.001	0.001
Algimonas	0.001	0.001	0.001	0.001	0.001	0.0	0.001	0.001	0.001	0.001	0.001	0.002	0.001	0.001	0.001	0.001	0.001	0.001	0.001	0.001	0.001	0.001	0.001	0.001	0.001	0.001	0.001	0.001	0.001	0.001	0.001	0.0	0.001	0.001	0.001	0.001	0.001	0.001	0.001	0.001	0.002	0.002	0.002	0.002	0.001	0.002	0.001	0.001
Andhravirus	0.001	0.001	0.001	0.003	0.003	0.003	0.001	0.001	0.001	0.001	0.002	0.001	0.002	0.001	0.001	0.003	0.002	0.004	0.002	0.0	0.001	0.001	0.0	0.002	0.002	0.001	0.0	0.0	0.002	0.001	0.0	0.0	0.0	0.0	0.002	0.001	0.0	0.001	0.0	0.001	0.0	0.001	0.001	0.0	0.001	0.0	0.0	0.0
Raoultibacter	0.002	0.001	0.001	0.001	0.001	0.002	0.001	0.0	0.001	0.001	0.001	0.001	0.001	0.001	0.001	0.001	0.001	0.0	0.001	0.001	0.001	0.001	0.001	0.0	0.001	0.0	0.001	0.001	0.001	0.001	0.001	0.0	0.001	0.001	0.001	0.001	0.001	0.001	0.001	0.001	0.002	0.002	0.002	0.002	0.001	0.002	0.001	0.002
Pseudocitrobacter	0.001	0.001	0.001	0.001	0.001	0.001	0.001	0.001	0.001	0.001	0.001	0.001	0.001	0.001	0.001	0.001	0.001	0.0	0.001	0.001	0.001	0.001	0.001	0.001	0.001	0.001	0.001	0.001	0.0	0.001	0.001	0.0	0.001	0.001	0.001	0.001	0.001	0.001	0.001	0.001	0.002	0.003	0.002	0.002	0.001	0.001	0.001	0.002
Proteiniphilum	0.001	0.001	0.003	0.002	0.001	0.001	0.002	0.001	0.001	0.001	0.001	0.001	0.001	0.001	0.001	0.001	0.001	0.0	0.001	0.001	0.001	0.0	0.001	0.001	0.001	0.001	0.001	0.001	0.001	0.001	0.001	0.001	0.001	0.001	0.001	0.001	0.001	0.001	0.001	0.001	0.001	0.002	0.001	0.001	0.001	0.001	0.001	0.001
Labilibaculum	0.001	0.001	0.001	0.002	0.001	0.001	0.001	0.002	0.001	0.001	0.001	0.001	0.001	0.001	0.001	0.001	0.001	0.001	0.001	0.001	0.001	0.001	0.0	0.001	0.001	0.001	0.001	0.001	0.001	0.001	0.001	0.001	0.001	0.001	0.001	0.002	0.001	0.001	0.001	0.001	0.002	0.001	0.001	0.001	0.001	0.001	0.001	0.001
Jejubacter	0.001	0.001	0.001	0.001	0.001	0.001	0.001	0.0	0.001	0.001	0.002	0.002	0.001	0.001	0.001	0.001	0.001	0.001	0.001	0.001	0.001	0.001	0.002	0.001	0.001	0.001	0.001	0.0	0.001	0.001	0.001	0.001	0.001	0.001	0.001	0.001	0.001	0.001	0.001	0.001	0.001	0.001	0.002	0.002	0.001	0.001	0.001	0.001
Gleimia	0.001	0.0	0.001	0.001	0.0	0.001	0.001	0.0	0.001	0.001	0.001	0.001	0.001	0.001	0.0	0.0	0.001	0.0	0.001	0.001	0.001	0.001	0.001	0.001	0.001	0.001	0.001	0.001	0.001	0.001	0.001	0.001	0.001	0.002	0.001	0.001	0.001	0.001	0.0	0.001	0.003	0.002	0.003	0.003	0.001	0.002	0.001	0.002
Fontisubflavum	0.001	0.001	0.001	0.001	0.001	0.001	0.001	0.001	0.0	0.001	0.001	0.001	0.001	0.001	0.001	0.001	0.001	0.001	0.001	0.001	0.001	0.001	0.001	0.001	0.001	0.001	0.001	0.001	0.001	0.001	0.001	0.001	0.001	0.001	0.001	0.001	0.001	0.001	0.001	0.001	0.002	0.002	0.002	0.002	0.001	0.001	0.001	0.001
Halanaeroarchaeum	0.001	0.001	0.001	0.001	0.001	0.001	0.001	0.001	0.001	0.001	0.001	0.001	0.001	0.001	0.001	0.0	0.001	0.001	0.001	0.001	0.001	0.001	0.001	0.001	0.001	0.001	0.001	0.001	0.001	0.001	0.001	0.001	0.001	0.002	0.001	0.001	0.001	0.001	0.001	0.001	0.002	0.001	0.002	0.002	0.001	0.001	0.001	0.001
Salinivibrio	0.001	0.002	0.001	0.001	0.001	0.001	0.002	0.001	0.001	0.001	0.001	0.001	0.001	0.001	0.001	0.001	0.001	0.0	0.001	0.001	0.001	0.001	0.001	0.001	0.001	0.0	0.001	0.0	0.001	0.001	0.001	0.0	0.001	0.002	0.001	0.001	0.001	0.001	0.001	0.001	0.002	0.002	0.001	0.002	0.001	0.001	0.001	0.002
Sulfuriflexus	0.001	0.001	0.001	0.001	0.001	0.001	0.001	0.001	0.001	0.001	0.001	0.001	0.001	0.001	0.001	0.001	0.001	0.001	0.001	0.001	0.001	0.001	0.001	0.001	0.001	0.0	0.001	0.001	0.001	0.001	0.0	0.001	0.001	0.001	0.001	0.001	0.001	0.001	0.001	0.0	0.002	0.002	0.002	0.002	0.001	0.001	0.001	0.002
Sneathiella	0.001	0.001	0.001	0.001	0.001	0.001	0.001	0.001	0.0	0.0	0.001	0.001	0.001	0.001	0.001	0.001	0.001	0.0	0.001	0.001	0.001	0.001	0.001	0.001	0.001	0.001	0.001	0.001	0.001	0.001	0.001	0.001	0.001	0.001	0.001	0.001	0.001	0.001	0.001	0.001	0.002	0.002	0.002	0.002	0.001	0.001	0.001	0.002
Cognatishimia	0.001	0.001	0.001	0.001	0.001	0.001	0.001	0.001	0.001	0.001	0.001	0.001	0.001	0.001	0.001	0.0	0.001	0.001	0.001	0.001	0.001	0.001	0.001	0.001	0.001	0.001	0.001	0.001	0.001	0.001	0.001	0.0	0.001	0.001	0.001	0.001	0.001	0.0	0.001	0.001	0.002	0.002	0.002	0.002	0.001	0.001	0.001	0.002
Syntrophus	0.001	0.001	0.001	0.001	0.001	0.001	0.001	0.001	0.001	0.001	0.001	0.001	0.001	0.001	0.001	0.0	0.001	0.0	0.001	0.001	0.001	0.001	0.001	0.001	0.001	0.001	0.001	0.0	0.001	0.001	0.001	0.0	0.001	0.001	0.001	0.001	0.001	0.001	0.001	0.001	0.002	0.002	0.002	0.002	0.001	0.002	0.001	0.002
Thermogutta	0.001	0.002	0.001	0.001	0.001	0.001	0.001	0.0	0.0	0.0	0.001	0.001	0.001	0.001	0.001	0.001	0.001	0.0	0.001	0.001	0.001	0.001	0.001	0.001	0.0	0.001	0.001	0.0	0.001	0.001	0.001	0.001	0.001	0.001	0.001	0.001	0.001	0.001	0.001	0.001	0.003	0.002	0.002	0.002	0.001	0.002	0.001	0.002
Actinotignum	0.001	0.001	0.002	0.001	0.001	0.001	0.001	0.0	0.001	0.0	0.001	0.001	0.001	0.001	0.001	0.0	0.001	0.001	0.001	0.001	0.001	0.001	0.001	0.0	0.001	0.001	0.001	0.001	0.002	0.001	0.001	0.0	0.001	0.001	0.001	0.001	0.001	0.001	0.001	0.001	0.002	0.002	0.002	0.002	0.001	0.002	0.001	0.001
Belliella	0.002	0.002	0.001	0.003	0.003	0.002	0.001	0.001	0.001	0.001	0.001	0.001	0.001	0.001	0.001	0.001	0.001	0.0	0.001	0.001	0.0	0.001	0.001	0.0	0.0	0.0	0.001	0.0	0.0	0.0	0.0	0.0	0.002	0.0	0.002	0.001	0.001	0.001	0.001	0.001	0.002	0.002	0.001	0.002	0.001	0.001	0.001	0.002
Liberibacter	0.001	0.001	0.002	0.001	0.001	0.001	0.003	0.002	0.001	0.001	0.001	0.001	0.001	0.001	0.001	0.001	0.0	0.001	0.001	0.001	0.001	0.001	0.0	0.001	0.001	0.0	0.0	0.001	0.001	0.001	0.001	0.0	0.001	0.001	0.001	0.002	0.001	0.001	0.001	0.002	0.001	0.001	0.001	0.001	0.002	0.001	0.001	0.001
Aerococcus	0.001	0.001	0.0	0.001	0.001	0.001	0.002	0.006999999999999999	0.001	0.001	0.001	0.001	0.001	0.001	0.001	0.001	0.001	0.001	0.001	0.001	0.0	0.001	0.0	0.001	0.001	0.0	0.0	0.0	0.0	0.001	0.001	0.0	0.001	0.001	0.001	0.001	0.001	0.001	0.001	0.001	0.001	0.002	0.002	0.002	0.001	0.001	0.001	0.001
Halococcoides	0.001	0.001	0.002	0.001	0.001	0.001	0.001	0.0	0.001	0.001	0.001	0.001	0.001	0.001	0.001	0.001	0.001	0.001	0.001	0.001	0.001	0.001	0.001	0.001	0.001	0.001	0.001	0.001	0.001	0.001	0.001	0.001	0.001	0.001	0.001	0.001	0.001	0.001	0.001	0.001	0.001	0.001	0.001	0.001	0.002	0.001	0.001	0.001
Poriferisphaera	0.001	0.001	0.001	0.001	0.001	0.001	0.001	0.0	0.001	0.001	0.001	0.001	0.001	0.001	0.001	0.001	0.001	0.0	0.001	0.001	0.001	0.001	0.001	0.001	0.001	0.0	0.001	0.001	0.001	0.001	0.001	0.0	0.001	0.001	0.001	0.001	0.001	0.001	0.001	0.0	0.003	0.002	0.002	0.002	0.001	0.001	0.001	0.002
Aquicella	0.001	0.001	0.002	0.001	0.002	0.001	0.001	0.001	0.001	0.001	0.001	0.001	0.001	0.001	0.001	0.001	0.001	0.0	0.001	0.001	0.001	0.0	0.001	0.001	0.0	0.0	0.001	0.001	0.001	0.001	0.001	0.0	0.001	0.001	0.001	0.001	0.001	0.001	0.001	0.001	0.001	0.002	0.002	0.002	0.002	0.001	0.001	0.001
Parageobacillus	0.001	0.001	0.001	0.001	0.001	0.001	0.001	0.001	0.001	0.001	0.001	0.001	0.001	0.001	0.001	0.001	0.001	0.001	0.001	0.001	0.001	0.0	0.001	0.001	0.001	0.0	0.0	0.001	0.001	0.001	0.001	0.0	0.0	0.002	0.001	0.001	0.001	0.001	0.002	0.002	0.001	0.002	0.001	0.002	0.002	0.001	0.001	0.001
Aquiflexum	0.001	0.001	0.003	0.001	0.002	0.001	0.001	0.001	0.001	0.001	0.001	0.001	0.001	0.001	0.001	0.001	0.001	0.0	0.001	0.001	0.001	0.001	0.0	0.0	0.001	0.0	0.001	0.001	0.0	0.001	0.001	0.0	0.001	0.001	0.002	0.001	0.001	0.001	0.001	0.001	0.002	0.002	0.001	0.001	0.002	0.001	0.001	0.001
Allohahella	0.002	0.001	0.002	0.001	0.001	0.001	0.001	0.001	0.001	0.001	0.001	0.001	0.002	0.001	0.001	0.001	0.001	0.0	0.001	0.001	0.001	0.001	0.001	0.001	0.001	0.001	0.001	0.001	0.001	0.0	0.001	0.0	0.0	0.001	0.001	0.001	0.001	0.001	0.001	0.001	0.001	0.001	0.001	0.002	0.001	0.001	0.001	0.002
Grimontia	0.001	0.001	0.001	0.001	0.001	0.001	0.001	0.001	0.001	0.001	0.001	0.001	0.001	0.001	0.001	0.001	0.001	0.0	0.001	0.001	0.001	0.001	0.001	0.001	0.001	0.001	0.001	0.001	0.0	0.001	0.001	0.001	0.001	0.001	0.001	0.001	0.001	0.001	0.001	0.001	0.001	0.002	0.002	0.002	0.001	0.001	0.001	0.001
Aliisedimentitalea	0.001	0.001	0.001	0.001	0.001	0.001	0.001	0.001	0.0	0.001	0.001	0.002	0.001	0.001	0.001	0.0	0.001	0.0	0.001	0.001	0.001	0.001	0.001	0.001	0.001	0.001	0.001	0.001	0.001	0.001	0.0	0.001	0.001	0.001	0.001	0.001	0.001	0.001	0.001	0.001	0.002	0.002	0.002	0.002	0.001	0.001	0.001	0.001
Acetivibrio	0.001	0.0	0.002	0.001	0.001	0.002	0.001	0.003	0.001	0.001	0.001	0.001	0.001	0.001	0.001	0.001	0.001	0.001	0.001	0.0	0.0	0.001	0.0	0.001	0.001	0.001	0.0	0.001	0.001	0.001	0.001	0.001	0.001	0.001	0.001	0.001	0.001	0.001	0.001	0.002	0.001	0.001	0.001	0.001	0.002	0.001	0.001	0.001
Methyloradius	0.001	0.002	0.001	0.001	0.001	0.001	0.001	0.002	0.0	0.001	0.001	0.001	0.001	0.0	0.001	0.001	0.0	0.0	0.001	0.0	0.001	0.0	0.0	0.0	0.001	0.0	0.0	0.0	0.0	0.0	0.0	0.0	0.0	0.0	0.0	0.0	0.0	0.001	0.0	0.0	0.002	0.003	0.003	0.009000000000000001	0.003	0.003	0.002	0.004
Thiolapillus	0.001	0.001	0.002	0.001	0.002	0.001	0.001	0.001	0.001	0.001	0.001	0.001	0.001	0.001	0.0	0.001	0.001	0.0	0.001	0.001	0.001	0.001	0.001	0.001	0.001	0.0	0.001	0.001	0.001	0.001	0.0	0.001	0.001	0.001	0.001	0.001	0.001	0.0	0.001	0.001	0.001	0.002	0.002	0.002	0.001	0.001	0.001	0.001
Candidatus Spongiihabitans	0.001	0.001	0.001	0.001	0.001	0.001	0.001	0.0	0.001	0.001	0.001	0.001	0.001	0.001	0.001	0.0	0.001	0.0	0.001	0.001	0.001	0.001	0.001	0.0	0.001	0.0	0.001	0.001	0.001	0.001	0.001	0.001	0.001	0.001	0.001	0.001	0.001	0.001	0.001	0.001	0.002	0.002	0.002	0.003	0.001	0.001	0.001	0.001
Flavivirga	0.001	0.001	0.002	0.001	0.002	0.001	0.001	0.002	0.001	0.001	0.001	0.001	0.001	0.001	0.0	0.001	0.0	0.001	0.001	0.001	0.001	0.001	0.0	0.001	0.001	0.0	0.001	0.001	0.001	0.001	0.001	0.001	0.002	0.001	0.001	0.001	0.001	0.001	0.001	0.001	0.001	0.002	0.001	0.001	0.001	0.0	0.001	0.001
Fictibacillus	0.001	0.001	0.001	0.001	0.002	0.001	0.001	0.001	0.001	0.001	0.001	0.001	0.001	0.001	0.001	0.0	0.001	0.001	0.001	0.001	0.001	0.001	0.0	0.001	0.001	0.0	0.001	0.0	0.001	0.001	0.001	0.0	0.001	0.001	0.001	0.001	0.001	0.001	0.001	0.002	0.002	0.001	0.002	0.001	0.002	0.001	0.001	0.001
Gemella	0.0	0.001	0.001	0.001	0.001	0.001	0.001	0.002	0.001	0.002	0.001	0.001	0.001	0.001	0.001	0.001	0.0	0.001	0.001	0.001	0.001	0.001	0.001	0.001	0.001	0.0	0.001	0.0	0.0	0.0	0.001	0.0	0.002	0.002	0.001	0.001	0.001	0.002	0.001	0.002	0.001	0.001	0.002	0.001	0.002	0.0	0.001	0.001
Macrococcoides	0.001	0.002	0.001	0.001	0.001	0.002	0.001	0.002	0.001	0.001	0.001	0.001	0.001	0.001	0.001	0.001	0.0	0.001	0.001	0.001	0.001	0.001	0.0	0.001	0.001	0.0	0.001	0.001	0.001	0.001	0.0	0.0	0.001	0.002	0.001	0.001	0.001	0.001	0.001	0.002	0.001	0.001	0.002	0.001	0.001	0.0	0.001	0.001
Porifericola	0.002	0.001	0.001	0.002	0.002	0.002	0.001	0.001	0.001	0.0	0.001	0.001	0.001	0.001	0.001	0.001	0.001	0.0	0.001	0.001	0.001	0.001	0.0	0.0	0.001	0.001	0.001	0.0	0.001	0.0	0.001	0.001	0.001	0.001	0.001	0.001	0.001	0.001	0.001	0.001	0.002	0.002	0.001	0.001	0.001	0.001	0.001	0.001
Neomicrococcus	0.001	0.001	0.001	0.001	0.0	0.001	0.001	0.0	0.0	0.001	0.001	0.001	0.001	0.001	0.001	0.0	0.001	0.001	0.001	0.001	0.001	0.001	0.001	0.001	0.001	0.001	0.001	0.001	0.001	0.001	0.001	0.0	0.001	0.001	0.001	0.001	0.001	0.002	0.001	0.001	0.001	0.002	0.002	0.002	0.001	0.002	0.001	0.001
Tunicatimonas	0.002	0.001	0.001	0.001	0.001	0.002	0.001	0.002	0.001	0.001	0.001	0.001	0.0	0.001	0.001	0.001	0.001	0.001	0.001	0.001	0.001	0.001	0.0	0.001	0.0	0.001	0.001	0.001	0.001	0.001	0.001	0.001	0.001	0.0	0.001	0.001	0.001	0.001	0.001	0.002	0.001	0.001	0.001	0.001	0.001	0.001	0.001	0.001
Falsihalocynthiibacter	0.001	0.001	0.001	0.001	0.001	0.001	0.001	0.001	0.0	0.001	0.001	0.001	0.001	0.001	0.001	0.0	0.001	0.001	0.001	0.001	0.001	0.001	0.001	0.001	0.001	0.001	0.001	0.001	0.001	0.001	0.001	0.0	0.001	0.001	0.001	0.001	0.001	0.001	0.001	0.0	0.002	0.002	0.002	0.002	0.001	0.001	0.001	0.001
Simkania	0.001	0.002	0.002	0.002	0.002	0.003	0.002	0.002	0.0	0.0	0.001	0.001	0.001	0.001	0.002	0.001	0.0	0.001	0.0	0.0	0.0	0.0	0.0	0.001	0.001	0.0	0.0	0.0	0.001	0.0	0.001	0.001	0.002	0.001	0.001	0.002	0.001	0.001	0.002	0.003	0.001	0.001	0.002	0.0	0.001	0.0	0.001	0.0
Pseudoflavonifractor	0.001	0.001	0.001	0.001	0.001	0.001	0.001	0.0	0.001	0.001	0.001	0.001	0.001	0.001	0.001	0.0	0.001	0.0	0.001	0.001	0.001	0.001	0.001	0.0	0.001	0.001	0.001	0.001	0.001	0.001	0.001	0.001	0.001	0.001	0.001	0.001	0.001	0.001	0.001	0.0	0.002	0.002	0.002	0.002	0.001	0.002	0.0	0.002
Aliamphritea	0.001	0.001	0.001	0.001	0.001	0.001	0.001	0.001	0.001	0.001	0.001	0.001	0.001	0.001	0.001	0.001	0.0	0.001	0.001	0.001	0.001	0.001	0.001	0.001	0.0	0.001	0.001	0.001	0.001	0.001	0.0	0.001	0.001	0.001	0.001	0.001	0.001	0.001	0.002	0.001	0.001	0.002	0.001	0.002	0.001	0.001	0.001	0.001
Paremcibacter	0.001	0.001	0.001	0.001	0.001	0.001	0.001	0.0	0.001	0.001	0.001	0.001	0.001	0.001	0.001	0.001	0.0	0.001	0.001	0.001	0.001	0.001	0.001	0.001	0.001	0.0	0.001	0.0	0.0	0.001	0.001	0.0	0.001	0.001	0.001	0.001	0.001	0.001	0.001	0.001	0.002	0.002	0.002	0.002	0.001	0.001	0.001	0.002
Croceimicrobium	0.001	0.001	0.001	0.002	0.001	0.001	0.002	0.0	0.0	0.001	0.001	0.001	0.001	0.001	0.001	0.001	0.001	0.0	0.001	0.001	0.001	0.0	0.001	0.001	0.001	0.0	0.001	0.0	0.001	0.001	0.001	0.001	0.002	0.001	0.001	0.002	0.001	0.001	0.001	0.001	0.001	0.001	0.001	0.002	0.001	0.001	0.001	0.001
Bacterioplanoides	0.001	0.001	0.001	0.002	0.002	0.001	0.001	0.001	0.001	0.001	0.001	0.001	0.001	0.001	0.001	0.001	0.001	0.0	0.001	0.001	0.001	0.001	0.001	0.001	0.001	0.001	0.001	0.001	0.001	0.0	0.0	0.0	0.001	0.001	0.0	0.001	0.001	0.001	0.001	0.001	0.001	0.002	0.001	0.001	0.001	0.001	0.001	0.002
Christensenella	0.002	0.001	0.001	0.001	0.001	0.001	0.002	0.001	0.001	0.0	0.001	0.001	0.001	0.001	0.001	0.0	0.001	0.0	0.001	0.001	0.001	0.001	0.0	0.001	0.001	0.001	0.001	0.001	0.001	0.001	0.001	0.0	0.001	0.001	0.001	0.001	0.001	0.001	0.001	0.001	0.001	0.002	0.001	0.001	0.001	0.001	0.001	0.002
Aestuariibaculum	0.001	0.002	0.001	0.001	0.002	0.002	0.001	0.001	0.001	0.001	0.001	0.001	0.001	0.001	0.001	0.001	0.001	0.001	0.001	0.001	0.001	0.001	0.001	0.0	0.001	0.001	0.001	0.001	0.0	0.0	0.001	0.0	0.001	0.001	0.001	0.002	0.001	0.001	0.001	0.001	0.001	0.001	0.001	0.001	0.001	0.001	0.0	0.001
Candidozyma	0.001	0.001	0.001	0.001	0.0	0.001	0.001	0.002	0.001	0.001	0.001	0.002	0.002	0.001	0.001	0.0	0.001	0.001	0.001	0.001	0.001	0.001	0.001	0.0	0.001	0.001	0.001	0.001	0.001	0.0	0.001	0.0	0.002	0.002	0.001	0.001	0.001	0.001	0.0	0.001	0.001	0.002	0.001	0.001	0.001	0.0	0.001	0.001
Tetrapisispora	0.001	0.001	0.001	0.001	0.001	0.002	0.001	0.002	0.001	0.001	0.001	0.001	0.001	0.0	0.001	0.001	0.001	0.001	0.001	0.0	0.001	0.001	0.001	0.001	0.001	0.0	0.001	0.0	0.001	0.001	0.0	0.001	0.001	0.001	0.001	0.001	0.001	0.001	0.001	0.002	0.001	0.001	0.001	0.001	0.002	0.001	0.001	0.001
Geminocystis	0.001	0.001	0.001	0.001	0.001	0.001	0.001	0.003	0.001	0.001	0.001	0.001	0.002	0.001	0.001	0.001	0.0	0.0	0.001	0.001	0.001	0.001	0.0	0.001	0.001	0.0	0.001	0.0	0.0	0.001	0.001	0.001	0.001	0.001	0.001	0.001	0.001	0.001	0.001	0.001	0.001	0.001	0.002	0.001	0.002	0.001	0.001	0.001
Cetobacterium	0.0	0.001	0.001	0.001	0.001	0.001	0.002	0.002	0.001	0.001	0.001	0.002	0.001	0.001	0.0	0.001	0.0	0.001	0.001	0.001	0.001	0.001	0.0	0.0	0.001	0.001	0.001	0.001	0.001	0.001	0.001	0.001	0.001	0.001	0.001	0.001	0.001	0.001	0.001	0.002	0.001	0.001	0.001	0.001	0.001	0.001	0.001	0.001
Candidatus Uabimicrobium	0.001	0.001	0.001	0.001	0.001	0.001	0.001	0.002	0.001	0.001	0.001	0.001	0.001	0.001	0.001	0.001	0.0	0.001	0.001	0.001	0.0	0.001	0.001	0.001	0.001	0.0	0.0	0.001	0.001	0.0	0.0	0.0	0.001	0.001	0.002	0.001	0.001	0.001	0.001	0.004	0.001	0.001	0.002	0.001	0.001	0.001	0.001	0.001
Owariibacterium	0.0	0.001	0.002	0.002	0.001	0.001	0.0	0.0	0.0	0.001	0.001	0.001	0.001	0.001	0.001	0.001	0.001	0.0	0.001	0.001	0.001	0.001	0.001	0.001	0.0	0.001	0.001	0.0	0.001	0.001	0.001	0.001	0.001	0.001	0.001	0.001	0.001	0.001	0.001	0.0	0.001	0.002	0.002	0.002	0.001	0.001	0.001	0.002
Allomeiothermus	0.001	0.001	0.001	0.001	0.001	0.001	0.001	0.001	0.0	0.001	0.001	0.001	0.001	0.001	0.001	0.0	0.001	0.0	0.001	0.001	0.001	0.001	0.001	0.001	0.001	0.001	0.001	0.001	0.001	0.001	0.0	0.0	0.001	0.001	0.001	0.001	0.001	0.001	0.001	0.001	0.002	0.001	0.002	0.001	0.001	0.001	0.001	0.002
Thomasclavelia	0.001	0.001	0.001	0.001	0.001	0.001	0.001	0.001	0.001	0.001	0.001	0.001	0.001	0.001	0.001	0.001	0.0	0.001	0.001	0.0	0.001	0.001	0.0	0.001	0.001	0.001	0.001	0.001	0.001	0.0	0.001	0.001	0.002	0.001	0.001	0.001	0.001	0.001	0.001	0.002	0.001	0.001	0.001	0.001	0.002	0.0	0.001	0.001
Pelodictyon	0.001	0.001	0.001	0.001	0.001	0.001	0.001	0.001	0.001	0.0	0.001	0.001	0.001	0.001	0.001	0.001	0.001	0.0	0.001	0.001	0.0	0.0	0.001	0.001	0.001	0.0	0.001	0.001	0.001	0.001	0.0	0.0	0.001	0.001	0.001	0.001	0.001	0.001	0.001	0.001	0.002	0.002	0.002	0.002	0.001	0.001	0.001	0.002
Auritidibacter	0.001	0.0	0.001	0.001	0.001	0.001	0.001	0.001	0.0	0.001	0.001	0.001	0.001	0.001	0.001	0.001	0.001	0.001	0.001	0.001	0.001	0.001	0.001	0.001	0.001	0.0	0.001	0.001	0.001	0.001	0.001	0.0	0.001	0.001	0.001	0.001	0.001	0.001	0.001	0.001	0.001	0.001	0.002	0.001	0.001	0.002	0.001	0.001
Desulfatibacillum	0.001	0.001	0.002	0.001	0.001	0.001	0.001	0.001	0.0	0.001	0.001	0.001	0.001	0.001	0.001	0.0	0.001	0.0	0.001	0.001	0.0	0.001	0.001	0.001	0.001	0.0	0.001	0.0	0.001	0.001	0.0	0.0	0.001	0.001	0.001	0.001	0.001	0.001	0.001	0.001	0.002	0.002	0.002	0.002	0.001	0.001	0.001	0.002
Microvenator	0.001	0.001	0.001	0.001	0.001	0.001	0.001	0.001	0.001	0.001	0.001	0.002	0.001	0.001	0.0	0.001	0.001	0.0	0.001	0.001	0.001	0.001	0.001	0.001	0.001	0.0	0.001	0.001	0.001	0.001	0.001	0.0	0.001	0.001	0.001	0.001	0.001	0.001	0.001	0.001	0.001	0.002	0.001	0.001	0.001	0.001	0.001	0.001
Denitrobacterium	0.001	0.0	0.0	0.001	0.001	0.001	0.001	0.001	0.001	0.0	0.001	0.001	0.001	0.001	0.001	0.001	0.001	0.0	0.001	0.001	0.001	0.0	0.001	0.0	0.001	0.0	0.001	0.0	0.001	0.001	0.001	0.0	0.001	0.002	0.001	0.001	0.001	0.001	0.001	0.0	0.004	0.002	0.002	0.002	0.001	0.001	0.001	0.002
Haloimpatiens	0.001	0.001	0.001	0.001	0.001	0.001	0.0	0.002	0.001	0.001	0.001	0.002	0.001	0.001	0.001	0.001	0.0	0.001	0.001	0.0	0.001	0.001	0.0	0.001	0.001	0.0	0.0	0.0	0.001	0.001	0.001	0.001	0.001	0.002	0.001	0.001	0.001	0.001	0.001	0.002	0.001	0.001	0.001	0.001	0.002	0.001	0.001	0.001
Deltatectivirus	0.003	0.011000000000000001	0.001	0.003	0.002	0.002	0.009000000000000001	0.004	0.0	0.0	0.001	0.002	0.001	0.0	0.003	0.0	0.0	0.0	0.0	0.0	0.0	0.0	0.0	0.0	0.001	0.0	0.0	0.0	0.0	0.001	0.0	0.0	0.0	0.0	0.0	0.0	0.0	0.0	0.002	0.0	0.0	0.0	0.0	0.0	0.0	0.0	0.0	0.0
Winmispira	0.001	0.001	0.001	0.001	0.001	0.001	0.001	0.0	0.001	0.001	0.001	0.001	0.001	0.001	0.0	0.001	0.001	0.001	0.0	0.001	0.001	0.0	0.001	0.001	0.0	0.001	0.001	0.001	0.001	0.0	0.001	0.0	0.001	0.001	0.001	0.001	0.001	0.001	0.001	0.001	0.002	0.002	0.002	0.002	0.001	0.001	0.001	0.001
Desulfosporosinus	0.001	0.001	0.001	0.001	0.001	0.001	0.001	0.001	0.001	0.0	0.001	0.001	0.001	0.001	0.001	0.001	0.001	0.001	0.001	0.001	0.001	0.001	0.001	0.0	0.001	0.001	0.001	0.001	0.001	0.0	0.001	0.0	0.001	0.001	0.001	0.001	0.001	0.001	0.001	0.001	0.001	0.002	0.001	0.001	0.001	0.001	0.001	0.001
Haloarchaeobius	0.001	0.001	0.0	0.001	0.001	0.001	0.001	0.001	0.001	0.001	0.001	0.001	0.001	0.001	0.001	0.001	0.001	0.001	0.001	0.0	0.001	0.001	0.001	0.001	0.001	0.001	0.001	0.001	0.001	0.001	0.001	0.0	0.001	0.001	0.001	0.001	0.001	0.001	0.001	0.001	0.001	0.001	0.001	0.001	0.001	0.001	0.001	0.001
Ogataea	0.001	0.001	0.001	0.001	0.001	0.001	0.002	0.001	0.001	0.0	0.001	0.001	0.002	0.001	0.001	0.001	0.001	0.0	0.001	0.0	0.0	0.001	0.0	0.001	0.001	0.001	0.001	0.001	0.0	0.0	0.001	0.0	0.002	0.002	0.001	0.001	0.001	0.001	0.001	0.002	0.001	0.002	0.001	0.001	0.001	0.001	0.001	0.0
Moritella	0.001	0.001	0.002	0.001	0.001	0.001	0.001	0.001	0.001	0.001	0.001	0.001	0.001	0.001	0.001	0.001	0.0	0.001	0.001	0.001	0.001	0.001	0.0	0.0	0.001	0.0	0.0	0.001	0.0	0.001	0.0	0.0	0.001	0.001	0.001	0.001	0.001	0.001	0.001	0.005	0.001	0.001	0.001	0.001	0.001	0.001	0.001	0.001
Immanueltrevirus	0.005	0.012	0.003	0.005	0.005	0.001	0.01	0.004	0.0	0.0	0.0	0.0	0.0	0.0	0.0	0.0	0.0	0.0	0.0	0.0	0.0	0.0	0.0	0.0	0.0	0.0	0.0	0.0	0.0	0.0	0.0	0.0	0.0	0.0	0.0	0.0	0.0	0.0	0.0	0.0	0.0	0.0	0.0	0.0	0.0	0.0	0.0	0.0
Faucicola	0.001	0.002	0.001	0.001	0.001	0.001	0.001	0.001	0.001	0.001	0.001	0.001	0.001	0.001	0.001	0.001	0.001	0.001	0.001	0.001	0.001	0.001	0.001	0.001	0.001	0.0	0.001	0.001	0.001	0.0	0.0	0.0	0.001	0.001	0.001	0.0	0.001	0.001	0.001	0.001	0.001	0.001	0.001	0.001	0.001	0.001	0.001	0.001
Kovacikia	0.001	0.001	0.002	0.001	0.001	0.001	0.001	0.0	0.001	0.0	0.001	0.001	0.001	0.001	0.001	0.001	0.001	0.0	0.001	0.001	0.001	0.001	0.001	0.001	0.001	0.001	0.001	0.0	0.001	0.001	0.001	0.0	0.001	0.001	0.001	0.001	0.001	0.001	0.001	0.001	0.001	0.001	0.001	0.001	0.001	0.001	0.001	0.001
Profundibacter	0.001	0.001	0.001	0.0	0.001	0.001	0.001	0.0	0.0	0.0	0.001	0.001	0.001	0.001	0.0	0.001	0.001	0.001	0.001	0.001	0.001	0.001	0.001	0.001	0.001	0.001	0.001	0.001	0.001	0.001	0.001	0.0	0.001	0.001	0.001	0.001	0.001	0.001	0.001	0.001	0.002	0.001	0.001	0.002	0.001	0.001	0.001	0.001
Anaerotruncus	0.001	0.001	0.001	0.001	0.001	0.001	0.001	0.001	0.0	0.001	0.001	0.001	0.001	0.0	0.001	0.0	0.001	0.001	0.0	0.001	0.001	0.0	0.001	0.001	0.001	0.001	0.001	0.001	0.001	0.001	0.0	0.001	0.001	0.001	0.001	0.001	0.001	0.001	0.001	0.001	0.002	0.001	0.001	0.002	0.001	0.001	0.001	0.001
Intestinimonas	0.001	0.001	0.0	0.0	0.001	0.001	0.001	0.001	0.001	0.001	0.001	0.001	0.001	0.001	0.001	0.001	0.001	0.0	0.0	0.001	0.001	0.001	0.001	0.0	0.001	0.001	0.001	0.001	0.001	0.001	0.001	0.0	0.001	0.001	0.001	0.0	0.001	0.001	0.001	0.001	0.002	0.002	0.001	0.002	0.001	0.001	0.001	0.001
Nodosilinea	0.001	0.001	0.001	0.001	0.001	0.001	0.001	0.001	0.0	0.001	0.001	0.001	0.001	0.001	0.001	0.0	0.001	0.0	0.001	0.001	0.001	0.001	0.001	0.001	0.001	0.0	0.001	0.001	0.001	0.001	0.001	0.0	0.001	0.001	0.001	0.001	0.001	0.001	0.001	0.001	0.001	0.002	0.001	0.001	0.001	0.001	0.001	0.001
Anaerostipes	0.001	0.001	0.0	0.001	0.001	0.001	0.001	0.002	0.0	0.001	0.001	0.001	0.001	0.001	0.0	0.001	0.001	0.001	0.001	0.001	0.001	0.0	0.0	0.0	0.001	0.0	0.001	0.0	0.0	0.001	0.001	0.0	0.002	0.001	0.001	0.001	0.001	0.001	0.001	0.002	0.001	0.001	0.002	0.002	0.002	0.001	0.001	0.001
Sulfurospirillum	0.001	0.001	0.001	0.001	0.001	0.001	0.001	0.001	0.001	0.001	0.001	0.001	0.001	0.001	0.001	0.001	0.001	0.001	0.001	0.001	0.001	0.001	0.001	0.0	0.001	0.001	0.0	0.001	0.0	0.0	0.001	0.0	0.001	0.001	0.001	0.001	0.001	0.001	0.001	0.001	0.002	0.001	0.001	0.001	0.001	0.001	0.001	0.001
Litorimonas	0.001	0.001	0.001	0.001	0.001	0.001	0.0	0.001	0.001	0.001	0.001	0.001	0.001	0.001	0.001	0.0	0.001	0.0	0.001	0.001	0.001	0.001	0.001	0.001	0.001	0.0	0.001	0.001	0.001	0.001	0.0	0.0	0.001	0.001	0.001	0.001	0.001	0.001	0.001	0.001	0.001	0.002	0.001	0.002	0.001	0.001	0.001	0.001
Gracilimonas	0.001	0.001	0.001	0.001	0.001	0.001	0.001	0.001	0.001	0.001	0.001	0.001	0.001	0.001	0.001	0.0	0.001	0.0	0.001	0.001	0.001	0.001	0.0	0.001	0.001	0.0	0.001	0.0	0.001	0.001	0.001	0.001	0.001	0.001	0.001	0.002	0.001	0.001	0.001	0.001	0.001	0.001	0.001	0.001	0.001	0.001	0.001	0.001
Desulfoglaeba	0.001	0.001	0.001	0.001	0.002	0.001	0.001	0.001	0.0	0.0	0.001	0.001	0.001	0.001	0.0	0.001	0.001	0.0	0.001	0.001	0.0	0.001	0.001	0.0	0.001	0.0	0.001	0.001	0.001	0.001	0.0	0.0	0.001	0.001	0.001	0.001	0.001	0.001	0.001	0.001	0.002	0.001	0.001	0.002	0.002	0.001	0.001	0.002
Desulfurivibrio	0.001	0.001	0.001	0.001	0.001	0.001	0.001	0.0	0.0	0.001	0.001	0.001	0.001	0.001	0.001	0.0	0.001	0.0	0.001	0.001	0.001	0.001	0.001	0.001	0.001	0.0	0.001	0.001	0.001	0.001	0.0	0.001	0.001	0.001	0.001	0.001	0.001	0.001	0.001	0.0	0.001	0.002	0.002	0.002	0.001	0.001	0.001	0.001
Leptothermofonsia	0.001	0.001	0.001	0.001	0.001	0.001	0.001	0.001	0.0	0.001	0.001	0.001	0.001	0.001	0.001	0.001	0.001	0.0	0.001	0.0	0.001	0.001	0.001	0.001	0.001	0.0	0.001	0.0	0.001	0.0	0.0	0.0	0.001	0.001	0.001	0.001	0.001	0.001	0.001	0.001	0.002	0.001	0.002	0.002	0.001	0.001	0.001	0.002
Pseudorhodobacter	0.001	0.001	0.001	0.001	0.0	0.001	0.001	0.001	0.001	0.001	0.001	0.001	0.001	0.001	0.001	0.0	0.001	0.001	0.001	0.001	0.001	0.0	0.001	0.0	0.001	0.001	0.001	0.001	0.001	0.001	0.001	0.0	0.001	0.001	0.001	0.001	0.001	0.001	0.001	0.001	0.002	0.002	0.001	0.001	0.0	0.001	0.001	0.001
Fluviibacter	0.001	0.001	0.001	0.001	0.001	0.001	0.001	0.001	0.0	0.001	0.001	0.001	0.001	0.001	0.001	0.001	0.001	0.0	0.001	0.001	0.001	0.001	0.001	0.001	0.0	0.0	0.001	0.0	0.0	0.0	0.0	0.0	0.001	0.001	0.001	0.001	0.001	0.001	0.001	0.001	0.002	0.002	0.002	0.003	0.001	0.001	0.001	0.001
Nitrosopumilus	0.001	0.001	0.001	0.001	0.001	0.001	0.001	0.002	0.001	0.001	0.001	0.001	0.001	0.001	0.0	0.001	0.0	0.001	0.001	0.0	0.001	0.0	0.0	0.001	0.001	0.0	0.0	0.0	0.001	0.0	0.001	0.0	0.003	0.001	0.001	0.001	0.001	0.001	0.002	0.003	0.001	0.001	0.001	0.001	0.002	0.0	0.001	0.001
Komagataella	0.001	0.001	0.001	0.001	0.001	0.001	0.001	0.003	0.001	0.001	0.001	0.001	0.001	0.001	0.001	0.001	0.0	0.001	0.0	0.0	0.0	0.001	0.0	0.0	0.001	0.001	0.001	0.001	0.001	0.0	0.001	0.0	0.002	0.002	0.001	0.002	0.001	0.001	0.001	0.003	0.0	0.001	0.001	0.001	0.001	0.0	0.001	0.0
Huiozyma	0.001	0.001	0.0	0.001	0.001	0.001	0.001	0.006999999999999999	0.0	0.001	0.001	0.001	0.001	0.001	0.001	0.001	0.001	0.001	0.0	0.0	0.0	0.0	0.0	0.001	0.001	0.001	0.001	0.0	0.001	0.0	0.0	0.001	0.001	0.002	0.001	0.001	0.001	0.001	0.001	0.001	0.001	0.001	0.001	0.001	0.001	0.001	0.0	0.001
Thermosynechococcus	0.001	0.001	0.001	0.001	0.001	0.001	0.001	0.001	0.001	0.001	0.001	0.001	0.001	0.001	0.001	0.0	0.001	0.0	0.001	0.001	0.001	0.001	0.001	0.0	0.001	0.0	0.001	0.0	0.0	0.001	0.0	0.001	0.001	0.001	0.001	0.001	0.001	0.001	0.001	0.001	0.001	0.001	0.002	0.002	0.001	0.001	0.001	0.001
Chlorobium	0.001	0.001	0.001	0.001	0.001	0.001	0.001	0.001	0.0	0.001	0.001	0.001	0.001	0.001	0.001	0.001	0.001	0.0	0.001	0.001	0.001	0.001	0.001	0.001	0.0	0.0	0.001	0.0	0.001	0.001	0.0	0.0	0.001	0.001	0.001	0.001	0.001	0.001	0.001	0.001	0.001	0.001	0.002	0.002	0.001	0.001	0.001	0.001
Aneurinibacillus	0.001	0.001	0.001	0.001	0.001	0.001	0.001	0.002	0.001	0.0	0.001	0.001	0.001	0.001	0.0	0.001	0.001	0.0	0.001	0.0	0.001	0.0	0.001	0.001	0.001	0.0	0.001	0.0	0.001	0.001	0.0	0.0	0.001	0.001	0.001	0.001	0.001	0.001	0.001	0.001	0.002	0.001	0.001	0.002	0.001	0.002	0.001	0.001
Maribellus	0.001	0.001	0.001	0.001	0.001	0.001	0.001	0.001	0.001	0.001	0.001	0.001	0.001	0.001	0.001	0.001	0.001	0.0	0.0	0.001	0.001	0.0	0.001	0.001	0.0	0.001	0.001	0.001	0.001	0.001	0.001	0.001	0.001	0.001	0.001	0.001	0.001	0.001	0.001	0.001	0.001	0.001	0.001	0.001	0.001	0.001	0.0	0.001
Enorma	0.001	0.001	0.002	0.001	0.0	0.001	0.001	0.001	0.001	0.0	0.001	0.001	0.001	0.001	0.001	0.0	0.001	0.0	0.001	0.001	0.001	0.001	0.001	0.0	0.001	0.0	0.001	0.0	0.001	0.0	0.001	0.001	0.001	0.001	0.001	0.001	0.001	0.001	0.001	0.001	0.002	0.001	0.001	0.002	0.001	0.001	0.0	0.002
Xiamenia	0.001	0.001	0.001	0.001	0.001	0.001	0.001	0.001	0.0	0.0	0.001	0.001	0.001	0.001	0.001	0.0	0.001	0.001	0.001	0.001	0.001	0.001	0.001	0.001	0.001	0.001	0.001	0.001	0.001	0.001	0.0	0.001	0.0	0.001	0.001	0.001	0.001	0.001	0.001	0.001	0.001	0.001	0.001	0.001	0.001	0.001	0.001	0.001
Aminomonas	0.001	0.001	0.0	0.001	0.001	0.001	0.001	0.001	0.0	0.001	0.0	0.001	0.001	0.001	0.001	0.001	0.001	0.0	0.001	0.001	0.001	0.001	0.001	0.001	0.001	0.0	0.001	0.001	0.001	0.001	0.001	0.001	0.001	0.001	0.001	0.001	0.001	0.001	0.001	0.0	0.001	0.001	0.002	0.001	0.001	0.001	0.001	0.001
Kyrpidia	0.001	0.001	0.001	0.001	0.001	0.001	0.001	0.001	0.0	0.0	0.001	0.001	0.001	0.001	0.001	0.001	0.001	0.0	0.0	0.001	0.001	0.0	0.001	0.001	0.001	0.0	0.001	0.0	0.001	0.001	0.001	0.001	0.001	0.001	0.001	0.001	0.001	0.001	0.001	0.001	0.002	0.001	0.001	0.002	0.001	0.001	0.001	0.001
Scheffersomyces	0.001	0.001	0.001	0.001	0.001	0.001	0.001	0.001	0.0	0.0	0.001	0.001	0.001	0.001	0.001	0.001	0.001	0.001	0.001	0.001	0.001	0.0	0.001	0.001	0.001	0.001	0.001	0.0	0.001	0.001	0.0	0.001	0.001	0.001	0.001	0.001	0.001	0.001	0.001	0.001	0.001	0.001	0.001	0.001	0.001	0.001	0.001	0.001
Oceanisphaera	0.001	0.001	0.001	0.001	0.001	0.001	0.001	0.001	0.001	0.0	0.001	0.001	0.001	0.001	0.001	0.001	0.001	0.0	0.001	0.001	0.001	0.001	0.001	0.0	0.001	0.001	0.001	0.001	0.001	0.0	0.0	0.0	0.001	0.001	0.001	0.001	0.001	0.001	0.001	0.001	0.002	0.002	0.001	0.001	0.001	0.001	0.0	0.001
Limnospira	0.001	0.001	0.001	0.001	0.001	0.002	0.001	0.005	0.001	0.001	0.001	0.0	0.001	0.0	0.001	0.001	0.0	0.001	0.0	0.0	0.0	0.0	0.0	0.001	0.0	0.0	0.0	0.0	0.001	0.0	0.001	0.001	0.001	0.001	0.001	0.001	0.001	0.001	0.001	0.001	0.001	0.001	0.003	0.001	0.002	0.001	0.001	0.001
Candidatus Saccharimonas	0.001	0.001	0.001	0.001	0.001	0.001	0.003	0.001	0.0	0.0	0.001	0.001	0.001	0.001	0.001	0.0	0.001	0.001	0.0	0.001	0.003	0.002	0.001	0.001	0.001	0.001	0.001	0.002	0.001	0.001	0.002	0.001	0.0	0.001	0.0	0.0	0.001	0.001	0.001	0.001	0.001	0.001	0.0	0.0	0.001	0.0	0.0	0.0
Pichia	0.0	0.001	0.001	0.001	0.0	0.001	0.001	0.002	0.001	0.001	0.001	0.002	0.001	0.001	0.001	0.001	0.001	0.001	0.001	0.001	0.001	0.0	0.0	0.001	0.0	0.0	0.001	0.0	0.001	0.0	0.0	0.0	0.001	0.002	0.001	0.001	0.001	0.001	0.001	0.002	0.001	0.002	0.001	0.001	0.002	0.0	0.001	0.001
Halioxenophilus	0.001	0.001	0.002	0.001	0.002	0.001	0.002	0.0	0.001	0.001	0.001	0.001	0.001	0.001	0.001	0.0	0.001	0.0	0.001	0.001	0.001	0.001	0.001	0.001	0.0	0.001	0.001	0.001	0.001	0.001	0.0	0.0	0.001	0.001	0.001	0.001	0.001	0.0	0.001	0.0	0.001	0.001	0.001	0.002	0.0	0.001	0.001	0.001
Peredibacter	0.002	0.002	0.002	0.001	0.002	0.002	0.002	0.002	0.0	0.001	0.001	0.001	0.001	0.001	0.0	0.001	0.001	0.0	0.0	0.0	0.001	0.0	0.001	0.0	0.001	0.001	0.0	0.0	0.001	0.0	0.0	0.0	0.001	0.001	0.001	0.001	0.001	0.001	0.001	0.001	0.001	0.001	0.001	0.001	0.001	0.002	0.0	0.001
Sulfurovum	0.001	0.002	0.001	0.001	0.0	0.001	0.001	0.001	0.0	0.001	0.001	0.001	0.001	0.001	0.001	0.001	0.001	0.0	0.001	0.001	0.001	0.0	0.0	0.0	0.001	0.0	0.001	0.0	0.001	0.0	0.001	0.0	0.002	0.001	0.001	0.002	0.001	0.001	0.002	0.002	0.001	0.001	0.002	0.001	0.001	0.0	0.0	0.001
Euzebyella	0.001	0.001	0.001	0.001	0.002	0.001	0.001	0.001	0.001	0.0	0.001	0.001	0.0	0.001	0.001	0.001	0.001	0.0	0.0	0.001	0.001	0.001	0.0	0.001	0.001	0.001	0.001	0.001	0.001	0.001	0.001	0.0	0.001	0.001	0.001	0.001	0.001	0.0	0.001	0.001	0.001	0.001	0.001	0.002	0.001	0.001	0.0	0.001
Gelria	0.001	0.001	0.001	0.001	0.001	0.001	0.001	0.0	0.0	0.0	0.001	0.001	0.001	0.001	0.001	0.0	0.001	0.0	0.001	0.001	0.001	0.001	0.001	0.0	0.001	0.001	0.001	0.001	0.001	0.001	0.001	0.0	0.001	0.001	0.001	0.001	0.001	0.001	0.001	0.0	0.002	0.001	0.001	0.002	0.001	0.001	0.001	0.001
Desulfurispirillum	0.001	0.001	0.001	0.001	0.001	0.001	0.002	0.0	0.001	0.0	0.001	0.001	0.001	0.001	0.0	0.001	0.001	0.0	0.001	0.001	0.0	0.0	0.001	0.001	0.0	0.0	0.001	0.0	0.001	0.001	0.0	0.0	0.001	0.002	0.001	0.001	0.001	0.001	0.001	0.001	0.002	0.002	0.002	0.002	0.0	0.001	0.0	0.002
Mangrovibacterium	0.001	0.001	0.001	0.001	0.001	0.001	0.001	0.001	0.001	0.0	0.001	0.001	0.001	0.001	0.0	0.001	0.001	0.0	0.001	0.001	0.0	0.001	0.001	0.001	0.001	0.0	0.001	0.001	0.001	0.001	0.0	0.0	0.002	0.001	0.001	0.002	0.001	0.001	0.001	0.001	0.001	0.001	0.001	0.001	0.001	0.001	0.0	0.001
Australozyma	0.0	0.001	0.001	0.001	0.001	0.001	0.001	0.001	0.0	0.0	0.001	0.001	0.001	0.001	0.001	0.001	0.001	0.0	0.0	0.001	0.001	0.0	0.001	0.001	0.001	0.001	0.001	0.001	0.001	0.0	0.001	0.0	0.001	0.002	0.001	0.001	0.001	0.001	0.001	0.002	0.001	0.001	0.001	0.001	0.001	0.001	0.001	0.001
Mariprofundus	0.001	0.001	0.001	0.001	0.001	0.001	0.001	0.0	0.0	0.0	0.001	0.001	0.001	0.001	0.001	0.001	0.001	0.0	0.001	0.001	0.001	0.0	0.001	0.0	0.0	0.0	0.001	0.001	0.001	0.001	0.001	0.0	0.001	0.001	0.001	0.001	0.001	0.001	0.001	0.001	0.002	0.002	0.001	0.002	0.001	0.001	0.001	0.001
Rasiella	0.001	0.001	0.001	0.001	0.002	0.001	0.002	0.001	0.001	0.001	0.001	0.001	0.001	0.001	0.0	0.0	0.0	0.0	0.0	0.001	0.001	0.0	0.001	0.001	0.001	0.001	0.001	0.001	0.001	0.001	0.0	0.0	0.001	0.001	0.001	0.001	0.001	0.001	0.001	0.001	0.001	0.001	0.001	0.001	0.001	0.001	0.001	0.001
Ferrovum	0.001	0.002	0.001	0.001	0.001	0.001	0.001	0.0	0.001	0.001	0.001	0.001	0.001	0.001	0.0	0.001	0.001	0.0	0.001	0.001	0.001	0.0	0.001	0.0	0.001	0.0	0.001	0.0	0.0	0.0	0.0	0.0	0.001	0.001	0.001	0.001	0.001	0.0	0.001	0.001	0.002	0.002	0.002	0.002	0.001	0.002	0.001	0.001
Musicola	0.001	0.001	0.001	0.001	0.001	0.001	0.001	0.001	0.001	0.0	0.001	0.001	0.001	0.001	0.0	0.001	0.001	0.0	0.001	0.001	0.001	0.001	0.001	0.001	0.001	0.001	0.001	0.0	0.001	0.001	0.0	0.0	0.001	0.001	0.001	0.001	0.001	0.001	0.001	0.0	0.001	0.001	0.001	0.001	0.001	0.001	0.001	0.001
Lachancea	0.001	0.001	0.001	0.001	0.0	0.001	0.001	0.001	0.001	0.001	0.001	0.001	0.001	0.001	0.001	0.0	0.001	0.0	0.0	0.001	0.001	0.0	0.0	0.001	0.001	0.001	0.001	0.001	0.001	0.0	0.0	0.001	0.002	0.002	0.001	0.001	0.001	0.001	0.001	0.001	0.001	0.001	0.001	0.001	0.001	0.001	0.0	0.001
Alkalihalobacillus	0.001	0.001	0.0	0.001	0.001	0.001	0.001	0.001	0.0	0.001	0.001	0.001	0.001	0.001	0.0	0.001	0.001	0.001	0.001	0.001	0.0	0.001	0.0	0.001	0.001	0.001	0.001	0.0	0.001	0.001	0.0	0.001	0.001	0.001	0.001	0.001	0.001	0.002	0.0	0.001	0.001	0.001	0.001	0.001	0.002	0.001	0.0	0.001
Scrofimicrobium	0.001	0.001	0.001	0.001	0.001	0.001	0.001	0.0	0.0	0.0	0.001	0.001	0.001	0.001	0.001	0.0	0.001	0.001	0.001	0.001	0.001	0.001	0.001	0.001	0.001	0.001	0.001	0.001	0.001	0.001	0.0	0.0	0.001	0.001	0.001	0.001	0.001	0.001	0.001	0.001	0.001	0.001	0.001	0.001	0.001	0.001	0.0	0.001
Fulvitalea	0.001	0.002	0.001	0.001	0.001	0.001	0.001	0.001	0.001	0.001	0.001	0.001	0.001	0.001	0.001	0.0	0.001	0.0	0.001	0.001	0.001	0.001	0.001	0.0	0.0	0.0	0.001	0.0	0.0	0.001	0.001	0.0	0.001	0.001	0.001	0.001	0.001	0.001	0.001	0.001	0.001	0.001	0.001	0.001	0.001	0.001	0.001	0.001
Oceaniferula	0.001	0.001	0.001	0.001	0.001	0.001	0.001	0.0	0.001	0.0	0.001	0.001	0.001	0.001	0.001	0.001	0.001	0.0	0.001	0.0	0.001	0.0	0.001	0.001	0.001	0.0	0.001	0.001	0.001	0.001	0.0	0.0	0.0	0.001	0.001	0.001	0.001	0.001	0.001	0.001	0.001	0.002	0.001	0.002	0.001	0.001	0.001	0.001
Trabulsiella	0.001	0.0	0.0	0.001	0.001	0.001	0.0	0.001	0.001	0.001	0.001	0.001	0.001	0.001	0.0	0.0	0.001	0.0	0.001	0.001	0.001	0.001	0.001	0.001	0.001	0.0	0.001	0.0	0.001	0.001	0.001	0.0	0.0	0.001	0.001	0.001	0.001	0.001	0.001	0.001	0.002	0.002	0.002	0.002	0.001	0.001	0.0	0.001
Dorea	0.001	0.001	0.002	0.001	0.001	0.001	0.001	0.002	0.0	0.001	0.001	0.001	0.001	0.001	0.0	0.001	0.001	0.001	0.001	0.001	0.001	0.001	0.0	0.001	0.0	0.0	0.001	0.0	0.0	0.001	0.001	0.0	0.001	0.001	0.001	0.001	0.001	0.001	0.001	0.001	0.001	0.001	0.001	0.001	0.001	0.001	0.0	0.001
Paenimyroides	0.002	0.0	0.0	0.001	0.0	0.001	0.002	0.001	0.0	0.0	0.001	0.001	0.0	0.001	0.001	0.0	0.001	0.001	0.001	0.001	0.0	0.001	0.0	0.001	0.003	0.002	0.001	0.001	0.001	0.001	0.0	0.001	0.001	0.001	0.001	0.002	0.001	0.001	0.0	0.001	0.001	0.001	0.0	0.001	0.001	0.001	0.001	0.0
Desulfonema	0.001	0.001	0.001	0.001	0.001	0.001	0.001	0.002	0.001	0.0	0.001	0.001	0.001	0.001	0.0	0.0	0.001	0.0	0.001	0.0	0.001	0.001	0.0	0.001	0.001	0.0	0.001	0.0	0.001	0.001	0.001	0.0	0.001	0.001	0.001	0.001	0.001	0.001	0.001	0.001	0.001	0.001	0.001	0.001	0.001	0.001	0.001	0.001
Marinilongibacter	0.001	0.001	0.002	0.001	0.001	0.002	0.001	0.001	0.001	0.0	0.001	0.001	0.001	0.001	0.001	0.001	0.001	0.0	0.0	0.001	0.001	0.0	0.0	0.001	0.0	0.001	0.0	0.0	0.001	0.0	0.0	0.0	0.002	0.001	0.001	0.001	0.001	0.001	0.001	0.001	0.001	0.001	0.001	0.001	0.001	0.001	0.001	0.001
Paludibacter	0.001	0.001	0.002	0.001	0.001	0.001	0.002	0.001	0.001	0.0	0.001	0.001	0.001	0.001	0.001	0.001	0.0	0.001	0.0	0.001	0.0	0.001	0.001	0.0	0.0	0.001	0.001	0.001	0.0	0.001	0.0	0.0	0.001	0.0	0.001	0.001	0.001	0.001	0.001	0.001	0.001	0.001	0.001	0.001	0.001	0.001	0.001	0.001
Terasakiella	0.001	0.001	0.001	0.001	0.001	0.001	0.001	0.001	0.001	0.001	0.001	0.001	0.001	0.001	0.0	0.0	0.0	0.0	0.001	0.001	0.001	0.0	0.0	0.0	0.001	0.001	0.001	0.001	0.001	0.0	0.0	0.0	0.001	0.001	0.001	0.001	0.001	0.0	0.001	0.0	0.002	0.002	0.001	0.002	0.001	0.001	0.001	0.002
Alkalimarinus	0.001	0.001	0.001	0.001	0.001	0.001	0.001	0.001	0.0	0.001	0.001	0.001	0.001	0.001	0.001	0.001	0.0	0.0	0.001	0.001	0.001	0.001	0.001	0.001	0.001	0.0	0.0	0.0	0.001	0.0	0.001	0.0	0.001	0.001	0.001	0.001	0.001	0.001	0.001	0.001	0.001	0.002	0.001	0.001	0.001	0.001	0.0	0.001
Erysipelothrix	0.001	0.001	0.001	0.001	0.001	0.002	0.001	0.002	0.001	0.001	0.001	0.001	0.001	0.001	0.001	0.001	0.0	0.0	0.001	0.001	0.001	0.0	0.0	0.0	0.0	0.0	0.0	0.0	0.0	0.001	0.001	0.001	0.001	0.001	0.001	0.001	0.001	0.001	0.001	0.001	0.001	0.001	0.001	0.001	0.001	0.001	0.001	0.001
Aliivibrio	0.001	0.001	0.001	0.001	0.002	0.001	0.001	0.002	0.001	0.001	0.001	0.001	0.0	0.001	0.001	0.001	0.0	0.001	0.001	0.0	0.001	0.001	0.0	0.001	0.001	0.0	0.001	0.0	0.001	0.0	0.0	0.0	0.001	0.001	0.001	0.001	0.001	0.001	0.001	0.001	0.001	0.001	0.001	0.001	0.001	0.0	0.001	0.001
Halocatena	0.001	0.001	0.001	0.0	0.001	0.001	0.001	0.0	0.0	0.0	0.001	0.001	0.001	0.001	0.0	0.0	0.001	0.001	0.001	0.001	0.0	0.001	0.001	0.001	0.001	0.0	0.001	0.0	0.001	0.001	0.001	0.0	0.001	0.001	0.001	0.001	0.001	0.001	0.001	0.001	0.002	0.001	0.001	0.001	0.001	0.001	0.001	0.001
Iodobacter	0.001	0.001	0.001	0.001	0.001	0.001	0.002	0.001	0.001	0.001	0.001	0.001	0.0	0.001	0.001	0.001	0.001	0.0	0.001	0.001	0.0	0.0	0.001	0.0	0.001	0.0	0.0	0.0	0.001	0.001	0.0	0.0	0.0	0.001	0.0	0.001	0.001	0.001	0.0	0.0	0.002	0.002	0.002	0.002	0.001	0.001	0.001	0.001
Tolypothrix	0.0	0.001	0.001	0.001	0.001	0.001	0.001	0.002	0.001	0.001	0.001	0.0	0.001	0.0	0.001	0.001	0.001	0.001	0.002	0.001	0.0	0.001	0.0	0.001	0.0	0.0	0.0	0.0	0.0	0.001	0.0	0.0	0.001	0.001	0.001	0.001	0.001	0.001	0.001	0.001	0.001	0.001	0.002	0.001	0.001	0.001	0.001	0.001
Ewingella	0.001	0.001	0.001	0.001	0.001	0.0	0.001	0.0	0.0	0.001	0.001	0.001	0.001	0.001	0.001	0.0	0.001	0.0	0.001	0.001	0.001	0.0	0.001	0.001	0.001	0.001	0.001	0.001	0.001	0.001	0.0	0.0	0.001	0.001	0.001	0.001	0.001	0.001	0.001	0.0	0.001	0.001	0.001	0.001	0.001	0.001	0.001	0.001
Debaryomyces	0.001	0.001	0.001	0.001	0.001	0.001	0.001	0.002	0.001	0.001	0.001	0.001	0.001	0.001	0.001	0.001	0.001	0.001	0.001	0.0	0.0	0.001	0.0	0.0	0.001	0.0	0.0	0.001	0.001	0.0	0.0	0.0	0.002	0.001	0.001	0.001	0.001	0.001	0.001	0.001	0.001	0.001	0.0	0.001	0.001	0.0	0.001	0.001
Conchiformibius	0.001	0.001	0.001	0.001	0.001	0.001	0.001	0.001	0.0	0.0	0.001	0.001	0.001	0.001	0.001	0.0	0.001	0.0	0.001	0.001	0.0	0.001	0.001	0.0	0.001	0.0	0.001	0.0	0.001	0.0	0.0	0.001	0.001	0.001	0.001	0.001	0.001	0.001	0.0	0.0	0.002	0.002	0.001	0.002	0.001	0.001	0.001	0.001
Saprospira	0.001	0.001	0.001	0.001	0.001	0.001	0.001	0.001	0.0	0.001	0.001	0.001	0.001	0.001	0.001	0.0	0.001	0.0	0.001	0.001	0.001	0.0	0.001	0.001	0.0	0.0	0.001	0.0	0.001	0.001	0.0	0.001	0.001	0.001	0.001	0.001	0.001	0.001	0.001	0.0	0.001	0.001	0.001	0.001	0.001	0.001	0.001	0.001
Zygotorulaspora	0.001	0.001	0.001	0.001	0.001	0.001	0.0	0.002	0.001	0.0	0.001	0.001	0.001	0.001	0.001	0.001	0.001	0.0	0.0	0.0	0.0	0.001	0.001	0.001	0.001	0.0	0.001	0.001	0.001	0.001	0.001	0.001	0.001	0.001	0.001	0.0	0.001	0.001	0.001	0.001	0.0	0.001	0.001	0.001	0.001	0.0	0.001	0.001
Methylovulum	0.001	0.001	0.001	0.001	0.001	0.001	0.001	0.0	0.0	0.001	0.001	0.001	0.001	0.001	0.001	0.0	0.001	0.0	0.001	0.001	0.001	0.001	0.001	0.0	0.0	0.0	0.001	0.001	0.0	0.0	0.001	0.0	0.001	0.001	0.001	0.001	0.001	0.001	0.0	0.001	0.001	0.001	0.002	0.002	0.001	0.001	0.001	0.001
Litorivicinus	0.001	0.001	0.001	0.001	0.001	0.001	0.001	0.0	0.0	0.0	0.001	0.001	0.001	0.001	0.001	0.001	0.001	0.0	0.001	0.001	0.001	0.001	0.001	0.001	0.0	0.0	0.0	0.001	0.001	0.001	0.0	0.0	0.001	0.001	0.001	0.001	0.0	0.001	0.001	0.0	0.001	0.001	0.001	0.002	0.001	0.001	0.001	0.002
Persicobacter	0.001	0.001	0.002	0.001	0.001	0.001	0.001	0.001	0.0	0.0	0.001	0.001	0.001	0.001	0.001	0.0	0.0	0.0	0.0	0.001	0.001	0.001	0.001	0.0	0.001	0.0	0.0	0.001	0.001	0.0	0.001	0.0	0.001	0.001	0.001	0.001	0.001	0.001	0.001	0.001	0.002	0.001	0.001	0.001	0.001	0.001	0.001	0.001
Lewinella	0.001	0.001	0.001	0.001	0.001	0.001	0.001	0.001	0.0	0.0	0.001	0.001	0.001	0.001	0.001	0.0	0.001	0.0	0.001	0.001	0.001	0.001	0.001	0.001	0.001	0.0	0.001	0.001	0.0	0.0	0.001	0.0	0.001	0.0	0.001	0.001	0.001	0.001	0.001	0.001	0.001	0.001	0.001	0.001	0.001	0.001	0.001	0.001
Aspduovirus	0.003	0.005	0.001	0.002	0.001	0.0	0.003	0.001	0.0	0.0	0.0	0.0	0.0	0.0	0.0	0.001	0.001	0.0	0.0	0.0	0.0	0.0	0.013	0.0	0.0	0.0	0.001	0.0	0.001	0.002	0.0	0.0	0.0	0.0	0.004	0.0	0.0	0.0	0.0	0.0	0.0	0.0	0.0	0.0	0.0	0.0	0.0	0.0
Pseudidiomarina	0.001	0.001	0.001	0.001	0.002	0.001	0.001	0.001	0.001	0.001	0.001	0.001	0.001	0.001	0.001	0.001	0.001	0.0	0.0	0.001	0.001	0.0	0.0	0.0	0.0	0.0	0.001	0.0	0.0	0.001	0.0	0.0	0.001	0.001	0.001	0.001	0.001	0.001	0.001	0.0	0.001	0.001	0.001	0.002	0.001	0.001	0.001	0.001
Tatumella	0.001	0.001	0.001	0.001	0.001	0.001	0.001	0.001	0.001	0.001	0.001	0.001	0.001	0.001	0.001	0.0	0.001	0.0	0.001	0.001	0.0	0.001	0.001	0.001	0.0	0.0	0.001	0.0	0.001	0.0	0.0	0.0	0.001	0.001	0.001	0.001	0.001	0.001	0.001	0.0	0.001	0.001	0.001	0.001	0.001	0.001	0.001	0.001
Mangrovimonas	0.001	0.001	0.001	0.001	0.001	0.001	0.001	0.001	0.001	0.001	0.001	0.001	0.001	0.0	0.001	0.001	0.001	0.0	0.0	0.001	0.001	0.0	0.0	0.001	0.001	0.001	0.001	0.0	0.001	0.0	0.0	0.0	0.001	0.001	0.001	0.001	0.001	0.001	0.001	0.001	0.001	0.001	0.001	0.001	0.001	0.001	0.0	0.001
Helcococcus	0.0	0.001	0.001	0.001	0.001	0.001	0.001	0.001	0.001	0.001	0.0	0.001	0.001	0.0	0.001	0.001	0.0	0.001	0.001	0.0	0.0	0.001	0.0	0.001	0.001	0.0	0.001	0.0	0.0	0.001	0.001	0.0	0.001	0.001	0.001	0.001	0.001	0.001	0.001	0.002	0.001	0.001	0.001	0.001	0.001	0.001	0.001	0.001
Abyssalbus	0.001	0.001	0.001	0.001	0.001	0.001	0.001	0.001	0.001	0.001	0.001	0.001	0.001	0.001	0.001	0.001	0.0	0.0	0.001	0.001	0.001	0.0	0.001	0.0	0.001	0.0	0.001	0.0	0.001	0.0	0.0	0.0	0.001	0.0	0.001	0.001	0.001	0.001	0.001	0.001	0.001	0.001	0.001	0.001	0.001	0.001	0.001	0.001
Anoxybacillus	0.001	0.001	0.001	0.001	0.001	0.001	0.001	0.001	0.001	0.001	0.001	0.001	0.0	0.001	0.001	0.001	0.0	0.001	0.001	0.001	0.001	0.0	0.001	0.001	0.0	0.0	0.001	0.0	0.0	0.001	0.0	0.0	0.001	0.001	0.001	0.001	0.0	0.001	0.001	0.001	0.001	0.001	0.001	0.001	0.001	0.001	0.001	0.001
Desulfosudis	0.001	0.001	0.001	0.001	0.001	0.001	0.001	0.0	0.0	0.0	0.001	0.001	0.001	0.001	0.0	0.0	0.001	0.0	0.001	0.001	0.001	0.001	0.001	0.001	0.001	0.001	0.0	0.001	0.001	0.001	0.0	0.0	0.001	0.001	0.001	0.001	0.0	0.001	0.001	0.001	0.001	0.001	0.002	0.001	0.001	0.001	0.0	0.001
Candidatus Cardinium	0.001	0.001	0.001	0.001	0.002	0.001	0.001	0.002	0.0	0.0	0.001	0.002	0.001	0.001	0.0	0.0	0.0	0.0	0.0	0.0	0.001	0.0	0.001	0.0	0.001	0.001	0.0	0.0	0.002	0.001	0.0	0.0	0.0	0.001	0.001	0.001	0.001	0.001	0.001	0.001	0.001	0.001	0.001	0.001	0.002	0.001	0.001	0.001
Butyrivibrio	0.002	0.001	0.0	0.001	0.001	0.001	0.001	0.002	0.0	0.0	0.001	0.001	0.001	0.001	0.001	0.001	0.0	0.0	0.001	0.0	0.001	0.001	0.0	0.001	0.001	0.001	0.0	0.0	0.0	0.001	0.001	0.0	0.001	0.001	0.001	0.001	0.001	0.001	0.001	0.001	0.001	0.001	0.001	0.001	0.001	0.0	0.0	0.001
Tichowtungia	0.001	0.001	0.001	0.001	0.0	0.001	0.002	0.0	0.001	0.001	0.001	0.001	0.001	0.001	0.001	0.001	0.001	0.0	0.001	0.001	0.0	0.0	0.0	0.0	0.0	0.001	0.001	0.0	0.001	0.001	0.0	0.0	0.001	0.001	0.001	0.001	0.001	0.001	0.0	0.0	0.002	0.001	0.001	0.001	0.001	0.001	0.001	0.001
Acetobacterium	0.001	0.001	0.001	0.001	0.001	0.001	0.0	0.002	0.0	0.001	0.001	0.001	0.001	0.001	0.001	0.001	0.0	0.0	0.001	0.0	0.0	0.0	0.0	0.001	0.0	0.0	0.0	0.0	0.0	0.001	0.0	0.001	0.001	0.002	0.001	0.001	0.002	0.002	0.0	0.002	0.001	0.001	0.001	0.001	0.001	0.001	0.0	0.001
Zygosaccharomyces	0.001	0.001	0.001	0.001	0.001	0.001	0.001	0.002	0.0	0.001	0.001	0.001	0.001	0.001	0.001	0.001	0.0	0.0	0.001	0.001	0.001	0.0	0.0	0.001	0.001	0.001	0.001	0.0	0.0	0.0	0.0	0.0	0.001	0.001	0.001	0.001	0.001	0.001	0.001	0.001	0.001	0.001	0.001	0.001	0.001	0.0	0.0	0.001
Lentilactobacillus	0.001	0.001	0.001	0.001	0.001	0.001	0.001	0.001	0.001	0.001	0.001	0.001	0.001	0.001	0.001	0.0	0.0	0.0	0.0	0.0	0.0	0.001	0.0	0.0	0.0	0.0	0.0	0.0	0.0	0.001	0.001	0.0	0.001	0.001	0.001	0.002	0.001	0.001	0.001	0.002	0.001	0.001	0.002	0.001	0.001	0.001	0.001	0.001
Ruthenibacterium	0.001	0.001	0.001	0.001	0.001	0.0	0.001	0.0	0.001	0.0	0.0	0.001	0.001	0.001	0.0	0.0	0.001	0.0	0.001	0.0	0.001	0.0	0.001	0.001	0.001	0.0	0.001	0.0	0.001	0.001	0.001	0.0	0.001	0.001	0.001	0.001	0.001	0.001	0.001	0.0	0.002	0.002	0.002	0.001	0.001	0.001	0.0	0.001
Gallibacterium	0.002	0.001	0.001	0.001	0.0	0.001	0.001	0.001	0.0	0.0	0.001	0.001	0.001	0.001	0.0	0.0	0.0	0.001	0.001	0.0	0.001	0.0	0.0	0.0	0.001	0.001	0.001	0.001	0.001	0.001	0.001	0.0	0.001	0.001	0.001	0.0	0.001	0.001	0.001	0.001	0.001	0.001	0.001	0.001	0.001	0.001	0.001	0.001
Thalassoglobus	0.001	0.001	0.001	0.001	0.001	0.001	0.001	0.0	0.0	0.001	0.001	0.001	0.001	0.0	0.001	0.0	0.001	0.0	0.0	0.0	0.001	0.001	0.001	0.0	0.0	0.001	0.001	0.001	0.001	0.001	0.0	0.0	0.0	0.001	0.001	0.001	0.0	0.001	0.001	0.001	0.002	0.002	0.001	0.001	0.001	0.001	0.001	0.001
Faecalibacter	0.001	0.001	0.001	0.001	0.001	0.001	0.002	0.001	0.001	0.001	0.001	0.001	0.001	0.001	0.001	0.001	0.001	0.0	0.001	0.0	0.001	0.0	0.0	0.0	0.001	0.0	0.0	0.001	0.001	0.001	0.0	0.0	0.001	0.001	0.001	0.001	0.001	0.001	0.001	0.001	0.001	0.001	0.0	0.001	0.001	0.0	0.0	0.001
Thalassobellus	0.001	0.001	0.001	0.001	0.002	0.001	0.001	0.002	0.001	0.0	0.001	0.001	0.001	0.001	0.001	0.001	0.0	0.0	0.0	0.0	0.0	0.0	0.0	0.001	0.0	0.001	0.001	0.001	0.001	0.001	0.0	0.001	0.001	0.001	0.001	0.001	0.001	0.001	0.001	0.001	0.001	0.001	0.0	0.001	0.001	0.0	0.0	0.001
Candidatus Chlorohelix	0.001	0.001	0.001	0.001	0.0	0.001	0.001	0.002	0.0	0.0	0.001	0.001	0.001	0.001	0.001	0.0	0.001	0.001	0.001	0.0	0.0	0.001	0.0	0.0	0.001	0.0	0.001	0.0	0.001	0.001	0.0	0.001	0.0	0.001	0.001	0.0	0.001	0.001	0.001	0.0	0.001	0.001	0.002	0.001	0.001	0.001	0.001	0.001
Pajaroellobacter	0.001	0.001	0.001	0.0	0.001	0.001	0.002	0.0	0.001	0.0	0.001	0.001	0.001	0.001	0.001	0.0	0.001	0.0	0.0	0.0	0.001	0.001	0.001	0.0	0.001	0.001	0.001	0.0	0.0	0.0	0.0	0.0	0.001	0.001	0.001	0.001	0.001	0.001	0.001	0.001	0.001	0.001	0.001	0.002	0.001	0.001	0.0	0.001
Avibacterium	0.001	0.002	0.002	0.001	0.001	0.001	0.001	0.001	0.0	0.0	0.001	0.001	0.001	0.001	0.001	0.001	0.0	0.0	0.001	0.001	0.001	0.001	0.0	0.001	0.0	0.0	0.0	0.0	0.001	0.0	0.0	0.0	0.001	0.001	0.001	0.001	0.001	0.0	0.001	0.0	0.001	0.001	0.001	0.001	0.001	0.001	0.001	0.001
Veillonella	0.001	0.001	0.001	0.001	0.001	0.001	0.001	0.001	0.001	0.001	0.001	0.001	0.001	0.001	0.001	0.001	0.0	0.001	0.001	0.001	0.001	0.0	0.0	0.0	0.0	0.0	0.0	0.0	0.0	0.001	0.0	0.001	0.001	0.001	0.001	0.001	0.001	0.001	0.001	0.0	0.001	0.001	0.001	0.001	0.001	0.0	0.001	0.001
Fretibacterium	0.001	0.001	0.001	0.001	0.001	0.0	0.001	0.0	0.001	0.001	0.001	0.001	0.0	0.001	0.001	0.0	0.001	0.0	0.001	0.001	0.0	0.001	0.001	0.001	0.001	0.0	0.001	0.001	0.001	0.001	0.001	0.0	0.0	0.001	0.001	0.001	0.001	0.0	0.001	0.0	0.001	0.001	0.001	0.001	0.001	0.001	0.0	0.001
Pontimicrobium	0.001	0.001	0.001	0.001	0.001	0.002	0.002	0.001	0.001	0.0	0.001	0.001	0.0	0.001	0.001	0.001	0.0	0.0	0.001	0.001	0.001	0.001	0.0	0.0	0.001	0.001	0.001	0.0	0.0	0.001	0.0	0.0	0.001	0.001	0.001	0.001	0.001	0.001	0.001	0.001	0.001	0.001	0.001	0.001	0.0	0.0	0.0	0.0
Desulfoluna	0.001	0.001	0.001	0.001	0.0	0.001	0.001	0.0	0.0	0.001	0.001	0.001	0.001	0.001	0.0	0.0	0.001	0.0	0.001	0.0	0.001	0.0	0.001	0.001	0.001	0.0	0.001	0.001	0.001	0.0	0.0	0.0	0.0	0.001	0.001	0.001	0.001	0.001	0.001	0.001	0.001	0.001	0.002	0.001	0.001	0.001	0.001	0.001
Fischerella	0.001	0.001	0.001	0.001	0.001	0.001	0.001	0.001	0.001	0.0	0.001	0.0	0.001	0.001	0.001	0.001	0.0	0.001	0.001	0.0	0.001	0.0	0.0	0.001	0.0	0.0	0.0	0.0	0.0	0.0	0.0	0.001	0.001	0.001	0.001	0.001	0.001	0.001	0.001	0.001	0.001	0.001	0.001	0.001	0.001	0.001	0.001	0.001
Mesoplasma	0.001	0.0	0.001	0.001	0.001	0.001	0.001	0.003	0.001	0.001	0.001	0.001	0.001	0.001	0.001	0.001	0.001	0.001	0.001	0.0	0.001	0.0	0.0	0.001	0.001	0.0	0.0	0.0	0.0	0.001	0.0	0.0	0.001	0.001	0.001	0.0	0.001	0.001	0.001	0.001	0.0	0.0	0.001	0.0	0.001	0.0	0.001	0.001
Aristaeella	0.001	0.001	0.001	0.001	0.001	0.0	0.001	0.0	0.0	0.001	0.001	0.001	0.001	0.0	0.001	0.0	0.001	0.001	0.001	0.0	0.001	0.0	0.001	0.0	0.001	0.0	0.001	0.0	0.0	0.001	0.0	0.0	0.001	0.001	0.001	0.001	0.001	0.001	0.001	0.001	0.001	0.001	0.001	0.002	0.001	0.001	0.0	0.001
Acidianus	0.0	0.001	0.001	0.0	0.001	0.001	0.001	0.002	0.001	0.001	0.001	0.001	0.001	0.001	0.001	0.001	0.0	0.0	0.001	0.0	0.0	0.001	0.001	0.0	0.0	0.0	0.0	0.0	0.0	0.001	0.001	0.0	0.001	0.001	0.001	0.001	0.001	0.001	0.0	0.002	0.001	0.001	0.001	0.001	0.001	0.0	0.001	0.001
Zymomonas	0.0	0.001	0.0	0.001	0.001	0.001	0.001	0.001	0.0	0.001	0.001	0.001	0.0	0.001	0.001	0.0	0.001	0.0	0.001	0.0	0.001	0.0	0.0	0.0	0.001	0.001	0.001	0.0	0.001	0.001	0.0	0.0	0.0	0.001	0.0	0.001	0.0	0.001	0.001	0.0	0.002	0.001	0.002	0.002	0.001	0.001	0.002	0.001
Yokenella	0.001	0.001	0.001	0.001	0.001	0.0	0.001	0.0	0.0	0.001	0.001	0.001	0.001	0.001	0.001	0.0	0.001	0.0	0.0	0.001	0.0	0.0	0.001	0.001	0.001	0.0	0.001	0.0	0.001	0.0	0.0	0.0	0.001	0.001	0.001	0.001	0.001	0.001	0.001	0.001	0.002	0.001	0.001	0.002	0.0	0.001	0.0	0.001
Acidaminococcus	0.001	0.001	0.001	0.001	0.001	0.001	0.0	0.001	0.0	0.0	0.001	0.001	0.001	0.001	0.0	0.0	0.001	0.0	0.0	0.001	0.001	0.001	0.0	0.0	0.001	0.001	0.001	0.0	0.001	0.0	0.0	0.001	0.001	0.001	0.001	0.001	0.001	0.001	0.001	0.0	0.001	0.001	0.001	0.001	0.001	0.001	0.001	0.001
Poseidonibacter	0.001	0.001	0.002	0.001	0.002	0.002	0.001	0.002	0.001	0.001	0.001	0.001	0.0	0.0	0.0	0.001	0.0	0.001	0.0	0.0	0.0	0.0	0.0	0.0	0.001	0.001	0.0	0.0	0.001	0.0	0.0	0.0	0.001	0.001	0.001	0.001	0.001	0.001	0.001	0.001	0.001	0.0	0.001	0.001	0.001	0.0	0.001	0.001
Gloeomargarita	0.0	0.001	0.0	0.001	0.001	0.0	0.0	0.0	0.0	0.0	0.0	0.005	0.0	0.0	0.0	0.0	0.001	0.0	0.0	0.0	0.0	0.0	0.0	0.0	0.0	0.0	0.0	0.0	0.0	0.0	0.0	0.0	0.0	0.009000000000000001	0.0	0.001	0.001	0.008	0.0	0.0	0.001	0.001	0.001	0.001	0.001	0.001	0.0	0.001
Fructilactobacillus	0.001	0.001	0.001	0.001	0.001	0.001	0.001	0.001	0.001	0.0	0.001	0.001	0.001	0.001	0.001	0.001	0.0	0.001	0.001	0.0	0.0	0.0	0.0	0.001	0.0	0.0	0.0	0.0	0.001	0.0	0.0	0.0	0.001	0.001	0.001	0.001	0.001	0.001	0.001	0.001	0.001	0.001	0.001	0.001	0.001	0.0	0.001	0.001
Pelagimonas	0.001	0.001	0.001	0.001	0.001	0.001	0.0	0.001	0.001	0.0	0.0	0.001	0.001	0.001	0.001	0.0	0.0	0.0	0.001	0.001	0.001	0.0	0.001	0.0	0.0	0.001	0.001	0.001	0.001	0.001	0.0	0.0	0.001	0.001	0.0	0.001	0.0	0.001	0.0	0.001	0.001	0.002	0.001	0.001	0.001	0.001	0.0	0.001
Bergeyella	0.002	0.001	0.0	0.001	0.001	0.001	0.0	0.001	0.0	0.0	0.001	0.001	0.0	0.001	0.0	0.0	0.0	0.0	0.0	0.001	0.001	0.0	0.0	0.001	0.0	0.0	0.001	0.0	0.0	0.0	0.001	0.0	0.001	0.001	0.001	0.002	0.001	0.001	0.002	0.001	0.002	0.001	0.001	0.002	0.001	0.001	0.0	0.001
Sellimonas	0.001	0.001	0.0	0.001	0.0	0.001	0.001	0.0	0.0	0.0	0.001	0.001	0.001	0.001	0.001	0.0	0.0	0.0	0.001	0.001	0.0	0.0	0.0	0.0	0.0	0.001	0.001	0.001	0.001	0.001	0.0	0.0	0.001	0.001	0.001	0.002	0.001	0.001	0.001	0.001	0.001	0.001	0.001	0.001	0.001	0.001	0.001	0.001
Methanocaldococcus	0.001	0.001	0.001	0.001	0.001	0.001	0.001	0.002	0.001	0.001	0.0	0.001	0.001	0.001	0.001	0.001	0.0	0.0	0.001	0.001	0.0	0.001	0.0	0.001	0.0	0.0	0.0	0.0	0.0	0.0	0.0	0.0	0.001	0.001	0.001	0.001	0.0	0.001	0.001	0.001	0.001	0.001	0.001	0.0	0.002	0.0	0.001	0.001
Polystyrenella	0.001	0.001	0.001	0.001	0.001	0.001	0.001	0.0	0.001	0.0	0.001	0.001	0.001	0.001	0.0	0.0	0.001	0.0	0.001	0.0	0.0	0.0	0.0	0.0	0.0	0.0	0.001	0.001	0.001	0.0	0.0	0.0	0.0	0.001	0.001	0.0	0.001	0.001	0.0	0.001	0.002	0.002	0.002	0.002	0.001	0.001	0.001	0.001
Amniculibacterium	0.001	0.001	0.001	0.001	0.002	0.0	0.0	0.0	0.001	0.0	0.001	0.001	0.001	0.001	0.0	0.0	0.001	0.0	0.0	0.001	0.001	0.0	0.0	0.001	0.001	0.001	0.0	0.0	0.001	0.001	0.0	0.0	0.001	0.001	0.001	0.002	0.001	0.001	0.001	0.001	0.001	0.0	0.001	0.001	0.001	0.0	0.001	0.001
Heliomicrobium	0.001	0.001	0.001	0.001	0.001	0.001	0.001	0.001	0.0	0.0	0.001	0.001	0.001	0.0	0.0	0.0	0.0	0.001	0.001	0.0	0.0	0.001	0.0	0.0	0.001	0.0	0.001	0.001	0.001	0.001	0.0	0.0	0.001	0.001	0.001	0.001	0.001	0.001	0.001	0.0	0.001	0.001	0.001	0.001	0.001	0.001	0.001	0.001
Mangrovibacter	0.001	0.0	0.0	0.0	0.001	0.0	0.0	0.0	0.0	0.001	0.001	0.001	0.0	0.001	0.001	0.0	0.001	0.0	0.001	0.001	0.001	0.0	0.0	0.001	0.001	0.001	0.0	0.0	0.0	0.0	0.0	0.0	0.001	0.001	0.002	0.0	0.001	0.001	0.0	0.001	0.003	0.002	0.001	0.002	0.002	0.001	0.0	0.002
Psychroflexus	0.001	0.001	0.001	0.0	0.001	0.001	0.001	0.001	0.001	0.001	0.001	0.001	0.001	0.0	0.001	0.001	0.0	0.001	0.001	0.0	0.001	0.001	0.0	0.0	0.001	0.0	0.001	0.0	0.0	0.0	0.0	0.0	0.001	0.001	0.001	0.001	0.001	0.001	0.001	0.0	0.001	0.001	0.001	0.001	0.001	0.0	0.0	0.001
Leptospirillum	0.001	0.001	0.001	0.001	0.001	0.001	0.001	0.001	0.001	0.0	0.001	0.001	0.001	0.001	0.001	0.0	0.0	0.0	0.001	0.0	0.0	0.0	0.0	0.0	0.0	0.0	0.001	0.001	0.0	0.0	0.001	0.0	0.001	0.001	0.001	0.001	0.001	0.001	0.001	0.0	0.001	0.001	0.001	0.001	0.001	0.001	0.001	0.001
Mesoflavibacter	0.001	0.001	0.001	0.001	0.002	0.001	0.0	0.001	0.001	0.001	0.001	0.001	0.0	0.001	0.001	0.001	0.0	0.0	0.0	0.0	0.0	0.001	0.0	0.0	0.001	0.001	0.0	0.001	0.001	0.0	0.001	0.0	0.0	0.001	0.0	0.001	0.001	0.001	0.0	0.001	0.001	0.001	0.001	0.001	0.001	0.001	0.0	0.001
Anaerohalosphaera	0.001	0.001	0.001	0.001	0.001	0.001	0.001	0.0	0.001	0.0	0.001	0.001	0.001	0.001	0.0	0.0	0.001	0.0	0.001	0.001	0.0	0.0	0.0	0.001	0.001	0.001	0.001	0.0	0.001	0.001	0.001	0.0	0.0	0.0	0.0	0.0	0.001	0.001	0.001	0.001	0.001	0.001	0.001	0.001	0.001	0.001	0.0	0.001
Oligella	0.001	0.001	0.001	0.001	0.001	0.001	0.001	0.001	0.001	0.001	0.001	0.001	0.001	0.001	0.001	0.0	0.0	0.0	0.001	0.0	0.001	0.0	0.0	0.0	0.0	0.0	0.001	0.0	0.0	0.0	0.0	0.0	0.0	0.001	0.001	0.001	0.001	0.0	0.0	0.0	0.002	0.002	0.002	0.001	0.001	0.001	0.0	0.002
Sedimentibacter	0.001	0.0	0.001	0.0	0.001	0.001	0.001	0.002	0.0	0.001	0.001	0.001	0.001	0.001	0.0	0.001	0.0	0.001	0.001	0.001	0.0	0.001	0.0	0.0	0.001	0.0	0.0	0.0	0.001	0.0	0.001	0.001	0.001	0.002	0.001	0.001	0.0	0.001	0.001	0.001	0.001	0.0	0.001	0.0	0.001	0.0	0.001	0.0
Megamonas	0.001	0.001	0.001	0.001	0.001	0.001	0.0	0.002	0.001	0.001	0.0	0.001	0.0	0.001	0.0	0.001	0.0	0.0	0.001	0.0	0.001	0.0	0.0	0.001	0.0	0.0	0.0	0.0	0.001	0.001	0.0	0.0	0.001	0.002	0.001	0.001	0.001	0.0	0.0	0.002	0.001	0.001	0.001	0.001	0.001	0.0	0.001	0.001
Dialister	0.001	0.001	0.001	0.001	0.0	0.0	0.001	0.001	0.001	0.0	0.001	0.001	0.001	0.001	0.001	0.0	0.0	0.0	0.001	0.0	0.001	0.0	0.0	0.0	0.0	0.0	0.001	0.0	0.001	0.0	0.0	0.0	0.001	0.001	0.001	0.001	0.001	0.001	0.001	0.001	0.001	0.001	0.001	0.002	0.001	0.001	0.001	0.001
Pyrobaculum	0.001	0.001	0.001	0.001	0.001	0.001	0.001	0.001	0.001	0.0	0.001	0.001	0.001	0.001	0.001	0.0	0.0	0.0	0.0	0.0	0.001	0.001	0.0	0.0	0.0	0.0	0.001	0.0	0.001	0.0	0.001	0.0	0.001	0.001	0.001	0.001	0.0	0.0	0.001	0.001	0.001	0.001	0.001	0.001	0.001	0.001	0.001	0.001
Caldifermentibacillus	0.002	0.0	0.0	0.001	0.0	0.0	0.0	0.002	0.0	0.001	0.001	0.001	0.0	0.0	0.0	0.001	0.0	0.0	0.001	0.0	0.001	0.001	0.0	0.001	0.0	0.001	0.001	0.0	0.001	0.001	0.001	0.0	0.001	0.001	0.0	0.0	0.001	0.001	0.001	0.001	0.0	0.001	0.002	0.001	0.002	0.001	0.001	0.001
Saccharolobus	0.001	0.001	0.001	0.001	0.001	0.002	0.0	0.002	0.001	0.001	0.001	0.0	0.0	0.001	0.0	0.001	0.001	0.001	0.001	0.0	0.0	0.001	0.0	0.001	0.001	0.0	0.0	0.0	0.0	0.0	0.001	0.001	0.001	0.001	0.001	0.0	0.001	0.0	0.001	0.001	0.001	0.001	0.001	0.0	0.001	0.0	0.001	0.0
Anthocerotibacter	0.0	0.002	0.003	0.001	0.002	0.002	0.001	0.006	0.0	0.0	0.001	0.0	0.001	0.0	0.0	0.0	0.0	0.0	0.0	0.0	0.0	0.0	0.0	0.0	0.0	0.0	0.0	0.0	0.001	0.0	0.0	0.0	0.001	0.0	0.001	0.001	0.001	0.0	0.001	0.0	0.001	0.001	0.001	0.001	0.001	0.001	0.001	0.001
Pseudohongiella	0.001	0.001	0.001	0.001	0.001	0.0	0.001	0.001	0.001	0.001	0.001	0.001	0.001	0.0	0.001	0.001	0.0	0.0	0.0	0.0	0.001	0.0	0.0	0.0	0.001	0.001	0.001	0.001	0.0	0.001	0.0	0.0	0.001	0.0	0.001	0.001	0.001	0.0	0.0	0.0	0.001	0.002	0.001	0.001	0.001	0.001	0.0	0.001
Zhouia	0.001	0.001	0.001	0.001	0.001	0.001	0.0	0.001	0.0	0.0	0.001	0.001	0.0	0.001	0.001	0.001	0.001	0.0	0.0	0.001	0.001	0.0	0.0	0.001	0.001	0.0	0.001	0.0	0.001	0.0	0.001	0.0	0.001	0.0	0.001	0.002	0.001	0.001	0.0	0.001	0.001	0.001	0.001	0.001	0.0	0.0	0.0	0.001
Thermodesulfomicrobium	0.001	0.001	0.001	0.001	0.001	0.001	0.001	0.0	0.0	0.0	0.001	0.001	0.001	0.0	0.001	0.0	0.001	0.0	0.0	0.0	0.001	0.0	0.001	0.0	0.0	0.0	0.001	0.0	0.0	0.0	0.0	0.0	0.001	0.001	0.001	0.001	0.001	0.0	0.001	0.001	0.002	0.001	0.002	0.001	0.001	0.001	0.001	0.001
Ilyobacter	0.001	0.001	0.0	0.001	0.001	0.001	0.001	0.003	0.0	0.001	0.001	0.001	0.001	0.001	0.001	0.001	0.0	0.001	0.0	0.0	0.0	0.0	0.0	0.001	0.0	0.0	0.0	0.0	0.0	0.0	0.001	0.0	0.001	0.001	0.001	0.001	0.0	0.001	0.001	0.001	0.001	0.0	0.001	0.001	0.001	0.0	0.001	0.001
Halostagnicola	0.001	0.001	0.001	0.0	0.001	0.001	0.001	0.001	0.0	0.001	0.001	0.001	0.001	0.001	0.0	0.0	0.001	0.0	0.001	0.001	0.0	0.0	0.0	0.0	0.001	0.0	0.0	0.001	0.001	0.001	0.001	0.0	0.0	0.001	0.001	0.001	0.001	0.0	0.001	0.0	0.001	0.001	0.001	0.001	0.001	0.001	0.0	0.001
Muribaculum	0.0	0.0	0.001	0.001	0.001	0.001	0.0	0.001	0.0	0.0	0.001	0.001	0.001	0.001	0.0	0.0	0.0	0.0	0.001	0.001	0.0	0.0	0.001	0.0	0.001	0.0	0.0	0.001	0.0	0.001	0.0	0.0	0.001	0.001	0.001	0.001	0.001	0.001	0.001	0.001	0.002	0.001	0.001	0.001	0.001	0.001	0.001	0.001
Jiulongibacter	0.001	0.001	0.002	0.001	0.001	0.001	0.001	0.001	0.0	0.0	0.001	0.001	0.001	0.001	0.001	0.001	0.0	0.0	0.0	0.001	0.0	0.0	0.001	0.0	0.001	0.0	0.0	0.0	0.001	0.0	0.0	0.0	0.001	0.0	0.001	0.001	0.001	0.001	0.001	0.001	0.001	0.001	0.001	0.001	0.001	0.0	0.0	0.001
Wukongibacter	0.0	0.001	0.001	0.001	0.001	0.001	0.001	0.004	0.001	0.001	0.001	0.001	0.001	0.001	0.0	0.001	0.0	0.0	0.001	0.0	0.0	0.0	0.0	0.0	0.001	0.0	0.0	0.0	0.0	0.0	0.0	0.0	0.001	0.001	0.001	0.001	0.001	0.001	0.001	0.001	0.001	0.001	0.001	0.0	0.001	0.0	0.0	0.001
Ulvibacterium	0.001	0.001	0.002	0.001	0.001	0.001	0.001	0.0	0.001	0.0	0.001	0.001	0.0	0.001	0.001	0.0	0.001	0.0	0.001	0.0	0.0	0.0	0.0	0.0	0.0	0.0	0.001	0.0	0.001	0.0	0.0	0.0	0.001	0.001	0.001	0.001	0.001	0.001	0.001	0.001	0.001	0.001	0.001	0.001	0.001	0.0	0.0	0.001
Duncaniella	0.001	0.001	0.001	0.001	0.001	0.001	0.001	0.0	0.0	0.0	0.001	0.001	0.001	0.0	0.001	0.0	0.0	0.0	0.001	0.0	0.0	0.001	0.0	0.0	0.001	0.0	0.0	0.001	0.0	0.0	0.001	0.0	0.001	0.001	0.0	0.001	0.001	0.001	0.001	0.001	0.001	0.001	0.001	0.001	0.001	0.001	0.001	0.001
Lawsonibacter	0.001	0.0	0.001	0.001	0.0	0.001	0.0	0.0	0.0	0.0	0.0	0.001	0.0	0.001	0.0	0.0	0.001	0.0	0.001	0.001	0.001	0.0	0.0	0.001	0.001	0.0	0.001	0.001	0.0	0.001	0.0	0.001	0.001	0.001	0.001	0.001	0.001	0.001	0.001	0.001	0.001	0.001	0.001	0.001	0.001	0.001	0.0	0.001
Turicibacter	0.001	0.001	0.001	0.001	0.001	0.001	0.001	0.002	0.001	0.001	0.0	0.001	0.001	0.0	0.0	0.0	0.0	0.001	0.0	0.0	0.0	0.0	0.0	0.0	0.0	0.0	0.0	0.0	0.001	0.0	0.0	0.0	0.001	0.001	0.001	0.001	0.001	0.001	0.001	0.001	0.001	0.001	0.001	0.001	0.001	0.001	0.001	0.001
Methanothrix	0.001	0.001	0.001	0.001	0.001	0.001	0.0	0.001	0.0	0.001	0.0	0.001	0.001	0.0	0.0	0.0	0.001	0.0	0.001	0.001	0.0	0.0	0.0	0.0	0.0	0.0	0.0	0.001	0.001	0.0	0.0	0.0	0.001	0.001	0.001	0.001	0.001	0.001	0.001	0.001	0.001	0.001	0.001	0.001	0.001	0.001	0.001	0.001
Crassaminicella	0.001	0.001	0.0	0.001	0.001	0.001	0.001	0.002	0.001	0.001	0.001	0.0	0.001	0.0	0.001	0.001	0.0	0.001	0.0	0.0	0.0	0.0	0.0	0.001	0.0	0.0	0.0	0.0	0.001	0.0	0.0	0.0	0.001	0.001	0.001	0.001	0.001	0.001	0.001	0.001	0.001	0.0	0.001	0.001	0.001	0.0	0.001	0.001
Thalassobacter	0.001	0.001	0.001	0.001	0.001	0.0	0.001	0.001	0.0	0.001	0.001	0.001	0.001	0.0	0.0	0.001	0.0	0.0	0.001	0.001	0.0	0.0	0.0	0.0	0.001	0.0	0.0	0.0	0.0	0.0	0.0	0.0	0.001	0.001	0.001	0.001	0.0	0.001	0.0	0.001	0.001	0.002	0.001	0.002	0.001	0.001	0.001	0.001
Okeanomitos	0.001	0.001	0.001	0.001	0.001	0.002	0.001	0.003	0.0	0.0	0.0	0.0	0.001	0.0	0.001	0.001	0.0	0.001	0.0	0.0	0.0	0.0	0.0	0.0	0.001	0.0	0.0	0.0	0.001	0.0	0.0	0.0	0.001	0.001	0.001	0.001	0.0	0.0	0.001	0.002	0.001	0.001	0.001	0.0	0.001	0.001	0.001	0.001
Patiriisocius	0.001	0.001	0.001	0.001	0.001	0.001	0.001	0.001	0.0	0.0	0.001	0.001	0.001	0.0	0.001	0.001	0.0	0.0	0.001	0.0	0.0	0.0	0.0	0.0	0.001	0.0	0.0	0.0	0.0	0.0	0.0	0.0	0.001	0.0	0.001	0.001	0.001	0.001	0.001	0.001	0.001	0.001	0.001	0.001	0.001	0.001	0.001	0.001
Jeotgalibaca	0.001	0.001	0.001	0.0	0.001	0.001	0.001	0.001	0.0	0.0	0.0	0.001	0.001	0.0	0.001	0.001	0.0	0.001	0.001	0.0	0.0	0.001	0.0	0.0	0.001	0.0	0.0	0.0	0.001	0.0	0.0	0.0	0.001	0.001	0.001	0.001	0.001	0.001	0.0	0.001	0.001	0.001	0.001	0.001	0.001	0.001	0.0	0.001
Phascolarctobacterium	0.001	0.001	0.001	0.001	0.001	0.001	0.001	0.001	0.001	0.0	0.001	0.001	0.001	0.001	0.001	0.0	0.001	0.0	0.001	0.0	0.0	0.0	0.0	0.0	0.0	0.0	0.0	0.0	0.0	0.0	0.0	0.0	0.001	0.001	0.001	0.0	0.001	0.001	0.001	0.0	0.001	0.001	0.001	0.002	0.0	0.001	0.001	0.001
Urechidicola	0.002	0.001	0.001	0.001	0.001	0.002	0.001	0.001	0.0	0.0	0.001	0.001	0.001	0.0	0.001	0.0	0.0	0.0	0.001	0.0	0.0	0.0	0.0	0.0	0.001	0.0	0.0	0.0	0.0	0.0	0.001	0.0	0.0	0.001	0.001	0.001	0.001	0.001	0.001	0.001	0.001	0.001	0.001	0.001	0.001	0.0	0.0	0.001
Shimwellia	0.001	0.001	0.001	0.001	0.0	0.0	0.001	0.0	0.0	0.001	0.001	0.001	0.0	0.001	0.0	0.0	0.001	0.0	0.001	0.0	0.001	0.0	0.001	0.0	0.0	0.001	0.001	0.001	0.001	0.0	0.0	0.0	0.001	0.001	0.001	0.0	0.001	0.0	0.001	0.001	0.001	0.001	0.001	0.001	0.001	0.001	0.0	0.001
Sedimentisphaera	0.0	0.0	0.001	0.001	0.0	0.002	0.0	0.002	0.001	0.001	0.001	0.0	0.001	0.001	0.0	0.0	0.0	0.0	0.0	0.0	0.0	0.0	0.0	0.0	0.0	0.001	0.001	0.001	0.0	0.001	0.0	0.0	0.002	0.001	0.0	0.001	0.001	0.0	0.001	0.001	0.001	0.001	0.002	0.001	0.001	0.001	0.0	0.001
Ketobacter	0.001	0.001	0.001	0.0	0.001	0.0	0.001	0.001	0.0	0.0	0.001	0.001	0.001	0.001	0.001	0.0	0.0	0.0	0.0	0.001	0.0	0.0	0.0	0.0	0.0	0.0	0.001	0.001	0.001	0.001	0.0	0.0	0.001	0.001	0.001	0.001	0.001	0.0	0.001	0.0	0.001	0.001	0.001	0.001	0.001	0.001	0.001	0.001
Ruminiclostridium	0.001	0.001	0.0	0.001	0.001	0.001	0.001	0.003	0.0	0.001	0.001	0.001	0.001	0.0	0.0	0.001	0.0	0.0	0.001	0.0	0.0	0.0	0.0	0.0	0.0	0.0	0.0	0.0	0.0	0.0	0.0	0.0	0.001	0.001	0.001	0.001	0.001	0.001	0.001	0.001	0.001	0.001	0.002	0.001	0.001	0.0	0.0	0.001
Methanolobus	0.001	0.001	0.001	0.001	0.001	0.001	0.001	0.001	0.0	0.001	0.001	0.001	0.001	0.0	0.001	0.0	0.0	0.0	0.001	0.0	0.0	0.0	0.0	0.0	0.0	0.0	0.0	0.0	0.0	0.0	0.001	0.0	0.001	0.001	0.001	0.001	0.001	0.001	0.001	0.001	0.001	0.001	0.001	0.001	0.001	0.0	0.001	0.001
Mangrovivirga	0.001	0.001	0.002	0.001	0.002	0.001	0.001	0.001	0.001	0.001	0.001	0.001	0.001	0.0	0.0	0.0	0.0	0.0	0.0	0.0	0.001	0.0	0.0	0.0	0.0	0.0	0.001	0.0	0.0	0.0	0.0	0.0	0.001	0.0	0.001	0.001	0.001	0.001	0.001	0.001	0.001	0.001	0.001	0.001	0.001	0.0	0.0	0.001
Koinonema	0.001	0.001	0.001	0.001	0.001	0.0	0.001	0.001	0.0	0.001	0.001	0.001	0.001	0.0	0.001	0.0	0.001	0.0	0.0	0.0	0.0	0.0	0.0	0.0	0.001	0.0	0.0	0.0	0.001	0.0	0.001	0.0	0.001	0.001	0.001	0.001	0.001	0.001	0.0	0.001	0.001	0.001	0.001	0.001	0.001	0.001	0.0	0.001
Pseudobdellovibrio	0.0	0.001	0.001	0.001	0.003	0.001	0.001	0.001	0.001	0.0	0.003	0.001	0.001	0.001	0.0	0.001	0.001	0.0	0.0	0.0	0.001	0.0	0.001	0.0	0.001	0.0	0.0	0.0	0.001	0.0	0.0	0.0	0.0	0.001	0.0	0.001	0.001	0.0	0.0	0.0	0.001	0.001	0.001	0.0	0.0	0.001	0.0	0.001
Anaerobutyricum	0.0	0.0	0.0	0.0	0.0	0.001	0.0	0.0	0.0	0.0	0.0	0.0	0.0	0.0	0.0	0.0	0.0	0.0	0.0	0.0	0.0	0.0	0.0	0.0	0.0	0.0	0.0	0.0	0.0	0.0	0.0	0.0	0.001	0.0	0.001	0.001	0.0	0.0	0.001	0.023	0.0	0.0	0.001	0.0	0.001	0.0	0.0	0.0
Symbiopectobacterium	0.001	0.001	0.001	0.001	0.001	0.001	0.001	0.001	0.0	0.001	0.001	0.001	0.001	0.001	0.0	0.0	0.001	0.0	0.001	0.0	0.0	0.0	0.0	0.0	0.0	0.0	0.001	0.0	0.0	0.0	0.0	0.0	0.001	0.001	0.0	0.001	0.001	0.0	0.002	0.0	0.001	0.001	0.001	0.001	0.001	0.001	0.0	0.001
Gynuella	0.001	0.001	0.001	0.001	0.001	0.001	0.001	0.0	0.001	0.0	0.001	0.001	0.001	0.001	0.001	0.0	0.0	0.0	0.0	0.0	0.0	0.0	0.001	0.0	0.0	0.001	0.001	0.0	0.0	0.0	0.0	0.0	0.001	0.001	0.001	0.001	0.0	0.001	0.0	0.0	0.001	0.001	0.001	0.001	0.001	0.001	0.001	0.001
Mongoliitalea	0.002	0.001	0.001	0.001	0.001	0.001	0.001	0.001	0.001	0.0	0.001	0.001	0.001	0.0	0.0	0.001	0.0	0.0	0.001	0.0	0.0	0.0	0.0	0.0	0.0	0.0	0.001	0.0	0.0	0.0	0.0	0.0	0.001	0.0	0.001	0.001	0.001	0.001	0.001	0.0	0.001	0.001	0.001	0.001	0.001	0.0	0.001	0.001
Methanosphaerula	0.0	0.001	0.001	0.001	0.0	0.001	0.001	0.001	0.0	0.0	0.001	0.0	0.001	0.001	0.001	0.0	0.0	0.0	0.001	0.0	0.0	0.0	0.001	0.0	0.001	0.0	0.001	0.0	0.0	0.0	0.001	0.0	0.001	0.001	0.001	0.001	0.001	0.0	0.001	0.001	0.001	0.001	0.001	0.001	0.001	0.001	0.0	0.001
Thermobaculum	0.001	0.001	0.001	0.001	0.001	0.001	0.001	0.001	0.0	0.0	0.0	0.0	0.0	0.0	0.0	0.0	0.001	0.0	0.0	0.001	0.001	0.001	0.001	0.0	0.0	0.001	0.001	0.001	0.001	0.0	0.001	0.0	0.001	0.001	0.0	0.001	0.0	0.001	0.0	0.0	0.001	0.001	0.001	0.001	0.0	0.001	0.001	0.001
Dermatophilus	0.0	0.0	0.0	0.0	0.0	0.001	0.0	0.001	0.0	0.0	0.0	0.001	0.001	0.0	0.001	0.0	0.001	0.0	0.0	0.001	0.001	0.001	0.0	0.0	0.001	0.001	0.0	0.001	0.001	0.001	0.001	0.0	0.001	0.001	0.001	0.001	0.001	0.001	0.001	0.0	0.001	0.001	0.001	0.001	0.001	0.001	0.0	0.001
Sphaerochaeta	0.001	0.001	0.001	0.001	0.001	0.001	0.001	0.001	0.0	0.001	0.001	0.001	0.001	0.001	0.0	0.001	0.0	0.0	0.001	0.001	0.0	0.0	0.0	0.0	0.0	0.0	0.0	0.0	0.0	0.0	0.0	0.0	0.001	0.001	0.0	0.001	0.001	0.0	0.001	0.001	0.001	0.001	0.001	0.001	0.001	0.001	0.0	0.001
Reinekea	0.001	0.001	0.0	0.001	0.001	0.001	0.002	0.0	0.0	0.001	0.001	0.001	0.001	0.0	0.0	0.0	0.001	0.0	0.001	0.0	0.001	0.0	0.0	0.0	0.0	0.0	0.001	0.0	0.001	0.0	0.0	0.0	0.0	0.001	0.001	0.001	0.0	0.001	0.001	0.001	0.001	0.001	0.001	0.001	0.001	0.001	0.0	0.001
Enterovibrio	0.001	0.001	0.001	0.001	0.001	0.0	0.001	0.0	0.001	0.001	0.001	0.001	0.001	0.0	0.0	0.001	0.001	0.0	0.001	0.0	0.001	0.0	0.0	0.0	0.001	0.0	0.0	0.0	0.0	0.0	0.0	0.0	0.0	0.001	0.001	0.001	0.0	0.0	0.001	0.001	0.001	0.001	0.001	0.001	0.001	0.001	0.001	0.001
Chthonomonas	0.001	0.0	0.0	0.001	0.001	0.0	0.0	0.001	0.0	0.0	0.001	0.001	0.001	0.001	0.001	0.0	0.0	0.0	0.001	0.0	0.0	0.0	0.0	0.0	0.0	0.0	0.0	0.0	0.0	0.0	0.0	0.0	0.001	0.001	0.001	0.001	0.001	0.001	0.001	0.0	0.001	0.001	0.001	0.006999999999999999	0.0	0.001	0.0	0.001
Ignavibacterium	0.0	0.001	0.001	0.001	0.001	0.001	0.001	0.002	0.0	0.0	0.001	0.001	0.001	0.0	0.001	0.0	0.0	0.0	0.001	0.0	0.0	0.0	0.0	0.0	0.0	0.0	0.0	0.0	0.0	0.001	0.0	0.0	0.001	0.001	0.001	0.001	0.001	0.001	0.0	0.001	0.001	0.001	0.001	0.001	0.001	0.001	0.0	0.001
Caloramator	0.001	0.0	0.001	0.001	0.0	0.001	0.001	0.001	0.0	0.001	0.001	0.001	0.001	0.001	0.0	0.001	0.0	0.0	0.001	0.0	0.0	0.001	0.0	0.001	0.001	0.0	0.001	0.0	0.0	0.0	0.0	0.0	0.001	0.001	0.0	0.001	0.0	0.0	0.001	0.001	0.001	0.001	0.001	0.0	0.001	0.001	0.001	0.0
Methylacidiphilum (ex Ratnadevi et al. 2023)	0.001	0.001	0.001	0.001	0.001	0.001	0.0	0.0	0.0	0.0	0.001	0.001	0.001	0.001	0.0	0.0	0.0	0.0	0.001	0.0	0.0	0.0	0.0	0.0	0.001	0.0	0.0	0.0	0.001	0.0	0.0	0.0	0.001	0.001	0.001	0.001	0.001	0.0	0.001	0.001	0.001	0.002	0.001	0.001	0.001	0.001	0.0	0.001
Thermanaerovibrio	0.001	0.001	0.001	0.0	0.001	0.001	0.0	0.0	0.0	0.0	0.0	0.0	0.001	0.001	0.001	0.0	0.001	0.001	0.001	0.001	0.0	0.0	0.0	0.0	0.001	0.0	0.001	0.001	0.001	0.0	0.0	0.0	0.001	0.001	0.001	0.001	0.0	0.0	0.0	0.0	0.001	0.001	0.001	0.001	0.001	0.001	0.001	0.001
Ectothiorhodosinus	0.001	0.0	0.001	0.001	0.001	0.001	0.001	0.0	0.0	0.0	0.001	0.001	0.001	0.001	0.001	0.001	0.001	0.0	0.001	0.001	0.0	0.0	0.0	0.0	0.0	0.0	0.001	0.0	0.0	0.0	0.0	0.0	0.001	0.001	0.001	0.001	0.0	0.0	0.001	0.0	0.001	0.001	0.001	0.001	0.001	0.001	0.0	0.001
Shouchella	0.001	0.001	0.001	0.0	0.001	0.001	0.001	0.0	0.0	0.0	0.001	0.001	0.0	0.001	0.0	0.0	0.0	0.0	0.0	0.001	0.0	0.001	0.0	0.001	0.001	0.0	0.0	0.0	0.0	0.0	0.0	0.0	0.001	0.001	0.001	0.001	0.001	0.001	0.001	0.001	0.001	0.001	0.001	0.001	0.001	0.001	0.0	0.001
Caproicibacter	0.001	0.0	0.001	0.001	0.0	0.0	0.001	0.0	0.0	0.001	0.001	0.001	0.001	0.001	0.0	0.001	0.001	0.0	0.0	0.001	0.0	0.0	0.0	0.0	0.001	0.0	0.001	0.0	0.0	0.0	0.0	0.0	0.001	0.001	0.001	0.0	0.0	0.001	0.001	0.0	0.001	0.001	0.002	0.001	0.001	0.001	0.001	0.001
Caproicibacterium	0.001	0.001	0.0	0.001	0.001	0.001	0.001	0.0	0.0	0.0	0.001	0.001	0.001	0.001	0.001	0.0	0.0	0.0	0.0	0.001	0.001	0.0	0.0	0.0	0.0	0.0	0.001	0.0	0.001	0.001	0.0	0.0	0.0	0.001	0.001	0.0	0.001	0.001	0.0	0.0	0.001	0.001	0.001	0.001	0.001	0.001	0.001	0.001
Gloeothece	0.001	0.001	0.0	0.001	0.001	0.001	0.002	0.001	0.001	0.001	0.001	0.001	0.001	0.001	0.001	0.001	0.0	0.0	0.001	0.0	0.0	0.0	0.0	0.0	0.0	0.0	0.0	0.0	0.0	0.0	0.0	0.0	0.001	0.001	0.001	0.001	0.001	0.001	0.0	0.0	0.001	0.0	0.001	0.0	0.001	0.0	0.001	0.001
Candidatus Vondammii	0.001	0.001	0.001	0.001	0.001	0.0	0.001	0.0	0.0	0.001	0.001	0.001	0.001	0.0	0.001	0.001	0.001	0.0	0.0	0.0	0.001	0.0	0.0	0.0	0.0	0.0	0.001	0.0	0.0	0.0	0.0	0.0	0.0	0.0	0.001	0.001	0.001	0.001	0.001	0.001	0.001	0.001	0.001	0.001	0.001	0.001	0.0	0.001
Arcticibacterium	0.001	0.001	0.001	0.001	0.001	0.001	0.001	0.001	0.0	0.0	0.001	0.001	0.0	0.0	0.001	0.0	0.0	0.0	0.0	0.001	0.0	0.0	0.0	0.0	0.001	0.0	0.001	0.0	0.0	0.001	0.0	0.0	0.001	0.0	0.001	0.001	0.001	0.001	0.001	0.0	0.001	0.001	0.001	0.001	0.001	0.001	0.0	0.001
Catenovulum	0.001	0.001	0.001	0.001	0.001	0.001	0.001	0.001	0.0	0.001	0.001	0.001	0.001	0.001	0.0	0.001	0.0	0.0	0.0	0.0	0.0	0.0	0.0	0.0	0.001	0.0	0.0	0.0	0.0	0.0	0.001	0.0	0.001	0.0	0.001	0.001	0.001	0.0	0.001	0.001	0.0	0.001	0.001	0.001	0.001	0.001	0.0	0.001
Piscirickettsia	0.001	0.001	0.001	0.001	0.001	0.001	0.002	0.001	0.001	0.0	0.0	0.001	0.001	0.001	0.001	0.001	0.0	0.0	0.001	0.0	0.0	0.0	0.0	0.0	0.0	0.0	0.0	0.0	0.0	0.0	0.0	0.0	0.001	0.001	0.001	0.0	0.001	0.0	0.0	0.001	0.001	0.001	0.001	0.001	0.001	0.0	0.001	0.001
Guillardia	0.0	0.0	0.0	0.001	0.001	0.001	0.001	0.002	0.0	0.001	0.001	0.001	0.002	0.002	0.001	0.0	0.001	0.0	0.0	0.0	0.0	0.0	0.0	0.0	0.0	0.001	0.0	0.0	0.001	0.0	0.001	0.0	0.001	0.001	0.001	0.0	0.0	0.0	0.001	0.001	0.0	0.001	0.001	0.0	0.001	0.001	0.0	0.001
Candidatus Southlakia	0.001	0.0	0.001	0.0	0.001	0.0	0.002	0.0	0.0	0.0	0.0	0.001	0.001	0.001	0.001	0.0	0.001	0.001	0.001	0.001	0.002	0.001	0.001	0.001	0.001	0.001	0.0	0.001	0.001	0.001	0.001	0.001	0.0	0.001	0.0	0.0	0.001	0.0	0.0	0.0	0.001	0.0	0.0	0.0	0.0	0.0	0.0	0.0
Scandinavium	0.001	0.0	0.0	0.0	0.001	0.001	0.001	0.001	0.0	0.001	0.001	0.003	0.001	0.001	0.001	0.003	0.0	0.0	0.0	0.0	0.0	0.0	0.0	0.0	0.0	0.0	0.0	0.0	0.0	0.0	0.0	0.0	0.0	0.001	0.001	0.001	0.0	0.0	0.001	0.001	0.001	0.001	0.001	0.001	0.001	0.001	0.0	0.001
Tepidibacter	0.0	0.0	0.001	0.001	0.0	0.001	0.001	0.001	0.001	0.001	0.0	0.001	0.001	0.0	0.0	0.001	0.0	0.0	0.0	0.0	0.0	0.0	0.0	0.0	0.0	0.0	0.0	0.0	0.0	0.0	0.0	0.0	0.003	0.001	0.001	0.002	0.001	0.001	0.002	0.003	0.0	0.0	0.001	0.0	0.002	0.0	0.0	0.001
Tissierella	0.001	0.001	0.001	0.001	0.0	0.001	0.001	0.001	0.001	0.001	0.0	0.001	0.0	0.001	0.001	0.001	0.0	0.001	0.001	0.0	0.0	0.0	0.0	0.001	0.0	0.0	0.0	0.0	0.001	0.0	0.001	0.0	0.001	0.001	0.0	0.0	0.0	0.001	0.001	0.002	0.0	0.0	0.001	0.0	0.001	0.0	0.0	0.001
Zhongshania	0.001	0.001	0.001	0.001	0.001	0.001	0.001	0.001	0.001	0.0	0.001	0.001	0.001	0.001	0.0	0.0	0.001	0.0	0.001	0.0	0.0	0.0	0.0	0.0	0.001	0.0	0.001	0.0	0.001	0.0	0.0	0.0	0.0	0.0	0.001	0.001	0.001	0.0	0.0	0.0	0.001	0.001	0.001	0.001	0.0	0.001	0.0	0.001
Cyclonatronum	0.001	0.001	0.001	0.0	0.001	0.001	0.0	0.0	0.0	0.0	0.001	0.0	0.0	0.0	0.0	0.0	0.0	0.0	0.001	0.001	0.0	0.001	0.001	0.0	0.0	0.0	0.0	0.0	0.0	0.0	0.001	0.0	0.001	0.001	0.001	0.0	0.001	0.001	0.0	0.001	0.002	0.001	0.001	0.002	0.001	0.001	0.001	0.001
Desulfolithobacter	0.001	0.001	0.001	0.001	0.001	0.001	0.001	0.001	0.0	0.0	0.0	0.001	0.001	0.001	0.0	0.0	0.0	0.0	0.001	0.0	0.0	0.0	0.0	0.0	0.0	0.0	0.0	0.0	0.0	0.0	0.0	0.0	0.001	0.001	0.001	0.001	0.001	0.001	0.0	0.001	0.001	0.001	0.001	0.001	0.001	0.001	0.001	0.001
Alkaliphilus	0.001	0.001	0.0	0.001	0.001	0.001	0.001	0.001	0.001	0.001	0.001	0.001	0.001	0.0	0.001	0.001	0.0	0.0	0.0	0.0	0.0	0.0	0.0	0.0	0.0	0.0	0.0	0.0	0.001	0.0	0.0	0.0	0.001	0.001	0.0	0.0	0.001	0.001	0.001	0.001	0.001	0.0	0.001	0.001	0.001	0.0	0.001	0.001
Devriesea	0.001	0.001	0.0	0.001	0.001	0.0	0.001	0.0	0.0	0.0	0.0	0.0	0.001	0.001	0.0	0.0	0.001	0.0	0.0	0.001	0.0	0.0	0.001	0.0	0.0	0.0	0.001	0.0	0.0	0.0	0.001	0.0	0.001	0.001	0.001	0.001	0.001	0.001	0.001	0.001	0.001	0.001	0.001	0.001	0.001	0.001	0.0	0.001
Spirochaeta	0.001	0.002	0.002	0.001	0.001	0.001	0.001	0.0	0.0	0.001	0.001	0.001	0.001	0.0	0.001	0.0	0.0	0.0	0.0	0.001	0.0	0.0	0.0	0.0	0.0	0.0	0.0	0.0	0.0	0.0	0.0	0.0	0.001	0.001	0.0	0.0	0.0	0.001	0.001	0.001	0.001	0.001	0.001	0.001	0.001	0.001	0.0	0.001
Oecophyllibacter	0.001	0.001	0.001	0.0	0.001	0.001	0.001	0.0	0.0	0.0	0.001	0.001	0.001	0.001	0.0	0.0	0.0	0.0	0.0	0.0	0.001	0.0	0.0	0.0	0.0	0.0	0.001	0.0	0.0	0.0	0.001	0.0	0.0	0.001	0.001	0.001	0.001	0.0	0.001	0.0	0.001	0.001	0.001	0.002	0.001	0.001	0.001	0.001
Fervidobacterium	0.001	0.001	0.001	0.001	0.001	0.0	0.001	0.001	0.001	0.0	0.0	0.0	0.001	0.0	0.001	0.0	0.0	0.0	0.001	0.0	0.001	0.0	0.0	0.002	0.0	0.0	0.0	0.0	0.001	0.0	0.0	0.0	0.001	0.001	0.001	0.001	0.001	0.001	0.0	0.0	0.0	0.0	0.001	0.001	0.001	0.001	0.001	0.001
Saccharophagus	0.002	0.002	0.001	0.001	0.002	0.001	0.002	0.001	0.0	0.0	0.001	0.001	0.0	0.001	0.001	0.0	0.0	0.0	0.0	0.0	0.0	0.0	0.0	0.0	0.001	0.0	0.0	0.0	0.001	0.0	0.0	0.0	0.001	0.001	0.001	0.0	0.001	0.0	0.0	0.0	0.001	0.0	0.001	0.001	0.001	0.0	0.0	0.001
Hydrogenovibrio	0.001	0.001	0.0	0.001	0.001	0.001	0.001	0.001	0.001	0.0	0.001	0.001	0.001	0.0	0.0	0.0	0.0	0.0	0.0	0.0	0.001	0.0	0.0	0.0	0.0	0.0	0.0	0.0	0.0	0.0	0.0	0.0	0.0	0.001	0.001	0.001	0.001	0.0	0.001	0.001	0.001	0.001	0.001	0.001	0.001	0.001	0.001	0.001
Gilvibacter	0.001	0.001	0.001	0.001	0.001	0.001	0.001	0.001	0.0	0.0	0.001	0.0	0.001	0.0	0.0	0.0	0.001	0.001	0.001	0.001	0.0	0.0	0.001	0.0	0.0	0.001	0.001	0.0	0.001	0.0	0.001	0.001	0.0	0.001	0.0	0.0	0.0	0.001	0.0	0.001	0.001	0.0	0.001	0.0	0.0	0.0	0.0	0.001
Pusillibacter	0.001	0.001	0.002	0.001	0.0	0.0	0.001	0.0	0.001	0.0	0.0	0.001	0.001	0.001	0.001	0.0	0.001	0.0	0.0	0.001	0.0	0.001	0.0	0.0	0.0	0.0	0.0	0.0	0.0	0.0	0.0	0.0	0.0	0.0	0.001	0.0	0.001	0.001	0.001	0.0	0.001	0.001	0.001	0.001	0.001	0.001	0.001	0.001
Anaerolinea	0.001	0.001	0.001	0.001	0.001	0.001	0.001	0.0	0.0	0.0	0.001	0.001	0.001	0.001	0.001	0.0	0.0	0.0	0.0	0.0	0.0	0.0	0.0	0.0	0.0	0.0	0.001	0.0	0.0	0.0	0.0	0.0	0.0	0.001	0.001	0.001	0.001	0.001	0.0	0.001	0.001	0.001	0.001	0.001	0.001	0.001	0.0	0.001
Desulfoscipio	0.001	0.001	0.001	0.001	0.001	0.0	0.0	0.001	0.001	0.0	0.001	0.0	0.001	0.001	0.0	0.0	0.0	0.0	0.001	0.0	0.0	0.0	0.0	0.0	0.001	0.0	0.0	0.0	0.0	0.0	0.0	0.0	0.001	0.001	0.0	0.001	0.0	0.001	0.001	0.001	0.001	0.001	0.001	0.001	0.001	0.001	0.0	0.001
Desulfosediminicola	0.001	0.001	0.001	0.001	0.0	0.0	0.001	0.0	0.0	0.0	0.001	0.0	0.0	0.001	0.001	0.0	0.001	0.0	0.0	0.0	0.0	0.0	0.0	0.0	0.001	0.0	0.0	0.0	0.001	0.0	0.0	0.0	0.001	0.001	0.001	0.001	0.001	0.001	0.0	0.001	0.001	0.001	0.001	0.001	0.001	0.001	0.0	0.001
Bermanella	0.001	0.001	0.0	0.001	0.001	0.001	0.001	0.001	0.0	0.001	0.001	0.001	0.001	0.001	0.0	0.001	0.0	0.0	0.0	0.0	0.0	0.0	0.0	0.0	0.0	0.0	0.0	0.0	0.001	0.0	0.0	0.0	0.001	0.0	0.001	0.001	0.0	0.0	0.0	0.001	0.001	0.001	0.001	0.001	0.001	0.001	0.0	0.001
Salicibibacter	0.001	0.001	0.0	0.001	0.001	0.001	0.001	0.001	0.0	0.0	0.0	0.001	0.001	0.001	0.0	0.0	0.0	0.0	0.0	0.0	0.0	0.0	0.0	0.0	0.0	0.0	0.001	0.0	0.0	0.0	0.0	0.0	0.001	0.001	0.001	0.0	0.001	0.0	0.001	0.001	0.001	0.001	0.001	0.001	0.001	0.001	0.001	0.001
Ethanoligenens	0.001	0.001	0.0	0.0	0.001	0.001	0.001	0.0	0.0	0.0	0.001	0.001	0.0	0.001	0.0	0.0	0.001	0.0	0.0	0.0	0.001	0.0	0.001	0.0	0.0	0.0	0.001	0.0	0.0	0.001	0.0	0.0	0.0	0.001	0.001	0.001	0.0	0.001	0.001	0.0	0.001	0.001	0.001	0.001	0.001	0.001	0.0	0.001
Maricurvus	0.002	0.001	0.001	0.001	0.002	0.001	0.001	0.001	0.0	0.0	0.001	0.001	0.0	0.001	0.0	0.0	0.0	0.0	0.001	0.0	0.001	0.0	0.0	0.0	0.0	0.0	0.0	0.001	0.0	0.0	0.0	0.0	0.0	0.0	0.0	0.001	0.0	0.0	0.001	0.0	0.001	0.001	0.001	0.001	0.001	0.001	0.0	0.001
Latilactobacillus	0.0	0.001	0.001	0.001	0.001	0.001	0.001	0.001	0.001	0.0	0.001	0.001	0.001	0.001	0.001	0.0	0.0	0.0	0.001	0.001	0.0	0.0	0.0	0.0	0.0	0.0	0.0	0.0	0.0	0.0	0.0	0.0	0.001	0.001	0.0	0.001	0.0	0.0	0.0	0.001	0.001	0.001	0.001	0.001	0.001	0.0	0.0	0.001
Lentibacter	0.001	0.001	0.0	0.001	0.0	0.0	0.001	0.0	0.0	0.0	0.0	0.001	0.001	0.0	0.001	0.0	0.001	0.0	0.001	0.001	0.001	0.0	0.001	0.0	0.0	0.0	0.001	0.0	0.001	0.001	0.0	0.0	0.0	0.001	0.0	0.001	0.0	0.0	0.001	0.0	0.001	0.001	0.001	0.001	0.001	0.001	0.0	0.001
Nitrosophilus	0.001	0.001	0.0	0.001	0.0	0.001	0.0	0.003	0.001	0.001	0.001	0.0	0.0	0.0	0.0	0.001	0.0	0.001	0.001	0.0	0.001	0.001	0.0	0.0	0.0	0.0	0.0	0.0	0.0	0.0	0.0	0.0	0.001	0.001	0.001	0.001	0.0	0.0	0.001	0.0	0.001	0.0	0.001	0.001	0.001	0.0	0.0	0.001
Neptunomonas	0.001	0.001	0.001	0.001	0.001	0.001	0.001	0.001	0.001	0.0	0.001	0.001	0.001	0.0	0.0	0.001	0.0	0.0	0.0	0.0	0.0	0.0	0.0	0.0	0.001	0.0	0.0	0.001	0.0	0.0	0.0	0.0	0.001	0.001	0.0	0.001	0.001	0.0	0.0	0.0	0.001	0.001	0.001	0.001	0.0	0.0	0.0	0.001
Kazachstania	0.0	0.0	0.001	0.001	0.0	0.001	0.001	0.001	0.001	0.001	0.001	0.001	0.0	0.0	0.0	0.001	0.0	0.001	0.001	0.0	0.0	0.0	0.0	0.0	0.0	0.0	0.0	0.0	0.001	0.0	0.0	0.0	0.001	0.001	0.001	0.001	0.0	0.001	0.0	0.002	0.001	0.0	0.001	0.0	0.001	0.0	0.001	0.0
Dehalobacter	0.001	0.0	0.0	0.0	0.001	0.001	0.0	0.001	0.0	0.0	0.001	0.001	0.001	0.0	0.0	0.001	0.0	0.0	0.001	0.001	0.0	0.0	0.0	0.0	0.001	0.0	0.001	0.0	0.0	0.0	0.0	0.0	0.001	0.001	0.001	0.001	0.0	0.0	0.0	0.001	0.001	0.001	0.001	0.001	0.001	0.001	0.0	0.001
Halosquirtibacter	0.001	0.001	0.001	0.001	0.0	0.001	0.001	0.001	0.0	0.0	0.001	0.001	0.001	0.0	0.0	0.001	0.0	0.0	0.0	0.0	0.0	0.0	0.0	0.0	0.001	0.0	0.0	0.0	0.0	0.0	0.0	0.0	0.001	0.001	0.001	0.001	0.0	0.001	0.0	0.001	0.001	0.001	0.001	0.001	0.001	0.0	0.0	0.001
Acaryochloris	0.001	0.0	0.0	0.001	0.0	0.0	0.001	0.001	0.0	0.0	0.001	0.001	0.001	0.001	0.001	0.0	0.0	0.0	0.001	0.0	0.0	0.0	0.0	0.001	0.0	0.0	0.001	0.0	0.0	0.0	0.0	0.0	0.0	0.001	0.001	0.001	0.0	0.001	0.0	0.001	0.001	0.001	0.001	0.001	0.001	0.001	0.0	0.001
Duodenibacillus	0.001	0.001	0.001	0.001	0.001	0.0	0.001	0.0	0.0	0.0	0.001	0.001	0.001	0.001	0.0	0.0	0.0	0.0	0.001	0.0	0.0	0.0	0.0	0.0	0.0	0.0	0.0	0.0	0.0	0.0	0.0	0.0	0.001	0.001	0.001	0.0	0.0	0.0	0.001	0.001	0.001	0.001	0.001	0.001	0.001	0.001	0.001	0.001
Chordicoccus	0.001	0.001	0.0	0.001	0.0	0.001	0.0	0.0	0.0	0.0	0.0	0.001	0.001	0.0	0.0	0.0	0.001	0.0	0.0	0.001	0.0	0.001	0.0	0.0	0.0	0.0	0.001	0.0	0.0	0.001	0.0	0.0	0.0	0.001	0.001	0.0	0.001	0.001	0.0	0.001	0.001	0.001	0.001	0.001	0.001	0.001	0.0	0.001
Aureibacter	0.001	0.001	0.001	0.001	0.001	0.001	0.001	0.001	0.001	0.0	0.001	0.001	0.001	0.0	0.001	0.0	0.0	0.0	0.0	0.0	0.0	0.0	0.0	0.0	0.001	0.0	0.0	0.0	0.0	0.0	0.0	0.0	0.001	0.0	0.001	0.0	0.0	0.0	0.001	0.0	0.001	0.001	0.001	0.001	0.001	0.0	0.0	0.001
Tolumonas	0.001	0.0	0.001	0.0	0.001	0.0	0.0	0.0	0.0	0.0	0.001	0.001	0.001	0.001	0.0	0.0	0.001	0.0	0.001	0.0	0.0	0.0	0.0	0.0	0.0	0.0	0.001	0.0	0.001	0.0	0.0	0.0	0.001	0.001	0.0	0.001	0.001	0.001	0.001	0.001	0.001	0.001	0.001	0.001	0.0	0.0	0.0	0.001
Winslowiella	0.001	0.0	0.001	0.001	0.0	0.001	0.001	0.001	0.0	0.0	0.0	0.001	0.001	0.001	0.0	0.0	0.0	0.0	0.001	0.0	0.0	0.0	0.0	0.0	0.0	0.0	0.001	0.0	0.0	0.0	0.0	0.0	0.0	0.001	0.001	0.001	0.0	0.001	0.001	0.001	0.001	0.001	0.001	0.001	0.001	0.001	0.0	0.0
Liquorilactobacillus	0.001	0.001	0.001	0.001	0.0	0.001	0.0	0.001	0.0	0.0	0.0	0.001	0.001	0.001	0.0	0.001	0.0	0.0	0.0	0.0	0.0	0.0	0.0	0.0	0.0	0.0	0.0	0.001	0.0	0.0	0.0	0.0	0.001	0.001	0.001	0.001	0.001	0.0	0.0	0.001	0.001	0.001	0.001	0.001	0.001	0.0	0.0	0.001
Alphabaculovirus	0.001	0.001	0.0	0.0	0.001	0.001	0.001	0.002	0.0	0.0	0.0	0.0	0.001	0.0	0.001	0.001	0.0	0.0	0.0	0.001	0.0	0.0	0.0	0.0	0.0	0.0	0.0	0.0	0.0	0.0	0.0	0.0	0.001	0.001	0.001	0.001	0.001	0.001	0.001	0.001	0.0	0.001	0.001	0.001	0.001	0.0	0.0	0.0
Gillisia	0.001	0.001	0.0	0.001	0.002	0.001	0.001	0.001	0.0	0.0	0.001	0.001	0.001	0.0	0.001	0.001	0.0	0.0	0.0	0.001	0.0	0.0	0.0	0.0	0.0	0.001	0.001	0.0	0.0	0.0	0.0	0.0	0.0	0.0	0.0	0.0	0.001	0.0	0.0	0.001	0.001	0.001	0.0	0.001	0.001	0.0	0.0	0.001
Aegicerativicinus	0.001	0.001	0.001	0.001	0.001	0.001	0.001	0.001	0.0	0.001	0.0	0.0	0.0	0.0	0.001	0.001	0.0	0.0	0.0	0.0	0.0	0.0	0.0	0.0	0.0	0.0	0.0	0.0	0.0	0.0	0.0	0.0	0.001	0.001	0.001	0.001	0.001	0.001	0.0	0.001	0.001	0.001	0.0	0.001	0.001	0.001	0.0	0.0
Aureibaculum	0.001	0.001	0.001	0.001	0.001	0.001	0.001	0.001	0.0	0.001	0.001	0.001	0.0	0.001	0.001	0.0	0.0	0.0	0.0	0.0	0.0	0.0	0.0	0.0	0.0	0.0	0.0	0.001	0.0	0.0	0.0	0.0	0.001	0.001	0.0	0.0	0.001	0.0	0.0	0.001	0.001	0.001	0.0	0.001	0.0	0.001	0.0	0.001
Salinispirillum	0.0	0.001	0.001	0.0	0.001	0.001	0.001	0.001	0.0	0.0	0.001	0.001	0.001	0.001	0.001	0.0	0.0	0.0	0.0	0.0	0.001	0.0	0.001	0.0	0.0	0.0	0.0	0.0	0.0	0.0	0.0	0.0	0.001	0.001	0.0	0.001	0.0	0.0	0.001	0.0	0.001	0.001	0.0	0.001	0.001	0.0	0.001	0.001
Agaribacterium	0.0	0.001	0.001	0.0	0.001	0.001	0.0	0.0	0.0	0.0	0.0	0.001	0.001	0.001	0.001	0.0	0.0	0.0	0.001	0.001	0.001	0.0	0.002	0.0	0.0	0.0	0.001	0.001	0.001	0.0	0.0	0.0	0.001	0.0	0.0	0.001	0.0	0.0	0.001	0.0	0.0	0.002	0.001	0.001	0.0	0.0	0.0	0.0
Candidatus Megaera	0.001	0.002	0.005	0.001	0.006999999999999999	0.002	0.002	0.001	0.0	0.0	0.0	0.0	0.0	0.0	0.0	0.0	0.0	0.0	0.0	0.0	0.0	0.0	0.0	0.0	0.0	0.0	0.0	0.0	0.0	0.0	0.0	0.0	0.0	0.0	0.0	0.0	0.0	0.0	0.0	0.0	0.0	0.0	0.0	0.0	0.001	0.0	0.0	0.001
Sanyastnella	0.001	0.001	0.001	0.001	0.001	0.001	0.001	0.001	0.0	0.0	0.001	0.001	0.001	0.0	0.001	0.0	0.0	0.0	0.0	0.0	0.0	0.001	0.0	0.0	0.0	0.0	0.0	0.0	0.0	0.0	0.0	0.0	0.001	0.0	0.0	0.001	0.0	0.001	0.001	0.001	0.001	0.001	0.001	0.001	0.0	0.0	0.0	0.0
Owenweeksia	0.001	0.001	0.001	0.001	0.001	0.001	0.001	0.001	0.0	0.0	0.001	0.001	0.0	0.0	0.0	0.0	0.0	0.0	0.0	0.0	0.0	0.0	0.0	0.0	0.0	0.0	0.0	0.0	0.0	0.001	0.0	0.0	0.001	0.0	0.0	0.001	0.0	0.001	0.001	0.001	0.001	0.001	0.001	0.001	0.001	0.0	0.0	0.001
Candidatus Electrothrix	0.001	0.001	0.0	0.001	0.001	0.001	0.001	0.001	0.0	0.0	0.001	0.001	0.001	0.0	0.0	0.0	0.0	0.0	0.0	0.0	0.0	0.0	0.0	0.0	0.0	0.0	0.0	0.0	0.0	0.0	0.0	0.0	0.001	0.001	0.001	0.001	0.0	0.001	0.0	0.0	0.001	0.001	0.001	0.001	0.001	0.001	0.0	0.001
Hwangdonia	0.001	0.0	0.001	0.001	0.001	0.001	0.001	0.001	0.0	0.0	0.001	0.001	0.001	0.0	0.0	0.0	0.0	0.0	0.0	0.0	0.001	0.0	0.0	0.0	0.0	0.0	0.0	0.0	0.0	0.0	0.0	0.0	0.001	0.0	0.001	0.001	0.001	0.0	0.0	0.001	0.001	0.001	0.0	0.001	0.001	0.0	0.001	0.001
Pleurocapsa	0.001	0.001	0.0	0.001	0.001	0.0	0.0	0.001	0.0	0.0	0.001	0.001	0.001	0.001	0.0	0.0	0.0	0.0	0.0	0.0	0.0	0.0	0.0	0.0	0.0	0.0	0.0	0.0	0.0	0.0	0.0	0.0	0.0	0.001	0.001	0.001	0.001	0.001	0.0	0.0	0.001	0.001	0.001	0.001	0.001	0.001	0.001	0.001
Bergeriella	0.001	0.001	0.0	0.001	0.001	0.0	0.001	0.0	0.0	0.0	0.001	0.001	0.0	0.0	0.0	0.0	0.0	0.0	0.0	0.0	0.0	0.0	0.001	0.0	0.0	0.0	0.0	0.0	0.001	0.001	0.0	0.0	0.0	0.001	0.001	0.0	0.001	0.0	0.001	0.001	0.001	0.001	0.001	0.001	0.001	0.001	0.0	0.001
Azohydromonas	0.001	0.001	0.0	0.001	0.001	0.001	0.0	0.0	0.001	0.0	0.001	0.001	0.001	0.0	0.0	0.001	0.0	0.0	0.0	0.0	0.0	0.0	0.0	0.0	0.0	0.0	0.001	0.0	0.0	0.0	0.0	0.0	0.001	0.0	0.0	0.0	0.001	0.0	0.001	0.0	0.001	0.001	0.001	0.001	0.001	0.001	0.001	0.001
Ephemeroptericola	0.001	0.001	0.001	0.001	0.001	0.001	0.0	0.001	0.0	0.001	0.001	0.0	0.001	0.0	0.0	0.0	0.0	0.0	0.0	0.0	0.0	0.0	0.0	0.0	0.0	0.0	0.0	0.0	0.0	0.0	0.0	0.0	0.001	0.0	0.001	0.001	0.001	0.001	0.0	0.0	0.001	0.001	0.001	0.001	0.001	0.001	0.0	0.001
Paramixta	0.0	0.001	0.001	0.0	0.0	0.0	0.001	0.0	0.0	0.0	0.001	0.001	0.001	0.0	0.0	0.001	0.0	0.0	0.001	0.001	0.0	0.0	0.0	0.0	0.0	0.0	0.001	0.0	0.0	0.0	0.0	0.0	0.001	0.001	0.001	0.001	0.0	0.0	0.0	0.001	0.001	0.0	0.001	0.001	0.001	0.001	0.001	0.001
Bacterioplanes	0.001	0.001	0.001	0.001	0.001	0.0	0.0	0.0	0.0	0.0	0.001	0.001	0.001	0.001	0.0	0.0	0.0	0.0	0.001	0.0	0.0	0.0	0.0	0.0	0.0	0.0	0.0	0.0	0.001	0.0	0.0	0.0	0.0	0.001	0.0	0.001	0.0	0.001	0.001	0.001	0.001	0.001	0.001	0.001	0.0	0.001	0.0	0.001
Thermoanaerobacter	0.001	0.001	0.0	0.0	0.001	0.0	0.0	0.001	0.0	0.0	0.001	0.0	0.001	0.0	0.0	0.001	0.0	0.0	0.0	0.0	0.0	0.0	0.0	0.0	0.0	0.0	0.0	0.0	0.001	0.0	0.0	0.0	0.001	0.001	0.001	0.001	0.001	0.001	0.001	0.001	0.001	0.0	0.001	0.001	0.001	0.0	0.001	0.001
Candidatus Kinetoplastidibacterium	0.001	0.001	0.0	0.001	0.001	0.001	0.0	0.001	0.0	0.001	0.001	0.0	0.001	0.0	0.0	0.0	0.0	0.0	0.001	0.0	0.0	0.0	0.0	0.0	0.0	0.0	0.0	0.0	0.0	0.0	0.0	0.001	0.001	0.001	0.001	0.001	0.0	0.0	0.001	0.001	0.0	0.0	0.001	0.001	0.001	0.0	0.0	0.001
Paralysiella	0.001	0.001	0.0	0.0	0.001	0.001	0.001	0.0	0.0	0.001	0.001	0.001	0.0	0.001	0.0	0.0	0.001	0.0	0.0	0.0	0.0	0.0	0.0	0.0	0.0	0.0	0.0	0.0	0.0	0.0	0.0	0.0	0.0	0.0	0.001	0.0	0.001	0.001	0.0	0.001	0.001	0.001	0.001	0.001	0.001	0.001	0.0	0.001
Candidatus Kuenenia	0.0	0.001	0.001	0.001	0.001	0.0	0.001	0.0	0.0	0.0	0.001	0.0	0.001	0.001	0.0	0.0	0.0	0.0	0.0	0.0	0.0	0.0	0.0	0.001	0.0	0.0	0.0	0.0	0.0	0.0	0.0	0.001	0.0	0.0	0.001	0.001	0.0	0.0	0.0	0.001	0.001	0.001	0.001	0.001	0.001	0.001	0.001	0.001
Moellerella	0.0	0.001	0.0	0.001	0.0	0.001	0.0	0.001	0.0	0.001	0.001	0.001	0.0	0.0	0.0	0.0	0.0	0.0	0.0	0.0	0.0	0.001	0.0	0.0	0.0	0.0	0.0	0.0	0.001	0.0	0.001	0.0	0.0	0.001	0.001	0.0	0.001	0.0	0.001	0.001	0.001	0.001	0.001	0.0	0.001	0.0	0.001	0.001
Limibacterium	0.0	0.001	0.001	0.0	0.001	0.001	0.001	0.001	0.0	0.0	0.001	0.0	0.001	0.0	0.0	0.0	0.0	0.0	0.001	0.0	0.0	0.0	0.0	0.0	0.0	0.0	0.0	0.0	0.0	0.001	0.0	0.0	0.0	0.001	0.001	0.001	0.0	0.001	0.0	0.001	0.001	0.001	0.0	0.001	0.001	0.001	0.0	0.001
Halomicronema	0.0	0.001	0.001	0.001	0.001	0.001	0.0	0.0	0.0	0.0	0.001	0.0	0.0	0.0	0.0	0.001	0.001	0.0	0.0	0.001	0.0	0.0	0.0	0.0	0.0	0.0	0.0	0.0	0.0	0.0	0.0	0.0	0.0	0.001	0.0	0.001	0.0	0.001	0.001	0.0	0.001	0.001	0.001	0.001	0.001	0.001	0.0	0.001
Aeribacillus	0.0	0.0	0.0	0.001	0.001	0.001	0.0	0.001	0.0	0.0	0.0	0.0	0.0	0.0	0.0	0.001	0.0	0.001	0.001	0.0	0.0	0.001	0.0	0.0	0.0	0.0	0.0	0.0	0.0	0.001	0.001	0.0	0.0	0.001	0.0	0.001	0.0	0.001	0.0	0.001	0.001	0.001	0.0	0.001	0.001	0.0	0.001	0.001
Candidatus Sulfidibacterium	0.0	0.001	0.001	0.001	0.001	0.001	0.001	0.0	0.0	0.0	0.001	0.001	0.0	0.0	0.0	0.0	0.0	0.0	0.0	0.0	0.0	0.0	0.0	0.0	0.0	0.0	0.0	0.0	0.0	0.0	0.0	0.0	0.001	0.001	0.001	0.001	0.0	0.001	0.001	0.0	0.001	0.001	0.001	0.001	0.0	0.001	0.0	0.001
Macellibacteroides	0.001	0.0	0.002	0.0	0.001	0.001	0.001	0.001	0.0	0.0	0.001	0.001	0.0	0.001	0.0	0.0	0.0	0.0	0.0	0.0	0.0	0.0	0.0	0.0	0.0	0.0	0.0	0.0	0.0	0.0	0.0	0.0	0.001	0.0	0.001	0.001	0.0	0.001	0.001	0.0	0.001	0.001	0.001	0.001	0.0	0.0	0.0	0.001
Lacimicrobium	0.001	0.0	0.001	0.001	0.001	0.0	0.0	0.0	0.0	0.0	0.001	0.001	0.001	0.001	0.0	0.0	0.0	0.0	0.0	0.0	0.0	0.0	0.0	0.0	0.0	0.0	0.001	0.0	0.0	0.0	0.0	0.0	0.001	0.001	0.0	0.0	0.0	0.001	0.001	0.0	0.001	0.001	0.001	0.001	0.001	0.0	0.001	0.001
Entomomonas	0.001	0.001	0.001	0.0	0.001	0.001	0.001	0.001	0.0	0.0	0.001	0.0	0.001	0.0	0.0	0.0	0.0	0.0	0.0	0.0	0.0	0.0	0.0	0.0	0.0	0.0	0.0	0.0	0.0	0.0	0.0	0.0	0.001	0.0	0.001	0.001	0.001	0.0	0.001	0.001	0.001	0.001	0.001	0.0	0.001	0.0	0.0	0.001
Odoribacter	0.0	0.0	0.001	0.001	0.001	0.001	0.0	0.001	0.0	0.0	0.001	0.001	0.0	0.001	0.001	0.0	0.0	0.0	0.0	0.0	0.0	0.0	0.0	0.001	0.0	0.0	0.001	0.0	0.0	0.0	0.0	0.0	0.001	0.0	0.001	0.001	0.0	0.0	0.001	0.001	0.001	0.001	0.001	0.0	0.0	0.0	0.0	0.001
Caldithrix	0.001	0.001	0.001	0.001	0.0	0.001	0.0	0.0	0.0	0.0	0.001	0.001	0.0	0.001	0.0	0.0	0.0	0.0	0.0	0.0	0.0	0.0	0.0	0.0	0.0	0.0	0.0	0.0	0.0	0.0	0.0	0.0	0.001	0.001	0.001	0.0	0.001	0.001	0.0	0.0	0.001	0.001	0.001	0.001	0.001	0.001	0.0	0.001
Alishewanella	0.001	0.001	0.001	0.001	0.001	0.001	0.001	0.001	0.0	0.0	0.0	0.001	0.001	0.001	0.001	0.0	0.0	0.0	0.0	0.0	0.0	0.0	0.0	0.0	0.0	0.0	0.0	0.0	0.0	0.0	0.001	0.0	0.0	0.0	0.0	0.001	0.0	0.0	0.0	0.001	0.001	0.001	0.001	0.001	0.0	0.0	0.0	0.001
Glaesserella	0.001	0.001	0.001	0.001	0.001	0.001	0.001	0.001	0.0	0.0	0.0	0.001	0.0	0.0	0.0	0.0	0.0	0.0	0.001	0.0	0.001	0.0	0.0	0.0	0.0	0.0	0.0	0.0	0.0	0.0	0.0	0.0	0.0	0.001	0.001	0.001	0.0	0.0	0.0	0.001	0.001	0.001	0.0	0.001	0.001	0.0	0.0	0.001
Candidatus Vallotiella	0.0	0.001	0.001	0.001	0.0	0.001	0.001	0.001	0.0	0.001	0.0	0.001	0.0	0.0	0.0	0.0	0.0	0.0	0.0	0.0	0.0	0.0	0.0	0.0	0.0	0.0	0.0	0.0	0.0	0.0	0.0	0.0	0.001	0.001	0.0	0.001	0.001	0.001	0.0	0.0	0.001	0.001	0.001	0.001	0.0	0.001	0.001	0.001
Tamlana	0.0	0.0	0.0	0.001	0.001	0.001	0.001	0.001	0.001	0.0	0.001	0.001	0.001	0.0	0.0	0.001	0.0	0.0	0.0	0.0	0.0	0.0	0.0	0.0	0.0	0.0	0.0	0.0	0.0	0.0	0.0	0.0	0.001	0.0	0.001	0.001	0.0	0.0	0.001	0.001	0.001	0.001	0.001	0.001	0.0	0.0	0.0	0.001
Coriobacterium	0.001	0.001	0.001	0.001	0.001	0.0	0.0	0.0	0.0	0.0	0.0	0.001	0.0	0.001	0.001	0.0	0.0	0.0	0.0	0.0	0.0	0.0	0.0	0.0	0.0	0.0	0.0	0.0	0.0	0.001	0.0	0.0	0.001	0.001	0.001	0.0	0.0	0.0	0.001	0.0	0.001	0.001	0.001	0.001	0.001	0.001	0.0	0.001
Chlorovirus	0.001	0.001	0.001	0.001	0.001	0.001	0.001	0.002	0.0	0.0	0.0	0.0	0.0	0.0	0.001	0.0	0.0	0.0	0.0	0.0	0.0	0.0	0.0	0.0	0.001	0.0	0.0	0.0	0.001	0.0	0.0	0.0	0.001	0.001	0.001	0.0	0.0	0.001	0.001	0.002	0.0	0.0	0.0	0.0	0.001	0.0	0.0	0.0
Salinicoccus	0.001	0.0	0.0	0.001	0.0	0.0	0.0	0.0	0.001	0.0	0.001	0.001	0.001	0.001	0.0	0.0	0.001	0.0	0.001	0.0	0.0	0.0	0.0	0.0	0.0	0.0	0.0	0.0	0.0	0.0	0.0	0.0	0.001	0.001	0.001	0.0	0.001	0.0	0.0	0.0	0.001	0.001	0.001	0.001	0.001	0.001	0.0	0.001
Jonesia	0.001	0.001	0.001	0.001	0.0	0.001	0.0	0.0	0.0	0.0	0.0	0.001	0.0	0.0	0.0	0.0	0.001	0.001	0.0	0.0	0.0	0.0	0.0	0.0	0.001	0.0	0.0	0.001	0.001	0.0	0.001	0.0	0.0	0.001	0.0	0.0	0.001	0.001	0.0	0.001	0.001	0.0	0.001	0.001	0.0	0.0	0.0	0.001
Thermodesulfovibrio	0.001	0.001	0.001	0.001	0.001	0.001	0.0	0.001	0.0	0.0	0.001	0.0	0.0	0.0	0.0	0.001	0.0	0.0	0.0	0.0	0.0	0.0	0.0	0.0	0.0	0.0	0.0	0.0	0.0	0.0	0.0	0.0	0.001	0.001	0.0	0.0	0.0	0.001	0.001	0.001	0.001	0.001	0.001	0.0	0.001	0.0	0.0	0.001
Actinobaculum	0.001	0.0	0.0	0.001	0.001	0.001	0.0	0.0	0.0	0.0	0.0	0.001	0.001	0.0	0.0	0.0	0.0	0.0	0.0	0.0	0.0	0.001	0.0	0.0	0.0	0.0	0.0	0.0	0.0	0.0	0.001	0.0	0.0	0.001	0.001	0.0	0.0	0.001	0.001	0.001	0.001	0.001	0.001	0.001	0.0	0.001	0.0	0.001
Alkalitalea	0.0	0.001	0.001	0.0	0.001	0.001	0.001	0.0	0.0	0.0	0.0	0.001	0.001	0.0	0.001	0.0	0.0	0.0	0.0	0.0	0.0	0.0	0.0	0.0	0.0	0.001	0.0	0.0	0.0	0.0	0.0	0.0	0.0	0.0	0.001	0.001	0.001	0.001	0.001	0.0	0.001	0.001	0.0	0.001	0.001	0.0	0.0	0.001
Xiashengella	0.001	0.0	0.001	0.001	0.001	0.001	0.002	0.001	0.0	0.0	0.001	0.0	0.001	0.0	0.001	0.0	0.0	0.0	0.0	0.0	0.0	0.0	0.0	0.0	0.0	0.0	0.0	0.0	0.0	0.0	0.0	0.0	0.001	0.0	0.001	0.001	0.0	0.001	0.001	0.001	0.001	0.0	0.0	0.0	0.0	0.0	0.0	0.001
Moorena	0.001	0.001	0.0	0.0	0.0	0.001	0.0	0.001	0.0	0.0	0.0	0.0	0.0	0.0	0.0	0.0	0.0	0.0	0.0	0.0	0.0	0.001	0.0	0.0	0.0	0.0	0.0	0.0	0.0	0.0	0.0	0.0	0.001	0.001	0.0	0.001	0.001	0.0	0.001	0.001	0.001	0.001	0.001	0.001	0.001	0.001	0.001	0.001
Leptodesmis	0.001	0.001	0.001	0.0	0.0	0.001	0.001	0.0	0.0	0.0	0.001	0.001	0.0	0.0	0.0	0.0	0.0	0.0	0.0	0.0	0.0	0.0	0.0	0.0	0.0	0.0	0.0	0.0	0.0	0.0	0.0	0.0	0.001	0.001	0.001	0.001	0.0	0.0	0.0	0.001	0.001	0.001	0.001	0.001	0.001	0.001	0.0	0.001
Algirhabdus	0.0	0.001	0.001	0.001	0.001	0.001	0.001	0.0	0.0	0.0	0.0	0.001	0.001	0.001	0.0	0.0	0.0	0.0	0.0	0.0	0.0	0.0	0.0	0.0	0.001	0.0	0.0	0.001	0.0	0.0	0.0	0.0	0.0	0.0	0.001	0.0	0.0	0.0	0.0	0.0	0.001	0.001	0.001	0.001	0.001	0.001	0.0	0.001
Rubellicoccus	0.001	0.001	0.001	0.001	0.0	0.001	0.001	0.0	0.0	0.0	0.001	0.001	0.0	0.001	0.0	0.0	0.0	0.0	0.001	0.0	0.0	0.0	0.0	0.0	0.0	0.0	0.001	0.0	0.0	0.0	0.0	0.0	0.0	0.0	0.001	0.0	0.0	0.0	0.001	0.0	0.001	0.001	0.001	0.001	0.0	0.001	0.0	0.001
Halovenus	0.0	0.0	0.0	0.0	0.0	0.0	0.001	0.0	0.0	0.0	0.0	0.001	0.0	0.001	0.0	0.0	0.0	0.0	0.001	0.0	0.0	0.0	0.0	0.0	0.0	0.0	0.001	0.0	0.001	0.001	0.001	0.0	0.001	0.001	0.001	0.001	0.0	0.0	0.0	0.001	0.001	0.001	0.001	0.001	0.0	0.001	0.0	0.001
Nodularia	0.001	0.0	0.001	0.0	0.0	0.001	0.0	0.001	0.0	0.0	0.001	0.001	0.001	0.0	0.0	0.0	0.0	0.0	0.0	0.0	0.0	0.0	0.0	0.0	0.0	0.0	0.0	0.0	0.0	0.0	0.0	0.0	0.001	0.001	0.001	0.0	0.0	0.001	0.0	0.001	0.001	0.001	0.001	0.001	0.001	0.001	0.0	0.001
Pelolinea	0.001	0.001	0.0	0.001	0.001	0.0	0.0	0.0	0.0	0.0	0.0	0.0	0.001	0.001	0.0	0.0	0.0	0.0	0.0	0.0	0.0	0.0	0.0	0.0	0.0	0.0	0.001	0.0	0.0	0.001	0.0	0.0	0.001	0.001	0.001	0.001	0.0	0.0	0.0	0.0	0.001	0.001	0.001	0.001	0.001	0.001	0.0	0.001
Vallitalea	0.0	0.001	0.0	0.0	0.001	0.001	0.001	0.002	0.001	0.0	0.0	0.0	0.0	0.0	0.0	0.0	0.0	0.0	0.001	0.0	0.0	0.0	0.0	0.001	0.0	0.0	0.0	0.0	0.0	0.0	0.0	0.0	0.001	0.001	0.001	0.001	0.0	0.001	0.001	0.001	0.001	0.0	0.001	0.0	0.001	0.0	0.0	0.0
Desulforamulus	0.001	0.0	0.001	0.0	0.001	0.0	0.001	0.001	0.0	0.0	0.001	0.0	0.001	0.001	0.0	0.0	0.0	0.0	0.0	0.0	0.0	0.0	0.0	0.0	0.0	0.0	0.0	0.0	0.001	0.0	0.0	0.0	0.0	0.001	0.0	0.001	0.0	0.0	0.001	0.001	0.001	0.001	0.001	0.001	0.001	0.0	0.0	0.001
Lysinibacter	0.001	0.001	0.0	0.0	0.0	0.001	0.001	0.0	0.0	0.0	0.0	0.0	0.001	0.0	0.0	0.0	0.001	0.001	0.0	0.0	0.0	0.0	0.0	0.0	0.001	0.0	0.0	0.001	0.001	0.0	0.0	0.0	0.0	0.001	0.0	0.0	0.001	0.0	0.0	0.001	0.001	0.001	0.001	0.001	0.0	0.001	0.0	0.001
Planktomarina	0.001	0.001	0.0	0.0	0.001	0.0	0.001	0.0	0.0	0.0	0.001	0.001	0.001	0.0	0.0	0.0	0.0	0.0	0.0	0.0	0.0	0.001	0.001	0.0	0.0	0.0	0.0	0.0	0.0	0.001	0.0	0.0	0.0	0.001	0.001	0.0	0.001	0.0	0.0	0.0	0.001	0.001	0.001	0.001	0.0	0.001	0.0	0.001
Coprococcus	0.001	0.001	0.001	0.0	0.0	0.0	0.0	0.001	0.0	0.001	0.0	0.001	0.0	0.0	0.001	0.0	0.0	0.0	0.0	0.0	0.0	0.0	0.0	0.0	0.0	0.0	0.0	0.0	0.0	0.0	0.0	0.0	0.001	0.001	0.002	0.001	0.001	0.001	0.0	0.001	0.001	0.001	0.0	0.0	0.001	0.0	0.0	0.001
Ezakiella	0.001	0.0	0.0	0.001	0.0	0.0	0.0	0.001	0.0	0.0	0.0	0.0	0.0	0.0	0.0	0.001	0.0	0.0	0.0	0.0	0.0	0.0	0.0	0.0	0.0	0.0	0.0	0.0	0.001	0.0	0.0	0.0	0.0	0.001	0.001	0.001	0.001	0.001	0.0	0.0	0.001	0.001	0.002	0.001	0.002	0.001	0.0	0.001
Terribacillus	0.0	0.001	0.0	0.001	0.001	0.0	0.0	0.001	0.0	0.0	0.0	0.0	0.001	0.001	0.001	0.0	0.0	0.0	0.0	0.0	0.0	0.0	0.0	0.0	0.0	0.0	0.001	0.0	0.0	0.0	0.0	0.0	0.001	0.001	0.0	0.0	0.0	0.0	0.0	0.001	0.001	0.001	0.001	0.001	0.0	0.001	0.001	0.001
Halanaerobium	0.001	0.0	0.0	0.001	0.0	0.001	0.0	0.001	0.0	0.0	0.0	0.001	0.001	0.001	0.0	0.001	0.0	0.0	0.001	0.0	0.0	0.0	0.0	0.0	0.0	0.0	0.0	0.0	0.001	0.0	0.0	0.0	0.001	0.001	0.001	0.0	0.0	0.001	0.001	0.001	0.0	0.0	0.001	0.0	0.001	0.0	0.0	0.0
Chamaesiphon	0.0	0.0	0.001	0.001	0.0	0.001	0.0	0.002	0.0	0.0	0.0	0.0	0.0	0.0	0.0	0.0	0.0	0.0	0.0	0.0	0.0	0.0	0.0	0.0	0.0	0.0	0.0	0.0	0.0	0.0	0.0	0.0	0.001	0.0	0.0	0.001	0.001	0.001	0.001	0.001	0.001	0.001	0.001	0.001	0.0	0.001	0.001	0.001
Galbibacter	0.001	0.001	0.001	0.0	0.0	0.001	0.001	0.001	0.0	0.0	0.001	0.0	0.0	0.0	0.001	0.0	0.0	0.0	0.0	0.0	0.0	0.0	0.0	0.0	0.0	0.0	0.0	0.0	0.0	0.001	0.0	0.0	0.001	0.0	0.001	0.001	0.001	0.0	0.001	0.0	0.001	0.001	0.0	0.0	0.001	0.0	0.0	0.001
Fibrobacter	0.001	0.0	0.0	0.0	0.0	0.001	0.001	0.0	0.0	0.001	0.001	0.001	0.0	0.001	0.0	0.0	0.0	0.0	0.0	0.0	0.0	0.0	0.0	0.0	0.0	0.0	0.0	0.0	0.001	0.0	0.0	0.0	0.0	0.001	0.001	0.001	0.0	0.0	0.001	0.0	0.001	0.001	0.001	0.001	0.0	0.001	0.0	0.001
Kroppenstedtia	0.001	0.001	0.0	0.001	0.001	0.0	0.001	0.001	0.0	0.0	0.0	0.001	0.001	0.001	0.0	0.0	0.0	0.0	0.0	0.0	0.0	0.0	0.0	0.0	0.001	0.0	0.0	0.0	0.0	0.0	0.0	0.0	0.0	0.0	0.0	0.001	0.0	0.0	0.0	0.0	0.001	0.001	0.001	0.001	0.001	0.001	0.0	0.001
Guptibacillus	0.0	0.001	0.001	0.001	0.0	0.001	0.001	0.0	0.0	0.0	0.0	0.001	0.0	0.001	0.0	0.0	0.0	0.0	0.0	0.0	0.0	0.0	0.0	0.0	0.0	0.0	0.0	0.0	0.0	0.0	0.0	0.0	0.001	0.0	0.0	0.001	0.001	0.0	0.001	0.001	0.001	0.001	0.001	0.0	0.001	0.001	0.0	0.001
Trichococcus	0.001	0.001	0.0	0.001	0.001	0.0	0.001	0.001	0.0	0.0	0.0	0.001	0.001	0.0	0.0	0.0	0.0	0.0	0.001	0.0	0.0	0.0	0.0	0.001	0.0	0.0	0.0	0.0	0.0	0.0	0.0	0.0	0.001	0.001	0.0	0.0	0.0	0.0	0.0	0.0	0.001	0.001	0.001	0.0	0.001	0.001	0.0	0.001
Aestuariibius	0.001	0.0	0.0	0.0	0.001	0.0	0.001	0.001	0.0	0.0	0.001	0.001	0.0	0.0	0.0	0.0	0.0	0.0	0.0	0.0	0.001	0.001	0.0	0.0	0.0	0.001	0.001	0.0	0.0	0.001	0.0	0.0	0.0	0.0	0.0	0.0	0.0	0.0	0.0	0.0	0.001	0.001	0.001	0.001	0.0	0.001	0.001	0.001
Pontimonas	0.0	0.0	0.0	0.0	0.0	0.0	0.001	0.0	0.0	0.0	0.0	0.0	0.0	0.0	0.001	0.0	0.001	0.001	0.0	0.0	0.001	0.0	0.001	0.0	0.001	0.0	0.001	0.001	0.0	0.0	0.0	0.0	0.0	0.0	0.001	0.0	0.001	0.0	0.0	0.0	0.001	0.001	0.001	0.001	0.001	0.001	0.0	0.001
Halogeometricum	0.001	0.0	0.0	0.001	0.001	0.0	0.0	0.001	0.0	0.0	0.0	0.001	0.001	0.001	0.0	0.0	0.0	0.0	0.0	0.0	0.0	0.0	0.0	0.0	0.0	0.0	0.0	0.001	0.001	0.0	0.0	0.0	0.0	0.001	0.0	0.001	0.0	0.0	0.0	0.0	0.001	0.001	0.001	0.001	0.0	0.001	0.001	0.001
Weeksella	0.001	0.001	0.0	0.001	0.0	0.002	0.0	0.0	0.0	0.0	0.001	0.001	0.0	0.0	0.0	0.001	0.0	0.0	0.0	0.0	0.0	0.0	0.0	0.0	0.0	0.0	0.0	0.0	0.0	0.0	0.0	0.0	0.001	0.0	0.001	0.0	0.001	0.0	0.0	0.001	0.001	0.001	0.001	0.001	0.001	0.0	0.0	0.001
Trichodesmium	0.0	0.0	0.0	0.001	0.001	0.001	0.001	0.001	0.0	0.0	0.0	0.0	0.0	0.0	0.0	0.001	0.0	0.0	0.001	0.0	0.0	0.0	0.0	0.0	0.0	0.0	0.0	0.0	0.0	0.0	0.0	0.0	0.001	0.001	0.001	0.001	0.001	0.001	0.001	0.001	0.0	0.0	0.001	0.0	0.001	0.0	0.001	0.0
Candidatus Njordibacter	0.001	0.001	0.001	0.001	0.001	0.001	0.001	0.001	0.0	0.0	0.001	0.0	0.0	0.0	0.0	0.0	0.0	0.0	0.0	0.0	0.0	0.0	0.0	0.0	0.0	0.0	0.0	0.0	0.0	0.0	0.0	0.0	0.0	0.001	0.0	0.001	0.0	0.0	0.0	0.0	0.001	0.001	0.001	0.001	0.001	0.001	0.0	0.001
Candidatus Rhabdochlamydia	0.0	0.0	0.001	0.0	0.0	0.0	0.0	0.0	0.0	0.0	0.0	0.0	0.0	0.0	0.0	0.0	0.0	0.0	0.0	0.0	0.0	0.0	0.0	0.0	0.0	0.0	0.0	0.0	0.0	0.0	0.0	0.0	0.0	0.001	0.0	0.0	0.0	0.0	0.0	0.0	0.002	0.003	0.002	0.001	0.003	0.002	0.001	0.002
Xylanibacter	0.001	0.001	0.0	0.001	0.0	0.001	0.001	0.0	0.0	0.0	0.001	0.001	0.001	0.0	0.0	0.0	0.0	0.0	0.0	0.0	0.0	0.0	0.0	0.0	0.0	0.0	0.0	0.0	0.0	0.0	0.0	0.0	0.001	0.0	0.001	0.0	0.001	0.001	0.0	0.001	0.001	0.001	0.001	0.001	0.0	0.0	0.0	0.0
Altericista	0.0	0.001	0.001	0.001	0.001	0.001	0.0	0.0	0.0	0.0	0.001	0.001	0.001	0.0	0.0	0.0	0.0	0.0	0.0	0.0	0.0	0.0	0.0	0.0	0.0	0.0	0.0	0.0	0.0	0.0	0.0	0.0	0.0	0.0	0.001	0.0	0.0	0.001	0.0	0.0	0.001	0.001	0.001	0.001	0.001	0.001	0.0	0.001
Cruoricaptor	0.001	0.001	0.001	0.001	0.001	0.0	0.001	0.0	0.0	0.0	0.001	0.001	0.0	0.0	0.001	0.0	0.0	0.0	0.0	0.0	0.0	0.0	0.0	0.0	0.0	0.0	0.0	0.0	0.0	0.0	0.0	0.0	0.0	0.0	0.0	0.001	0.001	0.001	0.001	0.0	0.001	0.001	0.0	0.001	0.0	0.0	0.0	0.001
Candidatus Kirkpatrickella	0.001	0.001	0.001	0.0	0.0	0.001	0.0	0.0	0.0	0.0	0.001	0.001	0.001	0.001	0.0	0.0	0.0	0.0	0.001	0.0	0.0	0.0	0.0	0.0	0.0	0.0	0.001	0.0	0.0	0.0	0.0	0.0	0.0	0.0	0.001	0.0	0.0	0.0	0.0	0.0	0.001	0.001	0.001	0.001	0.001	0.0	0.0	0.001
Egbenema	0.001	0.001	0.0	0.001	0.001	0.0	0.001	0.0	0.0	0.0	0.0	0.0	0.0	0.001	0.0	0.0	0.0	0.0	0.0	0.0	0.0	0.0	0.0	0.0	0.0	0.0	0.0	0.0	0.0	0.0	0.0	0.0	0.0	0.001	0.0	0.0	0.001	0.0	0.0	0.001	0.001	0.001	0.001	0.001	0.001	0.001	0.001	0.001
Desulfomonile	0.001	0.001	0.0	0.0	0.0	0.001	0.001	0.0	0.0	0.0	0.0	0.0	0.001	0.001	0.0	0.0	0.0	0.0	0.0	0.0	0.0	0.0	0.0	0.0	0.0	0.0	0.0	0.0	0.0	0.0	0.0	0.0	0.001	0.001	0.0	0.001	0.0	0.001	0.0	0.0	0.001	0.001	0.001	0.001	0.001	0.001	0.0	0.001
Costertonia	0.0	0.0	0.001	0.0	0.001	0.0	0.001	0.0	0.0	0.0	0.0	0.001	0.0	0.0	0.001	0.0	0.0	0.0	0.0	0.001	0.001	0.0	0.0	0.0	0.0	0.0	0.0	0.0	0.0	0.0	0.0	0.0	0.001	0.0	0.001	0.001	0.001	0.001	0.001	0.001	0.001	0.001	0.0	0.001	0.0	0.0	0.0	0.0
Finegoldia	0.0	0.0	0.0	0.0	0.0	0.001	0.001	0.002	0.001	0.0	0.001	0.0	0.001	0.0	0.0	0.001	0.0	0.0	0.001	0.0	0.0	0.0	0.0	0.0	0.0	0.0	0.0	0.0	0.0	0.001	0.0	0.0	0.001	0.001	0.0	0.0	0.0	0.001	0.0	0.001	0.001	0.0	0.0	0.0	0.001	0.0	0.001	0.0
Gracilibacillus	0.0	0.001	0.001	0.0	0.001	0.0	0.001	0.002	0.0	0.0	0.0	0.001	0.0	0.0	0.001	0.0	0.0	0.0	0.0	0.0	0.0	0.0	0.0	0.0	0.0	0.0	0.0	0.0	0.0	0.0	0.0	0.0	0.001	0.001	0.0	0.001	0.0	0.001	0.0	0.001	0.001	0.0	0.001	0.001	0.001	0.0	0.0	0.0
Fromanvirus	0.001	0.001	0.0	0.001	0.001	0.0	0.0	0.0	0.0	0.001	0.001	0.0	0.0	0.0	0.0	0.0	0.0	0.0	0.001	0.0	0.0	0.0	0.0	0.0	0.0	0.0	0.0	0.001	0.001	0.002	0.001	0.0	0.0	0.001	0.001	0.0	0.0	0.0	0.0	0.0	0.001	0.0	0.001	0.0	0.0	0.0	0.0	0.001
Candidatus Protochlamydia	0.0	0.0	0.001	0.0	0.0	0.0	0.0	0.001	0.0	0.0	0.001	0.001	0.0	0.0	0.001	0.0	0.0	0.0	0.001	0.0	0.0	0.0	0.0	0.0	0.0	0.001	0.0	0.0	0.0	0.0	0.0	0.0	0.0	0.001	0.001	0.0	0.0	0.0	0.0	0.0	0.001	0.001	0.001	0.001	0.001	0.001	0.0	0.001
Acholeplasma	0.001	0.001	0.001	0.001	0.002	0.001	0.0	0.001	0.0	0.0	0.0	0.0	0.0	0.0	0.001	0.0	0.0	0.0	0.0	0.0	0.0	0.0	0.0	0.0	0.0	0.0	0.0	0.0	0.0	0.0	0.0	0.0	0.0	0.0	0.0	0.0	0.001	0.0	0.001	0.001	0.0	0.001	0.001	0.0	0.001	0.0	0.001	0.0
Nitrososphaera	0.001	0.001	0.0	0.0	0.001	0.0	0.001	0.001	0.0	0.0	0.0	0.001	0.001	0.001	0.0	0.0	0.0	0.0	0.0	0.0	0.0	0.0	0.0	0.0	0.0	0.0	0.0	0.0	0.0	0.0	0.0	0.0	0.0	0.001	0.0	0.0	0.0	0.0	0.001	0.001	0.001	0.001	0.001	0.001	0.0	0.001	0.0	0.0
Malacoplasma	0.0	0.001	0.001	0.0	0.0	0.001	0.001	0.001	0.0	0.001	0.0	0.0	0.0	0.0	0.001	0.001	0.0	0.0	0.0	0.0	0.0	0.0	0.0	0.0	0.0	0.0	0.0	0.0	0.0	0.0	0.0	0.0	0.0	0.001	0.0	0.0	0.001	0.001	0.001	0.001	0.001	0.0	0.001	0.0	0.001	0.0	0.0	0.0
Staphylospora	0.0	0.001	0.0	0.0	0.001	0.001	0.0	0.0	0.0	0.0	0.001	0.0	0.0	0.001	0.0	0.0	0.0	0.0	0.0	0.0	0.0	0.0	0.0	0.0	0.0	0.0	0.0	0.0	0.0	0.001	0.0	0.0	0.001	0.001	0.0	0.001	0.0	0.0	0.0	0.0	0.001	0.001	0.001	0.001	0.001	0.001	0.0	0.001
Pelosinus	0.0	0.001	0.0	0.0	0.001	0.0	0.0	0.001	0.0	0.0	0.0	0.0	0.0	0.0	0.0	0.001	0.0	0.0	0.0	0.0	0.0	0.0	0.0	0.001	0.0	0.0	0.0	0.0	0.0	0.0	0.0	0.0	0.001	0.001	0.001	0.0	0.0	0.001	0.0	0.001	0.001	0.001	0.001	0.001	0.001	0.0	0.0	0.001
Chania	0.0	0.001	0.001	0.0	0.001	0.0	0.001	0.0	0.0	0.0	0.0	0.001	0.001	0.0	0.001	0.0	0.0	0.0	0.0	0.0	0.0	0.0	0.0	0.0	0.0	0.0	0.0	0.0	0.0	0.0	0.0	0.0	0.001	0.001	0.0	0.001	0.0	0.0	0.001	0.0	0.001	0.001	0.001	0.001	0.0	0.0	0.0	0.001
Pseudemcibacter	0.001	0.001	0.001	0.0	0.001	0.001	0.001	0.001	0.0	0.0	0.0	0.001	0.001	0.001	0.001	0.001	0.0	0.0	0.0	0.0	0.0	0.0	0.0	0.0	0.0	0.001	0.0	0.0	0.001	0.0	0.0	0.0	0.0	0.0	0.0	0.0	0.0	0.0	0.0	0.0	0.0	0.001	0.0	0.001	0.0	0.0	0.0	0.0
Renibacterium	0.001	0.0	0.0	0.0	0.0	0.0	0.001	0.0	0.0	0.0	0.0	0.001	0.0	0.0	0.0	0.0	0.001	0.0	0.0	0.0	0.0	0.0	0.0	0.0	0.0	0.0	0.0	0.001	0.001	0.0	0.0	0.0	0.0	0.001	0.0	0.0	0.001	0.0	0.0	0.001	0.001	0.001	0.001	0.001	0.001	0.001	0.0	0.001
Candidatus Formimonas	0.001	0.001	0.0	0.0	0.0	0.001	0.0	0.0	0.0	0.0	0.001	0.0	0.0	0.0	0.0	0.0	0.0	0.0	0.0	0.0	0.0	0.0	0.0	0.0	0.0	0.0	0.0	0.0	0.0	0.0	0.0	0.0	0.001	0.001	0.001	0.001	0.0	0.001	0.001	0.001	0.001	0.001	0.001	0.001	0.001	0.0	0.0	0.0
Natranaeroarchaeum	0.0	0.001	0.0	0.0	0.0	0.0	0.0	0.0	0.0	0.0	0.0	0.001	0.001	0.0	0.0	0.0	0.0	0.0	0.001	0.0	0.0	0.0	0.001	0.0	0.001	0.0	0.0	0.0	0.0	0.0	0.0	0.0	0.001	0.001	0.001	0.0	0.001	0.0	0.001	0.001	0.001	0.0	0.001	0.001	0.0	0.001	0.0	0.0
Candidatus Bipolaricaulis	0.0	0.001	0.001	0.001	0.0	0.001	0.001	0.001	0.0	0.0	0.0	0.001	0.0	0.0	0.0	0.0	0.0	0.0	0.0	0.0	0.0	0.0	0.0	0.0	0.0	0.0	0.0	0.0	0.001	0.0	0.0	0.0	0.0	0.001	0.0	0.0	0.001	0.0	0.0	0.0	0.001	0.001	0.001	0.001	0.0	0.001	0.0	0.001
Aggregatimonas	0.001	0.001	0.001	0.001	0.001	0.001	0.001	0.0	0.0	0.0	0.001	0.001	0.0	0.0	0.0	0.0	0.0	0.0	0.0	0.0	0.0	0.0	0.0	0.0	0.0	0.0	0.0	0.0	0.0	0.0	0.0	0.0	0.0	0.0	0.0	0.001	0.0	0.001	0.0	0.0	0.001	0.001	0.001	0.001	0.001	0.0	0.0	0.0
Pseudalgibacter	0.001	0.001	0.0	0.001	0.001	0.001	0.001	0.0	0.0	0.0	0.001	0.0	0.0	0.0	0.001	0.0	0.0	0.0	0.0	0.0	0.0	0.0	0.0	0.0	0.0	0.0	0.0	0.001	0.0	0.001	0.0	0.0	0.001	0.0	0.0	0.0	0.0	0.001	0.0	0.001	0.001	0.001	0.0	0.0	0.001	0.0	0.0	0.0
Faecalibacillus	0.0	0.0	0.0	0.0	0.0	0.001	0.0	0.001	0.0	0.0	0.001	0.0	0.001	0.0	0.0	0.001	0.0	0.001	0.0	0.0	0.0	0.0	0.0	0.0	0.0	0.0	0.0	0.0	0.0	0.0	0.001	0.0	0.0	0.001	0.001	0.0	0.0	0.0	0.001	0.0	0.001	0.0	0.001	0.0	0.002	0.0	0.001	0.001
Changpingibacter	0.0	0.0	0.0	0.001	0.0	0.001	0.0	0.0	0.0	0.0	0.0	0.001	0.0	0.001	0.0	0.0	0.0	0.001	0.0	0.0	0.0	0.0	0.0	0.0	0.0	0.0	0.0	0.0	0.0	0.0	0.0	0.0	0.0	0.001	0.001	0.001	0.0	0.0	0.0	0.0	0.002	0.001	0.001	0.001	0.001	0.001	0.0	0.001
Candidatus Pelagisphaera	0.0	0.001	0.001	0.001	0.001	0.0	0.001	0.0	0.0	0.0	0.001	0.001	0.0	0.0	0.0	0.0	0.0	0.0	0.0	0.0	0.0	0.0	0.001	0.0	0.0	0.0	0.0	0.0	0.0	0.0	0.0	0.0	0.0	0.0	0.0	0.001	0.0	0.0	0.0	0.0	0.001	0.001	0.001	0.001	0.0	0.001	0.0	0.001
Magnetococcus	0.001	0.001	0.001	0.001	0.0	0.001	0.001	0.0	0.0	0.0	0.0	0.001	0.0	0.0	0.0	0.0	0.0	0.0	0.0	0.0	0.0	0.0	0.0	0.0	0.0	0.0	0.0	0.0	0.0	0.0	0.0	0.0	0.0	0.001	0.0	0.0	0.0	0.0	0.0	0.0	0.001	0.001	0.001	0.001	0.001	0.001	0.0	0.001
Flaviramulus	0.001	0.0	0.001	0.0	0.0	0.001	0.001	0.001	0.001	0.0	0.001	0.001	0.0	0.0	0.0	0.0	0.0	0.001	0.0	0.0	0.0	0.0	0.0	0.0	0.0	0.0	0.0	0.0	0.001	0.0	0.0	0.0	0.001	0.0	0.0	0.0	0.0	0.0	0.0	0.001	0.0	0.001	0.001	0.0	0.001	0.0	0.0	0.0
Candidatus Xiphinematobacter	0.001	0.0	0.001	0.0	0.0	0.001	0.0	0.0	0.0	0.0	0.0	0.0	0.001	0.0	0.0	0.0	0.0	0.0	0.0	0.0	0.0	0.0	0.0	0.0	0.0	0.0	0.0	0.0	0.0	0.0	0.0	0.0	0.0	0.001	0.0	0.001	0.0	0.0	0.001	0.001	0.001	0.001	0.001	0.001	0.001	0.001	0.0	0.001
Pristimantibacillus (SeqCode)	0.0	0.001	0.0	0.0	0.001	0.0	0.0	0.0	0.0	0.0	0.001	0.0	0.001	0.0	0.0	0.0	0.0	0.0	0.001	0.0	0.0	0.0	0.0	0.0	0.001	0.0	0.0	0.0	0.0	0.0	0.0	0.0	0.0	0.001	0.0	0.0	0.001	0.0	0.0	0.0	0.001	0.001	0.001	0.001	0.001	0.001	0.0	0.001
Dongshaea	0.0	0.001	0.0	0.001	0.0	0.001	0.0	0.001	0.0	0.0	0.0	0.001	0.0	0.001	0.0	0.0	0.0	0.0	0.0	0.0	0.0	0.0	0.0	0.0	0.0	0.0	0.0	0.0	0.0	0.0	0.0	0.0	0.0	0.001	0.001	0.001	0.0	0.0	0.0	0.0	0.001	0.001	0.001	0.001	0.0	0.001	0.0	0.001
Dehalococcoides	0.001	0.001	0.0	0.0	0.0	0.001	0.001	0.001	0.0	0.0	0.0	0.0	0.0	0.001	0.0	0.0	0.0	0.0	0.0	0.0	0.0	0.0	0.0	0.0	0.0	0.0	0.0	0.0	0.0	0.0	0.0	0.0	0.001	0.0	0.0	0.0	0.0	0.0	0.0	0.0	0.001	0.001	0.001	0.001	0.001	0.001	0.001	0.001
Pukyongia	0.0	0.0	0.0	0.001	0.001	0.0	0.001	0.0	0.0	0.001	0.001	0.001	0.001	0.0	0.0	0.0	0.0	0.0	0.0	0.0	0.0	0.0	0.0	0.0	0.0	0.0	0.0	0.001	0.0	0.0	0.0	0.0	0.0	0.0	0.001	0.0	0.0	0.0	0.001	0.0	0.001	0.001	0.0	0.001	0.0	0.001	0.0	0.001
Constantimarinum	0.0	0.001	0.0	0.0	0.001	0.0	0.001	0.001	0.0	0.0	0.001	0.0	0.0	0.0	0.0	0.0	0.0	0.0	0.0	0.0	0.0	0.0	0.0	0.0	0.0	0.0	0.0	0.0	0.0	0.0	0.0	0.0	0.001	0.0	0.001	0.001	0.0	0.001	0.001	0.0	0.001	0.001	0.001	0.001	0.001	0.0	0.0	0.0
Bacteriovorax	0.0	0.001	0.001	0.0	0.001	0.001	0.0	0.0	0.0	0.0	0.002	0.001	0.0	0.0	0.001	0.001	0.0	0.0	0.0	0.0	0.0	0.0	0.0	0.0	0.001	0.001	0.0	0.0	0.001	0.0	0.0	0.0	0.001	0.0	0.0	0.001	0.0	0.0	0.0	0.0	0.0	0.0	0.0	0.0	0.001	0.0	0.0	0.0
Breznakiella	0.0	0.001	0.001	0.001	0.001	0.001	0.001	0.0	0.0	0.0	0.0	0.0	0.0	0.0	0.0	0.0	0.0	0.0	0.0	0.0	0.0	0.0	0.0	0.0	0.0	0.0	0.0	0.0	0.0	0.0	0.0	0.0	0.0	0.0	0.0	0.001	0.0	0.001	0.0	0.001	0.001	0.001	0.001	0.001	0.0	0.001	0.0	0.001
Paraperibacillus	0.001	0.001	0.001	0.0	0.0	0.001	0.001	0.0	0.0	0.0	0.0	0.0	0.0	0.0	0.0	0.0	0.0	0.0	0.0	0.0	0.0	0.0	0.0	0.0	0.0	0.0	0.0	0.0	0.0	0.0	0.0	0.0	0.001	0.001	0.0	0.001	0.0	0.0	0.0	0.0	0.001	0.001	0.001	0.001	0.001	0.001	0.0	0.001
Paucilactobacillus	0.0	0.002	0.001	0.001	0.001	0.001	0.0	0.001	0.0	0.0	0.0	0.0	0.0	0.0	0.0	0.0	0.0	0.0	0.0	0.0	0.0	0.0	0.0	0.0	0.0	0.0	0.0	0.0	0.0	0.0	0.0	0.0	0.0	0.001	0.0	0.001	0.001	0.0	0.001	0.001	0.001	0.001	0.001	0.0	0.0	0.0	0.0	0.0
Desulfofundulus	0.0	0.0	0.001	0.0	0.001	0.0	0.0	0.0	0.0	0.0	0.0	0.0	0.0	0.001	0.0	0.0	0.0	0.0	0.0	0.0	0.0	0.0	0.0	0.0	0.0	0.0	0.0	0.0	0.001	0.0	0.0	0.0	0.001	0.0	0.001	0.0	0.0	0.001	0.001	0.0	0.001	0.0	0.001	0.001	0.001	0.001	0.001	0.001
Crocosphaera	0.0	0.0	0.0	0.001	0.001	0.001	0.001	0.001	0.0	0.0	0.0	0.0	0.0	0.0	0.0	0.0	0.0	0.0	0.0	0.0	0.0	0.0	0.0	0.0	0.001	0.0	0.0	0.0	0.0	0.0	0.0	0.0	0.001	0.001	0.001	0.0	0.0	0.001	0.001	0.001	0.001	0.0	0.001	0.0	0.001	0.0	0.0	0.0
Cylindrospermum	0.0	0.0	0.001	0.0	0.001	0.0	0.0	0.002	0.0	0.0	0.0	0.0	0.0	0.0	0.0	0.0	0.0	0.0	0.0	0.0	0.0	0.0	0.0	0.0	0.0	0.0	0.0	0.0	0.0	0.0	0.0	0.0	0.001	0.001	0.001	0.001	0.0	0.0	0.0	0.001	0.001	0.0	0.002	0.001	0.001	0.0	0.0	0.001
Tomasvirus	0.003	0.008	0.0	0.001	0.001	0.001	0.001	0.0	0.0	0.0	0.0	0.0	0.0	0.0	0.0	0.0	0.0	0.0	0.0	0.0	0.0	0.0	0.0	0.0	0.0	0.0	0.0	0.0	0.0	0.0	0.0	0.0	0.0	0.0	0.0	0.0	0.0	0.0	0.0	0.0	0.0	0.0	0.0	0.0	0.0	0.0	0.0	0.0
Candidatus Nitrosacidococcus	0.0	0.001	0.0	0.0	0.001	0.001	0.0	0.0	0.0	0.0	0.0	0.0	0.0	0.0	0.0	0.0	0.0	0.0	0.0	0.0	0.0	0.0	0.0	0.0	0.0	0.0	0.0	0.0	0.0	0.0	0.0	0.0	0.002	0.001	0.001	0.001	0.0	0.001	0.001	0.001	0.001	0.0	0.001	0.0	0.001	0.0	0.0	0.0
Parashewanella	0.001	0.0	0.0	0.0	0.001	0.0	0.001	0.001	0.0	0.001	0.0	0.0	0.001	0.0	0.0	0.001	0.0	0.0	0.001	0.0	0.0	0.0	0.0	0.001	0.001	0.0	0.0	0.0	0.0	0.0	0.0	0.0	0.0	0.0	0.001	0.0	0.0	0.0	0.0	0.0	0.001	0.0	0.0	0.0	0.001	0.0	0.0	0.001
Saliniradius	0.001	0.0	0.0	0.001	0.0	0.001	0.0	0.001	0.0	0.001	0.001	0.001	0.0	0.0	0.0	0.0	0.0	0.0	0.001	0.0	0.0	0.0	0.0	0.0	0.0	0.0	0.0	0.0	0.0	0.001	0.0	0.0	0.0	0.0	0.0	0.0	0.0	0.0	0.0	0.0	0.001	0.001	0.001	0.001	0.0	0.0	0.0	0.001
Kurthia	0.0	0.001	0.0	0.0	0.0	0.0	0.001	0.001	0.0	0.001	0.0	0.0	0.0	0.0	0.0	0.0	0.0	0.0	0.0	0.0	0.0	0.0	0.0	0.0	0.0	0.0	0.0	0.0	0.0	0.0	0.001	0.0	0.0	0.0	0.0	0.0	0.001	0.001	0.0	0.001	0.001	0.001	0.001	0.001	0.001	0.001	0.0	0.0
Mycoplasmoides	0.0	0.0	0.0	0.001	0.0	0.001	0.001	0.001	0.0	0.001	0.0	0.0	0.0	0.0	0.0	0.0	0.0	0.0	0.001	0.0	0.0	0.0	0.0	0.001	0.0	0.0	0.0	0.0	0.0	0.0	0.0	0.0	0.001	0.0	0.0	0.001	0.0	0.001	0.001	0.001	0.001	0.0	0.0	0.0	0.001	0.0	0.0	0.0
Marinospirillum	0.001	0.0	0.001	0.0	0.001	0.0	0.001	0.0	0.0	0.0	0.001	0.001	0.0	0.0	0.001	0.0	0.0	0.0	0.001	0.0	0.0	0.0	0.0	0.0	0.0	0.0	0.0	0.0	0.001	0.0	0.0	0.0	0.001	0.0	0.0	0.0	0.0	0.0	0.0	0.0	0.0	0.001	0.001	0.001	0.0	0.0	0.0	0.001
Oceanirhabdus	0.001	0.0	0.0	0.0	0.001	0.001	0.0	0.001	0.0	0.0	0.0	0.0	0.0	0.0	0.0	0.001	0.0	0.0	0.0	0.0	0.0	0.0	0.0	0.0	0.0	0.0	0.0	0.0	0.0	0.0	0.0	0.0	0.001	0.001	0.001	0.001	0.0	0.001	0.001	0.0	0.001	0.0	0.001	0.0	0.001	0.0	0.0	0.0
Bizionia	0.001	0.001	0.0	0.001	0.0	0.001	0.0	0.0	0.0	0.0	0.001	0.001	0.0	0.0	0.0	0.0	0.0	0.0	0.0	0.0	0.0	0.0	0.0	0.0	0.0	0.0	0.0	0.0	0.001	0.0	0.0	0.0	0.0	0.0	0.001	0.0	0.0	0.001	0.001	0.001	0.001	0.001	0.0	0.001	0.0	0.0	0.0	0.0
Muriicola	0.001	0.001	0.001	0.0	0.001	0.0	0.0	0.0	0.0	0.0	0.0	0.0	0.001	0.0	0.0	0.0	0.0	0.0	0.0	0.0	0.0	0.0	0.0	0.0	0.0	0.0	0.0	0.0	0.0	0.0	0.0	0.0	0.001	0.001	0.001	0.0	0.001	0.001	0.0	0.0	0.001	0.001	0.0	0.001	0.0	0.0	0.0	0.001
Desulfobacca	0.0	0.001	0.0	0.0	0.001	0.0	0.001	0.0	0.0	0.0	0.0	0.001	0.001	0.0	0.0	0.0	0.0	0.0	0.0	0.0	0.0	0.0	0.0	0.0	0.0	0.0	0.0	0.0	0.0	0.0	0.0	0.0	0.001	0.0	0.0	0.0	0.0	0.0	0.0	0.001	0.001	0.001	0.001	0.001	0.001	0.001	0.0	0.001
Candidatus Pseudothioglobus	0.0	0.001	0.0	0.0	0.001	0.0	0.0	0.002	0.0	0.0	0.0	0.0	0.001	0.001	0.0	0.001	0.0	0.0	0.0	0.0	0.0	0.0	0.0	0.0	0.0	0.0	0.0	0.0	0.0	0.0	0.0	0.0	0.001	0.001	0.0	0.0	0.0	0.0	0.0	0.001	0.001	0.0	0.001	0.0	0.001	0.0	0.001	0.0
Haliovirga	0.0	0.0	0.001	0.0	0.0	0.0	0.0	0.001	0.0	0.0	0.0	0.0	0.0	0.0	0.0	0.0	0.001	0.0	0.0	0.0	0.0	0.0	0.001	0.0	0.0	0.0	0.0	0.001	0.001	0.0	0.0	0.0	0.0	0.0	0.0	0.001	0.002	0.0	0.0	0.001	0.0	0.0	0.001	0.0	0.002	0.001	0.0	0.0
Candidatus Karelsulcia	0.0	0.001	0.0	0.0	0.0	0.001	0.001	0.001	0.0	0.0	0.0	0.0	0.0	0.0	0.0	0.0	0.0	0.0	0.0	0.0	0.0	0.0	0.0	0.0	0.0	0.0	0.0	0.0	0.0	0.0	0.0	0.0	0.001	0.001	0.0	0.0	0.001	0.001	0.001	0.002	0.001	0.0	0.001	0.0	0.001	0.0	0.0	0.0
Candidatus Brevifilum	0.0	0.0	0.0	0.001	0.0	0.0	0.0	0.0	0.0	0.0	0.0	0.0	0.0	0.0	0.0	0.0	0.0	0.0	0.0	0.0	0.0	0.0	0.0	0.0	0.0	0.0	0.0	0.0	0.0	0.0	0.0	0.0	0.001	0.0	0.0	0.0	0.008	0.0	0.0	0.0	0.001	0.001	0.001	0.0	0.0	0.0	0.0	0.001
Halohasta	0.001	0.0	0.0	0.001	0.0	0.0	0.0	0.0	0.0	0.0	0.0	0.0	0.0	0.001	0.0	0.0	0.0	0.0	0.0	0.001	0.0	0.0	0.0	0.0	0.001	0.0	0.0	0.0	0.0	0.0	0.0	0.0	0.0	0.0	0.001	0.001	0.0	0.0	0.0	0.0	0.001	0.001	0.001	0.0	0.001	0.001	0.0	0.001
Alysiella	0.001	0.0	0.001	0.0	0.0	0.0	0.001	0.0	0.0	0.0	0.001	0.001	0.001	0.0	0.0	0.0	0.0	0.0	0.0	0.0	0.0	0.0	0.0	0.0	0.0	0.0	0.0	0.0	0.0	0.0	0.0	0.0	0.0	0.0	0.0	0.001	0.001	0.0	0.0	0.0	0.001	0.001	0.001	0.001	0.0	0.0	0.0	0.001
Siansivirga	0.001	0.0	0.001	0.001	0.001	0.0	0.001	0.0	0.0	0.0	0.001	0.0	0.0	0.0	0.0	0.0	0.0	0.0	0.0	0.0	0.0	0.0	0.0	0.0	0.001	0.0	0.0	0.0	0.001	0.0	0.0	0.0	0.0	0.0	0.0	0.001	0.0	0.0	0.001	0.001	0.001	0.0	0.0	0.0	0.001	0.0	0.0	0.0
Rummeliibacillus	0.0	0.0	0.0	0.0	0.0	0.001	0.001	0.001	0.0	0.001	0.0	0.0	0.0	0.0	0.0	0.0	0.0	0.0	0.0	0.0	0.0	0.0	0.0	0.0	0.0	0.0	0.0	0.0	0.0	0.0	0.001	0.0	0.001	0.0	0.001	0.0	0.0	0.0	0.0	0.001	0.0	0.0	0.001	0.001	0.001	0.001	0.0	0.001
Parasalinivibrio	0.0	0.001	0.0	0.0	0.001	0.001	0.0	0.0	0.0	0.0	0.0	0.001	0.001	0.0	0.001	0.0	0.0	0.0	0.0	0.0	0.0	0.0	0.0	0.0	0.0	0.0	0.0	0.0	0.0	0.0	0.0	0.0	0.0	0.0	0.0	0.001	0.0	0.0	0.0	0.001	0.001	0.001	0.001	0.001	0.0	0.0	0.001	0.0
Salisediminibacterium	0.0	0.001	0.0	0.0	0.001	0.0	0.0	0.001	0.0	0.0	0.0	0.001	0.0	0.0	0.001	0.0	0.0	0.0	0.0	0.0	0.0	0.0	0.0	0.0	0.0	0.0	0.0	0.0	0.0	0.0	0.0	0.0	0.0	0.0	0.0	0.0	0.0	0.0	0.0	0.001	0.001	0.001	0.001	0.001	0.001	0.001	0.0	0.001
Lentibacillus	0.0	0.0	0.0	0.0	0.0	0.0	0.0	0.0	0.0	0.0	0.0	0.0	0.0	0.0	0.0	0.0	0.0	0.0	0.0	0.0	0.0	0.0	0.0	0.0	0.0	0.0	0.0	0.0	0.0	0.0	0.0	0.0	0.001	0.001	0.001	0.001	0.0	0.001	0.001	0.001	0.001	0.0	0.001	0.001	0.001	0.001	0.0	0.001
Methanopyrus	0.0	0.0	0.001	0.0	0.0	0.0	0.0	0.001	0.0	0.0	0.001	0.0	0.001	0.001	0.0	0.0	0.0	0.0	0.0	0.0	0.0	0.0	0.0	0.0	0.0	0.0	0.0	0.0	0.0	0.0	0.0	0.0	0.001	0.0	0.001	0.001	0.0	0.0	0.001	0.001	0.0	0.0	0.001	0.001	0.0	0.001	0.0	0.0
Megavirus	0.001	0.0	0.0	0.001	0.001	0.001	0.001	0.001	0.001	0.001	0.001	0.0	0.0	0.0	0.0	0.0	0.0	0.001	0.0	0.0	0.0	0.0	0.0	0.0	0.0	0.0	0.0	0.0	0.0	0.0	0.0	0.0	0.001	0.0	0.0	0.0	0.0	0.0	0.0	0.0	0.001	0.0	0.0	0.0	0.001	0.0	0.0	0.0
Proteiniclasticum	0.0	0.0	0.0	0.0	0.001	0.0	0.001	0.0	0.0	0.0	0.001	0.001	0.001	0.001	0.0	0.0	0.0	0.0	0.0	0.0	0.0	0.0	0.0	0.0	0.0	0.0	0.0	0.0	0.0	0.0	0.0	0.0	0.0	0.0	0.001	0.0	0.0	0.0	0.0	0.0	0.001	0.001	0.001	0.001	0.0	0.001	0.0	0.001
Lutimonas	0.001	0.001	0.0	0.001	0.001	0.001	0.001	0.001	0.0	0.0	0.0	0.0	0.0	0.0	0.0	0.0	0.0	0.0	0.0	0.0	0.0	0.0	0.0	0.0	0.0	0.0	0.0	0.0	0.0	0.0	0.0	0.0	0.001	0.0	0.001	0.001	0.001	0.0	0.0	0.0	0.001	0.001	0.0	0.0	0.0	0.0	0.0	0.0
Thiopseudomonas	0.001	0.001	0.001	0.001	0.001	0.0	0.001	0.001	0.0	0.0	0.0	0.0	0.0	0.0	0.001	0.0	0.0	0.0	0.0	0.0	0.0	0.0	0.0	0.0	0.001	0.0	0.0	0.0	0.0	0.0	0.0	0.0	0.0	0.001	0.0	0.0	0.0	0.0	0.0	0.0	0.001	0.001	0.0	0.001	0.0	0.0	0.0	0.0
Salinivirga	0.0	0.001	0.001	0.0	0.0	0.001	0.0	0.0	0.0	0.0	0.0	0.0	0.0	0.0	0.001	0.0	0.0	0.0	0.0	0.0	0.0	0.0	0.0	0.0	0.0	0.0	0.0	0.0	0.0	0.0	0.0	0.0	0.001	0.0	0.001	0.001	0.001	0.0	0.0	0.001	0.001	0.001	0.0	0.001	0.001	0.0	0.0	0.0
Paracrocinitomix	0.001	0.001	0.001	0.001	0.001	0.001	0.001	0.001	0.0	0.0	0.001	0.0	0.0	0.0	0.0	0.0	0.0	0.0	0.0	0.0	0.0	0.0	0.0	0.0	0.0	0.0	0.0	0.0	0.0	0.0	0.0	0.0	0.001	0.0	0.0	0.0	0.0	0.0	0.0	0.0	0.001	0.001	0.0	0.001	0.0	0.0	0.0	0.0
Oceanihabitans	0.0	0.001	0.0	0.001	0.001	0.0	0.0	0.001	0.0	0.0	0.001	0.001	0.001	0.0	0.0	0.0	0.0	0.0	0.0	0.0	0.0	0.0	0.0	0.0	0.0	0.0	0.0	0.001	0.0	0.0	0.0	0.0	0.0	0.0	0.0	0.0	0.001	0.0	0.0	0.0	0.001	0.001	0.0	0.0	0.001	0.0	0.0	0.001
Candidatus Minimicrobia	0.0	0.0	0.0	0.0	0.0	0.0	0.0	0.0	0.0	0.0	0.0	0.0	0.0	0.0	0.0	0.0	0.001	0.0	0.0	0.001	0.001	0.002	0.0	0.001	0.001	0.001	0.0	0.001	0.0	0.001	0.001	0.001	0.0	0.001	0.0	0.0	0.0	0.0	0.0	0.0	0.0	0.0	0.0	0.0	0.0	0.0	0.0	0.0
Butyricicoccus	0.0	0.001	0.0	0.0	0.001	0.001	0.0	0.0	0.0	0.0	0.0	0.0	0.001	0.001	0.0	0.0	0.0	0.0	0.0	0.0	0.0	0.0	0.0	0.0	0.0	0.0	0.001	0.0	0.0	0.0	0.0	0.0	0.0	0.0	0.0	0.001	0.0	0.0	0.001	0.0	0.001	0.0	0.0	0.001	0.0	0.001	0.0	0.001
Aequoribacter	0.0	0.001	0.001	0.001	0.001	0.001	0.001	0.0	0.0	0.0	0.001	0.001	0.0	0.0	0.0	0.0	0.0	0.0	0.0	0.0	0.0	0.0	0.0	0.0	0.0	0.0	0.0	0.0	0.0	0.0	0.0	0.0	0.0	0.0	0.0	0.0	0.0	0.0	0.0	0.0	0.001	0.001	0.0	0.001	0.0	0.0	0.0	0.001
Marinagarivorans	0.001	0.001	0.001	0.001	0.001	0.001	0.001	0.001	0.0	0.0	0.001	0.0	0.0	0.0	0.0	0.0	0.0	0.0	0.0	0.0	0.0	0.0	0.0	0.0	0.0	0.0	0.0	0.0	0.0	0.0	0.0	0.0	0.0	0.0	0.0	0.0	0.0	0.0	0.0	0.0	0.001	0.001	0.0	0.0	0.0	0.0	0.0	0.001
Oleiphilus	0.0	0.001	0.001	0.0	0.0	0.001	0.001	0.0	0.0	0.0	0.0	0.0	0.0	0.0	0.0	0.0	0.0	0.0	0.0	0.0	0.0	0.0	0.0	0.0	0.0	0.0	0.0	0.0	0.0	0.0	0.0	0.0	0.0	0.001	0.0	0.0	0.0	0.0	0.0	0.001	0.001	0.001	0.001	0.001	0.0	0.001	0.0	0.001
Marispirochaeta	0.001	0.0	0.0	0.001	0.001	0.001	0.001	0.001	0.0	0.0	0.001	0.0	0.0	0.0	0.0	0.0	0.0	0.0	0.0	0.0	0.0	0.0	0.0	0.0	0.0	0.0	0.0	0.0	0.0	0.0	0.0	0.0	0.0	0.0	0.0	0.0	0.0	0.0	0.0	0.0	0.001	0.001	0.001	0.001	0.0	0.0	0.0	0.001
Tenuifilum	0.001	0.001	0.0	0.001	0.001	0.001	0.001	0.001	0.0	0.0	0.0	0.0	0.0	0.001	0.0	0.0	0.0	0.0	0.0	0.0	0.0	0.0	0.0	0.0	0.0	0.0	0.0	0.0	0.0	0.0	0.0	0.0	0.0	0.0	0.0	0.0	0.0	0.0	0.0	0.001	0.001	0.001	0.0	0.001	0.0	0.0	0.0	0.0
Aquirhabdus	0.0	0.001	0.0	0.001	0.001	0.0	0.001	0.0	0.0	0.0	0.0	0.001	0.001	0.0	0.0	0.0	0.0	0.0	0.0	0.0	0.0	0.0	0.0	0.0	0.0	0.0	0.0	0.0	0.0	0.0	0.0	0.0	0.0	0.0	0.0	0.0	0.0	0.0	0.0	0.0	0.001	0.001	0.001	0.001	0.001	0.0	0.0	0.001
Solibaculum	0.0	0.0	0.0	0.0	0.0	0.001	0.0	0.0	0.0	0.0	0.001	0.001	0.0	0.001	0.0	0.0	0.0	0.0	0.001	0.0	0.0	0.0	0.0	0.0	0.0	0.0	0.0	0.0	0.0	0.0	0.0	0.0	0.0	0.001	0.0	0.0	0.0	0.0	0.0	0.0	0.001	0.001	0.001	0.001	0.001	0.0	0.0	0.001
Pseudotamlana	0.0	0.0	0.0	0.0	0.001	0.001	0.0	0.001	0.0	0.0	0.0	0.0	0.0	0.0	0.0	0.001	0.0	0.0	0.0	0.001	0.0	0.001	0.0	0.0	0.0	0.0	0.0	0.0	0.0	0.001	0.0	0.0	0.0	0.0	0.001	0.0	0.0	0.0	0.0	0.0	0.001	0.0	0.0	0.001	0.001	0.0	0.0	0.001
Rivularia	0.0	0.001	0.0	0.0	0.0	0.001	0.0	0.001	0.0	0.0	0.0	0.001	0.0	0.0	0.0	0.001	0.0	0.0	0.0	0.0	0.0	0.0	0.0	0.0	0.0	0.0	0.0	0.0	0.0	0.0	0.0	0.0	0.001	0.001	0.0	0.001	0.0	0.0	0.001	0.001	0.0	0.0	0.001	0.0	0.001	0.0	0.0	0.0
Parasaccharibacter	0.0	0.001	0.0	0.0	0.0	0.0	0.001	0.0	0.0	0.0	0.0	0.001	0.0	0.0	0.0	0.0	0.0	0.0	0.001	0.0	0.0	0.0	0.0	0.0	0.0	0.0	0.001	0.0	0.0	0.0	0.0	0.0	0.0	0.001	0.0	0.0	0.0	0.0	0.0	0.0	0.001	0.001	0.001	0.001	0.0	0.001	0.0	0.001
Paenisporosarcina	0.0	0.001	0.0	0.0	0.001	0.0	0.0	0.001	0.0	0.0	0.0	0.0	0.0	0.0	0.0	0.0	0.0	0.0	0.0	0.0	0.0	0.0	0.0	0.0	0.0	0.0	0.0	0.0	0.0	0.0	0.0	0.0	0.001	0.0	0.0	0.0	0.0	0.0	0.0	0.001	0.001	0.001	0.001	0.001	0.001	0.001	0.001	0.0
Agathobacter	0.0	0.0	0.0	0.0	0.0	0.0	0.0	0.001	0.0	0.0	0.001	0.0	0.0	0.0	0.0	0.001	0.0	0.0	0.0	0.0	0.0	0.0	0.0	0.001	0.0	0.0	0.0	0.0	0.0	0.0	0.0	0.0	0.001	0.001	0.0	0.0	0.0	0.0	0.0	0.001	0.0	0.001	0.001	0.001	0.001	0.0	0.0	0.001
Amylibacter	0.0	0.0	0.0	0.0	0.0	0.001	0.0	0.0	0.0	0.0	0.0	0.001	0.0	0.0	0.0	0.0	0.0	0.0	0.001	0.0	0.0	0.0	0.0	0.0	0.0	0.0	0.0	0.0	0.0	0.0	0.0	0.0	0.0	0.001	0.0	0.0	0.0	0.001	0.0	0.001	0.001	0.001	0.001	0.001	0.0	0.001	0.0	0.001
Thermacetogenium	0.0	0.0	0.0	0.0	0.001	0.0	0.0	0.0	0.0	0.0	0.0	0.0	0.0	0.0	0.001	0.0	0.0	0.0	0.0	0.0	0.0	0.0	0.0	0.0	0.0	0.0	0.0	0.0	0.0	0.0	0.0	0.0	0.0	0.001	0.0	0.0	0.0	0.0	0.001	0.0	0.002	0.001	0.001	0.001	0.001	0.001	0.0	0.001
Peptacetobacter	0.0	0.001	0.0	0.0	0.0	0.0	0.0	0.001	0.0	0.001	0.0	0.0	0.0	0.0	0.0	0.0	0.0	0.0	0.001	0.0	0.0	0.0	0.0	0.0	0.0	0.0	0.0	0.0	0.0	0.0	0.0	0.0	0.001	0.001	0.001	0.0	0.0	0.001	0.001	0.001	0.0	0.001	0.0	0.0	0.001	0.0	0.0	0.0
Myrnavirus	0.001	0.0	0.0	0.0	0.0	0.0	0.0	0.0	0.0	0.0	0.0	0.0	0.0	0.0	0.0	0.0	0.003	0.001	0.0	0.0	0.0	0.0	0.0	0.0	0.001	0.001	0.001	0.001	0.001	0.001	0.0	0.0	0.0	0.0	0.0	0.0	0.0	0.0	0.0	0.0	0.0	0.001	0.0	0.0	0.0	0.0	0.0	0.0
Eisenbergiella	0.001	0.001	0.0	0.001	0.001	0.001	0.0	0.001	0.0	0.0	0.0	0.0	0.0	0.0	0.0	0.0	0.0	0.0	0.0	0.0	0.0	0.0	0.0	0.0	0.001	0.0	0.0	0.0	0.0	0.0	0.0	0.0	0.0	0.001	0.0	0.0	0.0	0.001	0.0	0.0	0.0	0.0	0.001	0.001	0.0	0.001	0.0	0.0
Hiyaavirus	0.005	0.001	0.0	0.0	0.0	0.0	0.006	0.0	0.0	0.0	0.0	0.0	0.0	0.0	0.0	0.0	0.0	0.0	0.0	0.0	0.0	0.0	0.0	0.0	0.0	0.0	0.0	0.0	0.0	0.0	0.0	0.0	0.0	0.0	0.0	0.0	0.0	0.0	0.0	0.0	0.0	0.0	0.0	0.0	0.0	0.0	0.0	0.0
Desulfopila	0.0	0.001	0.0	0.0	0.0	0.0	0.0	0.0	0.0	0.0	0.001	0.001	0.0	0.001	0.0	0.0	0.0	0.0	0.0	0.0	0.0	0.0	0.0	0.0	0.0	0.0	0.0	0.0	0.0	0.0	0.0	0.0	0.0	0.0	0.0	0.0	0.0	0.0	0.0	0.0	0.001	0.001	0.001	0.001	0.001	0.001	0.0	0.001
Formicincola	0.0	0.0	0.0	0.0	0.0	0.0	0.0	0.0	0.0	0.001	0.0	0.001	0.001	0.001	0.0	0.0	0.0	0.0	0.0	0.0	0.0	0.0	0.0	0.0	0.0	0.0	0.0	0.0	0.0	0.0	0.0	0.0	0.0	0.001	0.001	0.0	0.0	0.0	0.0	0.0	0.001	0.001	0.0	0.001	0.0	0.001	0.0	0.001
Orientia	0.0	0.0	0.0	0.001	0.001	0.001	0.001	0.002	0.0	0.0	0.0	0.0	0.0	0.0	0.0	0.0	0.0	0.001	0.0	0.0	0.0	0.0	0.0	0.0	0.0	0.0	0.0	0.0	0.001	0.0	0.0	0.0	0.0	0.0	0.0	0.0	0.0	0.0	0.0	0.001	0.0	0.0	0.001	0.0	0.001	0.0	0.0	0.0
Beggiatoa	0.001	0.0	0.001	0.0	0.001	0.001	0.0	0.0	0.0	0.0	0.0	0.0	0.0	0.0	0.0	0.0	0.0	0.0	0.0	0.0	0.0	0.0	0.0	0.0	0.0	0.0	0.0	0.0	0.0	0.0	0.0	0.0	0.001	0.0	0.001	0.0	0.0	0.0	0.0	0.0	0.001	0.001	0.001	0.001	0.0	0.0	0.0	0.001
Brasilonema	0.0	0.001	0.001	0.0	0.0	0.0	0.001	0.001	0.0	0.0	0.0	0.0	0.001	0.0	0.0	0.0	0.0	0.0	0.0	0.0	0.0	0.0	0.0	0.0	0.0	0.0	0.0	0.0	0.0	0.0	0.0	0.0	0.0	0.0	0.0	0.001	0.0	0.0	0.0	0.0	0.0	0.001	0.001	0.001	0.001	0.0	0.001	0.0
Allotamlana	0.0	0.0	0.001	0.001	0.001	0.001	0.001	0.0	0.0	0.0	0.001	0.001	0.0	0.0	0.0	0.0	0.0	0.0	0.0	0.0	0.0	0.0	0.0	0.0	0.0	0.0	0.0	0.0	0.0	0.0	0.0	0.0	0.0	0.0	0.0	0.0	0.0	0.0	0.0	0.0	0.0	0.0	0.001	0.001	0.001	0.0	0.0	0.001
Neptunicella	0.0	0.0	0.001	0.0	0.001	0.001	0.001	0.0	0.0	0.0	0.001	0.001	0.0	0.001	0.0	0.0	0.0	0.0	0.0	0.0	0.0	0.0	0.0	0.0	0.0	0.0	0.0	0.0	0.0	0.0	0.0	0.0	0.0	0.0	0.0	0.0	0.0	0.0	0.001	0.0	0.0	0.001	0.001	0.001	0.0	0.0	0.0	0.0
Lawsonella	0.001	0.001	0.001	0.001	0.0	0.0	0.0	0.0	0.0	0.0	0.0	0.0	0.0	0.0	0.0	0.0	0.0	0.0	0.0	0.0	0.0	0.001	0.0	0.0	0.0	0.0	0.0	0.0	0.0	0.0	0.0	0.0	0.0	0.001	0.0	0.0	0.0	0.0	0.0	0.0	0.001	0.001	0.0	0.001	0.0	0.001	0.0	0.001
Orbus	0.0	0.0	0.001	0.001	0.0	0.0	0.001	0.0	0.0	0.0	0.0	0.0	0.0	0.0	0.0	0.001	0.0	0.0	0.0	0.0	0.0	0.0	0.0	0.0	0.001	0.0	0.0	0.0	0.0	0.0	0.0	0.0	0.0	0.0	0.001	0.001	0.0	0.0	0.0	0.001	0.0	0.0	0.001	0.0	0.001	0.0	0.0	0.001
Luminiphilus	0.0	0.001	0.0	0.0	0.001	0.0	0.0	0.0	0.0	0.0	0.0	0.0	0.0	0.001	0.0	0.0	0.0	0.0	0.0	0.0	0.0	0.0	0.0	0.0	0.0	0.0	0.001	0.0	0.0	0.0	0.0	0.0	0.0	0.0	0.0	0.0	0.0	0.0	0.0	0.0	0.001	0.001	0.001	0.001	0.001	0.001	0.0	0.001
Helicovermis	0.0	0.0	0.001	0.001	0.001	0.001	0.0	0.005	0.0	0.0	0.0	0.0	0.0	0.0	0.0	0.0	0.0	0.0	0.0	0.0	0.0	0.0	0.0	0.0	0.0	0.0	0.0	0.0	0.0	0.0	0.0	0.0	0.0	0.0	0.0	0.0	0.0	0.0	0.0	0.001	0.0	0.0	0.0	0.0	0.001	0.0	0.0	0.0
Thermotoga	0.0	0.0	0.001	0.001	0.0	0.0	0.0	0.0	0.0	0.0	0.0	0.0	0.0	0.0	0.0	0.0	0.0	0.0	0.0	0.0	0.0	0.0	0.0	0.0	0.0	0.0	0.0	0.0	0.0	0.0	0.0	0.0	0.001	0.0	0.0	0.001	0.0	0.0	0.0	0.001	0.001	0.001	0.001	0.001	0.001	0.0	0.0	0.001
Siminovitchia	0.001	0.001	0.0	0.0	0.0	0.0	0.001	0.001	0.0	0.0	0.0	0.0	0.0	0.0	0.0	0.0	0.0	0.0	0.0	0.0	0.0	0.0	0.0	0.0	0.0	0.0	0.0	0.0	0.0	0.0	0.0	0.0	0.001	0.0	0.0	0.0	0.0	0.0	0.0	0.0	0.001	0.001	0.001	0.001	0.001	0.001	0.0	0.0
Thermosipho	0.0	0.0	0.0	0.0	0.001	0.001	0.001	0.001	0.0	0.0	0.0	0.001	0.001	0.0	0.0	0.0	0.0	0.0	0.0	0.0	0.0	0.0	0.0	0.0	0.0	0.0	0.0	0.0	0.0	0.0	0.0	0.0	0.001	0.001	0.001	0.0	0.0	0.0	0.0	0.0	0.001	0.0	0.0	0.0	0.001	0.0	0.0	0.0
Chlorogloeopsis	0.0	0.001	0.001	0.0	0.0	0.001	0.0	0.001	0.0	0.0	0.0	0.0	0.0	0.0	0.0	0.0	0.0	0.0	0.0	0.0	0.0	0.0	0.0	0.0	0.0	0.0	0.0	0.0	0.0	0.0	0.0	0.0	0.001	0.0	0.001	0.0	0.0	0.0	0.0	0.001	0.001	0.001	0.001	0.0	0.001	0.0	0.0	0.0
Candidatus Neoarthromitus	0.0	0.0	0.001	0.0	0.001	0.0	0.0	0.001	0.0	0.0	0.0	0.0	0.0	0.0	0.0	0.001	0.0	0.0	0.001	0.0	0.0	0.0	0.0	0.0	0.0	0.0	0.0	0.0	0.0	0.0	0.001	0.0	0.001	0.0	0.0	0.0	0.0	0.0	0.001	0.001	0.0	0.0	0.001	0.0	0.001	0.0	0.0	0.0
Planktothricoides	0.0	0.001	0.001	0.001	0.0	0.0	0.0	0.0	0.0	0.0	0.0	0.0	0.0	0.0	0.0	0.0	0.0	0.0	0.0	0.0	0.0	0.0	0.0	0.0	0.0	0.0	0.0	0.0	0.0	0.0	0.0	0.0	0.001	0.0	0.001	0.0	0.001	0.0	0.0	0.0	0.001	0.001	0.001	0.0	0.001	0.0	0.0	0.001
Desulforapulum	0.0	0.001	0.001	0.0	0.001	0.0	0.001	0.0	0.0	0.0	0.0	0.001	0.0	0.0	0.0	0.0	0.0	0.0	0.0	0.0	0.0	0.0	0.0	0.0	0.0	0.0	0.0	0.0	0.0	0.0	0.0	0.0	0.0	0.0	0.0	0.0	0.0	0.0	0.0	0.0	0.001	0.001	0.001	0.001	0.0	0.001	0.0	0.001
Emergencia	0.0	0.0	0.0	0.001	0.0	0.0	0.0	0.001	0.0	0.0	0.0	0.0	0.0	0.001	0.0	0.0	0.0	0.0	0.0	0.0	0.0	0.0	0.0	0.0	0.0	0.0	0.0	0.0	0.001	0.0	0.0	0.0	0.0	0.0	0.0	0.001	0.0	0.0	0.0	0.0	0.001	0.001	0.001	0.001	0.001	0.0	0.0	0.001
Kineothrix	0.001	0.001	0.0	0.0	0.001	0.001	0.0	0.001	0.0	0.0	0.0	0.0	0.0	0.0	0.0	0.0	0.0	0.0	0.0	0.0	0.0	0.0	0.0	0.0	0.0	0.0	0.0	0.0	0.0	0.0	0.0	0.0	0.001	0.001	0.0	0.001	0.0	0.0	0.001	0.001	0.0	0.0	0.001	0.0	0.0	0.0	0.0	0.0
Halodesulfurarchaeum	0.0	0.0	0.001	0.0	0.0	0.0	0.001	0.0	0.0	0.0	0.0	0.001	0.0	0.001	0.0	0.0	0.0	0.0	0.0	0.0	0.0	0.0	0.0	0.0	0.0	0.0	0.0	0.0	0.0	0.0	0.0	0.0	0.0	0.001	0.0	0.0	0.0	0.0	0.0	0.0	0.001	0.001	0.001	0.001	0.0	0.001	0.0	0.001
Marvinbryantia	0.0	0.0	0.0	0.0	0.0	0.001	0.0	0.0	0.0	0.0	0.0	0.0	0.001	0.001	0.001	0.0	0.0	0.0	0.0	0.0	0.0	0.0	0.0	0.0	0.0	0.0	0.0	0.0	0.0	0.0	0.0	0.0	0.0	0.001	0.001	0.0	0.0	0.0	0.0	0.0	0.001	0.001	0.001	0.0	0.0	0.001	0.0	0.001
Bingvirus	0.0	0.0	0.0	0.0	0.0	0.0	0.001	0.0	0.0	0.0	0.0	0.0	0.0	0.0	0.0	0.0	0.0	0.0	0.0	0.001	0.003	0.001	0.0	0.002	0.0	0.0	0.0	0.0	0.0	0.001	0.001	0.001	0.0	0.0	0.0	0.0	0.0	0.0	0.0	0.0	0.0	0.0	0.0	0.0	0.0	0.0	0.0	0.0
Allocoleopsis	0.001	0.0	0.001	0.001	0.0	0.001	0.001	0.0	0.0	0.0	0.0	0.0	0.0	0.0	0.0	0.0	0.0	0.0	0.0	0.0	0.0	0.0	0.0	0.0	0.0	0.0	0.0	0.0	0.0	0.0	0.0	0.0	0.0	0.0	0.0	0.001	0.0	0.0	0.0	0.0	0.001	0.001	0.001	0.0	0.001	0.0	0.0	0.0
Croceibacter	0.0	0.0	0.001	0.0	0.001	0.0	0.0	0.001	0.0	0.0	0.001	0.001	0.0	0.0	0.0	0.0	0.0	0.0	0.0	0.0	0.0	0.0	0.0	0.0	0.0	0.0	0.0	0.0	0.0	0.0	0.0	0.0	0.0	0.001	0.0	0.001	0.0	0.0	0.0	0.0	0.001	0.001	0.0	0.001	0.0	0.0	0.0	0.0
Desertifilum	0.0	0.001	0.0	0.0	0.001	0.0	0.0	0.0	0.0	0.0	0.001	0.0	0.001	0.0	0.0	0.0	0.0	0.0	0.0	0.0	0.0	0.0	0.0	0.0	0.0	0.0	0.0	0.0	0.0	0.0	0.0	0.0	0.0	0.0	0.0	0.0	0.0	0.0	0.0	0.0	0.001	0.001	0.001	0.001	0.0	0.001	0.0	0.001
Marixanthomonas	0.0	0.001	0.0	0.0	0.001	0.001	0.001	0.001	0.0	0.0	0.0	0.0	0.0	0.0	0.0	0.0	0.0	0.0	0.0	0.0	0.0	0.0	0.0	0.0	0.0	0.0	0.0	0.0	0.0	0.0	0.0	0.0	0.0	0.0	0.0	0.001	0.0	0.001	0.0	0.0	0.001	0.0	0.0	0.001	0.0	0.0	0.0	0.001
Paramuribaculum	0.001	0.001	0.001	0.0	0.0	0.0	0.0	0.0	0.0	0.0	0.0	0.0	0.0	0.0	0.0	0.0	0.0	0.0	0.0	0.0	0.0	0.0	0.0	0.0	0.0	0.0	0.0	0.0	0.0	0.0	0.0	0.0	0.0	0.001	0.0	0.0	0.0	0.0	0.0	0.0	0.001	0.001	0.001	0.001	0.001	0.0	0.0	0.001
Jonquetella	0.0	0.0	0.001	0.001	0.001	0.0	0.0	0.0	0.0	0.0	0.0	0.0	0.0	0.0	0.0	0.0	0.0	0.0	0.0	0.0	0.0	0.0	0.0	0.0	0.0	0.0	0.0	0.0	0.0	0.0	0.0	0.0	0.0	0.001	0.0	0.0	0.0	0.0	0.001	0.0	0.001	0.001	0.001	0.001	0.0	0.001	0.0	0.0
Chloroherpeton	0.0	0.0	0.001	0.0	0.0	0.0	0.0	0.0	0.0	0.0	0.0	0.0	0.0	0.0	0.0	0.0	0.0	0.0	0.0	0.0	0.0	0.0	0.0	0.0	0.0	0.0	0.0	0.0	0.0	0.0	0.0	0.0	0.001	0.0	0.0	0.0	0.0	0.0	0.001	0.001	0.001	0.001	0.001	0.001	0.001	0.0	0.0	0.001
Granulicatella	0.0	0.0	0.0	0.0	0.0	0.0	0.0	0.003	0.0	0.0	0.0	0.001	0.0	0.0	0.0	0.0	0.0	0.0	0.0	0.0	0.0	0.0	0.0	0.0	0.0	0.0	0.0	0.0	0.0	0.001	0.0	0.0	0.0	0.0	0.0	0.0	0.0	0.001	0.001	0.001	0.0	0.0	0.001	0.0	0.001	0.0	0.0	0.0
Oceanicoccus	0.001	0.0	0.001	0.0	0.001	0.0	0.001	0.0	0.0	0.0	0.001	0.001	0.001	0.0	0.0	0.0	0.0	0.0	0.001	0.0	0.0	0.0	0.0	0.0	0.0	0.0	0.0	0.0	0.0	0.0	0.0	0.0	0.0	0.0	0.0	0.0	0.0	0.0	0.0	0.0	0.0	0.001	0.0	0.001	0.0	0.0	0.0	0.0
Sporanaerobacter	0.0	0.001	0.001	0.0	0.001	0.001	0.001	0.001	0.0	0.0	0.0	0.0	0.0	0.0	0.001	0.0	0.0	0.0	0.0	0.0	0.0	0.0	0.0	0.0	0.0	0.0	0.0	0.0	0.0	0.0	0.0	0.0	0.0	0.0	0.001	0.0	0.0	0.0	0.0	0.0	0.0	0.0	0.001	0.0	0.001	0.0	0.0	0.0
Pseudopelagicola	0.001	0.001	0.001	0.0	0.001	0.0	0.0	0.0	0.0	0.0	0.0	0.0	0.0	0.0	0.0	0.0	0.0	0.0	0.0	0.0	0.0	0.0	0.0	0.0	0.0	0.0	0.0	0.0	0.0	0.001	0.0	0.0	0.0	0.0	0.001	0.0	0.0	0.0	0.0	0.0	0.001	0.0	0.001	0.001	0.0	0.0	0.0	0.001
Desulfohalobium	0.001	0.0	0.0	0.0	0.0	0.001	0.0	0.0	0.0	0.0	0.0	0.001	0.0	0.0	0.0	0.0	0.0	0.0	0.0	0.0	0.0	0.0	0.0	0.0	0.0	0.0	0.0	0.0	0.0	0.0	0.0	0.0	0.0	0.001	0.0	0.0	0.0	0.0	0.0	0.0	0.001	0.001	0.001	0.001	0.0	0.001	0.0	0.001
Acutalibacter	0.001	0.0	0.0	0.0	0.001	0.0	0.0	0.0	0.0	0.0	0.0	0.001	0.0	0.0	0.0	0.0	0.0	0.0	0.0	0.0	0.0	0.0	0.0	0.0	0.0	0.0	0.0	0.0	0.0	0.0	0.0	0.0	0.0	0.001	0.0	0.0	0.0	0.0	0.001	0.0	0.001	0.001	0.001	0.001	0.0	0.0	0.0	0.001
Methanosphaera	0.0	0.0	0.0	0.0	0.0	0.001	0.0	0.001	0.0	0.001	0.0	0.0	0.0	0.0	0.001	0.0	0.0	0.0	0.0	0.0	0.0	0.0	0.0	0.0	0.0	0.0	0.0	0.0	0.0	0.0	0.0	0.0	0.001	0.0	0.0	0.0	0.0	0.001	0.001	0.001	0.0	0.0	0.001	0.0	0.001	0.0	0.0	0.0
Novibacillus	0.001	0.0	0.0	0.0	0.0	0.0	0.001	0.0	0.0	0.0	0.0	0.0	0.001	0.0	0.0	0.0	0.0	0.0	0.001	0.0	0.0	0.0	0.0	0.0	0.0	0.0	0.0	0.0	0.0	0.0	0.0	0.0	0.0	0.0	0.0	0.0	0.0	0.0	0.0	0.0	0.001	0.001	0.001	0.001	0.001	0.001	0.0	0.0
Limnobaculum	0.0	0.001	0.0	0.0	0.001	0.001	0.0	0.0	0.0	0.0	0.0	0.0	0.0	0.0	0.0	0.0	0.0	0.0	0.0	0.0	0.0	0.0	0.0	0.0	0.0	0.0	0.0	0.0	0.0	0.0	0.0	0.0	0.001	0.001	0.0	0.0	0.0	0.0	0.0	0.001	0.001	0.001	0.0	0.001	0.0	0.0	0.0	0.001
Evansella	0.0	0.0	0.0	0.0	0.001	0.0	0.0	0.001	0.0	0.0	0.0	0.0	0.0	0.0	0.001	0.0	0.0	0.0	0.0	0.0	0.0	0.0	0.0	0.0	0.0	0.0	0.0	0.0	0.0	0.0	0.0	0.0	0.001	0.001	0.0	0.001	0.0	0.0	0.0	0.0	0.001	0.0	0.0	0.001	0.001	0.0	0.0	0.001
Caminibacter	0.0	0.0	0.0	0.0	0.0	0.001	0.001	0.001	0.0	0.0	0.0	0.0	0.0	0.0	0.0	0.0	0.0	0.0	0.001	0.0	0.0	0.0	0.0	0.0	0.0	0.0	0.0	0.0	0.0	0.0	0.0	0.0	0.001	0.0	0.001	0.001	0.0	0.0	0.0	0.0	0.0	0.0	0.001	0.001	0.0	0.0	0.0	0.0
Peptostreptococcus	0.0	0.0	0.001	0.001	0.001	0.001	0.0	0.003	0.0	0.0	0.0	0.001	0.0	0.0	0.0	0.0	0.0	0.0	0.0	0.0	0.0	0.0	0.0	0.0	0.0	0.0	0.0	0.0	0.0	0.0	0.0	0.0	0.0	0.0	0.0	0.0	0.0	0.0	0.0	0.0	0.001	0.0	0.0	0.0	0.0	0.0	0.0	0.0
Halobacteriovorax	0.0	0.001	0.001	0.0	0.001	0.001	0.001	0.001	0.0	0.0	0.0	0.0	0.001	0.0	0.0	0.0	0.0	0.0	0.0	0.0	0.0	0.0	0.0	0.0	0.0	0.0	0.0	0.0	0.0	0.0	0.0	0.0	0.0	0.0	0.0	0.0	0.0	0.0	0.0	0.001	0.0	0.0	0.0	0.0	0.001	0.0	0.0	0.0
Mobiluncus	0.0	0.0	0.0	0.0	0.001	0.0	0.0	0.0	0.0	0.0	0.0	0.0	0.0	0.0	0.0	0.0	0.0	0.0	0.0	0.0	0.0	0.0	0.0	0.0	0.001	0.0	0.0	0.0	0.0	0.0	0.0	0.0	0.0	0.001	0.0	0.0	0.0	0.0	0.0	0.0	0.0	0.001	0.001	0.001	0.001	0.001	0.0	0.001
Leadbettera	0.001	0.0	0.001	0.0	0.001	0.001	0.0	0.0	0.0	0.0	0.0	0.0	0.0	0.0	0.0	0.0	0.0	0.0	0.0	0.0	0.0	0.0	0.0	0.0	0.0	0.0	0.0	0.0	0.0	0.0	0.0	0.0	0.0	0.0	0.0	0.0	0.0	0.0	0.0	0.0	0.001	0.001	0.001	0.001	0.0	0.0	0.0	0.001
Bigelowiella	0.0	0.0	0.001	0.001	0.001	0.001	0.0	0.001	0.0	0.0	0.0	0.0	0.0	0.0	0.001	0.0	0.0	0.0	0.0	0.0	0.0	0.0	0.0	0.001	0.0	0.0	0.0	0.0	0.0	0.0	0.001	0.001	0.0	0.0	0.0	0.0	0.0	0.0	0.0	0.0	0.0	0.0	0.0	0.0	0.0	0.0	0.0	0.0
Nereida	0.001	0.0	0.001	0.0	0.001	0.0	0.001	0.0	0.0	0.0	0.0	0.0	0.0	0.0	0.0	0.0	0.0	0.0	0.0	0.0	0.0	0.0	0.0	0.0	0.0	0.0	0.0	0.0	0.0	0.0	0.0	0.0	0.0	0.0	0.0	0.0	0.0	0.0	0.0	0.0	0.001	0.001	0.001	0.001	0.0	0.0	0.0	0.001
Candidiatus Paracoxiella	0.0	0.001	0.001	0.0	0.001	0.001	0.001	0.0	0.0	0.0	0.0	0.001	0.0	0.001	0.0	0.0	0.0	0.0	0.0	0.0	0.0	0.0	0.0	0.0	0.0	0.0	0.0	0.0	0.0	0.0	0.0	0.0	0.0	0.0	0.001	0.0	0.0	0.001	0.0	0.0	0.0	0.0	0.0	0.0	0.0	0.0	0.0	0.0
Candidatus Izemoplasma	0.0	0.001	0.001	0.0	0.001	0.0	0.001	0.001	0.0	0.0	0.0	0.0	0.0	0.0	0.0	0.0	0.0	0.0	0.0	0.0	0.0	0.0	0.0	0.0	0.0	0.0	0.0	0.0	0.0	0.0	0.0	0.0	0.001	0.001	0.0	0.001	0.0	0.0	0.0	0.001	0.0	0.0	0.0	0.0	0.0	0.0	0.0	0.0
Haematospirillum	0.0	0.001	0.0	0.0	0.0	0.0	0.001	0.0	0.0	0.0	0.0	0.0	0.0	0.0	0.001	0.0	0.0	0.0	0.0	0.0	0.0	0.0	0.0	0.0	0.0	0.0	0.0	0.0	0.0	0.0	0.0	0.0	0.0	0.0	0.0	0.0	0.0	0.0	0.0	0.001	0.001	0.001	0.001	0.001	0.0	0.0	0.0	0.001
Trichothermofontia	0.001	0.0	0.0	0.0	0.0	0.001	0.001	0.0	0.0	0.0	0.0	0.001	0.001	0.0	0.0	0.0	0.0	0.0	0.0	0.0	0.0	0.0	0.0	0.0	0.0	0.0	0.0	0.0	0.0	0.0	0.0	0.0	0.0	0.0	0.001	0.0	0.0	0.0	0.0	0.0	0.001	0.0	0.001	0.001	0.0	0.0	0.0	0.0
Amedibacterium	0.001	0.0	0.0	0.0	0.001	0.0	0.0	0.0	0.0	0.0	0.0	0.0	0.0	0.001	0.0	0.0	0.0	0.0	0.0	0.0	0.0	0.0	0.0	0.0	0.0	0.0	0.0	0.0	0.001	0.0	0.0	0.0	0.0	0.0	0.0	0.001	0.0	0.001	0.0	0.0	0.001	0.001	0.0	0.001	0.0	0.0	0.0	0.0
Turicimonas	0.0	0.0	0.001	0.0	0.0	0.0	0.001	0.0	0.0	0.0	0.001	0.001	0.0	0.0	0.0	0.0	0.0	0.0	0.0	0.0	0.0	0.0	0.0	0.0	0.0	0.0	0.0	0.0	0.0	0.0	0.0	0.0	0.0	0.0	0.0	0.0	0.0	0.0	0.0	0.0	0.001	0.001	0.001	0.0	0.001	0.0	0.0	0.001
Aminipila	0.0	0.0	0.0	0.0	0.0	0.001	0.001	0.001	0.0	0.0	0.0	0.0	0.0	0.0	0.0	0.0	0.0	0.0	0.0	0.0	0.0	0.0	0.0	0.0	0.0	0.0	0.0	0.0	0.0	0.0	0.0	0.0	0.0	0.0	0.001	0.0	0.0	0.001	0.0	0.001	0.0	0.0	0.001	0.001	0.0	0.0	0.0	0.001
Cellulosilyticum	0.0	0.0	0.0	0.0	0.0	0.001	0.0	0.001	0.001	0.0	0.0	0.0	0.0	0.0	0.0	0.001	0.0	0.0	0.0	0.0	0.0	0.0	0.0	0.0	0.0	0.0	0.0	0.0	0.0	0.0	0.0	0.0	0.001	0.001	0.001	0.0	0.0	0.0	0.0	0.001	0.0	0.0	0.0	0.0	0.001	0.0	0.0	0.0
Flintibacter	0.0	0.001	0.0	0.0	0.0	0.0	0.0	0.0	0.0	0.0	0.001	0.0	0.001	0.0	0.0	0.0	0.0	0.0	0.0	0.0	0.0	0.0	0.0	0.0	0.0	0.0	0.0	0.0	0.0	0.0	0.0	0.0	0.0	0.001	0.0	0.001	0.0	0.0	0.0	0.0	0.001	0.001	0.001	0.0	0.0	0.001	0.0	0.0
Methanococcus	0.0	0.001	0.0	0.0	0.0	0.001	0.0	0.001	0.0	0.0	0.0	0.0	0.0	0.0	0.0	0.0	0.0	0.0	0.0	0.0	0.0	0.0	0.0	0.0	0.0	0.0	0.0	0.0	0.0	0.0	0.0	0.0	0.001	0.001	0.0	0.0	0.0	0.001	0.001	0.0	0.001	0.0	0.0	0.0	0.001	0.0	0.0	0.0
Wilnyevirus	0.005	0.0	0.0	0.0	0.001	0.0	0.0	0.0	0.0	0.0	0.0	0.0	0.0	0.0	0.0	0.0	0.0	0.0	0.0	0.0	0.0	0.0	0.0	0.0	0.0	0.0	0.0	0.0	0.0	0.0	0.0	0.0	0.0	0.0	0.0	0.0	0.001	0.001	0.001	0.0	0.0	0.0	0.0	0.0	0.0	0.0	0.0	0.0
Leptogranulimonas	0.001	0.0	0.001	0.001	0.0	0.0	0.0	0.0	0.0	0.0	0.0	0.0	0.001	0.0	0.0	0.0	0.0	0.0	0.0	0.0	0.0	0.0	0.0	0.0	0.0	0.0	0.0	0.0	0.0	0.0	0.0	0.0	0.001	0.0	0.001	0.0	0.0	0.0	0.0	0.0	0.0	0.001	0.001	0.0	0.0	0.001	0.0	0.0
Scapunavirus	0.0	0.0	0.0	0.0	0.0	0.0	0.0	0.0	0.0	0.0	0.0	0.0	0.0	0.0	0.0	0.0	0.001	0.0	0.0	0.001	0.001	0.0	0.0	0.001	0.0	0.0	0.0	0.0	0.001	0.001	0.001	0.0	0.0	0.0	0.0	0.002	0.0	0.0	0.0	0.0	0.0	0.0	0.0	0.0	0.0	0.0	0.0	0.0
Denitrificimonas	0.0	0.001	0.0	0.0	0.001	0.0	0.001	0.0	0.0	0.0	0.001	0.001	0.0	0.0	0.0	0.0	0.0	0.0	0.0	0.0	0.0	0.0	0.0	0.0	0.0	0.0	0.0	0.0	0.0	0.0	0.0	0.0	0.0	0.0	0.0	0.0	0.0	0.0	0.0	0.0	0.001	0.0	0.001	0.001	0.0	0.0	0.0	0.001
Marinitoga	0.001	0.0	0.001	0.001	0.001	0.001	0.0	0.001	0.0	0.0	0.0	0.0	0.0	0.0	0.0	0.0	0.0	0.0	0.0	0.0	0.0	0.0	0.0	0.0	0.0	0.0	0.0	0.0	0.0	0.0	0.0	0.0	0.001	0.0	0.0	0.0	0.0	0.0	0.0	0.001	0.0	0.0	0.0	0.0	0.001	0.0	0.0	0.0
Wenyingzhuangia	0.0	0.001	0.0	0.001	0.001	0.0	0.0	0.001	0.0	0.0	0.0	0.0	0.0	0.0	0.0	0.0	0.0	0.0	0.0	0.0	0.0	0.0	0.0	0.0	0.0	0.0	0.0	0.0	0.0	0.0	0.0	0.0	0.0	0.001	0.0	0.001	0.001	0.0	0.0	0.0	0.0	0.0	0.0	0.0	0.001	0.0	0.0	0.001
Candidatus Marifrigoribacter	0.0	0.0	0.0	0.0	0.001	0.0	0.001	0.0	0.0	0.0	0.0	0.001	0.0	0.0	0.0	0.001	0.0	0.0	0.0	0.0	0.0	0.0	0.0	0.0	0.001	0.0	0.0	0.0	0.0	0.0	0.0	0.0	0.001	0.0	0.0	0.0	0.0	0.0	0.001	0.001	0.0	0.0	0.0	0.0	0.001	0.0	0.0	0.0
Sporolactobacillus	0.0	0.001	0.001	0.0	0.0	0.0	0.0	0.001	0.0	0.0	0.0	0.0	0.0	0.0	0.0	0.0	0.0	0.0	0.0	0.0	0.0	0.0	0.0	0.0	0.0	0.0	0.0	0.0	0.0	0.0	0.0	0.0	0.0	0.0	0.001	0.0	0.0	0.0	0.0	0.0	0.001	0.001	0.001	0.0	0.001	0.0	0.0	0.001
Marnyiella	0.001	0.0	0.001	0.001	0.0	0.0	0.001	0.001	0.0	0.0	0.0	0.0	0.0	0.0	0.0	0.0	0.0	0.0	0.0	0.0	0.0	0.0	0.0	0.0	0.0	0.0	0.0	0.0	0.0	0.0	0.0	0.0	0.0	0.0	0.001	0.0	0.0	0.0	0.0	0.0	0.001	0.001	0.0	0.0	0.0	0.0	0.0	0.001
Sphaerospermopsis	0.0	0.0	0.0	0.0	0.0	0.001	0.0	0.0	0.0	0.0	0.0	0.0	0.0	0.0	0.0	0.0	0.0	0.0	0.0	0.0	0.0	0.0	0.0	0.0	0.0	0.0	0.0	0.0	0.0	0.0	0.0	0.0	0.001	0.001	0.0	0.001	0.0	0.0	0.0	0.0	0.001	0.0	0.001	0.0	0.001	0.0	0.001	0.001
Wakandavirus	0.003	0.001	0.0	0.0	0.001	0.0	0.002	0.0	0.0	0.0	0.0	0.0	0.0	0.0	0.0	0.0	0.0	0.0	0.0	0.0	0.0	0.0	0.0	0.0	0.0	0.0	0.0	0.0	0.0	0.0	0.0	0.0	0.0	0.0	0.0	0.0	0.0	0.001	0.001	0.0	0.0	0.0	0.0	0.0	0.0	0.0	0.0	0.0
Sulfurisphaera	0.0	0.0	0.001	0.0	0.0	0.0	0.0	0.001	0.0	0.0	0.0	0.0	0.0	0.0	0.001	0.001	0.0	0.0	0.0	0.0	0.0	0.0	0.0	0.0	0.0	0.0	0.0	0.0	0.0	0.0	0.0	0.0	0.001	0.0	0.0	0.0	0.0	0.0	0.001	0.001	0.0	0.0	0.0	0.0	0.001	0.0	0.0	0.0
Bixzunavirus	0.0	0.0	0.0	0.001	0.0	0.0	0.0	0.0	0.0	0.0	0.0	0.0	0.0	0.0	0.0	0.0	0.0	0.0	0.0	0.0	0.0	0.0	0.0	0.001	0.001	0.0	0.0	0.001	0.001	0.001	0.001	0.001	0.0	0.0	0.0	0.0	0.0	0.0	0.0	0.0	0.0	0.0	0.0	0.0	0.0	0.0	0.0	0.0
Apilactobacillus	0.0	0.0	0.0	0.0	0.0	0.001	0.001	0.001	0.0	0.0	0.0	0.0	0.001	0.0	0.0	0.0	0.0	0.0	0.0	0.0	0.0	0.0	0.0	0.0	0.0	0.0	0.0	0.0	0.0	0.0	0.0	0.0	0.0	0.0	0.001	0.001	0.0	0.0	0.0	0.0	0.0	0.0	0.001	0.0	0.001	0.0	0.0	0.0
Aminirod	0.0	0.0	0.0	0.0	0.0	0.0	0.0	0.0	0.0	0.0	0.001	0.001	0.0	0.0	0.0	0.0	0.0	0.0	0.0	0.0	0.0	0.0	0.0	0.0	0.0	0.0	0.0	0.0	0.0	0.0	0.0	0.0	0.0	0.0	0.0	0.0	0.0	0.0	0.0	0.0	0.001	0.002	0.0	0.0	0.001	0.001	0.0	0.001
Candidatus Velamenicoccus	0.0	0.0	0.0	0.0	0.0	0.0	0.001	0.0	0.0	0.0	0.0	0.0	0.0	0.0	0.0	0.0	0.0	0.0	0.0	0.0	0.0	0.0	0.0	0.0	0.0	0.0	0.0	0.0	0.0	0.0	0.0	0.0	0.0	0.0	0.0	0.001	0.0	0.0	0.0	0.0	0.001	0.001	0.001	0.001	0.0	0.0	0.001	0.001
Candidatus Caldatribacterium	0.0	0.0	0.0	0.001	0.001	0.0	0.0	0.0	0.0	0.0	0.0	0.0	0.0	0.0	0.0	0.0	0.0	0.0	0.0	0.0	0.0	0.0	0.0	0.0	0.0	0.0	0.0	0.0	0.0	0.0	0.0	0.0	0.0	0.0	0.0	0.0	0.0	0.0	0.0	0.0	0.0	0.001	0.001	0.001	0.001	0.001	0.0	0.001
Wielerella	0.0	0.0	0.001	0.0	0.0	0.0	0.0	0.0	0.0	0.0	0.0	0.0	0.0	0.0	0.0	0.001	0.0	0.0	0.0	0.0	0.0	0.0	0.0	0.0	0.0	0.0	0.0	0.0	0.0	0.0	0.0	0.0	0.0	0.0	0.0	0.001	0.0	0.0	0.0	0.0	0.001	0.001	0.001	0.001	0.0	0.0	0.0	0.001
Salipaludibacillus	0.0	0.0	0.0	0.0	0.0	0.001	0.0	0.001	0.0	0.0	0.0	0.0	0.0	0.0	0.0	0.0	0.0	0.0	0.0	0.0	0.0	0.0	0.0	0.0	0.0	0.0	0.0	0.0	0.0	0.0	0.0	0.0	0.001	0.0	0.001	0.0	0.0	0.001	0.0	0.001	0.0	0.001	0.0	0.0	0.001	0.0	0.0	0.0
Alkalihalophilus	0.001	0.001	0.0	0.0	0.001	0.0	0.0	0.001	0.0	0.0	0.0	0.0	0.0	0.0	0.0	0.0	0.0	0.0	0.0	0.0	0.0	0.0	0.0	0.0	0.0	0.0	0.0	0.0	0.0	0.0	0.0	0.0	0.0	0.001	0.0	0.0	0.0	0.0	0.0	0.0	0.001	0.0	0.0	0.0	0.001	0.0	0.0	0.001
Parascardovia	0.0	0.001	0.0	0.0	0.0	0.0	0.0	0.0	0.0	0.0	0.0	0.0	0.0	0.0	0.0	0.0	0.0	0.0	0.0	0.0	0.0	0.0	0.0	0.0	0.0	0.0	0.0	0.0	0.0	0.0	0.0	0.0	0.0	0.0	0.0	0.0	0.0	0.0	0.0	0.0	0.001	0.001	0.001	0.001	0.001	0.001	0.0	0.001
Changchengzhania	0.0	0.001	0.0	0.001	0.0	0.001	0.0	0.001	0.0	0.0	0.001	0.0	0.0	0.0	0.0	0.0	0.0	0.0	0.0	0.0	0.0	0.0	0.0	0.0	0.0	0.0	0.0	0.0	0.0	0.0	0.0	0.0	0.0	0.0	0.0	0.0	0.0	0.0	0.0	0.001	0.001	0.0	0.0	0.0	0.0	0.0	0.0	0.001
Parvicella	0.0	0.0	0.001	0.001	0.001	0.0	0.0	0.001	0.0	0.0	0.0	0.0	0.0	0.0	0.0	0.0	0.0	0.0	0.0	0.0	0.0	0.0	0.0	0.0	0.0	0.0	0.0	0.0	0.0	0.0	0.0	0.0	0.001	0.0	0.0	0.0	0.001	0.0	0.0	0.0	0.001	0.0	0.0	0.001	0.0	0.0	0.0	0.0
Melioribacter	0.001	0.001	0.0	0.0	0.0	0.0	0.001	0.0	0.0	0.0	0.0	0.0	0.0	0.0	0.0	0.0	0.0	0.0	0.0	0.0	0.0	0.0	0.0	0.0	0.0	0.0	0.0	0.0	0.0	0.0	0.0	0.0	0.001	0.0	0.0	0.001	0.0	0.0	0.0	0.0	0.001	0.0	0.001	0.001	0.0	0.0	0.0	0.0
Schleiferilactobacillus	0.001	0.001	0.0	0.0	0.001	0.0	0.0	0.0	0.0	0.0	0.0	0.0	0.0	0.0	0.0	0.0	0.0	0.0	0.0	0.0	0.0	0.0	0.0	0.0	0.0	0.0	0.0	0.0	0.0	0.0	0.0	0.0	0.0	0.0	0.001	0.0	0.0	0.0	0.0	0.0	0.001	0.0	0.001	0.001	0.0	0.001	0.0	0.0
Pigmentibacter	0.0	0.0	0.0	0.0	0.001	0.0	0.0	0.001	0.0	0.0	0.0	0.0	0.0	0.0	0.0	0.0	0.0	0.0	0.0	0.0	0.0	0.0	0.0	0.0	0.0	0.0	0.0	0.0	0.0	0.0	0.0	0.0	0.001	0.001	0.001	0.001	0.0	0.0	0.001	0.001	0.0	0.0	0.0	0.0	0.0	0.0	0.0	0.0
Thermocoleostomius	0.0	0.001	0.001	0.0	0.0	0.0	0.0	0.0	0.0	0.0	0.0	0.0	0.0	0.0	0.0	0.0	0.0	0.0	0.0	0.0	0.0	0.0	0.0	0.0	0.0	0.0	0.0	0.0	0.0	0.0	0.0	0.0	0.001	0.001	0.0	0.0	0.0	0.0	0.0	0.0	0.001	0.001	0.001	0.0	0.001	0.0	0.0	0.0
Thalassoporum	0.001	0.001	0.0	0.0	0.0	0.001	0.0	0.0	0.0	0.0	0.0	0.0	0.0	0.0	0.0	0.0	0.0	0.0	0.0	0.0	0.0	0.0	0.0	0.0	0.0	0.0	0.0	0.0	0.0	0.0	0.0	0.0	0.0	0.0	0.0	0.0	0.0	0.001	0.0	0.0	0.0	0.001	0.0	0.001	0.0	0.0	0.001	0.001
Parasynechococcus	0.001	0.0	0.0	0.001	0.0	0.0	0.0	0.0	0.0	0.0	0.0	0.0	0.001	0.001	0.0	0.0	0.0	0.0	0.0	0.0	0.0	0.0	0.0	0.0	0.0	0.0	0.0	0.0	0.0	0.0	0.0	0.0	0.0	0.001	0.0	0.0	0.0	0.0	0.0	0.0	0.0	0.0	0.001	0.001	0.001	0.0	0.0	0.0
Thermosulfurimonas	0.001	0.001	0.0	0.0	0.001	0.0	0.0	0.0	0.0	0.0	0.0	0.0	0.0	0.001	0.0	0.0	0.0	0.0	0.0	0.0	0.0	0.0	0.0	0.0	0.0	0.0	0.0	0.0	0.0	0.0	0.0	0.0	0.0	0.0	0.0	0.0	0.0	0.0	0.0	0.0	0.0	0.001	0.001	0.001	0.0	0.001	0.0	0.0
Anaplasma	0.001	0.0	0.0	0.001	0.0	0.0	0.001	0.0	0.0	0.0	0.0	0.0	0.0	0.0	0.0	0.0	0.0	0.0	0.0	0.0	0.0	0.0	0.0	0.0	0.0	0.0	0.0	0.0	0.0	0.0	0.0	0.0	0.0	0.0	0.0	0.001	0.0	0.0	0.001	0.001	0.0	0.001	0.001	0.0	0.0	0.0	0.0	0.0
Methanothermococcus	0.0	0.0	0.0	0.0	0.001	0.0	0.0	0.001	0.001	0.001	0.001	0.0	0.0	0.0	0.0	0.0	0.0	0.0	0.0	0.0	0.0	0.0	0.0	0.0	0.0	0.0	0.0	0.0	0.0	0.0	0.0	0.0	0.0	0.0	0.0	0.0	0.0	0.0	0.0	0.001	0.0	0.0	0.0	0.0	0.001	0.0	0.0	0.0
Lentilitoribacter	0.0	0.001	0.0	0.0	0.001	0.0	0.0	0.0	0.0	0.0	0.0	0.0	0.001	0.0	0.0	0.0	0.0	0.0	0.0	0.0	0.0	0.0	0.0	0.0	0.0	0.0	0.0	0.0	0.0	0.0	0.0	0.0	0.0	0.0	0.0	0.0	0.001	0.001	0.0	0.001	0.0	0.001	0.0	0.0	0.0	0.0	0.0	0.0
Intestinibacter	0.0	0.0	0.0	0.0	0.0	0.0	0.0	0.001	0.001	0.0	0.0	0.0	0.0	0.0	0.0	0.0	0.0	0.0	0.0	0.0	0.0	0.0	0.0	0.0	0.0	0.0	0.0	0.0	0.0	0.0	0.0	0.0	0.001	0.001	0.0	0.001	0.0	0.0	0.0	0.001	0.0	0.0	0.0	0.0	0.001	0.0	0.0	0.0
Aminithiophilus	0.0	0.0	0.0	0.0	0.0	0.0	0.0	0.0	0.0	0.0	0.0	0.0	0.0	0.0	0.0	0.0	0.0	0.0	0.0	0.0	0.0	0.0	0.0	0.0	0.0	0.0	0.0	0.0	0.0	0.0	0.0	0.0	0.0	0.001	0.0	0.0	0.001	0.0	0.0	0.001	0.001	0.0	0.0	0.002	0.0	0.001	0.0	0.0
Melissococcus	0.0	0.001	0.0	0.0	0.0	0.0	0.0	0.001	0.0	0.0	0.0	0.0	0.0	0.0	0.0	0.0	0.0	0.0	0.0	0.0	0.0	0.0	0.0	0.0	0.0	0.0	0.0	0.0	0.0	0.0	0.0	0.0	0.001	0.0	0.0	0.0	0.0	0.001	0.001	0.001	0.0	0.0	0.0	0.0	0.001	0.0	0.0	0.0
Moumouvirus	0.0	0.0	0.0	0.0	0.0	0.0	0.0	0.001	0.0	0.0	0.0	0.0	0.0	0.0	0.0	0.001	0.0	0.0	0.0	0.0	0.0	0.0	0.0	0.0	0.0	0.0	0.0	0.0	0.0	0.0	0.0	0.0	0.0	0.001	0.0	0.0	0.0	0.001	0.0	0.001	0.0	0.0	0.001	0.0	0.001	0.0	0.0	0.0
Pragia	0.0	0.0	0.001	0.0	0.001	0.0	0.001	0.0	0.0	0.0	0.0	0.0	0.0	0.0	0.0	0.0	0.0	0.0	0.0	0.0	0.0	0.0	0.0	0.0	0.0	0.0	0.0	0.0	0.0	0.0	0.0	0.0	0.0	0.001	0.0	0.0	0.0	0.0	0.0	0.0	0.001	0.001	0.0	0.001	0.0	0.0	0.0	0.0
Pseudalkalibacillus	0.0	0.0	0.001	0.0	0.0	0.0	0.0	0.001	0.0	0.0	0.0	0.0	0.0	0.0	0.0	0.0	0.0	0.0	0.0	0.0	0.0	0.0	0.0	0.0	0.0	0.0	0.0	0.0	0.0	0.0	0.0	0.0	0.0	0.0	0.001	0.0	0.0	0.0	0.0	0.001	0.001	0.0	0.0	0.0	0.001	0.0	0.0	0.001
Anaerotignum	0.0	0.0	0.0	0.0	0.0	0.0	0.001	0.001	0.0	0.0	0.0	0.0	0.0	0.0	0.001	0.0	0.0	0.0	0.0	0.0	0.0	0.0	0.0	0.0	0.0	0.0	0.0	0.0	0.0	0.0	0.0	0.0	0.0	0.0	0.0	0.0	0.0	0.0	0.0	0.001	0.001	0.001	0.001	0.0	0.0	0.0	0.0	0.0
Alkanindiges	0.001	0.0	0.001	0.0	0.001	0.0	0.001	0.0	0.0	0.0	0.0	0.001	0.0	0.0	0.0	0.0	0.0	0.0	0.0	0.0	0.0	0.0	0.0	0.0	0.0	0.0	0.0	0.0	0.0	0.0	0.0	0.0	0.0	0.0	0.0	0.001	0.0	0.0	0.0	0.0	0.001	0.0	0.0	0.0	0.0	0.0	0.0	0.0
Holdemania	0.0	0.0	0.0	0.0	0.0	0.001	0.0	0.001	0.0	0.0	0.0	0.0	0.0	0.0	0.0	0.0	0.0	0.0	0.0	0.0	0.0	0.0	0.0	0.0	0.0	0.0	0.0	0.0	0.0	0.001	0.0	0.0	0.0	0.0	0.0	0.0	0.0	0.0	0.0	0.0	0.001	0.001	0.0	0.0	0.0	0.001	0.0	0.001
Wohlfahrtiimonas	0.0	0.0	0.0	0.0	0.0	0.0	0.0	0.0	0.0	0.0	0.0	0.004	0.0	0.0	0.0	0.0	0.0	0.0	0.0	0.0	0.0	0.001	0.0	0.0	0.0	0.0	0.0	0.0	0.0	0.0	0.0	0.0	0.0	0.0	0.0	0.0	0.0	0.0	0.0	0.0	0.0	0.001	0.001	0.0	0.0	0.0	0.0	0.0
Fretibacter	0.0	0.0	0.0	0.0	0.001	0.0	0.001	0.0	0.0	0.0	0.0	0.0	0.0	0.001	0.0	0.0	0.0	0.0	0.0	0.0	0.0	0.0	0.0	0.0	0.0	0.0	0.0	0.0	0.0	0.0	0.0	0.0	0.0	0.0	0.0	0.0	0.0	0.0	0.0	0.0	0.0	0.001	0.001	0.001	0.0	0.001	0.0	0.0
Loigolactobacillus	0.0	0.0	0.0	0.001	0.0	0.001	0.0	0.0	0.0	0.0	0.0	0.0	0.001	0.0	0.0	0.0	0.0	0.0	0.0	0.0	0.0	0.0	0.0	0.0	0.0	0.0	0.0	0.0	0.0	0.0	0.0	0.0	0.0	0.0	0.0	0.001	0.0	0.0	0.0	0.001	0.0	0.001	0.0	0.0	0.001	0.0	0.0	0.0
Nitratiruptor	0.0	0.001	0.0	0.0	0.001	0.0	0.0	0.0	0.0	0.0	0.0	0.001	0.0	0.0	0.0	0.0	0.0	0.0	0.0	0.0	0.0	0.0	0.0	0.0	0.0	0.0	0.0	0.0	0.0	0.0	0.0	0.0	0.0	0.0	0.0	0.0	0.0	0.0	0.0	0.001	0.0	0.0	0.0	0.001	0.001	0.001	0.0	0.0
Pontibacillus	0.0	0.0	0.0	0.0	0.0	0.001	0.001	0.001	0.0	0.0	0.0	0.0	0.0	0.0	0.0	0.0	0.0	0.0	0.0	0.0	0.0	0.0	0.0	0.0	0.0	0.0	0.0	0.0	0.0	0.0	0.0	0.0	0.0	0.001	0.0	0.0	0.0	0.0	0.0	0.0	0.0	0.0	0.0	0.001	0.001	0.0	0.0	0.001
Ndongobacter	0.0	0.0	0.0	0.0	0.0	0.0	0.0	0.0	0.0	0.0	0.0	0.0	0.0	0.0	0.0	0.0	0.0	0.0	0.0	0.0	0.0	0.0	0.0	0.0	0.0	0.0	0.0	0.0	0.0	0.0	0.0	0.0	0.0	0.0	0.0	0.0	0.0	0.0	0.0	0.001	0.001	0.001	0.001	0.001	0.0	0.001	0.0	0.0
Paraneptunicella	0.0	0.0	0.001	0.0	0.0	0.0	0.0	0.001	0.0	0.0	0.0	0.0	0.0	0.0	0.0	0.0	0.0	0.0	0.0	0.0	0.0	0.0	0.0	0.0	0.0	0.0	0.0	0.0	0.0	0.0	0.0	0.0	0.0	0.0	0.0	0.0	0.0	0.001	0.0	0.0	0.001	0.0	0.0	0.001	0.0	0.0	0.0	0.001
Agarilytica	0.0	0.001	0.001	0.0	0.001	0.0	0.001	0.001	0.0	0.0	0.0	0.0	0.0	0.0	0.0	0.0	0.0	0.0	0.0	0.0	0.0	0.0	0.0	0.0	0.0	0.0	0.0	0.0	0.0	0.0	0.0	0.0	0.0	0.0	0.0	0.0	0.0	0.0	0.0	0.0	0.0	0.001	0.0	0.0	0.0	0.0	0.0	0.0
Succinivibrio	0.0	0.001	0.0	0.0	0.0	0.0	0.0	0.0	0.0	0.001	0.0	0.0	0.001	0.001	0.0	0.0	0.0	0.0	0.0	0.0	0.0	0.0	0.0	0.0	0.0	0.0	0.0	0.0	0.0	0.0	0.0	0.0	0.0	0.0	0.0	0.0	0.0	0.0	0.0	0.0	0.0	0.001	0.0	0.001	0.0	0.0	0.0	0.0
Sulfolobus	0.0	0.0	0.0	0.0	0.0	0.0	0.001	0.001	0.0	0.0	0.0	0.0	0.001	0.0	0.0	0.0	0.0	0.0	0.0	0.0	0.0	0.0	0.0	0.0	0.0	0.0	0.0	0.0	0.0	0.0	0.0	0.0	0.001	0.001	0.0	0.0	0.0	0.0	0.0	0.001	0.0	0.0	0.0	0.0	0.0	0.0	0.0	0.0
Varicellovirus	0.0	0.0	0.001	0.0	0.001	0.0	0.0	0.0	0.0	0.0	0.0	0.0	0.001	0.0	0.0	0.0	0.0	0.0	0.0	0.0	0.0	0.0	0.0	0.0	0.0	0.0	0.0	0.0	0.001	0.0	0.0	0.0	0.0	0.001	0.0	0.0	0.0	0.0	0.001	0.0	0.0	0.0	0.0	0.0	0.0	0.0	0.0	0.0
Anayavirus	0.0	0.001	0.0	0.001	0.0	0.0	0.0	0.0	0.0	0.0	0.0	0.0	0.0	0.001	0.0	0.0	0.0	0.0	0.0	0.0	0.0	0.0	0.0	0.0	0.0	0.0	0.0	0.0	0.0	0.0	0.0	0.0	0.0	0.0	0.0	0.0	0.0	0.0	0.001	0.0	0.001	0.0	0.001	0.0	0.0	0.0	0.0	0.0
Sulfonitrofixus	0.001	0.001	0.0	0.0	0.002	0.0	0.001	0.0	0.0	0.0	0.0	0.0	0.0	0.0	0.0	0.0	0.0	0.0	0.0	0.0	0.0	0.0	0.0	0.0	0.0	0.0	0.0	0.0	0.0	0.0	0.0	0.0	0.0	0.0	0.0	0.0	0.0	0.0	0.0	0.0	0.0	0.001	0.0	0.0	0.0	0.0	0.0	0.0
Sediminicola	0.001	0.0	0.0	0.0	0.0	0.0	0.0	0.0	0.0	0.0	0.0	0.0	0.0	0.0	0.0	0.0	0.0	0.0	0.0	0.0	0.0	0.0	0.0	0.0	0.0	0.0	0.0	0.0	0.0	0.0	0.0	0.0	0.0	0.0	0.0	0.001	0.0	0.0	0.001	0.0	0.001	0.001	0.001	0.0	0.0	0.0	0.0	0.0
Imtechella	0.001	0.0	0.001	0.0	0.0	0.001	0.001	0.0	0.0	0.0	0.001	0.0	0.0	0.0	0.0	0.0	0.0	0.0	0.0	0.0	0.0	0.0	0.0	0.0	0.0	0.0	0.0	0.0	0.0	0.0	0.0	0.0	0.0	0.0	0.0	0.0	0.0	0.0	0.0	0.0	0.0	0.001	0.0	0.0	0.0	0.0	0.0	0.0
Nitratifractor	0.001	0.0	0.0	0.0	0.001	0.0	0.0	0.0	0.0	0.0	0.0	0.0	0.0	0.0	0.0	0.0	0.0	0.0	0.0	0.0	0.0	0.0	0.0	0.0	0.0	0.0	0.0	0.0	0.0	0.0	0.0	0.0	0.0	0.001	0.0	0.0	0.0	0.0	0.0	0.0	0.001	0.0	0.001	0.0	0.0	0.0	0.0	0.001
Defluviitoga	0.0	0.0	0.0	0.0	0.0	0.001	0.0	0.001	0.0	0.0	0.0	0.0	0.0	0.0	0.0	0.0	0.0	0.0	0.0	0.0	0.0	0.0	0.0	0.0	0.0	0.0	0.0	0.0	0.0	0.0	0.0	0.0	0.0	0.001	0.001	0.0	0.0	0.0	0.0	0.001	0.0	0.0	0.0	0.0	0.001	0.0	0.0	0.0
Methanoregula	0.0	0.0	0.001	0.0	0.0	0.0	0.0	0.001	0.0	0.0	0.0	0.0	0.0	0.0	0.0	0.0	0.0	0.0	0.0	0.0	0.0	0.0	0.0	0.0	0.0	0.0	0.0	0.0	0.0	0.0	0.0	0.0	0.0	0.0	0.0	0.001	0.0	0.0	0.0	0.0	0.0	0.001	0.0	0.001	0.0	0.0	0.0	0.001
Atopobium	0.0	0.0	0.0	0.0	0.001	0.0	0.0	0.0	0.0	0.0	0.0	0.0	0.0	0.0	0.0	0.0	0.0	0.0	0.0	0.0	0.0	0.0	0.0	0.0	0.0	0.0	0.0	0.0	0.0	0.0	0.0	0.0	0.0	0.001	0.0	0.0	0.0	0.0	0.0	0.0	0.001	0.0	0.001	0.001	0.0	0.001	0.0	0.0
Candidatus Puniceispirillum	0.0	0.0	0.0	0.0	0.0	0.001	0.0	0.0	0.0	0.0	0.0	0.0	0.0	0.0	0.0	0.0	0.0	0.0	0.0	0.0	0.0	0.0	0.0	0.0	0.0	0.0	0.0	0.0	0.001	0.0	0.0	0.0	0.0	0.0	0.001	0.0	0.0	0.0	0.0	0.0	0.0	0.001	0.001	0.001	0.0	0.0	0.0	0.0
Candidatus Profftia	0.0	0.0	0.0	0.0	0.0	0.0	0.0	0.001	0.0	0.0	0.0	0.0	0.0	0.0	0.0	0.0	0.0	0.0	0.0	0.0	0.0	0.0	0.0	0.0	0.0	0.0	0.0	0.0	0.0	0.0	0.0	0.0	0.001	0.001	0.001	0.0	0.0	0.001	0.0	0.0	0.0	0.0	0.0	0.0	0.001	0.0	0.0	0.0
Alkalibacterium	0.0	0.0	0.0	0.0	0.0	0.0	0.0	0.001	0.0	0.0	0.0	0.0	0.0	0.0	0.0	0.0	0.0	0.0	0.0	0.0	0.0	0.0	0.0	0.0	0.0	0.0	0.0	0.0	0.0	0.0	0.0	0.0	0.001	0.0	0.0	0.001	0.0	0.0	0.001	0.001	0.0	0.0	0.001	0.0	0.0	0.0	0.0	0.0
Candidatus Cytomitobacter	0.0	0.0	0.0	0.0	0.0	0.0	0.0	0.0	0.0	0.001	0.0	0.0	0.0	0.0	0.0	0.0	0.0	0.0	0.0	0.0	0.0	0.0	0.0	0.0	0.0	0.0	0.0	0.0	0.0	0.0	0.0	0.0	0.0	0.0	0.0	0.0	0.0	0.0	0.0	0.0	0.001	0.001	0.001	0.001	0.0	0.0	0.0	0.001
Oceanotoga	0.0	0.0	0.0	0.0	0.0	0.0	0.0	0.003	0.0	0.0	0.0	0.0	0.001	0.0	0.0	0.0	0.0	0.0	0.0	0.0	0.0	0.0	0.0	0.0	0.0	0.0	0.0	0.0	0.0	0.0	0.0	0.0	0.001	0.0	0.0	0.0	0.0	0.0	0.0	0.0	0.0	0.0	0.0	0.0	0.001	0.0	0.0	0.0
Candidatus Neoehrlichia	0.0	0.0	0.0	0.0	0.0	0.0	0.0	0.0	0.0	0.0	0.0	0.001	0.001	0.0	0.001	0.0	0.0	0.001	0.0	0.0	0.0	0.0	0.0	0.0	0.0	0.0	0.0	0.0	0.0	0.0	0.0	0.0	0.001	0.0	0.0	0.001	0.0	0.0	0.0	0.0	0.0	0.0	0.0	0.0	0.0	0.0	0.0	0.0
Candidatus Lokiarchaeum	0.0	0.0	0.0	0.0	0.0	0.0	0.0	0.001	0.0	0.0	0.0	0.0	0.0	0.0	0.0	0.0	0.0	0.0	0.0	0.0	0.0	0.0	0.0	0.0	0.0	0.0	0.0	0.0	0.0	0.0	0.0	0.0	0.001	0.0	0.0	0.0	0.001	0.001	0.0	0.001	0.0	0.0	0.001	0.0	0.0	0.0	0.0	0.0
Pseudolactococcus	0.0	0.0	0.0	0.0	0.0	0.0	0.0	0.001	0.0	0.0	0.0	0.001	0.0	0.0	0.0	0.0	0.0	0.0	0.0	0.0	0.0	0.0	0.0	0.0	0.0	0.0	0.0	0.0	0.0	0.0	0.0	0.0	0.0	0.0	0.0	0.0	0.0	0.0	0.0	0.0	0.0	0.0	0.001	0.0	0.001	0.002	0.0	0.0
Hemiselmis	0.001	0.001	0.001	0.0	0.001	0.0	0.001	0.001	0.0	0.0	0.0	0.0	0.0	0.0	0.0	0.0	0.0	0.0	0.0	0.0	0.0	0.0	0.0	0.0	0.0	0.0	0.0	0.0	0.0	0.0	0.0	0.0	0.0	0.0	0.0	0.0	0.0	0.0	0.0	0.0	0.0	0.0	0.0	0.0	0.0	0.0	0.0	0.0
Abiotrophia	0.001	0.0	0.0	0.0	0.0	0.0	0.0	0.001	0.0	0.0	0.0	0.001	0.0	0.0	0.0	0.0	0.0	0.0	0.001	0.0	0.0	0.0	0.0	0.0	0.0	0.0	0.0	0.0	0.0	0.0	0.0	0.0	0.0	0.0	0.0	0.0	0.0	0.0	0.0	0.0	0.0	0.001	0.0	0.0	0.0	0.0	0.0	0.001
Acididesulfobacillus	0.0	0.001	0.0	0.0	0.001	0.0	0.0	0.0	0.0	0.0	0.0	0.0	0.0	0.0	0.0	0.0	0.0	0.0	0.0	0.0	0.0	0.0	0.0	0.0	0.0	0.0	0.0	0.0	0.0	0.0	0.0	0.0	0.0	0.0	0.0	0.0	0.0	0.0	0.0	0.0	0.001	0.001	0.001	0.0	0.0	0.001	0.0	0.0
Pectinatus	0.0	0.001	0.0	0.001	0.0	0.0	0.0	0.001	0.0	0.0	0.0	0.0	0.0	0.0	0.0	0.0	0.0	0.0	0.0	0.0	0.0	0.0	0.0	0.0	0.0	0.0	0.0	0.0	0.0	0.0	0.0	0.0	0.0	0.001	0.0	0.0	0.0	0.0	0.0	0.0	0.0	0.0	0.001	0.0	0.001	0.0	0.0	0.0
Sneathia	0.0	0.0	0.0	0.0	0.0	0.0	0.0	0.001	0.0	0.0	0.0	0.0	0.0	0.0	0.0	0.0	0.0	0.0	0.0	0.0	0.0	0.0	0.0	0.0	0.0	0.0	0.0	0.0	0.0	0.0	0.0	0.0	0.001	0.0	0.0	0.001	0.0	0.001	0.001	0.001	0.0	0.0	0.0	0.0	0.0	0.0	0.0	0.0
Pseudoramibacter	0.001	0.0	0.0	0.0	0.0	0.0	0.0	0.0	0.0	0.0	0.0	0.0	0.0	0.0	0.0	0.0	0.0	0.0	0.0	0.0	0.0	0.0	0.0	0.0	0.0	0.0	0.0	0.0	0.0	0.0	0.0	0.0	0.0	0.0	0.0	0.0	0.0	0.0	0.0	0.001	0.001	0.001	0.001	0.001	0.0	0.0	0.0	0.0
Stanieria	0.001	0.001	0.0	0.0	0.0	0.0	0.0	0.001	0.0	0.0	0.0	0.0	0.0	0.0	0.0	0.0	0.0	0.0	0.0	0.0	0.0	0.0	0.0	0.0	0.0	0.0	0.0	0.0	0.0	0.0	0.0	0.0	0.0	0.0	0.0	0.0	0.0	0.0	0.0	0.0	0.0	0.0	0.001	0.0	0.001	0.0	0.001	0.0
Paenalcaligenes	0.001	0.0	0.0	0.001	0.0	0.0	0.0	0.0	0.0	0.0	0.0	0.0	0.0	0.0	0.0	0.0	0.0	0.0	0.0	0.0	0.0	0.0	0.0	0.0	0.0	0.0	0.001	0.0	0.0	0.0	0.0	0.0	0.0	0.0	0.0	0.0	0.0	0.0	0.0	0.0	0.001	0.001	0.001	0.0	0.0	0.0	0.0	0.0
Claveliimonas	0.001	0.0	0.0	0.0	0.0	0.0	0.0	0.001	0.0	0.0	0.0	0.0	0.0	0.0	0.0	0.0	0.0	0.0	0.0	0.0	0.0	0.0	0.0	0.0	0.0	0.0	0.0	0.0	0.0	0.0	0.0	0.0	0.0	0.0	0.001	0.001	0.0	0.001	0.0	0.0	0.0	0.0	0.001	0.0	0.0	0.0	0.0	0.0
Candidatus Trichorickettsia	0.0	0.0	0.0	0.0	0.0	0.0	0.001	0.001	0.0	0.0	0.0	0.0	0.001	0.0	0.0	0.0	0.0	0.0	0.0	0.0	0.0	0.0	0.0	0.0	0.0	0.0	0.0	0.0	0.0	0.0	0.0	0.0	0.0	0.0	0.0	0.0	0.0	0.0	0.0	0.0	0.001	0.0	0.001	0.001	0.0	0.0	0.0	0.0
Salinispira	0.0	0.0	0.001	0.001	0.0	0.0	0.0	0.0	0.0	0.0	0.0	0.0	0.0	0.0	0.0	0.0	0.0	0.0	0.0	0.0	0.0	0.0	0.0	0.0	0.0	0.0	0.0	0.0	0.0	0.0	0.0	0.0	0.0	0.0	0.001	0.0	0.0	0.0	0.0	0.0	0.001	0.0	0.0	0.001	0.0	0.0	0.0	0.0
Methanococcoides	0.0	0.0	0.0	0.0	0.0	0.0	0.0	0.001	0.0	0.0	0.0	0.0	0.0	0.0	0.0	0.0	0.0	0.0	0.0	0.0	0.0	0.0	0.0	0.0	0.0	0.0	0.0	0.0	0.0	0.0	0.0	0.0	0.0	0.001	0.001	0.001	0.0	0.0	0.0	0.001	0.0	0.0	0.0	0.0	0.0	0.0	0.0	0.0
Cheoctovirus	0.0	0.0	0.0	0.0	0.0	0.0	0.0	0.0	0.0	0.0	0.0	0.001	0.0	0.0	0.0	0.0	0.0	0.0	0.0	0.001	0.0	0.0	0.0	0.0	0.001	0.0	0.0	0.0	0.0	0.0	0.0	0.0	0.0	0.0	0.0	0.0	0.001	0.0	0.0	0.0	0.0	0.0	0.0	0.001	0.0	0.0	0.0	0.0
Candidatus Amoebophilus	0.0	0.0	0.0	0.0	0.001	0.0	0.001	0.0	0.0	0.0	0.0	0.0	0.0	0.0	0.0	0.0	0.0	0.0	0.0	0.0	0.0	0.0	0.0	0.0	0.0	0.0	0.0	0.0	0.0	0.0	0.0	0.0	0.0	0.0	0.0	0.0	0.0	0.0	0.0	0.0	0.0	0.0	0.001	0.001	0.0	0.0	0.0	0.001
Monoglobus	0.0	0.0	0.0	0.0	0.0	0.001	0.0	0.001	0.0	0.0	0.0	0.0	0.0	0.0	0.0	0.0	0.0	0.0	0.0	0.0	0.0	0.0	0.0	0.0	0.0	0.0	0.0	0.0	0.0	0.0	0.0	0.0	0.001	0.0	0.0	0.0	0.0	0.001	0.0	0.0	0.0	0.001	0.0	0.0	0.0	0.0	0.0	0.0
Dactylococcopsis	0.0	0.001	0.0	0.001	0.0	0.0	0.0	0.0	0.0	0.0	0.0	0.0	0.0	0.0	0.0	0.0	0.0	0.0	0.0	0.0	0.0	0.0	0.0	0.0	0.0	0.0	0.0	0.001	0.001	0.0	0.0	0.0	0.001	0.0	0.0	0.0	0.0	0.0	0.0	0.0	0.0	0.0	0.0	0.0	0.0	0.0	0.0	0.0
Ureaplasma	0.0	0.0	0.0	0.0	0.0	0.0	0.0	0.001	0.001	0.001	0.0	0.0	0.0	0.0	0.0	0.0	0.0	0.0	0.0	0.0	0.0	0.0	0.0	0.0	0.0	0.0	0.0	0.0	0.0	0.0	0.0	0.0	0.0	0.0	0.0	0.0	0.0	0.0	0.0	0.001	0.0	0.0	0.0	0.0	0.001	0.0	0.0	0.0
Acidilutibacter	0.0	0.001	0.0	0.001	0.0	0.0	0.0	0.0	0.0	0.0	0.0	0.0	0.0	0.0	0.0	0.0	0.0	0.0	0.0	0.0	0.0	0.0	0.0	0.0	0.0	0.0	0.0	0.0	0.0	0.0	0.0	0.0	0.0	0.0	0.001	0.0	0.0	0.0	0.0	0.001	0.0	0.0	0.0	0.0	0.001	0.0	0.0	0.0
Hapavirus	0.0	0.0	0.0	0.0	0.0	0.0	0.0	0.0	0.0	0.0	0.0	0.0	0.0	0.0	0.0	0.0	0.0	0.0	0.0	0.0	0.0	0.0	0.0	0.0	0.0	0.0	0.0	0.0	0.0	0.0	0.0	0.0	0.001	0.0	0.0	0.001	0.0	0.0	0.001	0.001	0.0	0.0	0.001	0.0	0.0	0.0	0.0	0.0
Rimavirus	0.0	0.0	0.0	0.0	0.0	0.0	0.0	0.0	0.0	0.0	0.0	0.0	0.0	0.0	0.0	0.0	0.0	0.0	0.0	0.0	0.003	0.0	0.0	0.001	0.0	0.0	0.0	0.0	0.0	0.0	0.001	0.0	0.0	0.0	0.0	0.0	0.0	0.0	0.0	0.0	0.0	0.0	0.0	0.0	0.0	0.0	0.0	0.0
Murdochiella	0.0	0.0	0.0	0.0	0.0	0.0	0.0	0.0	0.0	0.0	0.0	0.001	0.0	0.0	0.0	0.0	0.0	0.0	0.0	0.0	0.0	0.0	0.0	0.0	0.0	0.0	0.0	0.0	0.0	0.0	0.0	0.0	0.0	0.001	0.0	0.001	0.0	0.0	0.0	0.0	0.001	0.0	0.0	0.0	0.0	0.0	0.0	0.001
Limihaloglobus	0.0	0.0	0.0	0.0	0.0	0.0	0.001	0.0	0.0	0.0	0.0	0.0	0.0	0.0	0.0	0.0	0.0	0.0	0.0	0.0	0.0	0.0	0.0	0.0	0.0	0.0	0.0	0.0	0.0	0.0	0.0	0.0	0.0	0.0	0.0	0.0	0.0	0.0	0.0	0.0	0.0	0.001	0.001	0.001	0.001	0.0	0.0	0.0
Streptobacillus	0.0	0.0	0.0	0.0	0.0	0.0	0.0	0.001	0.0	0.0	0.0	0.0	0.0	0.0	0.0	0.0	0.0	0.0	0.0	0.0	0.0	0.0	0.0	0.0	0.0	0.0	0.0	0.0	0.0	0.0	0.0	0.0	0.001	0.0	0.0	0.0	0.0	0.001	0.001	0.0	0.0	0.0	0.0	0.0	0.001	0.0	0.0	0.0
Thermodesulfobacterium	0.0	0.001	0.0	0.0	0.001	0.0	0.0	0.001	0.0	0.0	0.0	0.0	0.0	0.0	0.0	0.0	0.0	0.0	0.0	0.0	0.0	0.0	0.0	0.0	0.0	0.0	0.0	0.0	0.0	0.0	0.0	0.0	0.0	0.0	0.001	0.001	0.0	0.0	0.0	0.0	0.0	0.0	0.0	0.0	0.0	0.0	0.0	0.0
Anthevirus	0.002	0.001	0.0	0.0	0.0	0.0	0.0	0.002	0.0	0.0	0.0	0.0	0.0	0.0	0.0	0.0	0.0	0.0	0.0	0.0	0.0	0.0	0.0	0.0	0.0	0.0	0.0	0.0	0.0	0.0	0.0	0.0	0.0	0.0	0.0	0.0	0.0	0.0	0.0	0.0	0.0	0.0	0.0	0.0	0.0	0.0	0.0	0.0
Fenollaria	0.0	0.0	0.0	0.0	0.0	0.0	0.0	0.0	0.0	0.0	0.0	0.001	0.0	0.0	0.0	0.0	0.0	0.0	0.0	0.0	0.0	0.0	0.0	0.0	0.001	0.0	0.0	0.0	0.0	0.0	0.0	0.0	0.0	0.0	0.0	0.0	0.0	0.0	0.0	0.001	0.0	0.001	0.0	0.0	0.001	0.0	0.0	0.0
Mageeibacillus	0.0	0.0	0.0	0.0	0.0	0.0	0.0	0.0	0.0	0.0	0.0	0.001	0.001	0.0	0.0	0.0	0.0	0.0	0.0	0.0	0.0	0.0	0.0	0.0	0.0	0.0	0.0	0.0	0.0	0.0	0.0	0.0	0.0	0.001	0.002	0.0	0.0	0.0	0.0	0.0	0.0	0.0	0.0	0.0	0.0	0.0	0.0	0.0
Miniphocaeibacter	0.0	0.0	0.0	0.0	0.0	0.0	0.0	0.0	0.0	0.0	0.0	0.0	0.0	0.0	0.0	0.0	0.0	0.0	0.0	0.0	0.0	0.0	0.0	0.0	0.0	0.0	0.0	0.0	0.0	0.0	0.0	0.0	0.001	0.0	0.001	0.0	0.001	0.001	0.0	0.0	0.0	0.0	0.0	0.0	0.001	0.0	0.0	0.0
Taylorella	0.0	0.0	0.0	0.0	0.0	0.001	0.0	0.0	0.0	0.001	0.0	0.0	0.0	0.0	0.0	0.0	0.0	0.0	0.0	0.0	0.0	0.0	0.0	0.0	0.0	0.0	0.0	0.0	0.0	0.0	0.0	0.0	0.0	0.0	0.0	0.001	0.0	0.0	0.0	0.0	0.001	0.001	0.0	0.0	0.0	0.0	0.0	0.0
Giardia	0.0	0.0	0.0	0.0	0.001	0.0	0.0	0.0	0.0	0.0	0.0	0.0	0.0	0.0	0.0	0.0	0.0	0.0	0.0	0.0	0.0	0.0	0.0	0.0	0.0	0.0	0.0	0.0	0.0	0.0	0.0	0.0	0.001	0.001	0.0	0.001	0.0	0.0	0.0	0.001	0.0	0.0	0.0	0.0	0.0	0.0	0.0	0.0
Gottschalkia	0.0	0.0	0.0	0.0	0.001	0.001	0.0	0.0	0.0	0.0	0.0	0.0	0.0	0.0	0.0	0.0	0.0	0.0	0.0	0.0	0.0	0.0	0.0	0.0	0.0	0.0	0.0	0.0	0.0	0.0	0.0	0.0	0.0	0.0	0.0	0.0	0.0	0.0	0.0	0.001	0.0	0.0	0.0	0.0	0.001	0.0	0.0	0.001
Mogibacterium	0.0	0.0	0.001	0.0	0.0	0.0	0.0	0.001	0.0	0.0	0.0	0.0	0.0	0.0	0.001	0.0	0.0	0.0	0.0	0.0	0.0	0.0	0.0	0.0	0.001	0.0	0.0	0.0	0.0	0.0	0.0	0.0	0.001	0.0	0.0	0.0	0.0	0.0	0.0	0.0	0.0	0.0	0.0	0.0	0.0	0.0	0.0	0.0
Oenococcus	0.0	0.0	0.0	0.0	0.0	0.0	0.001	0.001	0.0	0.0	0.0	0.0	0.0	0.0	0.0	0.0	0.0	0.0	0.0	0.0	0.0	0.0	0.0	0.0	0.0	0.0	0.0	0.0	0.0	0.0	0.0	0.0	0.0	0.001	0.0	0.0	0.0	0.0	0.0	0.001	0.001	0.0	0.0	0.0	0.0	0.0	0.0	0.0
Candidatus Curculioniphilus	0.0	0.0	0.0	0.001	0.0	0.0	0.0	0.001	0.0	0.0	0.0	0.0	0.0	0.0	0.0	0.001	0.001	0.0	0.0	0.0	0.0	0.0	0.0	0.0	0.0	0.0	0.0	0.0	0.0	0.0	0.0	0.0	0.0	0.0	0.0	0.0	0.0	0.0	0.0	0.0	0.0	0.0	0.0	0.0	0.001	0.0	0.0	0.0
Candidatus Mesenet	0.0	0.0	0.0	0.001	0.001	0.0	0.0	0.001	0.0	0.0	0.0	0.0	0.0	0.0	0.0	0.001	0.0	0.0	0.0	0.0	0.0	0.0	0.0	0.0	0.0	0.0	0.0	0.0	0.0	0.0	0.0	0.0	0.0	0.0	0.0	0.0	0.0	0.0	0.0	0.001	0.0	0.0	0.0	0.0	0.0	0.0	0.0	0.0
Brochothrix	0.0	0.0	0.0	0.0	0.001	0.001	0.0	0.001	0.0	0.0	0.0	0.0	0.0	0.0	0.0	0.001	0.0	0.0	0.0	0.0	0.0	0.0	0.0	0.0	0.0	0.0	0.0	0.0	0.0	0.0	0.0	0.0	0.0	0.0	0.0	0.0	0.0	0.0	0.0	0.001	0.0	0.0	0.0	0.0	0.0	0.0	0.0	0.0
Polycladomyces	0.001	0.0	0.0	0.0	0.001	0.0	0.0	0.0	0.0	0.0	0.0	0.0	0.0	0.0	0.0	0.0	0.0	0.0	0.0	0.0	0.0	0.0	0.0	0.0	0.0	0.0	0.0	0.0	0.0	0.0	0.0	0.0	0.0	0.0	0.0	0.0	0.0	0.0	0.0	0.0	0.001	0.0	0.001	0.0	0.0	0.0	0.0	0.001
Chryseomicrobium	0.0	0.001	0.0	0.0	0.001	0.0	0.0	0.0	0.0	0.0	0.0	0.0	0.0	0.0	0.0	0.0	0.0	0.0	0.0	0.0	0.0	0.0	0.0	0.0	0.0	0.0	0.0	0.0	0.0	0.0	0.0	0.0	0.0	0.0	0.0	0.0	0.0	0.0	0.0	0.0	0.001	0.0	0.0	0.001	0.0	0.0	0.0	0.001
Candidatus Vesicomyidisocius	0.0	0.0	0.0	0.0	0.0	0.0	0.001	0.001	0.0	0.0	0.0	0.0	0.0	0.0	0.0	0.0	0.0	0.0	0.0	0.0	0.0	0.0	0.0	0.0	0.0	0.0	0.0	0.0	0.0	0.0	0.0	0.0	0.0	0.0	0.0	0.0	0.0	0.0	0.0	0.0	0.0	0.0	0.0	0.0	0.002	0.0	0.0	0.001
Cylindrospermopsis	0.0	0.0	0.001	0.0	0.0	0.0	0.0	0.001	0.0	0.0	0.0	0.0	0.0	0.0	0.001	0.0	0.0	0.0	0.0	0.0	0.0	0.0	0.0	0.0	0.0	0.0	0.0	0.0	0.0	0.0	0.0	0.0	0.0	0.001	0.0	0.0	0.0	0.0	0.0	0.0	0.0	0.0	0.0	0.0	0.001	0.0	0.0	0.0
Pseudoleptotrichia	0.0	0.0	0.001	0.001	0.0	0.001	0.0	0.002	0.0	0.0	0.0	0.0	0.0	0.0	0.0	0.0	0.0	0.0	0.0	0.0	0.0	0.0	0.0	0.0	0.0	0.0	0.0	0.0	0.0	0.0	0.0	0.0	0.0	0.0	0.0	0.0	0.0	0.0	0.0	0.0	0.0	0.0	0.0	0.0	0.0	0.0	0.0	0.0
Hathewaya	0.0	0.0	0.001	0.0	0.0	0.001	0.0	0.001	0.0	0.0	0.0	0.0	0.0	0.0	0.0	0.0	0.0	0.001	0.0	0.0	0.0	0.0	0.0	0.0	0.0	0.0	0.0	0.0	0.0	0.0	0.0	0.0	0.0	0.0	0.0	0.0	0.0	0.0	0.0	0.0	0.0	0.0	0.0	0.0	0.001	0.0	0.0	0.0
Methanospirillum	0.0	0.0	0.001	0.0	0.0	0.0	0.001	0.001	0.0	0.0	0.0	0.0	0.0	0.0	0.0	0.0	0.0	0.0	0.0	0.0	0.0	0.0	0.0	0.0	0.0	0.0	0.0	0.0	0.001	0.0	0.0	0.0	0.0	0.0	0.0	0.0	0.0	0.0	0.0	0.001	0.0	0.0	0.0	0.0	0.0	0.0	0.0	0.0
Celerinatantimonas	0.001	0.0	0.001	0.0	0.001	0.0	0.0	0.0	0.0	0.0	0.0	0.0	0.0	0.0	0.0	0.0	0.0	0.0	0.0	0.0	0.0	0.0	0.0	0.0	0.0	0.0	0.0	0.0	0.001	0.0	0.0	0.0	0.0	0.0	0.0	0.001	0.0	0.0	0.0	0.0	0.0	0.0	0.0	0.0	0.0	0.0	0.0	0.0
Salimicrobium	0.001	0.0	0.0	0.0	0.0	0.0	0.0	0.0	0.0	0.0	0.0	0.0	0.0	0.0	0.001	0.0	0.0	0.0	0.0	0.0	0.0	0.0	0.0	0.0	0.0	0.0	0.0	0.0	0.0	0.0	0.0	0.0	0.0	0.0	0.0	0.0	0.0	0.0	0.0	0.0	0.001	0.001	0.001	0.0	0.0	0.0	0.0	0.0
Candidatus Williamhamiltonella	0.0	0.0	0.0	0.0	0.0	0.001	0.0	0.0	0.0	0.0	0.0	0.0	0.0	0.0	0.0	0.0	0.0	0.0	0.0	0.0	0.0	0.0	0.0	0.0	0.0	0.0	0.0	0.0	0.0	0.0	0.0	0.0	0.001	0.0	0.0	0.0	0.0	0.0	0.0	0.001	0.0	0.001	0.0	0.001	0.0	0.0	0.0	0.0
Atribacter	0.0	0.0	0.001	0.0	0.0	0.001	0.0	0.002	0.0	0.0	0.0	0.0	0.0	0.0	0.0	0.0	0.0	0.0	0.0	0.0	0.0	0.0	0.0	0.0	0.0	0.0	0.0	0.0	0.0	0.0	0.0	0.0	0.0	0.0	0.0	0.0	0.0	0.0	0.0	0.0	0.001	0.0	0.0	0.0	0.0	0.0	0.0	0.0
Gottfriedia	0.0	0.0	0.0	0.0	0.001	0.0	0.0	0.001	0.0	0.0	0.0	0.0	0.0	0.0	0.0	0.0	0.0	0.0	0.0	0.0	0.0	0.0	0.0	0.0	0.0	0.0	0.0	0.0	0.0	0.0	0.0	0.0	0.0	0.001	0.0	0.0	0.0	0.0	0.0	0.0	0.0	0.0	0.0	0.0	0.001	0.0	0.0	0.0
Caldalkalibacillus	0.0	0.0	0.0	0.0	0.0	0.001	0.001	0.0	0.0	0.0	0.0	0.0	0.0	0.0	0.0	0.0	0.0	0.0	0.0	0.0	0.0	0.0	0.0	0.0	0.0	0.0	0.0	0.0	0.0	0.0	0.0	0.0	0.0	0.0	0.0	0.0	0.0	0.0	0.0	0.0	0.0	0.0	0.001	0.001	0.0	0.0	0.0	0.0
Elusimicrobium	0.0	0.0	0.001	0.0	0.0	0.0	0.0	0.001	0.0	0.0	0.0	0.0	0.0	0.0	0.0	0.0	0.0	0.0	0.0	0.0	0.0	0.0	0.0	0.0	0.0	0.0	0.0	0.0	0.0	0.0	0.0	0.0	0.0	0.0	0.0	0.0	0.0	0.0	0.0	0.001	0.0	0.0	0.0	0.001	0.0	0.0	0.0	0.0
Amedibacillus	0.0	0.0	0.0	0.0	0.0	0.0	0.0	0.001	0.0	0.0	0.0	0.0	0.0	0.0	0.0	0.0	0.0	0.001	0.0	0.0	0.0	0.0	0.0	0.0	0.0	0.0	0.0	0.0	0.0	0.0	0.0	0.0	0.0	0.0	0.0	0.0	0.001	0.0	0.0	0.0	0.0	0.0	0.0	0.0	0.001	0.0	0.0	0.0
Candidatus Hepatoplasma	0.0	0.0	0.0	0.0	0.0	0.0	0.0	0.0	0.0	0.0	0.0	0.004	0.0	0.0	0.0	0.0	0.0	0.0	0.0	0.0	0.0	0.0	0.0	0.0	0.0	0.0	0.0	0.0	0.0	0.0	0.0	0.0	0.0	0.0	0.0	0.0	0.0	0.0	0.0	0.0	0.0	0.0	0.0	0.0	0.0	0.0	0.0	0.0
Ignatzschineria	0.0	0.0	0.001	0.0	0.0	0.0	0.0	0.0	0.0	0.0	0.0	0.0	0.0	0.0	0.0	0.0	0.0	0.0	0.0	0.0	0.0	0.0	0.0	0.0	0.0	0.0	0.002	0.0	0.0	0.0	0.0	0.0	0.0	0.0	0.0	0.0	0.0	0.0	0.001	0.0	0.0	0.0	0.0	0.0	0.0	0.0	0.0	0.0
Trichormus	0.0	0.0	0.0	0.0	0.0	0.0	0.0	0.0	0.0	0.0	0.0	0.0	0.0	0.0	0.0	0.0	0.0	0.0	0.0	0.0	0.0	0.0	0.0	0.0	0.0	0.0	0.0	0.0	0.0	0.0	0.0	0.0	0.0	0.001	0.0	0.0	0.0	0.0	0.0	0.001	0.0	0.0	0.001	0.0	0.001	0.0	0.0	0.0
Candidatus Syntrophocurvum	0.0	0.0	0.001	0.0	0.001	0.0	0.0	0.0	0.0	0.0	0.0	0.0	0.0	0.0	0.0	0.0	0.0	0.0	0.0	0.0	0.0	0.0	0.0	0.0	0.001	0.0	0.0	0.0	0.0	0.0	0.0	0.0	0.0	0.001	0.0	0.0	0.0	0.0	0.0	0.0	0.0	0.0	0.0	0.0	0.0	0.0	0.0	0.0
Lwoffella	0.0	0.0	0.0	0.0	0.0	0.0	0.0	0.0	0.0	0.0	0.0	0.0	0.0	0.0	0.0	0.0	0.0	0.0	0.0	0.0	0.0	0.0	0.0	0.0	0.0	0.0	0.0	0.0	0.0	0.0	0.0	0.0	0.0	0.0	0.0	0.0	0.0	0.0	0.0	0.0	0.0	0.001	0.001	0.001	0.001	0.0	0.0	0.0
Simiaoa	0.0	0.0	0.0	0.0	0.0	0.0	0.0	0.0	0.0	0.0	0.0	0.0	0.0	0.0	0.0	0.0	0.0	0.0	0.0	0.0	0.0	0.0	0.0	0.0	0.0	0.0	0.0	0.0	0.0	0.0	0.0	0.0	0.001	0.0	0.0	0.0	0.0	0.0	0.0	0.0	0.0	0.001	0.0	0.0	0.001	0.0	0.0	0.001
Encephalitozoon	0.0	0.0	0.001	0.0	0.0	0.0	0.0	0.001	0.0	0.0	0.0	0.0	0.0	0.0	0.0	0.001	0.0	0.0	0.0	0.0	0.0	0.0	0.0	0.0	0.0	0.0	0.0	0.0	0.0	0.0	0.0	0.0	0.0	0.0	0.0	0.001	0.0	0.0	0.0	0.0	0.0	0.0	0.0	0.0	0.0	0.0	0.0	0.0
Candidatus Fervidibacter	0.0	0.0	0.001	0.0	0.0	0.0	0.0	0.0	0.0	0.0	0.0	0.0	0.0	0.0	0.0	0.0	0.0	0.0	0.0	0.0	0.0	0.0	0.0	0.0	0.0	0.0	0.0	0.0	0.0	0.0	0.0	0.0	0.0	0.0	0.0	0.0	0.0	0.001	0.0	0.0	0.001	0.0	0.0	0.0	0.0	0.0	0.0	0.001
Pradoshia	0.0	0.0	0.001	0.0	0.0	0.0	0.0	0.0	0.0	0.0	0.0	0.0	0.0	0.0	0.0	0.0	0.0	0.0	0.0	0.0	0.0	0.0	0.0	0.0	0.0	0.0	0.0	0.0	0.0	0.0	0.0	0.0	0.0	0.0	0.0	0.0	0.0	0.0	0.001	0.001	0.0	0.0	0.001	0.0	0.0	0.0	0.0	0.0
Saccharococcus	0.0	0.0	0.0	0.001	0.0	0.0	0.0	0.0	0.0	0.0	0.0	0.0	0.0	0.0	0.0	0.0	0.0	0.0	0.0	0.0	0.0	0.0	0.0	0.0	0.0	0.0	0.0	0.0	0.0	0.0	0.0	0.0	0.0	0.0	0.0	0.0	0.0	0.001	0.0	0.0	0.001	0.0	0.0	0.001	0.0	0.0	0.0	0.0
Desulfomarina	0.0	0.0	0.0	0.0	0.0	0.0	0.0	0.0	0.0	0.0	0.0	0.0	0.0	0.0	0.0	0.0	0.0	0.0	0.0	0.0	0.0	0.0	0.0	0.0	0.0	0.0	0.0	0.0	0.0	0.0	0.0	0.0	0.0	0.001	0.0	0.0	0.001	0.0	0.0	0.0	0.0	0.0	0.001	0.001	0.0	0.0	0.0	0.0
Proteiniborus	0.0	0.001	0.0	0.0	0.0	0.0	0.0	0.001	0.0	0.0	0.0	0.0	0.0	0.0	0.0	0.0	0.0	0.0	0.0	0.0	0.0	0.0	0.0	0.0	0.0	0.0	0.0	0.0	0.0	0.0	0.0	0.0	0.001	0.0	0.0	0.0	0.0	0.0	0.001	0.0	0.0	0.0	0.0	0.0	0.0	0.0	0.0	0.0
Betabaculovirus	0.0	0.0	0.0	0.0	0.0	0.0	0.0	0.001	0.0	0.0	0.0	0.0	0.0	0.0	0.0	0.001	0.0	0.0	0.0	0.0	0.0	0.0	0.0	0.0	0.0	0.001	0.0	0.0	0.0	0.0	0.0	0.0	0.0	0.0	0.0	0.0	0.0	0.0	0.0	0.0	0.001	0.0	0.0	0.0	0.0	0.0	0.0	0.0
Gloeocapsopsis	0.0	0.0	0.001	0.0	0.0	0.0	0.0	0.0	0.0	0.0	0.0	0.0	0.0	0.0	0.0	0.0	0.0	0.0	0.0	0.0	0.0	0.0	0.0	0.0	0.0	0.0	0.0	0.0	0.0	0.0	0.0	0.0	0.0	0.001	0.001	0.0	0.0	0.0	0.0	0.001	0.0	0.0	0.0	0.0	0.0	0.0	0.0	0.0
Alloiococcus	0.0	0.0	0.0	0.0	0.0	0.0	0.0	0.0	0.0	0.0	0.0	0.0	0.0	0.0	0.0	0.0	0.0	0.0	0.0	0.0	0.0	0.0	0.0	0.0	0.0	0.0	0.0	0.0	0.0	0.0	0.0	0.0	0.001	0.0	0.0	0.0	0.0	0.001	0.001	0.0	0.0	0.0	0.0	0.0	0.001	0.0	0.0	0.0
Prodigiosinella	0.001	0.0	0.0	0.0	0.0	0.0	0.0	0.0	0.0	0.0	0.0	0.0	0.0	0.001	0.0	0.0	0.0	0.0	0.0	0.0	0.0	0.0	0.0	0.0	0.0	0.0	0.0	0.0	0.0	0.0	0.0	0.0	0.0	0.0	0.0	0.0	0.0	0.0	0.0	0.0	0.0	0.0	0.0	0.001	0.0	0.001	0.0	0.0
Haifavirus	0.0	0.0	0.0	0.0	0.0	0.0	0.001	0.001	0.0	0.001	0.0	0.0	0.0	0.0	0.0	0.0	0.0	0.0	0.0	0.0	0.0	0.0	0.0	0.0	0.0	0.0	0.0	0.0	0.0	0.0	0.0	0.0	0.0	0.0	0.0	0.0	0.0	0.0	0.0	0.0	0.0	0.0	0.0	0.0	0.001	0.0	0.0	0.0
Metallosphaera	0.0	0.0	0.0	0.0	0.0	0.0	0.001	0.001	0.0	0.0	0.0	0.0	0.0	0.0	0.0	0.0	0.0	0.0	0.0	0.0	0.0	0.0	0.0	0.0	0.0	0.0	0.0	0.0	0.0	0.0	0.0	0.0	0.001	0.0	0.0	0.0	0.0	0.0	0.0	0.0	0.0	0.0	0.001	0.0	0.0	0.0	0.0	0.0
Falsibacillus	0.0	0.0	0.0	0.0	0.0	0.001	0.0	0.0	0.0	0.0	0.0	0.0	0.001	0.0	0.0	0.0	0.0	0.0	0.0	0.0	0.0	0.0	0.0	0.0	0.0	0.0	0.0	0.0	0.0	0.0	0.0	0.0	0.0	0.0	0.0	0.0	0.0	0.0	0.0	0.0	0.0	0.001	0.0	0.001	0.0	0.0	0.0	0.0
Candidatus Paraluminiphilus	0.001	0.001	0.0	0.0	0.0	0.0	0.0	0.0	0.0	0.0	0.0	0.0	0.0	0.0	0.0	0.0	0.0	0.0	0.0	0.0	0.0	0.0	0.0	0.0	0.0	0.0	0.0	0.0	0.0	0.0	0.0	0.0	0.0	0.0	0.0	0.0	0.0	0.0	0.0	0.0	0.001	0.0	0.0	0.001	0.0	0.0	0.0	0.0
Cycloclasticus	0.0	0.0	0.001	0.0	0.0	0.0	0.0	0.0	0.0	0.0	0.0	0.0	0.0	0.0	0.0	0.0	0.0	0.0	0.0	0.0	0.0	0.0	0.0	0.0	0.0	0.0	0.0	0.0	0.0	0.0	0.0	0.0	0.0	0.0	0.0	0.0	0.0	0.0	0.0	0.0	0.0	0.0	0.0	0.001	0.001	0.0	0.0	0.001
Robertmurraya	0.0	0.001	0.0	0.0	0.0	0.0	0.0	0.0	0.0	0.0	0.0	0.0	0.0	0.0	0.0	0.0	0.0	0.0	0.0	0.0	0.0	0.0	0.0	0.0	0.0	0.0	0.0	0.0	0.0	0.0	0.0	0.0	0.0	0.0	0.0	0.0	0.0	0.0	0.0	0.001	0.0	0.0	0.0	0.0	0.001	0.0	0.0	0.001
Pseudoprevotella	0.0	0.0	0.0	0.0	0.0	0.001	0.001	0.0	0.0	0.0	0.0	0.0	0.0	0.0	0.0	0.0	0.0	0.0	0.0	0.0	0.0	0.0	0.0	0.0	0.0	0.0	0.0	0.0	0.0	0.0	0.0	0.0	0.0	0.0	0.0	0.0	0.0	0.0	0.0	0.0	0.0	0.001	0.0	0.001	0.0	0.0	0.0	0.0
Allofrancisella	0.0	0.0	0.0	0.0	0.0	0.0	0.001	0.001	0.0	0.0	0.0	0.0	0.0	0.0	0.0	0.0	0.0	0.0	0.0	0.0	0.0	0.0	0.0	0.0	0.0	0.0	0.0	0.0	0.0	0.0	0.0	0.0	0.0	0.0	0.0	0.0	0.0	0.0	0.0	0.001	0.001	0.0	0.0	0.0	0.0	0.0	0.0	0.0
Candidatus Ponderosibacter	0.0	0.0	0.0	0.0	0.0	0.0	0.0	0.0	0.0	0.0	0.0	0.0	0.0	0.0	0.0	0.0	0.0	0.0	0.0	0.0	0.0	0.0	0.0	0.0	0.0	0.0	0.0	0.0	0.0	0.0	0.0	0.0	0.0	0.0	0.0	0.001	0.0	0.0	0.0	0.0	0.0	0.001	0.001	0.001	0.0	0.0	0.0	0.0
Amygdalobacter	0.0	0.0	0.0	0.0	0.0	0.0	0.0	0.0	0.0	0.0	0.0	0.001	0.0	0.0	0.0	0.0	0.0	0.0	0.0	0.0	0.0	0.0	0.0	0.0	0.0	0.0	0.0	0.0	0.0	0.0	0.0	0.0	0.0	0.0	0.0	0.001	0.0	0.0	0.0	0.001	0.0	0.0	0.0	0.001	0.0	0.0	0.0	0.0
Parachlamydia	0.0	0.0	0.0	0.0	0.001	0.0	0.001	0.0	0.0	0.0	0.0	0.0	0.0	0.0	0.0	0.0	0.0	0.0	0.0	0.0	0.0	0.0	0.0	0.0	0.0	0.0	0.0	0.0	0.0	0.0	0.0	0.0	0.0	0.0	0.0	0.0	0.0	0.0	0.0	0.0	0.001	0.0	0.0	0.001	0.0	0.0	0.0	0.0
Intestinibacillus	0.0	0.0	0.0	0.0	0.0	0.0	0.0	0.0	0.0	0.0	0.0	0.0	0.0	0.0	0.0	0.0	0.0	0.0	0.0	0.0	0.001	0.0	0.0	0.0	0.0	0.0	0.0	0.0	0.0	0.0	0.0	0.0	0.0	0.0	0.0	0.0	0.0	0.0	0.0	0.0	0.0	0.0	0.002	0.0	0.0	0.001	0.0	0.0
Petroclostridium	0.0	0.0	0.001	0.0	0.0	0.0	0.0	0.001	0.0	0.0	0.0	0.0	0.0	0.0	0.0	0.0	0.0	0.0	0.0	0.0	0.0	0.0	0.0	0.0	0.0	0.0	0.0	0.0	0.0	0.0	0.0	0.0	0.001	0.0	0.0	0.0	0.0	0.0	0.0	0.0	0.0	0.0	0.0	0.0	0.0	0.0	0.0	0.0
Deferribacter	0.0	0.0	0.0	0.001	0.001	0.0	0.0	0.0	0.0	0.0	0.0	0.0	0.0	0.0	0.0	0.0	0.0	0.0	0.0	0.0	0.0	0.0	0.0	0.0	0.0	0.0	0.0	0.0	0.0	0.0	0.0	0.0	0.0	0.0	0.0	0.0	0.0	0.0	0.0	0.001	0.0	0.0	0.0	0.0	0.0	0.0	0.0	0.0
Dysosmobacter	0.0	0.0	0.0	0.0	0.0	0.0	0.0	0.0	0.0	0.0	0.0	0.0	0.0	0.0	0.0	0.0	0.001	0.0	0.0	0.0	0.0	0.0	0.0	0.0	0.0	0.0	0.0	0.0	0.0	0.0	0.0	0.0	0.0	0.0	0.0	0.0	0.0	0.0	0.0	0.0	0.0	0.0	0.0	0.0	0.0	0.001	0.0	0.001
Metasolibacillus	0.0	0.0	0.001	0.0	0.0	0.0	0.0	0.0	0.0	0.001	0.0	0.0	0.0	0.0	0.0	0.0	0.0	0.0	0.0	0.0	0.0	0.0	0.0	0.0	0.0	0.0	0.0	0.0	0.0	0.0	0.0	0.0	0.0	0.0	0.0	0.0	0.0	0.0	0.0	0.001	0.0	0.0	0.0	0.0	0.0	0.0	0.0	0.0
Silvanigrella	0.0	0.0	0.001	0.0	0.0	0.001	0.0	0.001	0.0	0.0	0.0	0.0	0.0	0.0	0.0	0.0	0.0	0.0	0.0	0.0	0.0	0.0	0.0	0.0	0.0	0.0	0.0	0.0	0.0	0.0	0.0	0.0	0.0	0.0	0.0	0.0	0.0	0.0	0.0	0.0	0.0	0.0	0.0	0.0	0.0	0.0	0.0	0.0
Fluviispira	0.0	0.0	0.0	0.0	0.001	0.0	0.0	0.0	0.0	0.0	0.0	0.0	0.0	0.0	0.0	0.0	0.0	0.0	0.0	0.0	0.0	0.0	0.0	0.0	0.0	0.0	0.0	0.0	0.0	0.0	0.0	0.0	0.0	0.001	0.0	0.0	0.0	0.0	0.0	0.0	0.0	0.0	0.001	0.0	0.0	0.0	0.0	0.0
Lederbergia	0.001	0.0	0.0	0.0	0.0	0.0	0.001	0.0	0.0	0.0	0.0	0.0	0.0	0.0	0.0	0.0	0.0	0.0	0.0	0.0	0.0	0.0	0.0	0.0	0.0	0.0	0.0	0.0	0.0	0.0	0.0	0.0	0.001	0.0	0.0	0.0	0.0	0.0	0.0	0.0	0.0	0.0	0.0	0.0	0.0	0.0	0.0	0.0
Candidatus Nanopelagicus	0.0	0.0	0.001	0.0	0.0	0.0	0.0	0.0	0.0	0.0	0.0	0.0	0.0	0.0	0.0	0.0	0.0	0.0	0.0	0.0	0.0	0.0	0.0	0.0	0.0	0.0	0.0	0.0	0.0	0.0	0.0	0.0	0.0	0.0	0.0	0.0	0.0	0.0	0.0	0.0	0.0	0.0	0.001	0.001	0.0	0.0	0.0	0.0
Vaginimicrobium	0.0	0.0	0.001	0.0	0.0	0.0	0.0	0.0	0.0	0.0	0.0	0.0	0.0	0.0	0.0	0.0	0.0	0.0	0.0	0.0	0.0	0.0	0.0	0.0	0.0	0.0	0.0	0.0	0.0	0.0	0.0	0.0	0.0	0.001	0.0	0.0	0.0	0.0	0.0	0.0	0.001	0.0	0.0	0.0	0.0	0.0	0.0	0.0
Fadolivirus	0.0	0.0	0.0	0.0	0.0	0.001	0.0	0.002	0.0	0.0	0.0	0.0	0.0	0.0	0.0	0.0	0.0	0.0	0.0	0.0	0.0	0.0	0.0	0.0	0.0	0.0	0.0	0.0	0.0	0.0	0.0	0.0	0.0	0.0	0.0	0.0	0.0	0.0	0.0	0.0	0.0	0.0	0.0	0.0	0.0	0.0	0.0	0.0
Candidatus Hodgkinia	0.0	0.0	0.001	0.0	0.0	0.0	0.0	0.0	0.0	0.0	0.0	0.0	0.0	0.0	0.0	0.0	0.0	0.0	0.0	0.0	0.0	0.0	0.0	0.0	0.0	0.0	0.0	0.0	0.0	0.0	0.0	0.0	0.0	0.0	0.0	0.0	0.0	0.0	0.0	0.0	0.0	0.0	0.0	0.0	0.002	0.0	0.0	0.0
Aliikangiella	0.0	0.001	0.0	0.0	0.001	0.0	0.0	0.001	0.0	0.0	0.0	0.0	0.0	0.0	0.0	0.0	0.0	0.0	0.0	0.0	0.0	0.0	0.0	0.0	0.0	0.0	0.0	0.0	0.0	0.0	0.0	0.0	0.0	0.0	0.0	0.0	0.0	0.0	0.0	0.0	0.0	0.0	0.0	0.0	0.0	0.0	0.0	0.0
Lachnoanaerobaculum	0.0	0.0	0.001	0.0	0.0	0.0	0.0	0.0	0.0	0.0	0.0	0.0	0.0	0.0	0.0	0.0	0.0	0.0	0.0	0.0	0.0	0.0	0.0	0.0	0.0	0.0	0.0	0.0	0.0	0.0	0.0	0.0	0.0	0.0	0.0	0.0	0.0	0.0	0.0	0.001	0.0	0.001	0.0	0.0	0.0	0.0	0.0	0.0
Candidatus Fukatsuia	0.0	0.001	0.0	0.0	0.0	0.0	0.0	0.0	0.0	0.0	0.0	0.0	0.0	0.0	0.0	0.0	0.0	0.0	0.0	0.0	0.0	0.0	0.0	0.0	0.0	0.0	0.0	0.0	0.0	0.0	0.0	0.0	0.001	0.0	0.0	0.0	0.0	0.0	0.0	0.0	0.0	0.0	0.001	0.0	0.0	0.0	0.0	0.0
Sulfuricurvum	0.0	0.0	0.0	0.0	0.0	0.0	0.0	0.0	0.0	0.0	0.0	0.0	0.0	0.0	0.0	0.0	0.0	0.0	0.0	0.0	0.0	0.0	0.0	0.0	0.0	0.0	0.0	0.0	0.0	0.0	0.0	0.0	0.0	0.0	0.0	0.0	0.0	0.0	0.0	0.0	0.001	0.001	0.0	0.001	0.0	0.0	0.0	0.0
Longicatena	0.0	0.0	0.0	0.0	0.0	0.0	0.0	0.0	0.0	0.0	0.0	0.0	0.0	0.0	0.0	0.0	0.0	0.0	0.0	0.0	0.0	0.0	0.0	0.0	0.0	0.0	0.0	0.0	0.0	0.0	0.0	0.0	0.0	0.0	0.0	0.0	0.0	0.0	0.0	0.001	0.001	0.0	0.0	0.0	0.0	0.0	0.001	0.0
Allocoprobacillus	0.0	0.0	0.0	0.0	0.0	0.001	0.0	0.0	0.0	0.0	0.0	0.0	0.0	0.0	0.0	0.0	0.0	0.0	0.0	0.0	0.0	0.0	0.0	0.0	0.0	0.0	0.0	0.0	0.0	0.0	0.0	0.0	0.0	0.001	0.0	0.0	0.0	0.0	0.0	0.001	0.0	0.0	0.0	0.0	0.0	0.0	0.0	0.0
Sulfobacillus	0.0	0.0	0.0	0.0	0.0	0.0	0.0	0.0	0.0	0.0	0.0	0.0	0.0	0.0	0.0	0.0	0.0	0.0	0.0	0.0	0.0	0.0	0.0	0.0	0.0	0.0	0.0	0.0	0.0	0.0	0.0	0.0	0.0	0.0	0.0	0.0	0.0	0.0	0.0	0.0	0.0	0.0	0.001	0.001	0.0	0.0	0.0	0.001
Candidatus Levibacter	0.0	0.0	0.0	0.0	0.0	0.0	0.0	0.001	0.0	0.0	0.0	0.0	0.001	0.0	0.0	0.0	0.0	0.0	0.0	0.0	0.0	0.0	0.0	0.0	0.0	0.0	0.0	0.0	0.0	0.0	0.0	0.0	0.0	0.0	0.0	0.001	0.0	0.0	0.0	0.0	0.0	0.0	0.0	0.0	0.0	0.0	0.0	0.0
Gloeocapsa	0.0	0.0	0.0	0.0	0.0	0.0	0.0	0.0	0.0	0.0	0.0	0.0	0.0	0.0	0.0	0.0	0.0	0.0	0.0	0.0	0.0	0.0	0.0	0.0	0.0	0.0	0.0	0.0	0.0	0.0	0.0	0.0	0.0	0.0	0.0	0.0	0.0	0.0	0.0	0.0	0.001	0.0	0.0	0.001	0.0	0.0	0.0	0.001
Hirschia	0.0	0.0	0.0	0.0	0.001	0.0	0.0	0.0	0.0	0.0	0.0	0.0	0.0	0.0	0.0	0.0	0.0	0.0	0.0	0.0	0.0	0.0	0.0	0.0	0.0	0.0	0.0	0.0	0.0	0.0	0.0	0.0	0.0	0.0	0.0	0.0	0.0	0.0	0.0	0.0	0.0	0.001	0.0	0.0	0.0	0.0	0.0	0.001
Neokomagataea	0.0	0.0	0.0	0.0	0.0	0.0	0.0	0.0	0.0	0.0	0.0	0.0	0.0	0.0	0.0	0.0	0.0	0.0	0.0	0.0	0.0	0.0	0.0	0.0	0.0	0.0	0.0	0.0	0.0	0.0	0.0	0.0	0.0	0.0	0.0	0.0	0.0	0.0	0.0	0.0	0.0	0.001	0.0	0.001	0.0	0.0	0.0	0.001
Candidatus Endolissoclinum	0.0	0.0	0.0	0.0	0.0	0.0	0.0	0.001	0.0	0.0	0.0	0.0	0.0	0.0	0.0	0.0	0.0	0.0	0.0	0.0	0.0	0.0	0.0	0.0	0.0	0.0	0.0	0.0	0.0	0.0	0.0	0.0	0.0	0.0	0.001	0.0	0.0	0.0	0.0	0.0	0.0	0.0	0.0	0.0	0.001	0.0	0.0	0.0
Betaentomopoxvirus	0.0	0.0	0.001	0.0	0.0	0.0	0.001	0.0	0.0	0.0	0.0	0.0	0.0	0.0	0.0	0.0	0.0	0.0	0.0	0.0	0.0	0.0	0.0	0.0	0.0	0.0	0.0	0.0	0.0	0.0	0.0	0.0	0.0	0.0	0.0	0.0	0.0	0.0	0.0	0.001	0.0	0.0	0.0	0.0	0.0	0.0	0.0	0.0
Laceyella	0.0	0.0	0.001	0.0	0.0	0.0	0.0	0.0	0.0	0.0	0.0	0.0	0.0	0.0	0.0	0.0	0.0	0.0	0.0	0.0	0.0	0.0	0.0	0.0	0.0	0.0	0.0	0.0	0.0	0.0	0.0	0.0	0.0	0.0	0.0	0.0	0.0	0.0	0.0	0.0	0.001	0.0	0.0	0.0	0.0	0.0	0.0	0.001
Jeotgalicoccus	0.0	0.0	0.001	0.0	0.0	0.0	0.0	0.001	0.0	0.0	0.0	0.0	0.0	0.0	0.0	0.0	0.0	0.0	0.0	0.0	0.0	0.0	0.0	0.0	0.0	0.0	0.0	0.0	0.0	0.0	0.0	0.0	0.0	0.0	0.0	0.0	0.0	0.0	0.0	0.001	0.0	0.0	0.0	0.0	0.0	0.0	0.0	0.0
Methanothermobacter	0.0	0.0	0.001	0.0	0.0	0.0	0.0	0.001	0.0	0.0	0.0	0.0	0.0	0.0	0.0	0.0	0.0	0.0	0.0	0.0	0.0	0.0	0.0	0.0	0.0	0.0	0.0	0.0	0.0	0.0	0.0	0.0	0.0	0.0	0.0	0.0	0.0	0.0	0.0	0.001	0.0	0.0	0.0	0.0	0.0	0.0	0.0	0.0
Capulavirus	0.0	0.0	0.0	0.0	0.0	0.0	0.0	0.0	0.0	0.0	0.0	0.0	0.0	0.0	0.0	0.0	0.0	0.0	0.0	0.0	0.0	0.0	0.0	0.0	0.0	0.0	0.0	0.0	0.0	0.0	0.0	0.0	0.0	0.0	0.0	0.0	0.0	0.003	0.0	0.0	0.0	0.0	0.0	0.0	0.0	0.0	0.0	0.0
Candidatus Odyssella	0.0	0.0	0.0	0.0	0.0	0.0	0.0	0.0	0.0	0.0	0.0	0.0	0.0	0.0	0.0	0.0	0.0	0.0	0.0	0.0	0.0	0.0	0.0	0.0	0.0	0.0	0.0	0.0	0.0	0.0	0.0	0.0	0.001	0.0	0.0	0.0	0.0	0.0	0.0	0.0	0.0	0.001	0.001	0.0	0.0	0.0	0.0	0.0
Bertelyvirus	0.0	0.0	0.0	0.0	0.0	0.0	0.0	0.0	0.001	0.0	0.002	0.0	0.0	0.0	0.0	0.0	0.0	0.0	0.0	0.0	0.0	0.0	0.0	0.0	0.0	0.0	0.0	0.0	0.0	0.0	0.0	0.0	0.0	0.0	0.0	0.0	0.0	0.0	0.0	0.0	0.0	0.0	0.0	0.0	0.0	0.0	0.0	0.0
Dichelobacter	0.0	0.0	0.0	0.0	0.0	0.0	0.0	0.0	0.0	0.0	0.0	0.0	0.0	0.0	0.0	0.0	0.0	0.0	0.0	0.0	0.0	0.0	0.0	0.0	0.0	0.0	0.0	0.0	0.0	0.0	0.0	0.0	0.0	0.0	0.0	0.0	0.0	0.0	0.0	0.0	0.001	0.0	0.001	0.001	0.0	0.0	0.0	0.0
Spartinivicinus	0.0	0.0	0.0	0.0	0.001	0.0	0.0	0.001	0.0	0.0	0.0	0.0	0.0	0.0	0.0	0.0	0.0	0.0	0.0	0.0	0.0	0.0	0.0	0.0	0.0	0.0	0.0	0.0	0.0	0.0	0.0	0.0	0.0	0.0	0.001	0.0	0.0	0.0	0.0	0.0	0.0	0.0	0.0	0.0	0.0	0.0	0.0	0.0
Aedoeadaptatus	0.0	0.0	0.001	0.0	0.0	0.0	0.0	0.0	0.0	0.0	0.0	0.0	0.0	0.0	0.0	0.0	0.0	0.0	0.0	0.0	0.0	0.0	0.0	0.0	0.0	0.0	0.0	0.0	0.0	0.0	0.0	0.0	0.0	0.001	0.0	0.0	0.0	0.0	0.0	0.001	0.0	0.0	0.0	0.0	0.0	0.0	0.0	0.0
Candidatus Portiera	0.0	0.0	0.0	0.0	0.0	0.0	0.0	0.0	0.0	0.0	0.0	0.0	0.0	0.0	0.0	0.0	0.0	0.0	0.0	0.0	0.0	0.0	0.0	0.0	0.0	0.0	0.0	0.0	0.0	0.0	0.0	0.0	0.0	0.001	0.001	0.0	0.0	0.0	0.0	0.0	0.0	0.0	0.0	0.0	0.001	0.0	0.0	0.0
Candidatus Hydrogenosomobacter	0.0	0.0	0.001	0.001	0.0	0.0	0.001	0.0	0.0	0.0	0.0	0.0	0.0	0.0	0.0	0.0	0.0	0.0	0.0	0.0	0.0	0.0	0.0	0.0	0.0	0.0	0.0	0.0	0.0	0.0	0.0	0.0	0.0	0.0	0.0	0.0	0.0	0.0	0.0	0.0	0.0	0.0	0.0	0.0	0.0	0.0	0.0	0.0
Scardovia	0.0	0.0	0.0	0.0	0.0	0.0	0.0	0.0	0.0	0.0	0.0	0.0	0.0	0.0	0.0	0.0	0.0	0.0	0.0	0.0	0.0	0.0	0.0	0.0	0.0	0.0	0.0	0.0	0.0	0.0	0.0	0.0	0.0	0.0	0.0	0.0	0.0	0.0	0.0	0.0	0.001	0.0	0.001	0.001	0.0	0.0	0.0	0.0
Sarcina	0.0	0.0	0.0	0.0	0.0	0.0	0.0	0.001	0.0	0.0	0.0	0.0	0.0	0.0	0.0	0.0	0.0	0.0	0.0	0.0	0.0	0.0	0.0	0.0	0.0	0.0	0.0	0.0	0.0	0.0	0.0	0.0	0.001	0.0	0.0	0.0	0.0	0.0	0.0	0.0	0.0	0.0	0.0	0.0	0.001	0.0	0.0	0.0
Dissulfurimicrobium	0.0	0.0	0.0	0.0	0.0	0.0	0.0	0.0	0.0	0.0	0.0	0.0	0.0	0.0	0.0	0.0	0.0	0.0	0.0	0.001	0.001	0.0	0.0	0.0	0.001	0.0	0.0	0.0	0.0	0.0	0.0	0.0	0.0	0.0	0.0	0.0	0.0	0.0	0.0	0.0	0.0	0.0	0.0	0.0	0.0	0.0	0.0	0.0
Thiosulfatimonas	0.0	0.0	0.001	0.0	0.0	0.0	0.0	0.001	0.0	0.0	0.0	0.0	0.0	0.0	0.0	0.0	0.0	0.0	0.0	0.0	0.0	0.0	0.0	0.0	0.0	0.0	0.0	0.0	0.0	0.0	0.0	0.0	0.0	0.0	0.0	0.0	0.0	0.0	0.0	0.0	0.0	0.0	0.0	0.001	0.0	0.0	0.0	0.0
Lonepinella	0.0	0.0	0.0	0.0	0.001	0.0	0.0	0.0	0.0	0.0	0.0	0.0	0.0	0.0	0.0	0.0	0.0	0.0	0.0	0.0	0.0	0.0	0.0	0.0	0.0	0.0	0.0	0.0	0.0	0.0	0.0	0.0	0.0	0.0	0.0	0.001	0.0	0.0	0.0	0.0	0.001	0.0	0.0	0.0	0.0	0.0	0.0	0.0
Sediminispirochaeta	0.0	0.001	0.0	0.0	0.0	0.0	0.0	0.0	0.0	0.0	0.0	0.0	0.0	0.0	0.0	0.0	0.0	0.0	0.0	0.0	0.0	0.0	0.0	0.0	0.0	0.0	0.0	0.0	0.0	0.0	0.0	0.0	0.0	0.0	0.0	0.0	0.0	0.0	0.0	0.0	0.0	0.001	0.001	0.0	0.0	0.0	0.0	0.0
Thiospirochaeta	0.0	0.0	0.0	0.0	0.0	0.001	0.0	0.001	0.0	0.0	0.0	0.0	0.0	0.0	0.0	0.0	0.0	0.0	0.0	0.0	0.0	0.0	0.0	0.0	0.0	0.0	0.0	0.0	0.0	0.0	0.0	0.0	0.0	0.0	0.0	0.0	0.0	0.0	0.0	0.001	0.0	0.0	0.0	0.0	0.0	0.0	0.0	0.0
Gracilinema	0.0	0.001	0.0	0.0	0.0	0.0	0.0	0.001	0.0	0.0	0.0	0.0	0.0	0.0	0.0	0.0	0.0	0.0	0.0	0.0	0.0	0.0	0.0	0.0	0.0	0.0	0.0	0.0	0.0	0.0	0.0	0.0	0.0	0.0	0.0	0.0	0.0	0.0	0.0	0.0	0.0	0.0	0.0	0.001	0.0	0.0	0.0	0.0
Candidatus Carsonella	0.0	0.0	0.0	0.0	0.001	0.0	0.001	0.0	0.0	0.0	0.0	0.0	0.0	0.0	0.0	0.0	0.0	0.0	0.0	0.0	0.0	0.0	0.0	0.0	0.0	0.0	0.0	0.0	0.0	0.0	0.0	0.0	0.0	0.0	0.0	0.0	0.0	0.0	0.0	0.0	0.0	0.0	0.0	0.0	0.001	0.0	0.0	0.0
Methylomusa	0.0	0.0	0.0	0.0	0.0	0.0	0.0	0.0	0.0	0.0	0.0	0.0	0.0	0.0	0.0	0.0	0.0	0.0	0.0	0.0	0.0	0.0	0.0	0.0	0.0	0.0	0.0	0.0	0.0	0.0	0.0	0.0	0.0	0.0	0.0	0.001	0.0	0.0	0.0	0.0	0.0	0.0	0.001	0.001	0.0	0.0	0.0	0.0
Domibacillus	0.0	0.001	0.0	0.0	0.0	0.0	0.0	0.0	0.0	0.0	0.0	0.0	0.0	0.0	0.0	0.0	0.0	0.0	0.0	0.0	0.0	0.0	0.0	0.0	0.0	0.0	0.0	0.0	0.0	0.0	0.0	0.0	0.0	0.0	0.0	0.0	0.0	0.0	0.0	0.0	0.001	0.0	0.0	0.0	0.0	0.001	0.0	0.0
Qiania	0.0	0.0	0.0	0.0	0.0	0.0	0.001	0.0	0.0	0.0	0.0	0.0	0.0	0.0	0.0	0.0	0.0	0.0	0.0	0.0	0.0	0.0	0.0	0.0	0.0	0.0	0.0	0.0	0.0	0.0	0.0	0.0	0.0	0.0	0.0	0.0	0.0	0.0	0.0	0.0	0.0	0.001	0.001	0.0	0.0	0.0	0.0	0.0
Ornithinibacillus	0.0	0.0	0.0	0.0	0.0	0.001	0.0	0.0	0.0	0.0	0.0	0.0	0.0	0.0	0.0	0.0	0.0	0.0	0.0	0.0	0.0	0.0	0.0	0.0	0.0	0.0	0.0	0.0	0.0	0.0	0.0	0.0	0.0	0.0	0.0	0.0	0.0	0.0	0.0	0.001	0.0	0.0	0.0	0.0	0.001	0.0	0.0	0.0
Ammonifex	0.0	0.0	0.0	0.0	0.0	0.0	0.0	0.0	0.0	0.0	0.0	0.0	0.0	0.0	0.0	0.0	0.0	0.0	0.0	0.0	0.0	0.0	0.0	0.0	0.0	0.0	0.0	0.0	0.0	0.0	0.0	0.0	0.0	0.0	0.0	0.0	0.0	0.0	0.0	0.0	0.0	0.001	0.0	0.001	0.0	0.001	0.0	0.0
Tuanshanicoccus	0.0	0.001	0.0	0.0	0.001	0.0	0.0	0.001	0.0	0.0	0.0	0.0	0.0	0.0	0.0	0.0	0.0	0.0	0.0	0.0	0.0	0.0	0.0	0.0	0.0	0.0	0.0	0.0	0.0	0.0	0.0	0.0	0.0	0.0	0.0	0.0	0.0	0.0	0.0	0.0	0.0	0.0	0.0	0.0	0.0	0.0	0.0	0.0
Candidatus Shikimatogenerans	0.001	0.0	0.0	0.0	0.0	0.0	0.0	0.001	0.0	0.0	0.0	0.0	0.0	0.0	0.0	0.0	0.0	0.0	0.0	0.0	0.0	0.0	0.0	0.0	0.0	0.0	0.0	0.0	0.0	0.0	0.0	0.0	0.0	0.0	0.001	0.0	0.0	0.0	0.0	0.0	0.0	0.0	0.0	0.0	0.0	0.0	0.0	0.0
Capilliphycus	0.0	0.0	0.0	0.0	0.001	0.0	0.0	0.0	0.0	0.0	0.0	0.0	0.0	0.0	0.0	0.0	0.0	0.0	0.0	0.0	0.0	0.0	0.0	0.0	0.0	0.0	0.0	0.0	0.0	0.0	0.0	0.0	0.0	0.001	0.0	0.0	0.0	0.0	0.0	0.0	0.001	0.0	0.0	0.0	0.0	0.0	0.0	0.0
Planctobacterium	0.0	0.0	0.001	0.0	0.0	0.0	0.0	0.0	0.0	0.0	0.0	0.0	0.0	0.0	0.0	0.0	0.0	0.0	0.0	0.0	0.0	0.0	0.0	0.0	0.0	0.0	0.0	0.0	0.0	0.0	0.0	0.0	0.0	0.0	0.0	0.0	0.0	0.0	0.0	0.0	0.0	0.001	0.001	0.0	0.0	0.0	0.0	0.0
Fusibacter	0.0	0.0	0.0	0.0	0.002	0.0	0.0	0.001	0.0	0.0	0.0	0.0	0.0	0.0	0.0	0.0	0.0	0.0	0.0	0.0	0.0	0.0	0.0	0.0	0.0	0.0	0.0	0.0	0.0	0.0	0.0	0.0	0.0	0.0	0.0	0.0	0.0	0.0	0.0	0.0	0.0	0.0	0.0	0.0	0.0	0.0	0.0	0.0
Caloranaerobacter	0.0	0.0	0.0	0.0	0.0	0.0	0.0	0.001	0.0	0.0	0.0	0.0	0.0	0.0	0.0	0.0	0.0	0.0	0.001	0.0	0.0	0.0	0.0	0.0	0.0	0.0	0.0	0.0	0.0	0.0	0.0	0.0	0.0	0.0	0.0	0.0	0.0	0.0	0.0	0.0	0.0	0.0	0.0	0.0	0.001	0.0	0.0	0.0
Halotia	0.0	0.0	0.0	0.0	0.0	0.0	0.0	0.001	0.0	0.0	0.0	0.0	0.0	0.0	0.0	0.0	0.0	0.0	0.0	0.0	0.0	0.0	0.0	0.0	0.0	0.0	0.0	0.0	0.0	0.0	0.0	0.0	0.0	0.0	0.0	0.001	0.0	0.0	0.0	0.0	0.0	0.0	0.001	0.0	0.0	0.0	0.0	0.0
Dolosigranulum	0.0	0.0	0.0	0.0	0.0	0.0	0.0	0.001	0.0	0.0	0.0	0.0	0.0	0.0	0.0	0.0	0.0	0.0	0.0	0.0	0.0	0.0	0.0	0.0	0.0	0.0	0.0	0.0	0.0	0.0	0.0	0.0	0.0	0.0	0.0	0.0	0.0	0.0	0.0	0.001	0.0	0.0	0.0	0.0	0.001	0.0	0.0	0.0
Desulfofarcimen	0.0	0.0	0.0	0.0	0.0	0.0	0.001	0.0	0.0	0.0	0.0	0.0	0.0	0.0	0.0	0.0	0.0	0.0	0.0	0.0	0.0	0.0	0.0	0.0	0.0	0.0	0.0	0.0	0.0	0.0	0.0	0.0	0.0	0.0	0.0	0.0	0.0	0.0	0.0	0.0	0.001	0.0	0.0	0.001	0.0	0.0	0.0	0.0
Methyloprofundus	0.0	0.0	0.001	0.0	0.001	0.0	0.001	0.0	0.0	0.0	0.0	0.0	0.0	0.0	0.0	0.0	0.0	0.0	0.0	0.0	0.0	0.0	0.0	0.0	0.0	0.0	0.0	0.0	0.0	0.0	0.0	0.0	0.0	0.0	0.0	0.0	0.0	0.0	0.0	0.0	0.0	0.0	0.0	0.0	0.0	0.0	0.0	0.0
Petrotoga	0.0	0.0	0.0	0.0	0.0	0.0	0.0	0.001	0.0	0.0	0.0	0.0	0.0	0.0	0.0	0.001	0.0	0.0	0.0	0.0	0.0	0.0	0.0	0.0	0.0	0.0	0.0	0.0	0.0	0.0	0.0	0.0	0.0	0.0	0.0	0.0	0.0	0.0	0.0	0.0	0.0	0.0	0.0	0.0	0.0	0.0	0.0	0.0
Sulfurihydrogenibium	0.0	0.0	0.0	0.0	0.0	0.0	0.0	0.001	0.0	0.0	0.0	0.0	0.0	0.0	0.0	0.0	0.0	0.0	0.0	0.0	0.0	0.0	0.0	0.0	0.0	0.0	0.0	0.0	0.0	0.0	0.0	0.0	0.0	0.0	0.0	0.0	0.0	0.0	0.0	0.0	0.0	0.0	0.0	0.0	0.001	0.0	0.0	0.0
Pseudocolwellia	0.0	0.0	0.0	0.0	0.0	0.0	0.0	0.001	0.0	0.0	0.0	0.0	0.0	0.0	0.0	0.0	0.0	0.0	0.0	0.0	0.0	0.0	0.0	0.0	0.0	0.0	0.0	0.0	0.0	0.0	0.0	0.0	0.0	0.0	0.0	0.0	0.0	0.0	0.0	0.001	0.0	0.0	0.0	0.0	0.0	0.0	0.0	0.0
Rosebushvirus	0.0	0.0	0.0	0.0	0.001	0.0	0.001	0.0	0.0	0.0	0.0	0.0	0.0	0.0	0.0	0.0	0.0	0.0	0.0	0.0	0.0	0.0	0.0	0.0	0.0	0.0	0.0	0.0	0.0	0.0	0.0	0.0	0.0	0.0	0.0	0.0	0.0	0.0	0.0	0.0	0.0	0.0	0.0	0.0	0.0	0.0	0.0	0.0
Thermoactinomyces	0.0	0.0	0.0	0.0	0.0	0.0	0.0	0.0	0.0	0.0	0.0	0.0	0.0	0.0	0.0	0.0	0.0	0.0	0.0	0.0	0.0	0.0	0.0	0.0	0.0	0.0	0.0	0.0	0.0	0.0	0.0	0.0	0.0	0.0	0.0	0.0	0.0	0.0	0.0	0.0	0.0	0.001	0.0	0.001	0.0	0.0	0.0	0.0
Hujiaoplasma	0.0	0.0	0.0	0.0	0.0	0.0	0.0	0.001	0.0	0.0	0.0	0.0	0.0	0.0	0.0	0.0	0.0	0.0	0.0	0.0	0.0	0.0	0.0	0.0	0.0	0.0	0.0	0.0	0.0	0.0	0.0	0.0	0.0	0.0	0.0	0.0	0.0	0.0	0.0	0.0	0.0	0.0	0.0	0.0	0.001	0.0	0.0	0.0
Caldibacillus	0.0	0.0	0.0	0.0	0.0	0.0	0.0	0.0	0.0	0.0	0.0	0.0	0.0	0.0	0.0	0.0	0.0	0.0	0.0	0.0	0.0	0.0	0.0	0.0	0.0	0.0	0.0	0.0	0.0	0.0	0.0	0.0	0.0	0.0	0.0	0.0	0.0	0.0	0.002	0.0	0.0	0.0	0.0	0.0	0.0	0.0	0.0	0.0
Desulfobaculum	0.0	0.0	0.0	0.0	0.0	0.0	0.0	0.0	0.0	0.0	0.0	0.0	0.0	0.0	0.0	0.0	0.0	0.0	0.0	0.0	0.0	0.0	0.0	0.0	0.0	0.0	0.0	0.0	0.0	0.0	0.0	0.0	0.0	0.0	0.0	0.0	0.0	0.0	0.0	0.0	0.001	0.001	0.0	0.0	0.0	0.0	0.0	0.0
Tyzzerella	0.0	0.0	0.0	0.0	0.0	0.0	0.0	0.001	0.0	0.0	0.0	0.0	0.0	0.0	0.0	0.0	0.0	0.0	0.0	0.0	0.0	0.0	0.0	0.0	0.0	0.0	0.0	0.0	0.0	0.0	0.0	0.0	0.0	0.0	0.0	0.0	0.0	0.0	0.0	0.001	0.0	0.0	0.0	0.0	0.0	0.0	0.0	0.0
Metallibacterium	0.001	0.0	0.0	0.0	0.0	0.0	0.0	0.0	0.0	0.0	0.0	0.0	0.0	0.0	0.0	0.0	0.0	0.0	0.0	0.0	0.0	0.0	0.0	0.0	0.0	0.0	0.0	0.0	0.0	0.0	0.0	0.0	0.0	0.0	0.0	0.0	0.0	0.0	0.0	0.0	0.0	0.0	0.0	0.0	0.0	0.0	0.0	0.001
Trichocoleus	0.0	0.0	0.0	0.0	0.0	0.0	0.0	0.0	0.0	0.0	0.0	0.0	0.0	0.0	0.0	0.0	0.0	0.0	0.0	0.0	0.0	0.0	0.0	0.0	0.0	0.0	0.0	0.0	0.0	0.0	0.0	0.0	0.0	0.0	0.0	0.0	0.0	0.0	0.0	0.0	0.001	0.0	0.001	0.0	0.0	0.0	0.0	0.0
Candidatus Regiella	0.0	0.0	0.0	0.0	0.0	0.0	0.0	0.0	0.0	0.0	0.0	0.001	0.0	0.0	0.0	0.0	0.0	0.0	0.0	0.0	0.0	0.0	0.0	0.0	0.0	0.0	0.0	0.0	0.0	0.0	0.0	0.0	0.0	0.0	0.0	0.001	0.0	0.0	0.0	0.0	0.0	0.0	0.0	0.0	0.0	0.0	0.0	0.0
Candidatus Babela	0.0	0.0	0.0	0.0	0.0	0.0	0.0	0.001	0.0	0.0	0.0	0.0	0.0	0.0	0.0	0.0	0.0	0.0	0.0	0.0	0.0	0.0	0.0	0.0	0.0	0.0	0.0	0.0	0.0	0.0	0.0	0.0	0.0	0.0	0.0	0.0	0.0	0.0	0.0	0.001	0.0	0.0	0.0	0.0	0.0	0.0	0.0	0.0
Tupanvirus	0.0	0.0	0.0	0.0	0.0	0.0	0.0	0.001	0.0	0.0	0.0	0.0	0.0	0.0	0.0	0.0	0.0	0.0	0.0	0.0	0.0	0.0	0.0	0.0	0.0	0.0	0.0	0.0	0.0	0.0	0.0	0.0	0.0	0.0	0.0	0.0	0.0	0.0	0.0	0.0	0.0	0.0	0.0	0.0	0.001	0.0	0.0	0.0
Methanomethylovorans	0.0	0.0	0.0	0.0	0.0	0.0	0.0	0.001	0.0	0.0	0.0	0.0	0.0	0.0	0.0	0.0	0.0	0.0	0.0	0.0	0.0	0.0	0.0	0.0	0.0	0.0	0.0	0.0	0.0	0.0	0.0	0.0	0.001	0.0	0.0	0.0	0.0	0.0	0.0	0.0	0.0	0.0	0.0	0.0	0.0	0.0	0.0	0.0
Ichthyobacterium	0.0	0.0	0.0	0.0	0.001	0.001	0.0	0.0	0.0	0.0	0.0	0.0	0.0	0.0	0.0	0.0	0.0	0.0	0.0	0.0	0.0	0.0	0.0	0.0	0.0	0.0	0.0	0.0	0.0	0.0	0.0	0.0	0.0	0.0	0.0	0.0	0.0	0.0	0.0	0.0	0.0	0.0	0.0	0.0	0.0	0.0	0.0	0.0
Promethearchaeum	0.0	0.0	0.0	0.0	0.0	0.0	0.0	0.0	0.0	0.0	0.0	0.0	0.0	0.0	0.0	0.0	0.0	0.0	0.0	0.0	0.0	0.0	0.0	0.0	0.0	0.0	0.0	0.0	0.0	0.0	0.0	0.0	0.0	0.0	0.0	0.0	0.0	0.0	0.001	0.001	0.0	0.0	0.0	0.0	0.0	0.0	0.0	0.0
Lentisphaera	0.0	0.0	0.0	0.0	0.0	0.0	0.001	0.0	0.0	0.0	0.0	0.0	0.0	0.0	0.0	0.0	0.0	0.0	0.0	0.0	0.0	0.0	0.0	0.0	0.0	0.0	0.0	0.0	0.0	0.0	0.0	0.0	0.0	0.0	0.0	0.0	0.0	0.0	0.0	0.0	0.0	0.0	0.0	0.001	0.0	0.0	0.0	0.0
Anaeropeptidivorans	0.0	0.0	0.0	0.0	0.001	0.0	0.001	0.0	0.0	0.0	0.0	0.0	0.0	0.0	0.0	0.0	0.0	0.0	0.0	0.0	0.0	0.0	0.0	0.0	0.0	0.0	0.0	0.0	0.0	0.0	0.0	0.0	0.0	0.0	0.0	0.0	0.0	0.0	0.0	0.0	0.0	0.0	0.0	0.0	0.0	0.0	0.0	0.0
Entomospira	0.0	0.0	0.0	0.001	0.0	0.001	0.0	0.0	0.0	0.0	0.0	0.0	0.0	0.0	0.0	0.0	0.0	0.0	0.0	0.0	0.0	0.0	0.0	0.0	0.0	0.0	0.0	0.0	0.0	0.0	0.0	0.0	0.0	0.0	0.0	0.0	0.0	0.0	0.0	0.0	0.0	0.0	0.0	0.0	0.0	0.0	0.0	0.0
Oceanispirochaeta	0.0	0.0	0.001	0.0	0.0	0.0	0.0	0.0	0.0	0.0	0.0	0.0	0.0	0.0	0.0	0.0	0.0	0.0	0.0	0.0	0.0	0.0	0.0	0.0	0.0	0.0	0.0	0.0	0.0	0.0	0.0	0.0	0.0	0.0	0.0	0.0	0.0	0.0	0.0	0.0	0.0	0.0	0.001	0.0	0.0	0.0	0.0	0.0
Dehalobacterium	0.0	0.0	0.0	0.0	0.0	0.0	0.0	0.0	0.0	0.0	0.0	0.0	0.0	0.0	0.0	0.0	0.0	0.0	0.0	0.0	0.0	0.0	0.0	0.0	0.0	0.0	0.0	0.0	0.0	0.0	0.0	0.0	0.001	0.0	0.0	0.0	0.0	0.0	0.0	0.0	0.0	0.0	0.0	0.001	0.0	0.0	0.0	0.0
Aliinostoc	0.0	0.0	0.0	0.0	0.0	0.0	0.0	0.0	0.0	0.0	0.0	0.0	0.0	0.0	0.0	0.0	0.0	0.0	0.0	0.0	0.0	0.0	0.0	0.0	0.0	0.0	0.0	0.0	0.0	0.0	0.0	0.0	0.0	0.0	0.0	0.0	0.0	0.0	0.0	0.001	0.0	0.0	0.001	0.0	0.0	0.0	0.0	0.0
Anoxybacterium	0.0	0.0	0.001	0.0	0.0	0.0	0.0	0.0	0.0	0.0	0.0	0.0	0.0	0.0	0.0	0.0	0.0	0.0	0.0	0.0	0.0	0.0	0.0	0.0	0.0	0.0	0.0	0.0	0.0	0.0	0.0	0.0	0.0	0.0	0.001	0.0	0.0	0.0	0.0	0.0	0.0	0.0	0.0	0.0	0.0	0.0	0.0	0.0
Anoxybacter	0.0	0.001	0.0	0.0	0.0	0.0	0.0	0.001	0.0	0.0	0.0	0.0	0.0	0.0	0.0	0.0	0.0	0.0	0.0	0.0	0.0	0.0	0.0	0.0	0.0	0.0	0.0	0.0	0.0	0.0	0.0	0.0	0.0	0.0	0.0	0.0	0.0	0.0	0.0	0.0	0.0	0.0	0.0	0.0	0.0	0.0	0.0	0.0
Natranaerobius	0.0	0.0	0.0	0.0	0.0	0.0	0.0	0.001	0.0	0.0	0.0	0.0	0.0	0.0	0.0	0.0	0.0	0.0	0.0	0.0	0.0	0.0	0.0	0.0	0.0	0.0	0.0	0.0	0.0	0.0	0.0	0.0	0.0	0.0	0.0	0.0	0.0	0.0	0.0	0.001	0.0	0.0	0.0	0.0	0.0	0.0	0.0	0.0
Paraphotobacterium	0.0	0.0	0.001	0.0	0.0	0.0	0.0	0.001	0.0	0.0	0.0	0.0	0.0	0.0	0.0	0.0	0.0	0.0	0.0	0.0	0.0	0.0	0.0	0.0	0.0	0.0	0.0	0.0	0.0	0.0	0.0	0.0	0.0	0.0	0.0	0.0	0.0	0.0	0.0	0.0	0.0	0.0	0.0	0.0	0.0	0.0	0.0	0.0
Thaumasiovibrio	0.0	0.001	0.001	0.0	0.0	0.0	0.0	0.0	0.0	0.0	0.0	0.0	0.0	0.0	0.0	0.0	0.0	0.0	0.0	0.0	0.0	0.0	0.0	0.0	0.0	0.0	0.0	0.0	0.0	0.0	0.0	0.0	0.0	0.0	0.0	0.0	0.0	0.0	0.0	0.0	0.0	0.0	0.0	0.0	0.0	0.0	0.0	0.0
Omarvirus	0.0	0.001	0.0	0.0	0.0	0.0	0.0	0.0	0.0	0.0	0.0	0.0	0.001	0.0	0.0	0.0	0.0	0.0	0.0	0.0	0.0	0.0	0.0	0.0	0.0	0.0	0.0	0.0	0.0	0.0	0.0	0.0	0.0	0.0	0.0	0.0	0.0	0.0	0.0	0.0	0.0	0.0	0.0	0.0	0.0	0.0	0.0	0.0
Lactonifactor	0.0	0.0	0.0	0.0	0.0	0.0	0.0	0.0	0.0	0.0	0.0	0.0	0.0	0.0	0.0	0.0	0.0	0.0	0.0	0.0	0.0	0.0	0.0	0.0	0.0	0.0	0.0	0.0	0.0	0.0	0.0	0.0	0.0	0.0	0.0	0.0	0.0	0.0	0.0	0.0	0.0	0.001	0.0	0.001	0.0	0.0	0.0	0.0
Psychrosphaera	0.0	0.0	0.0	0.0	0.0	0.0	0.001	0.0	0.0	0.0	0.0	0.0	0.0	0.0	0.0	0.0	0.0	0.0	0.0	0.0	0.0	0.0	0.0	0.0	0.0	0.0	0.0	0.0	0.0	0.0	0.0	0.0	0.0	0.0	0.0	0.0	0.0	0.0	0.0	0.0	0.0	0.0	0.001	0.0	0.0	0.0	0.0	0.0
Coruscantvirus	0.001	0.001	0.0	0.0	0.0	0.0	0.0	0.0	0.0	0.0	0.0	0.0	0.0	0.0	0.0	0.0	0.0	0.0	0.0	0.0	0.0	0.0	0.0	0.0	0.0	0.0	0.0	0.0	0.0	0.0	0.0	0.0	0.0	0.0	0.0	0.0	0.0	0.0	0.0	0.0	0.0	0.0	0.0	0.0	0.0	0.0	0.0	0.0
Gilgameshvirus	0.001	0.0	0.0	0.0	0.001	0.0	0.0	0.0	0.0	0.0	0.0	0.0	0.0	0.0	0.0	0.0	0.0	0.0	0.0	0.0	0.0	0.0	0.0	0.0	0.0	0.0	0.0	0.0	0.0	0.0	0.0	0.0	0.0	0.0	0.0	0.0	0.0	0.0	0.0	0.0	0.0	0.0	0.0	0.0	0.0	0.0	0.0	0.0
Timonella	0.0	0.0	0.0	0.0	0.0	0.0	0.0	0.0	0.0	0.0	0.0	0.0	0.001	0.0	0.0	0.0	0.0	0.0	0.0	0.0	0.0	0.0	0.0	0.0	0.0	0.0	0.0	0.0	0.0	0.0	0.0	0.0	0.0	0.0	0.0	0.0	0.0	0.0	0.0	0.0	0.0	0.0	0.001	0.0	0.0	0.0	0.0	0.0
Marinicellulosiphila	0.0	0.0	0.0	0.0	0.0	0.0	0.001	0.001	0.0	0.0	0.0	0.0	0.0	0.0	0.0	0.0	0.0	0.0	0.0	0.0	0.0	0.0	0.0	0.0	0.0	0.0	0.0	0.0	0.0	0.0	0.0	0.0	0.0	0.0	0.0	0.0	0.0	0.0	0.0	0.0	0.0	0.0	0.0	0.0	0.0	0.0	0.0	0.0
Marinicella	0.0	0.0	0.001	0.0	0.001	0.0	0.0	0.0	0.0	0.0	0.0	0.0	0.0	0.0	0.0	0.0	0.0	0.0	0.0	0.0	0.0	0.0	0.0	0.0	0.0	0.0	0.0	0.0	0.0	0.0	0.0	0.0	0.0	0.0	0.0	0.0	0.0	0.0	0.0	0.0	0.0	0.0	0.0	0.0	0.0	0.0	0.0	0.0
Solobacterium	0.0	0.0	0.0	0.0	0.0	0.0	0.0	0.0	0.0	0.0	0.0	0.0	0.0	0.0	0.0	0.0	0.0	0.0	0.0	0.0	0.0	0.0	0.0	0.0	0.0	0.0	0.0	0.0	0.0	0.0	0.0	0.0	0.0	0.0	0.0	0.001	0.0	0.0	0.0	0.0	0.0	0.0	0.0	0.001	0.0	0.0	0.0	0.0
Thermoclostridium	0.0	0.0	0.0	0.0	0.0	0.0	0.0	0.0	0.0	0.0	0.0	0.0	0.0	0.0	0.0	0.0	0.0	0.0	0.0	0.0	0.0	0.0	0.0	0.0	0.0	0.0	0.0	0.0	0.0	0.0	0.0	0.0	0.0	0.0	0.0	0.0	0.0	0.0	0.0	0.0	0.0	0.0	0.001	0.001	0.0	0.0	0.0	0.0
Coopervirus	0.0	0.0	0.0	0.0	0.0	0.0	0.0	0.0	0.0	0.0	0.002	0.0	0.0	0.0	0.0	0.0	0.0	0.0	0.0	0.0	0.0	0.0	0.0	0.0	0.0	0.0	0.0	0.0	0.0	0.0	0.0	0.0	0.0	0.0	0.0	0.0	0.0	0.0	0.0	0.0	0.0	0.0	0.0	0.0	0.0	0.0	0.0	0.0
Corndogvirus	0.0	0.0	0.0	0.0	0.0	0.0	0.0	0.0	0.0	0.0	0.0	0.0	0.0	0.0	0.0	0.0	0.0	0.0	0.0	0.0	0.0	0.0	0.0	0.001	0.0	0.0	0.0	0.0	0.0	0.0	0.0	0.0	0.0	0.0	0.0	0.0	0.0	0.0	0.0	0.0	0.0	0.0	0.0	0.0	0.001	0.0	0.0	0.0
Candidatus Arcticimaribacter	0.0	0.001	0.0	0.0	0.001	0.0	0.0	0.0	0.0	0.0	0.0	0.0	0.0	0.0	0.0	0.0	0.0	0.0	0.0	0.0	0.0	0.0	0.0	0.0	0.0	0.0	0.0	0.0	0.0	0.0	0.0	0.0	0.0	0.0	0.0	0.0	0.0	0.0	0.0	0.0	0.0	0.0	0.0	0.0	0.0	0.0	0.0	0.0
Viridibacillus	0.0	0.001	0.0	0.0	0.0	0.0	0.0	0.001	0.0	0.0	0.0	0.0	0.0	0.0	0.0	0.0	0.0	0.0	0.0	0.0	0.0	0.0	0.0	0.0	0.0	0.0	0.0	0.0	0.0	0.0	0.0	0.0	0.0	0.0	0.0	0.0	0.0	0.0	0.0	0.0	0.0	0.0	0.0	0.0	0.0	0.0	0.0	0.0
Novosibvirus	0.002	0.0	0.0	0.0	0.0	0.0	0.0	0.0	0.0	0.0	0.0	0.0	0.0	0.0	0.0	0.0	0.0	0.0	0.0	0.0	0.0	0.0	0.0	0.0	0.0	0.0	0.0	0.0	0.0	0.0	0.0	0.0	0.0	0.0	0.0	0.0	0.0	0.0	0.0	0.0	0.0	0.0	0.0	0.0	0.0	0.0	0.0	0.0
Pseudobacillus	0.0	0.001	0.0	0.0	0.0	0.0	0.0	0.0	0.0	0.0	0.0	0.0	0.0	0.0	0.0	0.0	0.0	0.0	0.0	0.0	0.0	0.0	0.0	0.0	0.0	0.0	0.0	0.0	0.0	0.0	0.0	0.0	0.0	0.0	0.0	0.0	0.0	0.001	0.0	0.0	0.0	0.0	0.0	0.0	0.0	0.0	0.0	0.0
Geosporobacter	0.0	0.0	0.0	0.0	0.0	0.0	0.0	0.0	0.0	0.0	0.0	0.0	0.0	0.0	0.0	0.0	0.0	0.0	0.0	0.0	0.0	0.0	0.0	0.0	0.0	0.0	0.0	0.0	0.0	0.0	0.0	0.0	0.001	0.0	0.0	0.0	0.0	0.0	0.0	0.001	0.0	0.0	0.0	0.0	0.0	0.0	0.0	0.0
Cognaticolwellia	0.0	0.001	0.0	0.0	0.0	0.0	0.0	0.001	0.0	0.0	0.0	0.0	0.0	0.0	0.0	0.0	0.0	0.0	0.0	0.0	0.0	0.0	0.0	0.0	0.0	0.0	0.0	0.0	0.0	0.0	0.0	0.0	0.0	0.0	0.0	0.0	0.0	0.0	0.0	0.0	0.0	0.0	0.0	0.0	0.0	0.0	0.0	0.0
Anaerofustis	0.0	0.0	0.0	0.0	0.0	0.0	0.0	0.0	0.0	0.0	0.0	0.0	0.0	0.0	0.0	0.0	0.0	0.0	0.0	0.0	0.0	0.0	0.0	0.0	0.0	0.0	0.0	0.0	0.0	0.0	0.0	0.0	0.0	0.0	0.0	0.0	0.0	0.0	0.001	0.001	0.0	0.0	0.0	0.0	0.0	0.0	0.0	0.0
Hydrogenobaculum	0.0	0.0	0.0	0.0	0.0	0.0	0.001	0.001	0.0	0.0	0.0	0.0	0.0	0.0	0.0	0.0	0.0	0.0	0.0	0.0	0.0	0.0	0.0	0.0	0.0	0.0	0.0	0.0	0.0	0.0	0.0	0.0	0.0	0.0	0.0	0.0	0.0	0.0	0.0	0.0	0.0	0.0	0.0	0.0	0.0	0.0	0.0	0.0
Halocella	0.0	0.0	0.0	0.0	0.0	0.0	0.0	0.0	0.0	0.0	0.0	0.0	0.0	0.0	0.0	0.0	0.0	0.0	0.0	0.0	0.0	0.0	0.0	0.0	0.0	0.0	0.0	0.0	0.0	0.0	0.0	0.0	0.0	0.0	0.0	0.001	0.0	0.001	0.0	0.0	0.0	0.0	0.0	0.0	0.0	0.0	0.0	0.0
Secundilactobacillus	0.0	0.0	0.0	0.0	0.0	0.0	0.0	0.0	0.0	0.0	0.0	0.0	0.0	0.0	0.0	0.0	0.0	0.0	0.0	0.0	0.0	0.0	0.0	0.0	0.0	0.0	0.0	0.0	0.0	0.0	0.0	0.0	0.0	0.0	0.0	0.0	0.0	0.0	0.0	0.0	0.001	0.0	0.0	0.001	0.0	0.0	0.0	0.0
Effusibacillus	0.0	0.001	0.0	0.0	0.0	0.0	0.0	0.0	0.0	0.0	0.0	0.0	0.0	0.0	0.0	0.0	0.0	0.0	0.0	0.0	0.0	0.0	0.0	0.0	0.0	0.0	0.0	0.0	0.0	0.0	0.0	0.0	0.0	0.0	0.0	0.0	0.0	0.0	0.0	0.0	0.0	0.0	0.0	0.001	0.0	0.0	0.0	0.0
Candidatus Lucifugimonas	0.0	0.0	0.001	0.0	0.0	0.0	0.0	0.0	0.0	0.0	0.0	0.0	0.0	0.0	0.0	0.0	0.0	0.0	0.0	0.0	0.0	0.0	0.0	0.0	0.0	0.0	0.0	0.0	0.0	0.0	0.0	0.0	0.0	0.0	0.001	0.0	0.0	0.0	0.0	0.0	0.0	0.0	0.0	0.0	0.0	0.0	0.0	0.0
Candidatus Contubernalis	0.0	0.0	0.001	0.0	0.0	0.0	0.0	0.001	0.0	0.0	0.0	0.0	0.0	0.0	0.0	0.0	0.0	0.0	0.0	0.0	0.0	0.0	0.0	0.0	0.0	0.0	0.0	0.0	0.0	0.0	0.0	0.0	0.0	0.0	0.0	0.0	0.0	0.0	0.0	0.0	0.0	0.0	0.0	0.0	0.0	0.0	0.0	0.0
Catenibacterium	0.0	0.0	0.001	0.0	0.0	0.0	0.0	0.0	0.0	0.0	0.0	0.0	0.0	0.0	0.0	0.0	0.0	0.0	0.0	0.0	0.0	0.0	0.0	0.0	0.0	0.0	0.0	0.0	0.0	0.0	0.0	0.0	0.0	0.0	0.001	0.0	0.0	0.0	0.0	0.0	0.0	0.0	0.0	0.0	0.0	0.0	0.0	0.0
Fidelibacter	0.0	0.0	0.0	0.0	0.0	0.0	0.0	0.0	0.0	0.0	0.0	0.0	0.0	0.0	0.0	0.0	0.0	0.0	0.0	0.0	0.0	0.0	0.0	0.0	0.0	0.0	0.0	0.0	0.0	0.0	0.0	0.0	0.0	0.0	0.0	0.0	0.0	0.001	0.0	0.0	0.001	0.0	0.0	0.0	0.0	0.0	0.0	0.0
Faecalimonas	0.0	0.0	0.0	0.0	0.0	0.0	0.0	0.0	0.0	0.0	0.0	0.0	0.0	0.0	0.0	0.0	0.0	0.0	0.0	0.0	0.0	0.0	0.0	0.0	0.0	0.0	0.0	0.0	0.0	0.0	0.0	0.0	0.001	0.0	0.0	0.001	0.0	0.0	0.0	0.0	0.0	0.0	0.0	0.0	0.0	0.0	0.0	0.0
Bibersteinia	0.0	0.0	0.0	0.0	0.0	0.0	0.0	0.0	0.0	0.0	0.0	0.0	0.0	0.0	0.0	0.0	0.0	0.0	0.0	0.0	0.0	0.0	0.0	0.0	0.0	0.0	0.0	0.0	0.0	0.0	0.0	0.0	0.0	0.0	0.0	0.0	0.0	0.0	0.0	0.0	0.0	0.001	0.001	0.0	0.0	0.0	0.0	0.0
Obesumbacterium	0.0	0.0	0.0	0.0	0.0	0.0	0.0	0.0	0.0	0.0	0.0	0.0	0.0	0.0	0.0	0.0	0.0	0.0	0.0	0.0	0.0	0.0	0.0	0.0	0.0	0.0	0.0	0.0	0.0	0.0	0.0	0.0	0.0	0.0	0.0	0.0	0.0	0.0	0.0	0.0	0.0	0.0	0.0	0.001	0.0	0.001	0.0	0.0
Fannyhessea	0.0	0.0	0.0	0.0	0.0	0.0	0.0	0.0	0.0	0.0	0.0	0.0	0.0	0.0	0.0	0.0	0.0	0.0	0.0	0.0	0.0	0.0	0.0	0.0	0.0	0.0	0.0	0.0	0.0	0.0	0.0	0.0	0.001	0.0	0.0	0.0	0.0	0.0	0.0	0.0	0.0	0.0	0.0	0.001	0.0	0.0	0.0	0.0
Candidatus Deianiraea	0.0	0.0	0.0	0.0	0.0	0.0	0.0	0.0	0.0	0.0	0.0	0.0	0.0	0.0	0.0	0.0	0.0	0.0	0.0	0.0	0.0	0.0	0.0	0.0	0.0	0.0	0.0	0.0	0.0	0.0	0.0	0.0	0.001	0.0	0.0	0.0	0.0	0.0	0.0	0.0	0.0	0.0	0.0	0.0	0.0	0.0	0.0	0.001
Aliiglaciecola	0.0	0.001	0.001	0.0	0.0	0.0	0.0	0.0	0.0	0.0	0.0	0.0	0.0	0.0	0.0	0.0	0.0	0.0	0.0	0.0	0.0	0.0	0.0	0.0	0.0	0.0	0.0	0.0	0.0	0.0	0.0	0.0	0.0	0.0	0.0	0.0	0.0	0.0	0.0	0.0	0.0	0.0	0.0	0.0	0.0	0.0	0.0	0.0
Candidatus Profftella	0.0	0.0	0.0	0.0	0.0	0.0	0.0	0.001	0.0	0.0	0.0	0.0	0.0	0.0	0.0	0.0	0.0	0.0	0.0	0.0	0.0	0.0	0.0	0.0	0.0	0.0	0.0	0.0	0.0	0.0	0.0	0.0	0.0	0.0	0.0	0.0	0.0	0.0	0.0	0.0	0.0	0.0	0.0	0.0	0.0	0.0	0.0	0.0
Candidatus Neptunichlamydia	0.0	0.0	0.0	0.0	0.0	0.0	0.0	0.001	0.0	0.0	0.0	0.0	0.0	0.0	0.0	0.0	0.0	0.0	0.0	0.0	0.0	0.0	0.0	0.0	0.0	0.0	0.0	0.0	0.0	0.0	0.0	0.0	0.0	0.0	0.0	0.0	0.0	0.0	0.0	0.0	0.0	0.0	0.0	0.0	0.0	0.0	0.0	0.0
Schnabeltiervirus	0.0	0.0	0.0	0.0	0.0	0.0	0.0	0.0	0.0	0.0	0.0	0.0	0.0	0.0	0.0	0.0	0.0	0.0	0.0	0.0	0.0	0.0	0.0	0.0	0.0	0.001	0.0	0.0	0.0	0.0	0.0	0.0	0.0	0.0	0.0	0.0	0.0	0.0	0.0	0.0	0.0	0.0	0.0	0.0	0.0	0.0	0.0	0.0
Allobacillus	0.0	0.0	0.0	0.0	0.0	0.0	0.0	0.0	0.0	0.0	0.0	0.0	0.0	0.0	0.0	0.0	0.0	0.0	0.0	0.0	0.0	0.0	0.0	0.0	0.0	0.0	0.0	0.0	0.0	0.0	0.0	0.0	0.001	0.0	0.0	0.0	0.0	0.0	0.0	0.0	0.0	0.0	0.0	0.0	0.0	0.0	0.0	0.0
Spirobacillus	0.0	0.0	0.0	0.0	0.0	0.0	0.0	0.001	0.0	0.0	0.0	0.0	0.0	0.0	0.0	0.0	0.0	0.0	0.0	0.0	0.0	0.0	0.0	0.0	0.0	0.0	0.0	0.0	0.0	0.0	0.0	0.0	0.0	0.0	0.0	0.0	0.0	0.0	0.0	0.0	0.0	0.0	0.0	0.0	0.0	0.0	0.0	0.0
Acamarivirus	0.0	0.0	0.0	0.0	0.0	0.0	0.0	0.0	0.0	0.0	0.0	0.0	0.0	0.0	0.0	0.0	0.0	0.0	0.0	0.0	0.0	0.0	0.0	0.0	0.0	0.0	0.0	0.0	0.0	0.0	0.0	0.001	0.0	0.0	0.0	0.0	0.0	0.0	0.0	0.0	0.0	0.0	0.0	0.0	0.0	0.0	0.0	0.0
Squashvirus	0.0	0.0	0.0	0.0	0.0	0.0	0.0	0.0	0.0	0.0	0.0	0.0	0.0	0.0	0.0	0.0	0.0	0.0	0.0	0.0	0.0	0.0	0.0	0.0	0.0	0.0	0.0	0.0	0.0	0.0	0.0	0.0	0.001	0.0	0.0	0.0	0.0	0.0	0.0	0.0	0.0	0.0	0.0	0.0	0.0	0.0	0.0	0.0
Pepyhexavirus	0.0	0.0	0.0	0.0	0.0	0.0	0.0	0.0	0.0	0.0	0.0	0.0	0.0	0.0	0.0	0.0	0.0	0.0	0.0	0.0	0.0	0.0	0.0	0.0	0.0	0.0	0.0	0.0	0.001	0.0	0.0	0.0	0.0	0.0	0.0	0.0	0.0	0.0	0.0	0.0	0.0	0.0	0.0	0.0	0.0	0.0	0.0	0.0
Mahella	0.0	0.0	0.0	0.0	0.0	0.0	0.0	0.0	0.0	0.0	0.0	0.0	0.0	0.0	0.0	0.0	0.0	0.0	0.0	0.0	0.0	0.0	0.0	0.0	0.0	0.0	0.0	0.0	0.0	0.0	0.0	0.0	0.0	0.0	0.0	0.0	0.0	0.0	0.0	0.0	0.0	0.0	0.001	0.0	0.0	0.0	0.0	0.0
Candidatus Nitrosotenuis	0.0	0.0	0.0	0.0	0.0	0.0	0.0	0.001	0.0	0.0	0.0	0.0	0.0	0.0	0.0	0.0	0.0	0.0	0.0	0.0	0.0	0.0	0.0	0.0	0.0	0.0	0.0	0.0	0.0	0.0	0.0	0.0	0.0	0.0	0.0	0.0	0.0	0.0	0.0	0.0	0.0	0.0	0.0	0.0	0.0	0.0	0.0	0.0
Mardivirus	0.0	0.0	0.0	0.0	0.0	0.0	0.0	0.0	0.0	0.0	0.0	0.0	0.0	0.0	0.0	0.0	0.0	0.0	0.0	0.0	0.0	0.0	0.0	0.0	0.0	0.0	0.0	0.0	0.0	0.0	0.0	0.0	0.0	0.0	0.0	0.0	0.0	0.0	0.0	0.0	0.0	0.001	0.0	0.0	0.0	0.0	0.0	0.0
Archaeoglobus	0.0	0.0	0.0	0.0	0.0	0.0	0.0	0.0	0.0	0.0	0.0	0.0	0.0	0.0	0.0	0.0	0.0	0.0	0.0	0.0	0.0	0.0	0.0	0.0	0.0	0.0	0.0	0.0	0.0	0.0	0.0	0.0	0.0	0.0	0.0	0.0	0.0	0.0	0.0	0.0	0.0	0.0	0.001	0.0	0.0	0.0	0.0	0.0
Acidilobus	0.0	0.0	0.0	0.0	0.0	0.0	0.0	0.0	0.0	0.0	0.0	0.0	0.0	0.0	0.0	0.0	0.0	0.0	0.0	0.0	0.0	0.0	0.0	0.0	0.0	0.0	0.0	0.0	0.0	0.0	0.0	0.0	0.0	0.0	0.0	0.0	0.0	0.0	0.0	0.001	0.0	0.0	0.0	0.0	0.0	0.0	0.0	0.0
Muminvirus	0.0	0.0	0.0	0.0	0.0	0.0	0.0	0.0	0.0	0.0	0.0	0.0	0.0	0.0	0.0	0.0	0.0	0.0	0.0	0.0	0.0	0.0	0.0	0.0	0.0	0.0	0.0	0.0	0.0	0.0	0.0	0.0	0.0	0.0	0.0	0.0	0.0	0.0	0.0	0.0	0.0	0.0	0.0	0.0	0.0	0.001	0.0	0.0
Emalynvirus	0.0	0.0	0.0	0.0	0.0	0.001	0.0	0.0	0.0	0.0	0.0	0.0	0.0	0.0	0.0	0.0	0.0	0.0	0.0	0.0	0.0	0.0	0.0	0.0	0.0	0.0	0.0	0.0	0.0	0.0	0.0	0.0	0.0	0.0	0.0	0.0	0.0	0.0	0.0	0.0	0.0	0.0	0.0	0.0	0.0	0.0	0.0	0.0
Finchvirus	0.0	0.0	0.0	0.0	0.0	0.0	0.0	0.0	0.0	0.0	0.0	0.0	0.0	0.0	0.0	0.0	0.0	0.0	0.0	0.0	0.0	0.0	0.0	0.0	0.0	0.0	0.0	0.0	0.0	0.0	0.0	0.0	0.0	0.0	0.0	0.0	0.0	0.0	0.0	0.0	0.0	0.0	0.0	0.0	0.0	0.001	0.0	0.0
Secretariatvirus	0.0	0.0	0.0	0.0	0.0	0.0	0.0	0.0	0.0	0.0	0.0	0.0	0.0	0.0	0.0	0.0	0.0	0.0	0.0	0.0	0.001	0.0	0.0	0.0	0.0	0.0	0.0	0.0	0.0	0.0	0.0	0.0	0.0	0.0	0.0	0.0	0.0	0.0	0.0	0.0	0.0	0.0	0.0	0.0	0.0	0.0	0.0	0.0
Sagamiharavirus	0.0	0.0	0.0	0.0	0.0	0.0	0.0	0.0	0.0	0.0	0.0	0.0	0.0	0.0	0.0	0.0	0.0	0.0	0.0	0.0	0.0	0.0	0.0	0.0	0.0	0.0	0.0	0.0	0.0	0.0	0.001	0.0	0.0	0.0	0.0	0.0	0.0	0.0	0.0	0.0	0.0	0.0	0.0	0.0	0.0	0.0	0.0	0.0
Sparkyvirus	0.0	0.0	0.0	0.0	0.0	0.0	0.0	0.0	0.0	0.0	0.0	0.0	0.0	0.001	0.0	0.0	0.0	0.0	0.0	0.0	0.0	0.0	0.0	0.0	0.0	0.0	0.0	0.0	0.0	0.0	0.0	0.0	0.0	0.0	0.0	0.0	0.0	0.0	0.0	0.0	0.0	0.0	0.0	0.0	0.0	0.0	0.0	0.0
Desulfotomaculum	0.0	0.0	0.0	0.0	0.0	0.0	0.0	0.0	0.0	0.0	0.0	0.0	0.0	0.0	0.0	0.0	0.0	0.0	0.0	0.0	0.0	0.0	0.0	0.0	0.0	0.0	0.0	0.0	0.0	0.0	0.0	0.0	0.0	0.0	0.0	0.0	0.0	0.0	0.0	0.0	0.0	0.0	0.001	0.0	0.0	0.0	0.0	0.0
Alphaorpheovirus	0.0	0.0	0.0	0.0	0.0	0.001	0.0	0.0	0.0	0.0	0.0	0.0	0.0	0.0	0.0	0.0	0.0	0.0	0.0	0.0	0.0	0.0	0.0	0.0	0.0	0.0	0.0	0.0	0.0	0.0	0.0	0.0	0.0	0.0	0.0	0.0	0.0	0.0	0.0	0.0	0.0	0.0	0.0	0.0	0.0	0.0	0.0	0.0
Gemykibivirus	0.0	0.0	0.0	0.0	0.0	0.001	0.0	0.0	0.0	0.0	0.0	0.0	0.0	0.0	0.0	0.0	0.0	0.0	0.0	0.0	0.0	0.0	0.0	0.0	0.0	0.0	0.0	0.0	0.0	0.0	0.0	0.0	0.0	0.0	0.0	0.0	0.0	0.0	0.0	0.0	0.0	0.0	0.0	0.0	0.0	0.0	0.0	0.0
Cornellvirus	0.0	0.0	0.0	0.0	0.0	0.0	0.0	0.0	0.0	0.0	0.0	0.0	0.0	0.0	0.0	0.0	0.0	0.0	0.0	0.0	0.0	0.0	0.001	0.0	0.0	0.0	0.0	0.0	0.0	0.0	0.0	0.0	0.0	0.0	0.0	0.0	0.0	0.0	0.0	0.0	0.0	0.0	0.0	0.0	0.0	0.0	0.0	0.0
Turbidovirus	0.0	0.0	0.0	0.0	0.0	0.0	0.0	0.0	0.0	0.0	0.0	0.0	0.0	0.0	0.0	0.0	0.0	0.0	0.0	0.0	0.001	0.0	0.0	0.0	0.0	0.0	0.0	0.0	0.0	0.0	0.0	0.0	0.0	0.0	0.0	0.0	0.0	0.0	0.0	0.0	0.0	0.0	0.0	0.0	0.0	0.0	0.0	0.0
Beograduvirus	0.0	0.0	0.0	0.0	0.0	0.0	0.0	0.0	0.0	0.0	0.0	0.0	0.0	0.0	0.0	0.0	0.0	0.0	0.0	0.0	0.0	0.0	0.0	0.0	0.0	0.0	0.0	0.0	0.0	0.0	0.0	0.0	0.0	0.0	0.0	0.0	0.0	0.0	0.0	0.0	0.0	0.0	0.0	0.0	0.0	0.001	0.0	0.0
Xiamenvirus	0.0	0.0	0.0	0.0	0.0	0.0	0.0	0.0	0.0	0.0	0.0	0.0	0.0	0.0	0.0	0.0	0.0	0.0	0.0	0.0	0.0	0.0	0.0	0.0	0.0	0.0	0.0	0.0	0.0	0.0	0.0	0.0	0.001	0.0	0.0	0.0	0.0	0.0	0.0	0.0	0.0	0.0	0.0	0.0	0.0	0.0	0.0	0.0
Natroniella	0.0	0.0	0.0	0.0	0.0	0.0	0.001	0.0	0.0	0.0	0.0	0.0	0.0	0.0	0.0	0.0	0.0	0.0	0.0	0.0	0.0	0.0	0.0	0.0	0.0	0.0	0.0	0.0	0.0	0.0	0.0	0.0	0.0	0.0	0.0	0.0	0.0	0.0	0.0	0.0	0.0	0.0	0.0	0.0	0.0	0.0	0.0	0.0
Pampinifervens	0.0	0.0	0.0	0.0	0.0	0.0	0.0	0.001	0.0	0.0	0.0	0.0	0.0	0.0	0.0	0.0	0.0	0.0	0.0	0.0	0.0	0.0	0.0	0.0	0.0	0.0	0.0	0.0	0.0	0.0	0.0	0.0	0.0	0.0	0.0	0.0	0.0	0.0	0.0	0.0	0.0	0.0	0.0	0.0	0.0	0.0	0.0	0.0
Pegunavirus	0.0	0.0	0.0	0.0	0.0	0.0	0.0	0.0	0.0	0.0	0.001	0.0	0.0	0.0	0.0	0.0	0.0	0.0	0.0	0.0	0.0	0.0	0.0	0.0	0.0	0.0	0.0	0.0	0.0	0.0	0.0	0.0	0.0	0.0	0.0	0.0	0.0	0.0	0.0	0.0	0.0	0.0	0.0	0.0	0.0	0.0	0.0	0.0
Phoenicibacter	0.0	0.0	0.0	0.0	0.0	0.0	0.0	0.001	0.0	0.0	0.0	0.0	0.0	0.0	0.0	0.0	0.0	0.0	0.0	0.0	0.0	0.0	0.0	0.0	0.0	0.0	0.0	0.0	0.0	0.0	0.0	0.0	0.0	0.0	0.0	0.0	0.0	0.0	0.0	0.0	0.0	0.0	0.0	0.0	0.0	0.0	0.0	0.0
Histophilus	0.0	0.0	0.0	0.0	0.0	0.0	0.0	0.0	0.0	0.0	0.0	0.0	0.0	0.0	0.0	0.0	0.0	0.0	0.0	0.0	0.0	0.0	0.0	0.0	0.0	0.0	0.0	0.0	0.0	0.0	0.0	0.0	0.0	0.0	0.0	0.0	0.0	0.0	0.0	0.0	0.0	0.0	0.0	0.0	0.0	0.0	0.0	0.001
Filifactor	0.0	0.0	0.0	0.0	0.0	0.0	0.0	0.0	0.0	0.0	0.0	0.0	0.0	0.0	0.0	0.0	0.0	0.0	0.0	0.0	0.0	0.0	0.0	0.0	0.0	0.0	0.0	0.0	0.0	0.0	0.0	0.0	0.0	0.0	0.001	0.0	0.0	0.0	0.0	0.0	0.0	0.0	0.0	0.0	0.0	0.0	0.0	0.0
Wujia	0.0	0.0	0.0	0.0	0.0	0.0	0.0	0.0	0.0	0.0	0.0	0.0	0.0	0.0	0.0	0.0	0.0	0.0	0.0	0.0	0.0	0.0	0.0	0.0	0.0	0.0	0.0	0.0	0.0	0.0	0.0	0.0	0.0	0.0	0.0	0.001	0.0	0.0	0.0	0.0	0.0	0.0	0.0	0.0	0.0	0.0	0.0	0.0
Thermaerobacillus	0.0	0.0	0.0	0.0	0.0	0.0	0.0	0.0	0.0	0.0	0.0	0.0	0.0	0.0	0.0	0.0	0.0	0.0	0.0	0.0	0.0	0.0	0.0	0.0	0.0	0.0	0.0	0.0	0.0	0.0	0.0	0.0	0.001	0.0	0.0	0.0	0.0	0.0	0.0	0.0	0.0	0.0	0.0	0.0	0.0	0.0	0.0	0.0
Fodinisporobacter	0.0	0.0	0.0	0.0	0.0	0.0	0.0	0.0	0.0	0.0	0.0	0.0	0.0	0.0	0.0	0.0	0.0	0.0	0.0	0.0	0.0	0.0	0.0	0.0	0.0	0.0	0.0	0.0	0.0	0.0	0.0	0.0	0.0	0.0	0.0	0.0	0.0	0.0	0.0	0.0	0.0	0.0	0.0	0.001	0.0	0.0	0.0	0.0
Candidatus Thiodubiliella	0.0	0.0	0.0	0.0	0.0	0.0	0.0	0.0	0.0	0.0	0.0	0.0	0.0	0.0	0.0	0.0	0.0	0.0	0.0	0.0	0.0	0.0	0.0	0.0	0.0	0.0	0.0	0.0	0.0	0.0	0.0	0.0	0.0	0.0	0.0	0.0	0.0	0.0	0.0	0.001	0.0	0.0	0.0	0.0	0.0	0.0	0.0	0.0
Soymovirus	0.0	0.0	0.0	0.0	0.0	0.0	0.0	0.001	0.0	0.0	0.0	0.0	0.0	0.0	0.0	0.0	0.0	0.0	0.0	0.0	0.0	0.0	0.0	0.0	0.0	0.0	0.0	0.0	0.0	0.0	0.0	0.0	0.0	0.0	0.0	0.0	0.0	0.0	0.0	0.0	0.0	0.0	0.0	0.0	0.0	0.0	0.0	0.0
Phocoenobacter	0.0	0.0	0.0	0.0	0.0	0.0	0.0	0.0	0.0	0.0	0.0	0.0	0.0	0.0	0.0	0.0	0.0	0.0	0.0	0.0	0.0	0.0	0.0	0.0	0.0	0.0	0.0	0.0	0.0	0.0	0.0	0.0	0.0	0.0	0.0	0.0	0.0	0.0	0.0	0.0	0.0	0.001	0.0	0.0	0.0	0.0	0.0	0.0
Cysteiniphilum	0.0	0.0	0.0	0.0	0.0	0.0	0.0	0.0	0.0	0.0	0.0	0.0	0.0	0.0	0.0	0.0	0.0	0.0	0.0	0.0	0.0	0.0	0.0	0.0	0.0	0.0	0.0	0.0	0.0	0.0	0.0	0.0	0.0	0.0	0.0	0.001	0.0	0.0	0.0	0.0	0.0	0.0	0.0	0.0	0.0	0.0	0.0	0.0
Prymnesiovirus	0.0	0.0	0.0	0.0	0.0	0.0	0.0	0.001	0.0	0.0	0.0	0.0	0.0	0.0	0.0	0.0	0.0	0.0	0.0	0.0	0.0	0.0	0.0	0.0	0.0	0.0	0.0	0.0	0.0	0.0	0.0	0.0	0.0	0.0	0.0	0.0	0.0	0.0	0.0	0.0	0.0	0.0	0.0	0.0	0.0	0.0	0.0	0.0
Fishburnevirus	0.0	0.0	0.0	0.0	0.0	0.0	0.0	0.0	0.0	0.0	0.0	0.0	0.0	0.0	0.0	0.0	0.0	0.0	0.0	0.0	0.0	0.0	0.0	0.0	0.0	0.0	0.0	0.0	0.0	0.0	0.0	0.0	0.0	0.0	0.0	0.0	0.0	0.001	0.0	0.0	0.0	0.0	0.0	0.0	0.0	0.0	0.0	0.0
Nosocomiicoccus	0.0	0.0	0.0	0.0	0.0	0.0	0.0	0.0	0.0	0.0	0.0	0.0	0.0	0.0	0.0	0.0	0.0	0.0	0.0	0.0	0.0	0.0	0.0	0.0	0.0	0.0	0.0	0.0	0.0	0.0	0.0	0.0	0.0	0.0	0.0	0.0	0.0	0.0	0.0	0.0	0.0	0.0	0.0	0.0	0.001	0.0	0.0	0.0
Halalkalibacter	0.0	0.0	0.0	0.0	0.0	0.0	0.0	0.0	0.0	0.0	0.0	0.0	0.0	0.0	0.0	0.0	0.0	0.0	0.0	0.0	0.0	0.0	0.0	0.0	0.0	0.0	0.0	0.0	0.0	0.0	0.0	0.0	0.0	0.0	0.0	0.0	0.0	0.0	0.0	0.0	0.0	0.0	0.0	0.0	0.001	0.0	0.0	0.0
Dismasvirus	0.0	0.0	0.0	0.0	0.0	0.0	0.0	0.0	0.0	0.0	0.0	0.0	0.0	0.0	0.0	0.0	0.0	0.0	0.0	0.0	0.0	0.0	0.0	0.0	0.0	0.0	0.0	0.0	0.0	0.0	0.0	0.0	0.0	0.0	0.001	0.0	0.0	0.0	0.0	0.0	0.0	0.0	0.0	0.0	0.0	0.0	0.0	0.0
Globicatella	0.0	0.0	0.0	0.0	0.0	0.0	0.0	0.0	0.0	0.0	0.0	0.0	0.0	0.0	0.0	0.0	0.0	0.0	0.0	0.0	0.0	0.0	0.0	0.0	0.0	0.0	0.0	0.0	0.0	0.0	0.0	0.0	0.0	0.0	0.0	0.0	0.0	0.001	0.0	0.0	0.0	0.0	0.0	0.0	0.0	0.0	0.0	0.0
Crinalium	0.0	0.0	0.0	0.0	0.0	0.0	0.0	0.0	0.0	0.0	0.0	0.0	0.0	0.0	0.0	0.0	0.0	0.0	0.0	0.0	0.0	0.0	0.0	0.0	0.0	0.0	0.0	0.0	0.0	0.0	0.0	0.0	0.0	0.0	0.0	0.0	0.0	0.0	0.0	0.0	0.0	0.0	0.0	0.0	0.0	0.0	0.0	0.001
Richelia	0.0	0.0	0.0	0.0	0.0	0.0	0.0	0.0	0.0	0.0	0.0	0.0	0.0	0.0	0.0	0.0	0.0	0.0	0.0	0.0	0.0	0.0	0.0	0.0	0.0	0.0	0.0	0.0	0.0	0.0	0.0	0.0	0.001	0.0	0.0	0.0	0.0	0.0	0.0	0.0	0.0	0.0	0.0	0.0	0.0	0.0	0.0	0.0
Cheungvirus	0.0	0.0	0.0	0.0	0.0	0.0	0.0	0.0	0.0	0.0	0.0	0.0	0.0	0.0	0.0	0.0	0.0	0.0	0.0	0.0	0.0	0.0	0.0	0.0	0.0	0.0	0.0	0.0	0.0	0.0	0.0	0.0	0.0	0.0	0.0	0.0	0.0	0.0	0.0	0.001	0.0	0.0	0.0	0.0	0.0	0.0	0.0	0.0
Prasinovirus	0.0	0.0	0.0	0.0	0.0	0.0	0.0	0.001	0.0	0.0	0.0	0.0	0.0	0.0	0.0	0.0	0.0	0.0	0.0	0.0	0.0	0.0	0.0	0.0	0.0	0.0	0.0	0.0	0.0	0.0	0.0	0.0	0.0	0.0	0.0	0.0	0.0	0.0	0.0	0.0	0.0	0.0	0.0	0.0	0.0	0.0	0.0	0.0
Ectobacillus	0.0	0.0	0.0	0.0	0.0	0.0	0.0	0.001	0.0	0.0	0.0	0.0	0.0	0.0	0.0	0.0	0.0	0.0	0.0	0.0	0.0	0.0	0.0	0.0	0.0	0.0	0.0	0.0	0.0	0.0	0.0	0.0	0.0	0.0	0.0	0.0	0.0	0.0	0.0	0.0	0.0	0.0	0.0	0.0	0.0	0.0	0.0	0.0
Pipefishvirus	0.0	0.0	0.0	0.0	0.0	0.0	0.0	0.0	0.0	0.0	0.001	0.0	0.0	0.0	0.0	0.0	0.0	0.0	0.0	0.0	0.0	0.0	0.0	0.0	0.0	0.0	0.0	0.0	0.0	0.0	0.0	0.0	0.0	0.0	0.0	0.0	0.0	0.0	0.0	0.0	0.0	0.0	0.0	0.0	0.0	0.0	0.0	0.0
Anoxybacteroides	0.0	0.0	0.0	0.0	0.0	0.0	0.0	0.001	0.0	0.0	0.0	0.0	0.0	0.0	0.0	0.0	0.0	0.0	0.0	0.0	0.0	0.0	0.0	0.0	0.0	0.0	0.0	0.0	0.0	0.0	0.0	0.0	0.0	0.0	0.0	0.0	0.0	0.0	0.0	0.0	0.0	0.0	0.0	0.0	0.0	0.0	0.0	0.0
Acetoanaerobium	0.0	0.0	0.0	0.0	0.0	0.0	0.0	0.001	0.0	0.0	0.0	0.0	0.0	0.0	0.0	0.0	0.0	0.0	0.0	0.0	0.0	0.0	0.0	0.0	0.0	0.0	0.0	0.0	0.0	0.0	0.0	0.0	0.0	0.0	0.0	0.0	0.0	0.0	0.0	0.0	0.0	0.0	0.0	0.0	0.0	0.0	0.0	0.0
Candidatus Annandia	0.0	0.0	0.0	0.0	0.0	0.0	0.0	0.0	0.0	0.0	0.0	0.0	0.0	0.0	0.0	0.0	0.0	0.0	0.0	0.0	0.0	0.0	0.0	0.0	0.0	0.0	0.0	0.0	0.0	0.0	0.0	0.0	0.001	0.0	0.0	0.0	0.0	0.0	0.0	0.0	0.0	0.0	0.0	0.0	0.0	0.0	0.0	0.0
Natranaerofaba	0.0	0.0	0.0	0.0	0.0	0.0	0.0	0.001	0.0	0.0	0.0	0.0	0.0	0.0	0.0	0.0	0.0	0.0	0.0	0.0	0.0	0.0	0.0	0.0	0.0	0.0	0.0	0.0	0.0	0.0	0.0	0.0	0.0	0.0	0.0	0.0	0.0	0.0	0.0	0.0	0.0	0.0	0.0	0.0	0.0	0.0	0.0	0.0
Gordonvirus	0.0	0.0	0.0	0.0	0.0	0.0	0.0	0.0	0.0	0.0	0.0	0.0	0.0	0.0	0.0	0.0	0.0	0.0	0.0	0.0	0.001	0.0	0.0	0.0	0.0	0.0	0.0	0.0	0.0	0.0	0.0	0.0	0.0	0.0	0.0	0.0	0.0	0.0	0.0	0.0	0.0	0.0	0.0	0.0	0.0	0.0	0.0	0.0
Paadamvirus	0.0	0.0	0.0	0.0	0.0	0.0	0.0	0.0	0.0	0.0	0.001	0.0	0.0	0.0	0.0	0.0	0.0	0.0	0.0	0.0	0.0	0.0	0.0	0.0	0.0	0.0	0.0	0.0	0.0	0.0	0.0	0.0	0.0	0.0	0.0	0.0	0.0	0.0	0.0	0.0	0.0	0.0	0.0	0.0	0.0	0.0	0.0	0.0
Serpentinicella	0.0	0.0	0.0	0.0	0.0	0.0	0.0	0.0	0.0	0.0	0.0	0.0	0.0	0.0	0.0	0.0	0.0	0.0	0.0	0.0	0.0	0.0	0.0	0.0	0.0	0.0	0.0	0.0	0.0	0.0	0.0	0.0	0.0	0.0	0.001	0.0	0.0	0.0	0.0	0.0	0.0	0.0	0.0	0.0	0.0	0.0	0.0	0.0
Tepiditoga	0.0	0.0	0.0	0.0	0.0	0.0	0.0	0.001	0.0	0.0	0.0	0.0	0.0	0.0	0.0	0.0	0.0	0.0	0.0	0.0	0.0	0.0	0.0	0.0	0.0	0.0	0.0	0.0	0.0	0.0	0.0	0.0	0.0	0.0	0.0	0.0	0.0	0.0	0.0	0.0	0.0	0.0	0.0	0.0	0.0	0.0	0.0	0.0
Bakolyvirus	0.0	0.0	0.0	0.0	0.0	0.0	0.0	0.0	0.0	0.0	0.0	0.0	0.0	0.0	0.0	0.0	0.0	0.0	0.0	0.0	0.0	0.0	0.0	0.0	0.0	0.0	0.0	0.0	0.0	0.0	0.0	0.0	0.0	0.0	0.0	0.0	0.0	0.0	0.0	0.0	0.0	0.0	0.0	0.0	0.001	0.0	0.0	0.0
Halodesulfovibrio	0.001	0.0	0.0	0.0	0.0	0.0	0.0	0.0	0.0	0.0	0.0	0.0	0.0	0.0	0.0	0.0	0.0	0.0	0.0	0.0	0.0	0.0	0.0	0.0	0.0	0.0	0.0	0.0	0.0	0.0	0.0	0.0	0.0	0.0	0.0	0.0	0.0	0.0	0.0	0.0	0.0	0.0	0.0	0.0	0.0	0.0	0.0	0.0
Trinavirus	0.0	0.0	0.0	0.0	0.0	0.0	0.0	0.0	0.0	0.0	0.0	0.0	0.0	0.0	0.0	0.0	0.0	0.0	0.0	0.0	0.0	0.0	0.0	0.0	0.0	0.0	0.0	0.0	0.0	0.0	0.0	0.0	0.001	0.0	0.0	0.0	0.0	0.0	0.0	0.0	0.0	0.0	0.0	0.0	0.0	0.0	0.0	0.0
Methanimicrococcus	0.0	0.0	0.0	0.0	0.0	0.0	0.0	0.001	0.0	0.0	0.0	0.0	0.0	0.0	0.0	0.0	0.0	0.0	0.0	0.0	0.0	0.0	0.0	0.0	0.0	0.0	0.0	0.0	0.0	0.0	0.0	0.0	0.0	0.0	0.0	0.0	0.0	0.0	0.0	0.0	0.0	0.0	0.0	0.0	0.0	0.0	0.0	0.0
Methanolapillus	0.0	0.0	0.0	0.0	0.0	0.0	0.0	0.0	0.0	0.0	0.0	0.0	0.0	0.0	0.0	0.0	0.0	0.0	0.0	0.0	0.0	0.0	0.0	0.0	0.0	0.0	0.0	0.0	0.0	0.0	0.0	0.0	0.0	0.0	0.0	0.001	0.0	0.0	0.0	0.0	0.0	0.0	0.0	0.0	0.0	0.0	0.0	0.0
Methanotorris	0.0	0.0	0.0	0.0	0.0	0.0	0.0	0.001	0.0	0.0	0.0	0.0	0.0	0.0	0.0	0.0	0.0	0.0	0.0	0.0	0.0	0.0	0.0	0.0	0.0	0.0	0.0	0.0	0.0	0.0	0.0	0.0	0.0	0.0	0.0	0.0	0.0	0.0	0.0	0.0	0.0	0.0	0.0	0.0	0.0	0.0	0.0	0.0
Chrysonvirus	0.0	0.0	0.0	0.0	0.0	0.0	0.0	0.001	0.0	0.0	0.0	0.0	0.0	0.0	0.0	0.0	0.0	0.0	0.0	0.0	0.0	0.0	0.0	0.0	0.0	0.0	0.0	0.0	0.0	0.0	0.0	0.0	0.0	0.0	0.0	0.0	0.0	0.0	0.0	0.0	0.0	0.0	0.0	0.0	0.0	0.0	0.0	0.0
Mimivirus	0.0	0.0	0.0	0.0	0.0	0.0	0.0	0.001	0.0	0.0	0.0	0.0	0.0	0.0	0.0	0.0	0.0	0.0	0.0	0.0	0.0	0.0	0.0	0.0	0.0	0.0	0.0	0.0	0.0	0.0	0.0	0.0	0.0	0.0	0.0	0.0	0.0	0.0	0.0	0.0	0.0	0.0	0.0	0.0	0.0	0.0	0.0	0.0
Pyrococcus	0.0	0.0	0.0	0.0	0.0	0.0	0.0	0.0	0.0	0.0	0.0	0.0	0.0	0.0	0.0	0.0	0.0	0.0	0.0	0.0	0.0	0.0	0.0	0.0	0.0	0.0	0.0	0.0	0.0	0.0	0.0	0.0	0.0	0.0	0.0	0.0	0.0	0.0	0.0	0.0	0.0	0.0	0.0	0.0	0.001	0.0	0.0	0.0
Euhalothece	0.0	0.0	0.0	0.0	0.0	0.0	0.0	0.001	0.0	0.0	0.0	0.0	0.0	0.0	0.0	0.0	0.0	0.0	0.0	0.0	0.0	0.0	0.0	0.0	0.0	0.0	0.0	0.0	0.0	0.0	0.0	0.0	0.0	0.0	0.0	0.0	0.0	0.0	0.0	0.0	0.0	0.0	0.0	0.0	0.0	0.0	0.0	0.0
Radiobacillus	0.0	0.0	0.0	0.0	0.0	0.0	0.0	0.0	0.0	0.0	0.0	0.0	0.0	0.0	0.0	0.0	0.0	0.0	0.0	0.0	0.0	0.0	0.0	0.0	0.0	0.0	0.0	0.0	0.0	0.0	0.0	0.0	0.0	0.0	0.0	0.0	0.0	0.0	0.0	0.0	0.0	0.0	0.0	0.0	0.001	0.0	0.0	0.0
Fervidibacillus	0.0	0.0	0.0	0.0	0.001	0.0	0.0	0.0	0.0	0.0	0.0	0.0	0.0	0.0	0.0	0.0	0.0	0.0	0.0	0.0	0.0	0.0	0.0	0.0	0.0	0.0	0.0	0.0	0.0	0.0	0.0	0.0	0.0	0.0	0.0	0.0	0.0	0.0	0.0	0.0	0.0	0.0	0.0	0.0	0.0	0.0	0.0	0.0
Neochlamydia	0.0	0.001	0.0	0.0	0.0	0.0	0.0	0.0	0.0	0.0	0.0	0.0	0.0	0.0	0.0	0.0	0.0	0.0	0.0	0.0	0.0	0.0	0.0	0.0	0.0	0.0	0.0	0.0	0.0	0.0	0.0	0.0	0.0	0.0	0.0	0.0	0.0	0.0	0.0	0.0	0.0	0.0	0.0	0.0	0.0	0.0	0.0	0.0
Candidatus Thioglobus	0.0	0.0	0.0	0.0	0.0	0.0	0.0	0.0	0.0	0.0	0.0	0.0	0.0	0.0	0.0	0.0	0.0	0.0	0.0	0.0	0.0	0.0	0.0	0.0	0.0	0.0	0.0	0.0	0.0	0.0	0.0	0.0	0.0	0.0	0.0	0.0	0.0	0.0	0.0	0.001	0.0	0.0	0.0	0.0	0.0	0.0	0.0	0.0
Suttonella	0.001	0.0	0.0	0.0	0.0	0.0	0.0	0.0	0.0	0.0	0.0	0.0	0.0	0.0	0.0	0.0	0.0	0.0	0.0	0.0	0.0	0.0	0.0	0.0	0.0	0.0	0.0	0.0	0.0	0.0	0.0	0.0	0.0	0.0	0.0	0.0	0.0	0.0	0.0	0.0	0.0	0.0	0.0	0.0	0.0	0.0	0.0	0.0
Fluoribacter	0.0	0.001	0.0	0.0	0.0	0.0	0.0	0.0	0.0	0.0	0.0	0.0	0.0	0.0	0.0	0.0	0.0	0.0	0.0	0.0	0.0	0.0	0.0	0.0	0.0	0.0	0.0	0.0	0.0	0.0	0.0	0.0	0.0	0.0	0.0	0.0	0.0	0.0	0.0	0.0	0.0	0.0	0.0	0.0	0.0	0.0	0.0	0.0
Candidatus Magnetomonas	0.0	0.0	0.0	0.0	0.0	0.0	0.0	0.0	0.0	0.0	0.0	0.0	0.0	0.0	0.0	0.0	0.0	0.0	0.0	0.0	0.0	0.0	0.0	0.0	0.0	0.0	0.0	0.0	0.0	0.0	0.0	0.0	0.0	0.0	0.001	0.0	0.0	0.0	0.0	0.0	0.0	0.0	0.0	0.0	0.0	0.0	0.0	0.0
Allobaculum	0.0	0.0	0.0	0.0	0.0	0.0	0.0	0.0	0.0	0.0	0.0	0.0	0.0	0.0	0.0	0.0	0.0	0.0	0.0	0.0	0.0	0.0	0.0	0.0	0.0	0.0	0.0	0.0	0.0	0.0	0.0	0.0	0.0	0.0	0.0	0.0	0.0	0.0	0.0	0.0	0.0	0.0	0.0	0.001	0.0	0.0	0.0	0.0
Nautilia	0.0	0.0	0.0	0.001	0.0	0.0	0.0	0.0	0.0	0.0	0.0	0.0	0.0	0.0	0.0	0.0	0.0	0.0	0.0	0.0	0.0	0.0	0.0	0.0	0.0	0.0	0.0	0.0	0.0	0.0	0.0	0.0	0.0	0.0	0.0	0.0	0.0	0.0	0.0	0.0	0.0	0.0	0.0	0.0	0.0	0.0	0.0	0.0
Testudinibacter	0.0	0.0	0.0	0.0	0.0	0.0	0.001	0.0	0.0	0.0	0.0	0.0	0.0	0.0	0.0	0.0	0.0	0.0	0.0	0.0	0.0	0.0	0.0	0.0	0.0	0.0	0.0	0.0	0.0	0.0	0.0	0.0	0.0	0.0	0.0	0.0	0.0	0.0	0.0	0.0	0.0	0.0	0.0	0.0	0.0	0.0	0.0	0.0
Persephonella	0.0	0.001	0.0	0.0	0.0	0.0	0.0	0.0	0.0	0.0	0.0	0.0	0.0	0.0	0.0	0.0	0.0	0.0	0.0	0.0	0.0	0.0	0.0	0.0	0.0	0.0	0.0	0.0	0.0	0.0	0.0	0.0	0.0	0.0	0.0	0.0	0.0	0.0	0.0	0.0	0.0	0.0	0.0	0.0	0.0	0.0	0.0	0.0
Carboxydocella	0.0	0.0	0.0	0.0	0.0	0.0	0.0	0.0	0.0	0.0	0.0	0.0	0.0	0.0	0.0	0.0	0.0	0.0	0.0	0.0	0.0	0.0	0.0	0.0	0.0	0.0	0.0	0.0	0.0	0.0	0.0	0.0	0.0	0.0	0.0	0.0	0.0	0.0	0.0	0.0	0.0	0.0	0.0	0.001	0.0	0.0	0.0	0.0
Anaeromicropila	0.0	0.0	0.0	0.0	0.0	0.0	0.0	0.001	0.0	0.0	0.0	0.0	0.0	0.0	0.0	0.0	0.0	0.0	0.0	0.0	0.0	0.0	0.0	0.0	0.0	0.0	0.0	0.0	0.0	0.0	0.0	0.0	0.0	0.0	0.0	0.0	0.0	0.0	0.0	0.0	0.0	0.0	0.0	0.0	0.0	0.0	0.0	0.0
Caminicella	0.0	0.0	0.0	0.0	0.0	0.0	0.0	0.001	0.0	0.0	0.0	0.0	0.0	0.0	0.0	0.0	0.0	0.0	0.0	0.0	0.0	0.0	0.0	0.0	0.0	0.0	0.0	0.0	0.0	0.0	0.0	0.0	0.0	0.0	0.0	0.0	0.0	0.0	0.0	0.0	0.0	0.0	0.0	0.0	0.0	0.0	0.0	0.0
Desulfothermobacter	0.0	0.0	0.0	0.0	0.0	0.0	0.0	0.0	0.0	0.0	0.0	0.0	0.0	0.0	0.0	0.0	0.0	0.0	0.0	0.0	0.0	0.0	0.0	0.0	0.0	0.0	0.0	0.0	0.0	0.0	0.0	0.0	0.0	0.0	0.0	0.0	0.0	0.0	0.0	0.0	0.0	0.001	0.0	0.0	0.0	0.0	0.0	0.0
Paraliobacillus	0.0	0.0	0.0	0.0	0.0	0.0	0.0	0.0	0.0	0.0	0.0	0.0	0.0	0.0	0.0	0.0	0.0	0.0	0.0	0.0	0.0	0.0	0.0	0.0	0.0	0.0	0.0	0.0	0.0	0.0	0.0	0.0	0.0	0.0	0.0	0.0	0.0	0.0	0.0	0.0	0.0	0.0	0.001	0.0	0.0	0.0	0.0	0.0
Pseudothermotoga	0.0	0.0	0.0	0.0	0.0	0.0	0.0	0.0	0.0	0.0	0.0	0.0	0.0	0.0	0.0	0.0	0.0	0.0	0.0	0.0	0.0	0.0	0.0	0.0	0.0	0.0	0.0	0.0	0.0	0.0	0.0	0.0	0.0	0.0	0.0	0.0	0.0	0.0	0.0	0.0	0.0	0.0	0.0	0.001	0.0	0.0	0.0	0.0
Rodentibacter	0.0	0.0	0.0	0.0	0.0	0.0	0.001	0.0	0.0	0.0	0.0	0.0	0.0	0.0	0.0	0.0	0.0	0.0	0.0	0.0	0.0	0.0	0.0	0.0	0.0	0.0	0.0	0.0	0.0	0.0	0.0	0.0	0.0	0.0	0.0	0.0	0.0	0.0	0.0	0.0	0.0	0.0	0.0	0.0	0.0	0.0	0.0	0.0
Flocculibacter	0.0	0.0	0.0	0.0	0.0	0.0	0.0	0.0	0.0	0.0	0.0	0.0	0.0	0.0	0.0	0.0	0.0	0.0	0.0	0.0	0.0	0.0	0.0	0.0	0.0	0.0	0.0	0.0	0.0	0.0	0.0	0.0	0.0	0.0	0.0	0.0	0.0	0.0	0.0	0.001	0.0	0.0	0.0	0.0	0.0	0.0	0.0	0.0
Candidatus Bealeia	0.0	0.0	0.0	0.0	0.0	0.0	0.0	0.0	0.0	0.0	0.0	0.0	0.0	0.0	0.0	0.0	0.0	0.0	0.0	0.0	0.0	0.0	0.0	0.0	0.0	0.0	0.0	0.0	0.0	0.0	0.0	0.0	0.0	0.0	0.0	0.0	0.0	0.0	0.0	0.0	0.0	0.0	0.0	0.001	0.0	0.0	0.0	0.0
Parasphaerochaeta	0.0	0.0	0.0	0.0	0.0	0.0	0.0	0.0	0.0	0.0	0.0	0.0	0.0	0.0	0.0	0.0	0.0	0.0	0.0	0.0	0.0	0.0	0.0	0.0	0.0	0.0	0.0	0.0	0.0	0.0	0.0	0.0	0.0	0.0	0.001	0.0	0.0	0.0	0.0	0.0	0.0	0.0	0.0	0.0	0.0	0.0	0.0	0.0
Otoolea	0.0	0.0	0.001	0.0	0.0	0.0	0.0	0.0	0.0	0.0	0.0	0.0	0.0	0.0	0.0	0.0	0.0	0.0	0.0	0.0	0.0	0.0	0.0	0.0	0.0	0.0	0.0	0.0	0.0	0.0	0.0	0.0	0.0	0.0	0.0	0.0	0.0	0.0	0.0	0.0	0.0	0.0	0.0	0.0	0.0	0.0	0.0	0.0
Mucispirillum	0.0	0.0	0.0	0.0	0.0	0.0	0.0	0.001	0.0	0.0	0.0	0.0	0.0	0.0	0.0	0.0	0.0	0.0	0.0	0.0	0.0	0.0	0.0	0.0	0.0	0.0	0.0	0.0	0.0	0.0	0.0	0.0	0.0	0.0	0.0	0.0	0.0	0.0	0.0	0.0	0.0	0.0	0.0	0.0	0.0	0.0	0.0	0.0
Thiosulfativibrio	0.0	0.0	0.0	0.0	0.0	0.0	0.0	0.0	0.0	0.0	0.0	0.0	0.0	0.0	0.0	0.0	0.0	0.0	0.0	0.0	0.0	0.0	0.0	0.0	0.0	0.0	0.0	0.0	0.0	0.0	0.0	0.0	0.0	0.0	0.0	0.0	0.0	0.0	0.0	0.0	0.0	0.0	0.0	0.001	0.0	0.0	0.0	0.0
Syntrophothermus	0.0	0.001	0.0	0.0	0.0	0.0	0.0	0.0	0.0	0.0	0.0	0.0	0.0	0.0	0.0	0.0	0.0	0.0	0.0	0.0	0.0	0.0	0.0	0.0	0.0	0.0	0.0	0.0	0.0	0.0	0.0	0.0	0.0	0.0	0.0	0.0	0.0	0.0	0.0	0.0	0.0	0.0	0.0	0.0	0.0	0.0	0.0	0.0
Thermanaerosceptrum	0.0	0.0	0.001	0.0	0.0	0.0	0.0	0.0	0.0	0.0	0.0	0.0	0.0	0.0	0.0	0.0	0.0	0.0	0.0	0.0	0.0	0.0	0.0	0.0	0.0	0.0	0.0	0.0	0.0	0.0	0.0	0.0	0.0	0.0	0.0	0.0	0.0	0.0	0.0	0.0	0.0	0.0	0.0	0.0	0.0	0.0	0.0	0.0
Fastidiosipila	0.0	0.0	0.001	0.0	0.0	0.0	0.0	0.0	0.0	0.0	0.0	0.0	0.0	0.0	0.0	0.0	0.0	0.0	0.0	0.0	0.0	0.0	0.0	0.0	0.0	0.0	0.0	0.0	0.0	0.0	0.0	0.0	0.0	0.0	0.0	0.0	0.0	0.0	0.0	0.0	0.0	0.0	0.0	0.0	0.0	0.0	0.0	0.0
Thermocrinis	0.0	0.0	0.0	0.0	0.0	0.0	0.0	0.001	0.0	0.0	0.0	0.0	0.0	0.0	0.0	0.0	0.0	0.0	0.0	0.0	0.0	0.0	0.0	0.0	0.0	0.0	0.0	0.0	0.0	0.0	0.0	0.0	0.0	0.0	0.0	0.0	0.0	0.0	0.0	0.0	0.0	0.0	0.0	0.0	0.0	0.0	0.0	0.0
Bjornvirus	0.0	0.001	0.0	0.0	0.0	0.0	0.0	0.0	0.0	0.0	0.0	0.0	0.0	0.0	0.0	0.0	0.0	0.0	0.0	0.0	0.0	0.0	0.0	0.0	0.0	0.0	0.0	0.0	0.0	0.0	0.0	0.0	0.0	0.0	0.0	0.0	0.0	0.0	0.0	0.0	0.0	0.0	0.0	0.0	0.0	0.0	0.0	0.0
Bengtsoniella	0.0	0.0	0.0	0.0	0.001	0.0	0.0	0.0	0.0	0.0	0.0	0.0	0.0	0.0	0.0	0.0	0.0	0.0	0.0	0.0	0.0	0.0	0.0	0.0	0.0	0.0	0.0	0.0	0.0	0.0	0.0	0.0	0.0	0.0	0.0	0.0	0.0	0.0	0.0	0.0	0.0	0.0	0.0	0.0	0.0	0.0	0.0	0.0
Unicornvirus	0.0	0.0	0.001	0.0	0.0	0.0	0.0	0.0	0.0	0.0	0.0	0.0	0.0	0.0	0.0	0.0	0.0	0.0	0.0	0.0	0.0	0.0	0.0	0.0	0.0	0.0	0.0	0.0	0.0	0.0	0.0	0.0	0.0	0.0	0.0	0.0	0.0	0.0	0.0	0.0	0.0	0.0	0.0	0.0	0.0	0.0	0.0	0.0
Haploplasma	0.0	0.001	0.0	0.0	0.0	0.0	0.0	0.0	0.0	0.0	0.0	0.0	0.0	0.0	0.0	0.0	0.0	0.0	0.0	0.0	0.0	0.0	0.0	0.0	0.0	0.0	0.0	0.0	0.0	0.0	0.0	0.0	0.0	0.0	0.0	0.0	0.0	0.0	0.0	0.0	0.0	0.0	0.0	0.0	0.0	0.0	0.0	0.0
Stomatobaculum	0.0	0.0	0.0	0.0	0.0	0.0	0.0	0.0	0.0	0.0	0.0	0.0	0.0	0.0	0.0	0.0	0.0	0.0	0.0	0.0	0.0	0.0	0.0	0.0	0.0	0.0	0.0	0.0	0.0	0.0	0.0	0.0	0.0	0.0	0.0	0.0	0.0	0.0	0.0	0.0	0.0	0.0	0.0	0.001	0.0	0.0	0.0	0.0
Herbinix	0.0	0.0	0.0	0.0	0.0	0.0	0.0	0.001	0.0	0.0	0.0	0.0	0.0	0.0	0.0	0.0	0.0	0.0	0.0	0.0	0.0	0.0	0.0	0.0	0.0	0.0	0.0	0.0	0.0	0.0	0.0	0.0	0.0	0.0	0.0	0.0	0.0	0.0	0.0	0.0	0.0	0.0	0.0	0.0	0.0	0.0	0.0	0.0
Dictyoglomus	0.0	0.0	0.0	0.0	0.0	0.0	0.0	0.001	0.0	0.0	0.0	0.0	0.0	0.0	0.0	0.0	0.0	0.0	0.0	0.0	0.0	0.0	0.0	0.0	0.0	0.0	0.0	0.0	0.0	0.0	0.0	0.0	0.0	0.0	0.0	0.0	0.0	0.0	0.0	0.0	0.0	0.0	0.0	0.0	0.0	0.0	0.0	0.0
Keratinibaculum	0.0	0.001	0.0	0.0	0.0	0.0	0.0	0.0	0.0	0.0	0.0	0.0	0.0	0.0	0.0	0.0	0.0	0.0	0.0	0.0	0.0	0.0	0.0	0.0	0.0	0.0	0.0	0.0	0.0	0.0	0.0	0.0	0.0	0.0	0.0	0.0	0.0	0.0	0.0	0.0	0.0	0.0	0.0	0.0	0.0	0.0	0.0	0.0
Paenalkalicoccus	0.0	0.001	0.0	0.0	0.0	0.0	0.0	0.0	0.0	0.0	0.0	0.0	0.0	0.0	0.0	0.0	0.0	0.0	0.0	0.0	0.0	0.0	0.0	0.0	0.0	0.0	0.0	0.0	0.0	0.0	0.0	0.0	0.0	0.0	0.0	0.0	0.0	0.0	0.0	0.0	0.0	0.0	0.0	0.0	0.0	0.0	0.0	0.0
Staphylothermus	0.0	0.0	0.001	0.0	0.0	0.0	0.0	0.0	0.0	0.0	0.0	0.0	0.0	0.0	0.0	0.0	0.0	0.0	0.0	0.0	0.0	0.0	0.0	0.0	0.0	0.0	0.0	0.0	0.0	0.0	0.0	0.0	0.0	0.0	0.0	0.0	0.0	0.0	0.0	0.0	0.0	0.0	0.0	0.0	0.0	0.0	0.0	0.0
Thermoproteus	0.0	0.0	0.0	0.0	0.0	0.0	0.0	0.0	0.0	0.0	0.0	0.0	0.0	0.0	0.0	0.0	0.0	0.0	0.0	0.0	0.0	0.0	0.0	0.0	0.0	0.0	0.0	0.0	0.0	0.0	0.0	0.0	0.0	0.001	0.0	0.0	0.0	0.0	0.0	0.0	0.0	0.0	0.0	0.0	0.0	0.0	0.0	0.0
Lancefieldella	0.0	0.0	0.001	0.0	0.0	0.0	0.0	0.0	0.0	0.0	0.0	0.0	0.0	0.0	0.0	0.0	0.0	0.0	0.0	0.0	0.0	0.0	0.0	0.0	0.0	0.0	0.0	0.0	0.0	0.0	0.0	0.0	0.0	0.0	0.0	0.0	0.0	0.0	0.0	0.0	0.0	0.0	0.0	0.0	0.0	0.0	0.0	0.0
Candidatus Ichthyocystis	0.0	0.0	0.0	0.0	0.0	0.0	0.0	0.0	0.0	0.0	0.0	0.0	0.0	0.0	0.0	0.0	0.0	0.0	0.0	0.0	0.0	0.0	0.0	0.0	0.0	0.0	0.0	0.0	0.0	0.0	0.0	0.0	0.0	0.0	0.0	0.0	0.0	0.0	0.0	0.0	0.0	0.0	0.0	0.0	0.001	0.0	0.0	0.0
Xylocopilactobacillus	0.0	0.0	0.0	0.0	0.0	0.0	0.0	0.001	0.0	0.0	0.0	0.0	0.0	0.0	0.0	0.0	0.0	0.0	0.0	0.0	0.0	0.0	0.0	0.0	0.0	0.0	0.0	0.0	0.0	0.0	0.0	0.0	0.0	0.0	0.0	0.0	0.0	0.0	0.0	0.0	0.0	0.0	0.0	0.0	0.0	0.0	0.0	0.0
Saccharobesus	0.0	0.0	0.001	0.0	0.0	0.0	0.0	0.0	0.0	0.0	0.0	0.0	0.0	0.0	0.0	0.0	0.0	0.0	0.0	0.0	0.0	0.0	0.0	0.0	0.0	0.0	0.0	0.0	0.0	0.0	0.0	0.0	0.0	0.0	0.0	0.0	0.0	0.0	0.0	0.0	0.0	0.0	0.0	0.0	0.0	0.0	0.0	0.0
Candidatus Gromoviella	0.0	0.0	0.0	0.0	0.0	0.0	0.001	0.0	0.0	0.0	0.0	0.0	0.0	0.0	0.0	0.0	0.0	0.0	0.0	0.0	0.0	0.0	0.0	0.0	0.0	0.0	0.0	0.0	0.0	0.0	0.0	0.0	0.0	0.0	0.0	0.0	0.0	0.0	0.0	0.0	0.0	0.0	0.0	0.0	0.0	0.0	0.0	0.0
Biomaibacter	0.0	0.0	0.0	0.0	0.0	0.0	0.0	0.0	0.0	0.0	0.0	0.0	0.0	0.0	0.0	0.0	0.0	0.0	0.0	0.0	0.0	0.0	0.0	0.0	0.0	0.0	0.0	0.0	0.0	0.0	0.0	0.0	0.0	0.001	0.0	0.0	0.0	0.0	0.0	0.0	0.0	0.0	0.0	0.0	0.0	0.0	0.0	0.0
Candidatus Walczuchella	0.0	0.0	0.0	0.0	0.001	0.0	0.0	0.0	0.0	0.0	0.0	0.0	0.0	0.0	0.0	0.0	0.0	0.0	0.0	0.0	0.0	0.0	0.0	0.0	0.0	0.0	0.0	0.0	0.0	0.0	0.0	0.0	0.0	0.0	0.0	0.0	0.0	0.0	0.0	0.0	0.0	0.0	0.0	0.0	0.0	0.0	0.0	0.0
Hydrocurvibacter	0.0	0.0	0.0	0.0	0.0	0.001	0.0	0.0	0.0	0.0	0.0	0.0	0.0	0.0	0.0	0.0	0.0	0.0	0.0	0.0	0.0	0.0	0.0	0.0	0.0	0.0	0.0	0.0	0.0	0.0	0.0	0.0	0.0	0.0	0.0	0.0	0.0	0.0	0.0	0.0	0.0	0.0	0.0	0.0	0.0	0.0	0.0	0.0
Amphibacillus	0.0	0.0	0.0	0.0	0.0	0.0	0.0	0.0	0.0	0.0	0.0	0.0	0.0	0.0	0.0	0.0	0.0	0.0	0.0	0.0	0.0	0.0	0.0	0.0	0.0	0.0	0.0	0.0	0.0	0.0	0.0	0.0	0.001	0.0	0.0	0.0	0.0	0.0	0.0	0.0	0.0	0.0	0.0	0.0	0.0	0.0	0.0	0.0
Candidatus Lariskella	0.0	0.0	0.0	0.0	0.0	0.001	0.0	0.0	0.0	0.0	0.0	0.0	0.0	0.0	0.0	0.0	0.0	0.0	0.0	0.0	0.0	0.0	0.0	0.0	0.0	0.0	0.0	0.0	0.0	0.0	0.0	0.0	0.0	0.0	0.0	0.0	0.0	0.0	0.0	0.0	0.0	0.0	0.0	0.0	0.0	0.0	0.0	0.0
Ningiella	0.0	0.0	0.0	0.0	0.0	0.0	0.001	0.0	0.0	0.0	0.0	0.0	0.0	0.0	0.0	0.0	0.0	0.0	0.0	0.0	0.0	0.0	0.0	0.0	0.0	0.0	0.0	0.0	0.0	0.0	0.0	0.0	0.0	0.0	0.0	0.0	0.0	0.0	0.0	0.0	0.0	0.0	0.0	0.0	0.0	0.0	0.0	0.0
Alkalicella	0.0	0.0	0.0	0.0	0.0	0.001	0.0	0.0	0.0	0.0	0.0	0.0	0.0	0.0	0.0	0.0	0.0	0.0	0.0	0.0	0.0	0.0	0.0	0.0	0.0	0.0	0.0	0.0	0.0	0.0	0.0	0.0	0.0	0.0	0.0	0.0	0.0	0.0	0.0	0.0	0.0	0.0	0.0	0.0	0.0	0.0	0.0	0.0
Cotonvirus	0.0	0.0	0.0	0.0	0.0	0.0	0.0	0.001	0.0	0.0	0.0	0.0	0.0	0.0	0.0	0.0	0.0	0.0	0.0	0.0	0.0	0.0	0.0	0.0	0.0	0.0	0.0	0.0	0.0	0.0	0.0	0.0	0.0	0.0	0.0	0.0	0.0	0.0	0.0	0.0	0.0	0.0	0.0	0.0	0.0	0.0	0.0	0.0
Frischella	0.0	0.0	0.0	0.0	0.0	0.0	0.0	0.001	0.0	0.0	0.0	0.0	0.0	0.0	0.0	0.0	0.0	0.0	0.0	0.0	0.0	0.0	0.0	0.0	0.0	0.0	0.0	0.0	0.0	0.0	0.0	0.0	0.0	0.0	0.0	0.0	0.0	0.0	0.0	0.0	0.0	0.0	0.0	0.0	0.0	0.0	0.0	0.0
Pleionea	0.0	0.0	0.0	0.0	0.001	0.0	0.0	0.0	0.0	0.0	0.0	0.0	0.0	0.0	0.0	0.0	0.0	0.0	0.0	0.0	0.0	0.0	0.0	0.0	0.0	0.0	0.0	0.0	0.0	0.0	0.0	0.0	0.0	0.0	0.0	0.0	0.0	0.0	0.0	0.0	0.0	0.0	0.0	0.0	0.0	0.0	0.0	0.0
Simonsiella	0.0	0.0	0.0	0.0	0.0	0.001	0.0	0.0	0.0	0.0	0.0	0.0	0.0	0.0	0.0	0.0	0.0	0.0	0.0	0.0	0.0	0.0	0.0	0.0	0.0	0.0	0.0	0.0	0.0	0.0	0.0	0.0	0.0	0.0	0.0	0.0	0.0	0.0	0.0	0.0	0.0	0.0	0.0	0.0	0.0	0.0	0.0	0.0
Muromegalovirus	0.0	0.0	0.0	0.0	0.0	0.0	0.0	0.0	0.0	0.0	0.0	0.0	0.0	0.0	0.0	0.0	0.0	0.0	0.0	0.0	0.0	0.0	0.0	0.0	0.0	0.0	0.0	0.0	0.0	0.0	0.0	0.0	0.0	0.0	0.0	0.0	0.0	0.0	0.0	0.0	0.0	0.0	0.0	0.0	0.0	0.0	0.0	0.0
Fuzanglongvirus	0.0	0.0	0.0	0.0	0.0	0.0	0.0	0.0	0.0	0.0	0.0	0.0	0.0	0.0	0.0	0.0	0.0	0.0	0.0	0.0	0.0	0.0	0.0	0.0	0.0	0.0	0.0	0.0	0.0	0.0	0.0	0.0	0.0	0.0	0.0	0.0	0.0	0.0	0.0	0.0	0.0	0.0	0.0	0.0	0.0	0.0	0.0	0.0
Marvinvirus	0.0	0.0	0.0	0.0	0.0	0.0	0.0	0.0	0.0	0.0	0.0	0.0	0.0	0.0	0.0	0.0	0.0	0.0	0.0	0.0	0.0	0.0	0.0	0.0	0.0	0.0	0.0	0.0	0.0	0.0	0.0	0.0	0.0	0.0	0.0	0.0	0.0	0.0	0.0	0.0	0.0	0.0	0.0	0.0	0.0	0.0	0.0	0.0
Agrilactobacillus	0.0	0.0	0.0	0.0	0.0	0.0	0.0	0.0	0.0	0.0	0.0	0.0	0.0	0.0	0.0	0.0	0.0	0.0	0.0	0.0	0.0	0.0	0.0	0.0	0.0	0.0	0.0	0.0	0.0	0.0	0.0	0.0	0.0	0.0	0.0	0.0	0.0	0.0	0.0	0.0	0.0	0.0	0.0	0.0	0.0	0.0	0.0	0.0
Triduovirus	0.0	0.0	0.0	0.0	0.0	0.0	0.0	0.0	0.0	0.0	0.0	0.0	0.0	0.0	0.0	0.0	0.0	0.0	0.0	0.0	0.0	0.0	0.0	0.0	0.0	0.0	0.0	0.0	0.0	0.0	0.0	0.0	0.0	0.0	0.0	0.0	0.0	0.0	0.0	0.0	0.0	0.0	0.0	0.0	0.0	0.0	0.0	0.0
Candidatus Epulonipiscium	0.0	0.0	0.0	0.0	0.0	0.0	0.0	0.0	0.0	0.0	0.0	0.0	0.0	0.0	0.0	0.0	0.0	0.0	0.0	0.0	0.0	0.0	0.0	0.0	0.0	0.0	0.0	0.0	0.0	0.0	0.0	0.0	0.0	0.0	0.0	0.0	0.0	0.0	0.0	0.0	0.0	0.0	0.0	0.0	0.0	0.0	0.0	0.0
Fengtaivirus	0.0	0.0	0.0	0.0	0.0	0.0	0.0	0.0	0.0	0.0	0.0	0.0	0.0	0.0	0.0	0.0	0.0	0.0	0.0	0.0	0.0	0.0	0.0	0.0	0.0	0.0	0.0	0.0	0.0	0.0	0.0	0.0	0.0	0.0	0.0	0.0	0.0	0.0	0.0	0.0	0.0	0.0	0.0	0.0	0.0	0.0	0.0	0.0
Aeropyrum	0.0	0.0	0.0	0.0	0.0	0.0	0.0	0.0	0.0	0.0	0.0	0.0	0.0	0.0	0.0	0.0	0.0	0.0	0.0	0.0	0.0	0.0	0.0	0.0	0.0	0.0	0.0	0.0	0.0	0.0	0.0	0.0	0.0	0.0	0.0	0.0	0.0	0.0	0.0	0.0	0.0	0.0	0.0	0.0	0.0	0.0	0.0	0.0
Akonivirus	0.0	0.0	0.0	0.0	0.0	0.0	0.0	0.0	0.0	0.0	0.0	0.0	0.0	0.0	0.0	0.0	0.0	0.0	0.0	0.0	0.0	0.0	0.0	0.0	0.0	0.0	0.0	0.0	0.0	0.0	0.0	0.0	0.0	0.0	0.0	0.0	0.0	0.0	0.0	0.0	0.0	0.0	0.0	0.0	0.0	0.0	0.0	0.0
Candidatus Endowatersipora	0.0	0.0	0.0	0.0	0.0	0.0	0.0	0.0	0.0	0.0	0.0	0.0	0.0	0.0	0.0	0.0	0.0	0.0	0.0	0.0	0.0	0.0	0.0	0.0	0.0	0.0	0.0	0.0	0.0	0.0	0.0	0.0	0.0	0.0	0.0	0.0	0.0	0.0	0.0	0.0	0.0	0.0	0.0	0.0	0.0	0.0	0.0	0.0
Crocodylidpoxvirus	0.0	0.0	0.0	0.0	0.0	0.0	0.0	0.0	0.0	0.0	0.0	0.0	0.0	0.0	0.0	0.0	0.0	0.0	0.0	0.0	0.0	0.0	0.0	0.0	0.0	0.0	0.0	0.0	0.0	0.0	0.0	0.0	0.0	0.0	0.0	0.0	0.0	0.0	0.0	0.0	0.0	0.0	0.0	0.0	0.0	0.0	0.0	0.0
Soupsvirus	0.0	0.0	0.0	0.0	0.0	0.0	0.0	0.0	0.0	0.0	0.0	0.0	0.0	0.0	0.0	0.0	0.0	0.0	0.0	0.0	0.0	0.0	0.0	0.0	0.0	0.0	0.0	0.0	0.0	0.0	0.0	0.0	0.0	0.0	0.0	0.0	0.0	0.0	0.0	0.0	0.0	0.0	0.0	0.0	0.0	0.0	0.0	0.0
Mangrovibacillus	0.0	0.0	0.0	0.0	0.0	0.0	0.0	0.0	0.0	0.0	0.0	0.0	0.0	0.0	0.0	0.0	0.0	0.0	0.0	0.0	0.0	0.0	0.0	0.0	0.0	0.0	0.0	0.0	0.0	0.0	0.0	0.0	0.0	0.0	0.0	0.0	0.0	0.0	0.0	0.0	0.0	0.0	0.0	0.0	0.0	0.0	0.0	0.0
Pamexvirus	0.0	0.0	0.0	0.0	0.0	0.0	0.0	0.0	0.0	0.0	0.0	0.0	0.0	0.0	0.0	0.0	0.0	0.0	0.0	0.0	0.0	0.0	0.0	0.0	0.0	0.0	0.0	0.0	0.0	0.0	0.0	0.0	0.0	0.0	0.0	0.0	0.0	0.0	0.0	0.0	0.0	0.0	0.0	0.0	0.0	0.0	0.0	0.0
Rosenblumvirus	0.0	0.0	0.0	0.0	0.0	0.0	0.0	0.0	0.0	0.0	0.0	0.0	0.0	0.0	0.0	0.0	0.0	0.0	0.0	0.0	0.0	0.0	0.0	0.0	0.0	0.0	0.0	0.0	0.0	0.0	0.0	0.0	0.0	0.0	0.0	0.0	0.0	0.0	0.0	0.0	0.0	0.0	0.0	0.0	0.0	0.0	0.0	0.0
Dolmabahcevirus	0.0	0.0	0.0	0.0	0.0	0.0	0.0	0.0	0.0	0.0	0.0	0.0	0.0	0.0	0.0	0.0	0.0	0.0	0.0	0.0	0.0	0.0	0.0	0.0	0.0	0.0	0.0	0.0	0.0	0.0	0.0	0.0	0.0	0.0	0.0	0.0	0.0	0.0	0.0	0.0	0.0	0.0	0.0	0.0	0.0	0.0	0.0	0.0
Proboscivirus	0.0	0.0	0.0	0.0	0.0	0.0	0.0	0.0	0.0	0.0	0.0	0.0	0.0	0.0	0.0	0.0	0.0	0.0	0.0	0.0	0.0	0.0	0.0	0.0	0.0	0.0	0.0	0.0	0.0	0.0	0.0	0.0	0.0	0.0	0.0	0.0	0.0	0.0	0.0	0.0	0.0	0.0	0.0	0.0	0.0	0.0	0.0	0.0
Omegavirus	0.0	0.0	0.0	0.0	0.0	0.0	0.0	0.0	0.0	0.0	0.0	0.0	0.0	0.0	0.0	0.0	0.0	0.0	0.0	0.0	0.0	0.0	0.0	0.0	0.0	0.0	0.0	0.0	0.0	0.0	0.0	0.0	0.0	0.0	0.0	0.0	0.0	0.0	0.0	0.0	0.0	0.0	0.0	0.0	0.0	0.0	0.0	0.0
Oneupvirus	0.0	0.0	0.0	0.0	0.0	0.0	0.0	0.0	0.0	0.0	0.0	0.0	0.0	0.0	0.0	0.0	0.0	0.0	0.0	0.0	0.0	0.0	0.0	0.0	0.0	0.0	0.0	0.0	0.0	0.0	0.0	0.0	0.0	0.0	0.0	0.0	0.0	0.0	0.0	0.0	0.0	0.0	0.0	0.0	0.0	0.0	0.0	0.0
Picardvirus	0.0	0.0	0.0	0.0	0.0	0.0	0.0	0.0	0.0	0.0	0.0	0.0	0.0	0.0	0.0	0.0	0.0	0.0	0.0	0.0	0.0	0.0	0.0	0.0	0.0	0.0	0.0	0.0	0.0	0.0	0.0	0.0	0.0	0.0	0.0	0.0	0.0	0.0	0.0	0.0	0.0	0.0	0.0	0.0	0.0	0.0	0.0	0.0
Korravirus	0.0	0.0	0.0	0.0	0.0	0.0	0.0	0.0	0.0	0.0	0.0	0.0	0.0	0.0	0.0	0.0	0.0	0.0	0.0	0.0	0.0	0.0	0.0	0.0	0.0	0.0	0.0	0.0	0.0	0.0	0.0	0.0	0.0	0.0	0.0	0.0	0.0	0.0	0.0	0.0	0.0	0.0	0.0	0.0	0.0	0.0	0.0	0.0
Bosavirus	0.0	0.0	0.0	0.0	0.0	0.0	0.0	0.0	0.0	0.0	0.0	0.0	0.0	0.0	0.0	0.0	0.0	0.0	0.0	0.0	0.0	0.0	0.0	0.0	0.0	0.0	0.0	0.0	0.0	0.0	0.0	0.0	0.0	0.0	0.0	0.0	0.0	0.0	0.0	0.0	0.0	0.0	0.0	0.0	0.0	0.0	0.0	0.0
Ilzatvirus	0.0	0.0	0.0	0.0	0.0	0.0	0.0	0.0	0.0	0.0	0.0	0.0	0.0	0.0	0.0	0.0	0.0	0.0	0.0	0.0	0.0	0.0	0.0	0.0	0.0	0.0	0.0	0.0	0.0	0.0	0.0	0.0	0.0	0.0	0.0	0.0	0.0	0.0	0.0	0.0	0.0	0.0	0.0	0.0	0.0	0.0	0.0	0.0
Pyrodictium	0.0	0.0	0.0	0.0	0.0	0.0	0.0	0.0	0.0	0.0	0.0	0.0	0.0	0.0	0.0	0.0	0.0	0.0	0.0	0.0	0.0	0.0	0.0	0.0	0.0	0.0	0.0	0.0	0.0	0.0	0.0	0.0	0.0	0.0	0.0	0.0	0.0	0.0	0.0	0.0	0.0	0.0	0.0	0.0	0.0	0.0	0.0	0.0
Ruoffia	0.0	0.0	0.0	0.0	0.0	0.0	0.0	0.0	0.0	0.0	0.0	0.0	0.0	0.0	0.0	0.0	0.0	0.0	0.0	0.0	0.0	0.0	0.0	0.0	0.0	0.0	0.0	0.0	0.0	0.0	0.0	0.0	0.0	0.0	0.0	0.0	0.0	0.0	0.0	0.0	0.0	0.0	0.0	0.0	0.0	0.0	0.0	0.0
Sansavirus	0.0	0.0	0.0	0.0	0.0	0.0	0.0	0.0	0.0	0.0	0.0	0.0	0.0	0.0	0.0	0.0	0.0	0.0	0.0	0.0	0.0	0.0	0.0	0.0	0.0	0.0	0.0	0.0	0.0	0.0	0.0	0.0	0.0	0.0	0.0	0.0	0.0	0.0	0.0	0.0	0.0	0.0	0.0	0.0	0.0	0.0	0.0	0.0
Periweissella	0.0	0.0	0.0	0.0	0.0	0.0	0.0	0.0	0.0	0.0	0.0	0.0	0.0	0.0	0.0	0.0	0.0	0.0	0.0	0.0	0.0	0.0	0.0	0.0	0.0	0.0	0.0	0.0	0.0	0.0	0.0	0.0	0.0	0.0	0.0	0.0	0.0	0.0	0.0	0.0	0.0	0.0	0.0	0.0	0.0	0.0	0.0	0.0
Gruunavirus	0.0	0.0	0.0	0.0	0.0	0.0	0.0	0.0	0.0	0.0	0.0	0.0	0.0	0.0	0.0	0.0	0.0	0.0	0.0	0.0	0.0	0.0	0.0	0.0	0.0	0.0	0.0	0.0	0.0	0.0	0.0	0.0	0.0	0.0	0.0	0.0	0.0	0.0	0.0	0.0	0.0	0.0	0.0	0.0	0.0	0.0	0.0	0.0
Tannockella	0.0	0.0	0.0	0.0	0.0	0.0	0.0	0.0	0.0	0.0	0.0	0.0	0.0	0.0	0.0	0.0	0.0	0.0	0.0	0.0	0.0	0.0	0.0	0.0	0.0	0.0	0.0	0.0	0.0	0.0	0.0	0.0	0.0	0.0	0.0	0.0	0.0	0.0	0.0	0.0	0.0	0.0	0.0	0.0	0.0	0.0	0.0	0.0
Camvirus	0.0	0.0	0.0	0.0	0.0	0.0	0.0	0.0	0.0	0.0	0.0	0.0	0.0	0.0	0.0	0.0	0.0	0.0	0.0	0.0	0.0	0.0	0.0	0.0	0.0	0.0	0.0	0.0	0.0	0.0	0.0	0.0	0.0	0.0	0.0	0.0	0.0	0.0	0.0	0.0	0.0	0.0	0.0	0.0	0.0	0.0	0.0	0.0
Candidatus Nardonella	0.0	0.0	0.0	0.0	0.0	0.0	0.0	0.0	0.0	0.0	0.0	0.0	0.0	0.0	0.0	0.0	0.0	0.0	0.0	0.0	0.0	0.0	0.0	0.0	0.0	0.0	0.0	0.0	0.0	0.0	0.0	0.0	0.0	0.0	0.0	0.0	0.0	0.0	0.0	0.0	0.0	0.0	0.0	0.0	0.0	0.0	0.0	0.0
Parelusimicrobium	0.0	0.0	0.0	0.0	0.0	0.0	0.0	0.0	0.0	0.0	0.0	0.0	0.0	0.0	0.0	0.0	0.0	0.0	0.0	0.0	0.0	0.0	0.0	0.0	0.0	0.0	0.0	0.0	0.0	0.0	0.0	0.0	0.0	0.0	0.0	0.0	0.0	0.0	0.0	0.0	0.0	0.0	0.0	0.0	0.0	0.0	0.0	0.0
Candidatus Cloacimonas	0.0	0.0	0.0	0.0	0.0	0.0	0.0	0.0	0.0	0.0	0.0	0.0	0.0	0.0	0.0	0.0	0.0	0.0	0.0	0.0	0.0	0.0	0.0	0.0	0.0	0.0	0.0	0.0	0.0	0.0	0.0	0.0	0.0	0.0	0.0	0.0	0.0	0.0	0.0	0.0	0.0	0.0	0.0	0.0	0.0	0.0	0.0	0.0
Ponsvirus	0.0	0.0	0.0	0.0	0.0	0.0	0.0	0.0	0.0	0.0	0.0	0.0	0.0	0.0	0.0	0.0	0.0	0.0	0.0	0.0	0.0	0.0	0.0	0.0	0.0	0.0	0.0	0.0	0.0	0.0	0.0	0.0	0.0	0.0	0.0	0.0	0.0	0.0	0.0	0.0	0.0	0.0	0.0	0.0	0.0	0.0	0.0	0.0
Nymphadoravirus	0.0	0.0	0.0	0.0	0.0	0.0	0.0	0.0	0.0	0.0	0.0	0.0	0.0	0.0	0.0	0.0	0.0	0.0	0.0	0.0	0.0	0.0	0.0	0.0	0.0	0.0	0.0	0.0	0.0	0.0	0.0	0.0	0.0	0.0	0.0	0.0	0.0	0.0	0.0	0.0	0.0	0.0	0.0	0.0	0.0	0.0	0.0	0.0
Shapirovirus	0.0	0.0	0.0	0.0	0.0	0.0	0.0	0.0	0.0	0.0	0.0	0.0	0.0	0.0	0.0	0.0	0.0	0.0	0.0	0.0	0.0	0.0	0.0	0.0	0.0	0.0	0.0	0.0	0.0	0.0	0.0	0.0	0.0	0.0	0.0	0.0	0.0	0.0	0.0	0.0	0.0	0.0	0.0	0.0	0.0	0.0	0.0	0.0
Timquatrovirus	0.0	0.0	0.0	0.0	0.0	0.0	0.0	0.0	0.0	0.0	0.0	0.0	0.0	0.0	0.0	0.0	0.0	0.0	0.0	0.0	0.0	0.0	0.0	0.0	0.0	0.0	0.0	0.0	0.0	0.0	0.0	0.0	0.0	0.0	0.0	0.0	0.0	0.0	0.0	0.0	0.0	0.0	0.0	0.0	0.0	0.0	0.0	0.0
Metamorphoovirus	0.0	0.0	0.0	0.0	0.0	0.0	0.0	0.0	0.0	0.0	0.0	0.0	0.0	0.0	0.0	0.0	0.0	0.0	0.0	0.0	0.0	0.0	0.0	0.0	0.0	0.0	0.0	0.0	0.0	0.0	0.0	0.0	0.0	0.0	0.0	0.0	0.0	0.0	0.0	0.0	0.0	0.0	0.0	0.0	0.0	0.0	0.0	0.0
Conexivisphaera	0.0	0.0	0.0	0.0	0.0	0.0	0.0	0.0	0.0	0.0	0.0	0.0	0.0	0.0	0.0	0.0	0.0	0.0	0.0	0.0	0.0	0.0	0.0	0.0	0.0	0.0	0.0	0.0	0.0	0.0	0.0	0.0	0.0	0.0	0.0	0.0	0.0	0.0	0.0	0.0	0.0	0.0	0.0	0.0	0.0	0.0	0.0	0.0
Catfishvirus	0.0	0.0	0.0	0.0	0.0	0.0	0.0	0.0	0.0	0.0	0.0	0.0	0.0	0.0	0.0	0.0	0.0	0.0	0.0	0.0	0.0	0.0	0.0	0.0	0.0	0.0	0.0	0.0	0.0	0.0	0.0	0.0	0.0	0.0	0.0	0.0	0.0	0.0	0.0	0.0	0.0	0.0	0.0	0.0	0.0	0.0	0.0	0.0
Tinalinvirus	0.0	0.0	0.0	0.0	0.0	0.0	0.0	0.0	0.0	0.0	0.0	0.0	0.0	0.0	0.0	0.0	0.0	0.0	0.0	0.0	0.0	0.0	0.0	0.0	0.0	0.0	0.0	0.0	0.0	0.0	0.0	0.0	0.0	0.0	0.0	0.0	0.0	0.0	0.0	0.0	0.0	0.0	0.0	0.0	0.0	0.0	0.0	0.0
Kroosvirus	0.0	0.0	0.0	0.0	0.0	0.0	0.0	0.0	0.0	0.0	0.0	0.0	0.0	0.0	0.0	0.0	0.0	0.0	0.0	0.0	0.0	0.0	0.0	0.0	0.0	0.0	0.0	0.0	0.0	0.0	0.0	0.0	0.0	0.0	0.0	0.0	0.0	0.0	0.0	0.0	0.0	0.0	0.0	0.0	0.0	0.0	0.0	0.0
Zitchvirus	0.0	0.0	0.0	0.0	0.0	0.0	0.0	0.0	0.0	0.0	0.0	0.0	0.0	0.0	0.0	0.0	0.0	0.0	0.0	0.0	0.0	0.0	0.0	0.0	0.0	0.0	0.0	0.0	0.0	0.0	0.0	0.0	0.0	0.0	0.0	0.0	0.0	0.0	0.0	0.0	0.0	0.0	0.0	0.0	0.0	0.0	0.0	0.0
Candidatus Palibaumannia	0.0	0.0	0.0	0.0	0.0	0.0	0.0	0.0	0.0	0.0	0.0	0.0	0.0	0.0	0.0	0.0	0.0	0.0	0.0	0.0	0.0	0.0	0.0	0.0	0.0	0.0	0.0	0.0	0.0	0.0	0.0	0.0	0.0	0.0	0.0	0.0	0.0	0.0	0.0	0.0	0.0	0.0	0.0	0.0	0.0	0.0	0.0	0.0
Alloscardovia	0.0	0.0	0.0	0.0	0.0	0.0	0.0	0.0	0.0	0.0	0.0	0.0	0.0	0.0	0.0	0.0	0.0	0.0	0.0	0.0	0.0	0.0	0.0	0.0	0.0	0.0	0.0	0.0	0.0	0.0	0.0	0.0	0.0	0.0	0.0	0.0	0.0	0.0	0.0	0.0	0.0	0.0	0.0	0.0	0.0	0.0	0.0	0.0
Suicoccus	0.0	0.0	0.0	0.0	0.0	0.0	0.0	0.0	0.0	0.0	0.0	0.0	0.0	0.0	0.0	0.0	0.0	0.0	0.0	0.0	0.0	0.0	0.0	0.0	0.0	0.0	0.0	0.0	0.0	0.0	0.0	0.0	0.0	0.0	0.0	0.0	0.0	0.0	0.0	0.0	0.0	0.0	0.0	0.0	0.0	0.0	0.0	0.0
Seussvirus	0.0	0.0	0.0	0.0	0.0	0.0	0.0	0.0	0.0	0.0	0.0	0.0	0.0	0.0	0.0	0.0	0.0	0.0	0.0	0.0	0.0	0.0	0.0	0.0	0.0	0.0	0.0	0.0	0.0	0.0	0.0	0.0	0.0	0.0	0.0	0.0	0.0	0.0	0.0	0.0	0.0	0.0	0.0	0.0	0.0	0.0	0.0	0.0
Rowavirus	0.0	0.0	0.0	0.0	0.0	0.0	0.0	0.0	0.0	0.0	0.0	0.0	0.0	0.0	0.0	0.0	0.0	0.0	0.0	0.0	0.0	0.0	0.0	0.0	0.0	0.0	0.0	0.0	0.0	0.0	0.0	0.0	0.0	0.0	0.0	0.0	0.0	0.0	0.0	0.0	0.0	0.0	0.0	0.0	0.0	0.0	0.0	0.0
Mastadenovirus	0.0	0.0	0.0	0.0	0.0	0.0	0.0	0.0	0.0	0.0	0.0	0.0	0.0	0.0	0.0	0.0	0.0	0.0	0.0	0.0	0.0	0.0	0.0	0.0	0.0	0.0	0.0	0.0	0.0	0.0	0.0	0.0	0.0	0.0	0.0	0.0	0.0	0.0	0.0	0.0	0.0	0.0	0.0	0.0	0.0	0.0	0.0	0.0
Vanleevirus	0.0	0.0	0.0	0.0	0.0	0.0	0.0	0.0	0.0	0.0	0.0	0.0	0.0	0.0	0.0	0.0	0.0	0.0	0.0	0.0	0.0	0.0	0.0	0.0	0.0	0.0	0.0	0.0	0.0	0.0	0.0	0.0	0.0	0.0	0.0	0.0	0.0	0.0	0.0	0.0	0.0	0.0	0.0	0.0	0.0	0.0	0.0	0.0
Puppervirus	0.0	0.0	0.0	0.0	0.0	0.0	0.0	0.0	0.0	0.0	0.0	0.0	0.0	0.0	0.0	0.0	0.0	0.0	0.0	0.0	0.0	0.0	0.0	0.0	0.0	0.0	0.0	0.0	0.0	0.0	0.0	0.0	0.0	0.0	0.0	0.0	0.0	0.0	0.0	0.0	0.0	0.0	0.0	0.0	0.0	0.0	0.0	0.0
Northamptonvirus	0.0	0.0	0.0	0.0	0.0	0.0	0.0	0.0	0.0	0.0	0.0	0.0	0.0	0.0	0.0	0.0	0.0	0.0	0.0	0.0	0.0	0.0	0.0	0.0	0.0	0.0	0.0	0.0	0.0	0.0	0.0	0.0	0.0	0.0	0.0	0.0	0.0	0.0	0.0	0.0	0.0	0.0	0.0	0.0	0.0	0.0	0.0	0.0
Leonardvirus	0.0	0.0	0.0	0.0	0.0	0.0	0.0	0.0	0.0	0.0	0.0	0.0	0.0	0.0	0.0	0.0	0.0	0.0	0.0	0.0	0.0	0.0	0.0	0.0	0.0	0.0	0.0	0.0	0.0	0.0	0.0	0.0	0.0	0.0	0.0	0.0	0.0	0.0	0.0	0.0	0.0	0.0	0.0	0.0	0.0	0.0	0.0	0.0
Jolieduovirus	0.0	0.0	0.0	0.0	0.0	0.0	0.0	0.0	0.0	0.0	0.0	0.0	0.0	0.0	0.0	0.0	0.0	0.0	0.0	0.0	0.0	0.0	0.0	0.0	0.0	0.0	0.0	0.0	0.0	0.0	0.0	0.0	0.0	0.0	0.0	0.0	0.0	0.0	0.0	0.0	0.0	0.0	0.0	0.0	0.0	0.0	0.0	0.0
Birdsnestvirus	0.0	0.0	0.0	0.0	0.0	0.0	0.0	0.0	0.0	0.0	0.0	0.0	0.0	0.0	0.0	0.0	0.0	0.0	0.0	0.0	0.0	0.0	0.0	0.0	0.0	0.0	0.0	0.0	0.0	0.0	0.0	0.0	0.0	0.0	0.0	0.0	0.0	0.0	0.0	0.0	0.0	0.0	0.0	0.0	0.0	0.0	0.0	0.0
Desemzia	0.0	0.0	0.0	0.0	0.0	0.0	0.0	0.0	0.0	0.0	0.0	0.0	0.0	0.0	0.0	0.0	0.0	0.0	0.0	0.0	0.0	0.0	0.0	0.0	0.0	0.0	0.0	0.0	0.0	0.0	0.0	0.0	0.0	0.0	0.0	0.0	0.0	0.0	0.0	0.0	0.0	0.0	0.0	0.0	0.0	0.0	0.0	0.0
Woodruffvirus	0.0	0.0	0.0	0.0	0.0	0.0	0.0	0.0	0.0	0.0	0.0	0.0	0.0	0.0	0.0	0.0	0.0	0.0	0.0	0.0	0.0	0.0	0.0	0.0	0.0	0.0	0.0	0.0	0.0	0.0	0.0	0.0	0.0	0.0	0.0	0.0	0.0	0.0	0.0	0.0	0.0	0.0	0.0	0.0	0.0	0.0	0.0	0.0
Candidatus Doolittlea	0.0	0.0	0.0	0.0	0.0	0.0	0.0	0.0	0.0	0.0	0.0	0.0	0.0	0.0	0.0	0.0	0.0	0.0	0.0	0.0	0.0	0.0	0.0	0.0	0.0	0.0	0.0	0.0	0.0	0.0	0.0	0.0	0.0	0.0	0.0	0.0	0.0	0.0	0.0	0.0	0.0	0.0	0.0	0.0	0.0	0.0	0.0	0.0
Quivirus	0.0	0.0	0.0	0.0	0.0	0.0	0.0	0.0	0.0	0.0	0.0	0.0	0.0	0.0	0.0	0.0	0.0	0.0	0.0	0.0	0.0	0.0	0.0	0.0	0.0	0.0	0.0	0.0	0.0	0.0	0.0	0.0	0.0	0.0	0.0	0.0	0.0	0.0	0.0	0.0	0.0	0.0	0.0	0.0	0.0	0.0	0.0	0.0
Fionnbharthvirus	0.0	0.0	0.0	0.0	0.0	0.0	0.0	0.0	0.0	0.0	0.0	0.0	0.0	0.0	0.0	0.0	0.0	0.0	0.0	0.0	0.0	0.0	0.0	0.0	0.0	0.0	0.0	0.0	0.0	0.0	0.0	0.0	0.0	0.0	0.0	0.0	0.0	0.0	0.0	0.0	0.0	0.0	0.0	0.0	0.0	0.0	0.0	0.0
Nitrosarchaeum	0.0	0.0	0.0	0.0	0.0	0.0	0.0	0.0	0.0	0.0	0.0	0.0	0.0	0.0	0.0	0.0	0.0	0.0	0.0	0.0	0.0	0.0	0.0	0.0	0.0	0.0	0.0	0.0	0.0	0.0	0.0	0.0	0.0	0.0	0.0	0.0	0.0	0.0	0.0	0.0	0.0	0.0	0.0	0.0	0.0	0.0	0.0	0.0
Methanochimaera	0.0	0.0	0.0	0.0	0.0	0.0	0.0	0.0	0.0	0.0	0.0	0.0	0.0	0.0	0.0	0.0	0.0	0.0	0.0	0.0	0.0	0.0	0.0	0.0	0.0	0.0	0.0	0.0	0.0	0.0	0.0	0.0	0.0	0.0	0.0	0.0	0.0	0.0	0.0	0.0	0.0	0.0	0.0	0.0	0.0	0.0	0.0	0.0
Hydrogenobacter	0.0	0.0	0.0	0.0	0.0	0.0	0.0	0.0	0.0	0.0	0.0	0.0	0.0	0.0	0.0	0.0	0.0	0.0	0.0	0.0	0.0	0.0	0.0	0.0	0.0	0.0	0.0	0.0	0.0	0.0	0.0	0.0	0.0	0.0	0.0	0.0	0.0	0.0	0.0	0.0	0.0	0.0	0.0	0.0	0.0	0.0	0.0	0.0
Thermotomaculum	0.0	0.0	0.0	0.0	0.0	0.0	0.0	0.0	0.0	0.0	0.0	0.0	0.0	0.0	0.0	0.0	0.0	0.0	0.0	0.0	0.0	0.0	0.0	0.0	0.0	0.0	0.0	0.0	0.0	0.0	0.0	0.0	0.0	0.0	0.0	0.0	0.0	0.0	0.0	0.0	0.0	0.0	0.0	0.0	0.0	0.0	0.0	0.0
Hippea	0.0	0.0	0.0	0.0	0.0	0.0	0.0	0.0	0.0	0.0	0.0	0.0	0.0	0.0	0.0	0.0	0.0	0.0	0.0	0.0	0.0	0.0	0.0	0.0	0.0	0.0	0.0	0.0	0.0	0.0	0.0	0.0	0.0	0.0	0.0	0.0	0.0	0.0	0.0	0.0	0.0	0.0	0.0	0.0	0.0	0.0	0.0	0.0
Wolinella	0.0	0.0	0.0	0.0	0.0	0.0	0.0	0.0	0.0	0.0	0.0	0.0	0.0	0.0	0.0	0.0	0.0	0.0	0.0	0.0	0.0	0.0	0.0	0.0	0.0	0.0	0.0	0.0	0.0	0.0	0.0	0.0	0.0	0.0	0.0	0.0	0.0	0.0	0.0	0.0	0.0	0.0	0.0	0.0	0.0	0.0	0.0	0.0
Ignavigranum	0.0	0.0	0.0	0.0	0.0	0.0	0.0	0.0	0.0	0.0	0.0	0.0	0.0	0.0	0.0	0.0	0.0	0.0	0.0	0.0	0.0	0.0	0.0	0.0	0.0	0.0	0.0	0.0	0.0	0.0	0.0	0.0	0.0	0.0	0.0	0.0	0.0	0.0	0.0	0.0	0.0	0.0	0.0	0.0	0.0	0.0	0.0	0.0
Novisyntrophococcus	0.0	0.0	0.0	0.0	0.0	0.0	0.0	0.0	0.0	0.0	0.0	0.0	0.0	0.0	0.0	0.0	0.0	0.0	0.0	0.0	0.0	0.0	0.0	0.0	0.0	0.0	0.0	0.0	0.0	0.0	0.0	0.0	0.0	0.0	0.0	0.0	0.0	0.0	0.0	0.0	0.0	0.0	0.0	0.0	0.0	0.0	0.0	0.0
Gudongella	0.0	0.0	0.0	0.0	0.0	0.0	0.0	0.0	0.0	0.0	0.0	0.0	0.0	0.0	0.0	0.0	0.0	0.0	0.0	0.0	0.0	0.0	0.0	0.0	0.0	0.0	0.0	0.0	0.0	0.0	0.0	0.0	0.0	0.0	0.0	0.0	0.0	0.0	0.0	0.0	0.0	0.0	0.0	0.0	0.0	0.0	0.0	0.0
Methanolacinia	0.0	0.0	0.0	0.0	0.0	0.0	0.0	0.0	0.0	0.0	0.0	0.0	0.0	0.0	0.0	0.0	0.0	0.0	0.0	0.0	0.0	0.0	0.0	0.0	0.0	0.0	0.0	0.0	0.0	0.0	0.0	0.0	0.0	0.0	0.0	0.0	0.0	0.0	0.0	0.0	0.0	0.0	0.0	0.0	0.0	0.0	0.0	0.0
Methanocorpusculum	0.0	0.0	0.0	0.0	0.0	0.0	0.0	0.0	0.0	0.0	0.0	0.0	0.0	0.0	0.0	0.0	0.0	0.0	0.0	0.0	0.0	0.0	0.0	0.0	0.0	0.0	0.0	0.0	0.0	0.0	0.0	0.0	0.0	0.0	0.0	0.0	0.0	0.0	0.0	0.0	0.0	0.0	0.0	0.0	0.0	0.0	0.0	0.0
Iocasia	0.0	0.0	0.0	0.0	0.0	0.0	0.0	0.0	0.0	0.0	0.0	0.0	0.0	0.0	0.0	0.0	0.0	0.0	0.0	0.0	0.0	0.0	0.0	0.0	0.0	0.0	0.0	0.0	0.0	0.0	0.0	0.0	0.0	0.0	0.0	0.0	0.0	0.0	0.0	0.0	0.0	0.0	0.0	0.0	0.0	0.0	0.0	0.0
Candidatus Methanoplasma	0.0	0.0	0.0	0.0	0.0	0.0	0.0	0.0	0.0	0.0	0.0	0.0	0.0	0.0	0.0	0.0	0.0	0.0	0.0	0.0	0.0	0.0	0.0	0.0	0.0	0.0	0.0	0.0	0.0	0.0	0.0	0.0	0.0	0.0	0.0	0.0	0.0	0.0	0.0	0.0	0.0	0.0	0.0	0.0	0.0	0.0	0.0	0.0
Desulfurococcus	0.0	0.0	0.0	0.0	0.0	0.0	0.0	0.0	0.0	0.0	0.0	0.0	0.0	0.0	0.0	0.0	0.0	0.0	0.0	0.0	0.0	0.0	0.0	0.0	0.0	0.0	0.0	0.0	0.0	0.0	0.0	0.0	0.0	0.0	0.0	0.0	0.0	0.0	0.0	0.0	0.0	0.0	0.0	0.0	0.0	0.0	0.0	0.0
Bombilactobacillus	0.0	0.0	0.0	0.0	0.0	0.0	0.0	0.0	0.0	0.0	0.0	0.0	0.0	0.0	0.0	0.0	0.0	0.0	0.0	0.0	0.0	0.0	0.0	0.0	0.0	0.0	0.0	0.0	0.0	0.0	0.0	0.0	0.0	0.0	0.0	0.0	0.0	0.0	0.0	0.0	0.0	0.0	0.0	0.0	0.0	0.0	0.0	0.0
Thermogladius	0.0	0.0	0.0	0.0	0.0	0.0	0.0	0.0	0.0	0.0	0.0	0.0	0.0	0.0	0.0	0.0	0.0	0.0	0.0	0.0	0.0	0.0	0.0	0.0	0.0	0.0	0.0	0.0	0.0	0.0	0.0	0.0	0.0	0.0	0.0	0.0	0.0	0.0	0.0	0.0	0.0	0.0	0.0	0.0	0.0	0.0	0.0	0.0
Williamsoniiplasma	0.0	0.0	0.0	0.0	0.0	0.0	0.0	0.0	0.0	0.0	0.0	0.0	0.0	0.0	0.0	0.0	0.0	0.0	0.0	0.0	0.0	0.0	0.0	0.0	0.0	0.0	0.0	0.0	0.0	0.0	0.0	0.0	0.0	0.0	0.0	0.0	0.0	0.0	0.0	0.0	0.0	0.0	0.0	0.0	0.0	0.0	0.0	0.0
Krompvirus	0.0	0.0	0.0	0.0	0.0	0.0	0.0	0.0	0.0	0.0	0.0	0.0	0.0	0.0	0.0	0.0	0.0	0.0	0.0	0.0	0.0	0.0	0.0	0.0	0.0	0.0	0.0	0.0	0.0	0.0	0.0	0.0	0.0	0.0	0.0	0.0	0.0	0.0	0.0	0.0	0.0	0.0	0.0	0.0	0.0	0.0	0.0	0.0
Levyella	0.0	0.0	0.0	0.0	0.0	0.0	0.0	0.0	0.0	0.0	0.0	0.0	0.0	0.0	0.0	0.0	0.0	0.0	0.0	0.0	0.0	0.0	0.0	0.0	0.0	0.0	0.0	0.0	0.0	0.0	0.0	0.0	0.0	0.0	0.0	0.0	0.0	0.0	0.0	0.0	0.0	0.0	0.0	0.0	0.0	0.0	0.0	0.0
Candidatus Nucleicultrix	0.0	0.0	0.0	0.0	0.0	0.0	0.0	0.0	0.0	0.0	0.0	0.0	0.0	0.0	0.0	0.0	0.0	0.0	0.0	0.0	0.0	0.0	0.0	0.0	0.0	0.0	0.0	0.0	0.0	0.0	0.0	0.0	0.0	0.0	0.0	0.0	0.0	0.0	0.0	0.0	0.0	0.0	0.0	0.0	0.0	0.0	0.0	0.0
Burrovirus	0.0	0.0	0.0	0.0	0.0	0.0	0.0	0.0	0.0	0.0	0.0	0.0	0.0	0.0	0.0	0.0	0.0	0.0	0.0	0.0	0.0	0.0	0.0	0.0	0.0	0.0	0.0	0.0	0.0	0.0	0.0	0.0	0.0	0.0	0.0	0.0	0.0	0.0	0.0	0.0	0.0	0.0	0.0	0.0	0.0	0.0	0.0	0.0
Sukkupivirus	0.0	0.0	0.0	0.0	0.0	0.0	0.0	0.0	0.0	0.0	0.0	0.0	0.0	0.0	0.0	0.0	0.0	0.0	0.0	0.0	0.0	0.0	0.0	0.0	0.0	0.0	0.0	0.0	0.0	0.0	0.0	0.0	0.0	0.0	0.0	0.0	0.0	0.0	0.0	0.0	0.0	0.0	0.0	0.0	0.0	0.0	0.0	0.0
Naesvirus	0.0	0.0	0.0	0.0	0.0	0.0	0.0	0.0	0.0	0.0	0.0	0.0	0.0	0.0	0.0	0.0	0.0	0.0	0.0	0.0	0.0	0.0	0.0	0.0	0.0	0.0	0.0	0.0	0.0	0.0	0.0	0.0	0.0	0.0	0.0	0.0	0.0	0.0	0.0	0.0	0.0	0.0	0.0	0.0	0.0	0.0	0.0	0.0
Qingdaovirus	0.0	0.0	0.0	0.0	0.0	0.0	0.0	0.0	0.0	0.0	0.0	0.0	0.0	0.0	0.0	0.0	0.0	0.0	0.0	0.0	0.0	0.0	0.0	0.0	0.0	0.0	0.0	0.0	0.0	0.0	0.0	0.0	0.0	0.0	0.0	0.0	0.0	0.0	0.0	0.0	0.0	0.0	0.0	0.0	0.0	0.0	0.0	0.0
Mesotoga	0.0	0.0	0.0	0.0	0.0	0.0	0.0	0.0	0.0	0.0	0.0	0.0	0.0	0.0	0.0	0.0	0.0	0.0	0.0	0.0	0.0	0.0	0.0	0.0	0.0	0.0	0.0	0.0	0.0	0.0	0.0	0.0	0.0	0.0	0.0	0.0	0.0	0.0	0.0	0.0	0.0	0.0	0.0	0.0	0.0	0.0	0.0	0.0
Quesadillavirus	0.0	0.0	0.0	0.0	0.0	0.0	0.0	0.0	0.0	0.0	0.0	0.0	0.0	0.0	0.0	0.0	0.0	0.0	0.0	0.0	0.0	0.0	0.0	0.0	0.0	0.0	0.0	0.0	0.0	0.0	0.0	0.0	0.0	0.0	0.0	0.0	0.0	0.0	0.0	0.0	0.0	0.0	0.0	0.0	0.0	0.0	0.0	0.0
Moonvirus	0.0	0.0	0.0	0.0	0.0	0.0	0.0	0.0	0.0	0.0	0.0	0.0	0.0	0.0	0.0	0.0	0.0	0.0	0.0	0.0	0.0	0.0	0.0	0.0	0.0	0.0	0.0	0.0	0.0	0.0	0.0	0.0	0.0	0.0	0.0	0.0	0.0	0.0	0.0	0.0	0.0	0.0	0.0	0.0	0.0	0.0	0.0	0.0
Methanomassiliicoccus	0.0	0.0	0.0	0.0	0.0	0.0	0.0	0.0	0.0	0.0	0.0	0.0	0.0	0.0	0.0	0.0	0.0	0.0	0.0	0.0	0.0	0.0	0.0	0.0	0.0	0.0	0.0	0.0	0.0	0.0	0.0	0.0	0.0	0.0	0.0	0.0	0.0	0.0	0.0	0.0	0.0	0.0	0.0	0.0	0.0	0.0	0.0	0.0
Athalassotoga	0.0	0.0	0.0	0.0	0.0	0.0	0.0	0.0	0.0	0.0	0.0	0.0	0.0	0.0	0.0	0.0	0.0	0.0	0.0	0.0	0.0	0.0	0.0	0.0	0.0	0.0	0.0	0.0	0.0	0.0	0.0	0.0	0.0	0.0	0.0	0.0	0.0	0.0	0.0	0.0	0.0	0.0	0.0	0.0	0.0	0.0	0.0	0.0
Aviadenovirus	0.0	0.0	0.0	0.0	0.0	0.0	0.0	0.0	0.0	0.0	0.0	0.0	0.0	0.0	0.0	0.0	0.0	0.0	0.0	0.0	0.0	0.0	0.0	0.0	0.0	0.0	0.0	0.0	0.0	0.0	0.0	0.0	0.0	0.0	0.0	0.0	0.0	0.0	0.0	0.0	0.0	0.0	0.0	0.0	0.0	0.0	0.0	0.0
Nitrosotalea	0.0	0.0	0.0	0.0	0.0	0.0	0.0	0.0	0.0	0.0	0.0	0.0	0.0	0.0	0.0	0.0	0.0	0.0	0.0	0.0	0.0	0.0	0.0	0.0	0.0	0.0	0.0	0.0	0.0	0.0	0.0	0.0	0.0	0.0	0.0	0.0	0.0	0.0	0.0	0.0	0.0	0.0	0.0	0.0	0.0	0.0	0.0	0.0
Methanohalobium	0.0	0.0	0.0	0.0	0.0	0.0	0.0	0.0	0.0	0.0	0.0	0.0	0.0	0.0	0.0	0.0	0.0	0.0	0.0	0.0	0.0	0.0	0.0	0.0	0.0	0.0	0.0	0.0	0.0	0.0	0.0	0.0	0.0	0.0	0.0	0.0	0.0	0.0	0.0	0.0	0.0	0.0	0.0	0.0	0.0	0.0	0.0	0.0
Candidatus Tachikawaea	0.0	0.0	0.0	0.0	0.0	0.0	0.0	0.0	0.0	0.0	0.0	0.0	0.0	0.0	0.0	0.0	0.0	0.0	0.0	0.0	0.0	0.0	0.0	0.0	0.0	0.0	0.0	0.0	0.0	0.0	0.0	0.0	0.0	0.0	0.0	0.0	0.0	0.0	0.0	0.0	0.0	0.0	0.0	0.0	0.0	0.0	0.0	0.0
Polerovirus	0.0	0.0	0.0	0.0	0.0	0.0	0.0	0.0	0.0	0.0	0.0	0.0	0.0	0.0	0.0	0.0	0.0	0.0	0.0	0.0	0.0	0.0	0.0	0.0	0.0	0.0	0.0	0.0	0.0	0.0	0.0	0.0	0.0	0.0	0.0	0.0	0.0	0.0	0.0	0.0	0.0	0.0	0.0	0.0	0.0	0.0	0.0	0.0
Tijeunavirus	0.0	0.0	0.0	0.0	0.0	0.0	0.0	0.0	0.0	0.0	0.0	0.0	0.0	0.0	0.0	0.0	0.0	0.0	0.0	0.0	0.0	0.0	0.0	0.0	0.0	0.0	0.0	0.0	0.0	0.0	0.0	0.0	0.0	0.0	0.0	0.0	0.0	0.0	0.0	0.0	0.0	0.0	0.0	0.0	0.0	0.0	0.0	0.0
Candidatus Chazhemtobacterium	0.0	0.0	0.0	0.0	0.0	0.0	0.0	0.0	0.0	0.0	0.0	0.0	0.0	0.0	0.0	0.0	0.0	0.0	0.0	0.0	0.0	0.0	0.0	0.0	0.0	0.0	0.0	0.0	0.0	0.0	0.0	0.0	0.0	0.0	0.0	0.0	0.0	0.0	0.0	0.0	0.0	0.0	0.0	0.0	0.0	0.0	0.0	0.0
Candidatus Zinderia	0.0	0.0	0.0	0.0	0.0	0.0	0.0	0.0	0.0	0.0	0.0	0.0	0.0	0.0	0.0	0.0	0.0	0.0	0.0	0.0	0.0	0.0	0.0	0.0	0.0	0.0	0.0	0.0	0.0	0.0	0.0	0.0	0.0	0.0	0.0	0.0	0.0	0.0	0.0	0.0	0.0	0.0	0.0	0.0	0.0	0.0	0.0	0.0
Nicoliella	0.0	0.0	0.0	0.0	0.0	0.0	0.0	0.0	0.0	0.0	0.0	0.0	0.0	0.0	0.0	0.0	0.0	0.0	0.0	0.0	0.0	0.0	0.0	0.0	0.0	0.0	0.0	0.0	0.0	0.0	0.0	0.0	0.0	0.0	0.0	0.0	0.0	0.0	0.0	0.0	0.0	0.0	0.0	0.0	0.0	0.0	0.0	0.0
Cryptobacterium	0.0	0.0	0.0	0.0	0.0	0.0	0.0	0.0	0.0	0.0	0.0	0.0	0.0	0.0	0.0	0.0	0.0	0.0	0.0	0.0	0.0	0.0	0.0	0.0	0.0	0.0	0.0	0.0	0.0	0.0	0.0	0.0	0.0	0.0	0.0	0.0	0.0	0.0	0.0	0.0	0.0	0.0	0.0	0.0	0.0	0.0	0.0	0.0
Coprothermobacter	0.0	0.0	0.0	0.0	0.0	0.0	0.0	0.0	0.0	0.0	0.0	0.0	0.0	0.0	0.0	0.0	0.0	0.0	0.0	0.0	0.0	0.0	0.0	0.0	0.0	0.0	0.0	0.0	0.0	0.0	0.0	0.0	0.0	0.0	0.0	0.0	0.0	0.0	0.0	0.0	0.0	0.0	0.0	0.0	0.0	0.0	0.0	0.0
Orthopoxvirus	0.0	0.0	0.0	0.0	0.0	0.0	0.0	0.0	0.0	0.0	0.0	0.0	0.0	0.0	0.0	0.0	0.0	0.0	0.0	0.0	0.0	0.0	0.0	0.0	0.0	0.0	0.0	0.0	0.0	0.0	0.0	0.0	0.0	0.0	0.0	0.0	0.0	0.0	0.0	0.0	0.0	0.0	0.0	0.0	0.0	0.0	0.0	0.0
Thermosphaera	0.0	0.0	0.0	0.0	0.0	0.0	0.0	0.0	0.0	0.0	0.0	0.0	0.0	0.0	0.0	0.0	0.0	0.0	0.0	0.0	0.0	0.0	0.0	0.0	0.0	0.0	0.0	0.0	0.0	0.0	0.0	0.0	0.0	0.0	0.0	0.0	0.0	0.0	0.0	0.0	0.0	0.0	0.0	0.0	0.0	0.0	0.0	0.0
Thonkovirus	0.0	0.0	0.0	0.0	0.0	0.0	0.0	0.0	0.0	0.0	0.0	0.0	0.0	0.0	0.0	0.0	0.0	0.0	0.0	0.0	0.0	0.0	0.0	0.0	0.0	0.0	0.0	0.0	0.0	0.0	0.0	0.0	0.0	0.0	0.0	0.0	0.0	0.0	0.0	0.0	0.0	0.0	0.0	0.0	0.0	0.0	0.0	0.0
Phobosvirus	0.0	0.0	0.0	0.0	0.0	0.0	0.0	0.0	0.0	0.0	0.0	0.0	0.0	0.0	0.0	0.0	0.0	0.0	0.0	0.0	0.0	0.0	0.0	0.0	0.0	0.0	0.0	0.0	0.0	0.0	0.0	0.0	0.0	0.0	0.0	0.0	0.0	0.0	0.0	0.0	0.0	0.0	0.0	0.0	0.0	0.0	0.0	0.0
Candidatus Bodocaedibacter	0.0	0.0	0.0	0.0	0.0	0.0	0.0	0.0	0.0	0.0	0.0	0.0	0.0	0.0	0.0	0.0	0.0	0.0	0.0	0.0	0.0	0.0	0.0	0.0	0.0	0.0	0.0	0.0	0.0	0.0	0.0	0.0	0.0	0.0	0.0	0.0	0.0	0.0	0.0	0.0	0.0	0.0	0.0	0.0	0.0	0.0	0.0	0.0
Candidatus Xianfuyuplasma	0.0	0.0	0.0	0.0	0.0	0.0	0.0	0.0	0.0	0.0	0.0	0.0	0.0	0.0	0.0	0.0	0.0	0.0	0.0	0.0	0.0	0.0	0.0	0.0	0.0	0.0	0.0	0.0	0.0	0.0	0.0	0.0	0.0	0.0	0.0	0.0	0.0	0.0	0.0	0.0	0.0	0.0	0.0	0.0	0.0	0.0	0.0	0.0
Facklamia	0.0	0.0	0.0	0.0	0.0	0.0	0.0	0.0	0.0	0.0	0.0	0.0	0.0	0.0	0.0	0.0	0.0	0.0	0.0	0.0	0.0	0.0	0.0	0.0	0.0	0.0	0.0	0.0	0.0	0.0	0.0	0.0	0.0	0.0	0.0	0.0	0.0	0.0	0.0	0.0	0.0	0.0	0.0	0.0	0.0	0.0	0.0	0.0
Begomovirus	0.0	0.0	0.0	0.0	0.0	0.0	0.0	0.0	0.0	0.0	0.0	0.0	0.0	0.0	0.0	0.0	0.0	0.0	0.0	0.0	0.0	0.0	0.0	0.0	0.0	0.0	0.0	0.0	0.0	0.0	0.0	0.0	0.0	0.0	0.0	0.0	0.0	0.0	0.0	0.0	0.0	0.0	0.0	0.0	0.0	0.0	0.0	0.0
Candidatus Nitrosocaldus	0.0	0.0	0.0	0.0	0.0	0.0	0.0	0.0	0.0	0.0	0.0	0.0	0.0	0.0	0.0	0.0	0.0	0.0	0.0	0.0	0.0	0.0	0.0	0.0	0.0	0.0	0.0	0.0	0.0	0.0	0.0	0.0	0.0	0.0	0.0	0.0	0.0	0.0	0.0	0.0	0.0	0.0	0.0	0.0	0.0	0.0	0.0	0.0
Dellaglioa	0.0	0.0	0.0	0.0	0.0	0.0	0.0	0.0	0.0	0.0	0.0	0.0	0.0	0.0	0.0	0.0	0.0	0.0	0.0	0.0	0.0	0.0	0.0	0.0	0.0	0.0	0.0	0.0	0.0	0.0	0.0	0.0	0.0	0.0	0.0	0.0	0.0	0.0	0.0	0.0	0.0	0.0	0.0	0.0	0.0	0.0	0.0	0.0
Myxoctovirus	0.0	0.0	0.0	0.0	0.0	0.0	0.0	0.0	0.0	0.0	0.0	0.0	0.0	0.0	0.0	0.0	0.0	0.0	0.0	0.0	0.0	0.0	0.0	0.0	0.0	0.0	0.0	0.0	0.0	0.0	0.0	0.0	0.0	0.0	0.0	0.0	0.0	0.0	0.0	0.0	0.0	0.0	0.0	0.0	0.0	0.0	0.0	0.0
Bernalvirus	0.0	0.0	0.0	0.0	0.0	0.0	0.0	0.0	0.0	0.0	0.0	0.0	0.0	0.0	0.0	0.0	0.0	0.0	0.0	0.0	0.0	0.0	0.0	0.0	0.0	0.0	0.0	0.0	0.0	0.0	0.0	0.0	0.0	0.0	0.0	0.0	0.0	0.0	0.0	0.0	0.0	0.0	0.0	0.0	0.0	0.0	0.0	0.0
Rogerhendrixvirus	0.0	0.0	0.0	0.0	0.0	0.0	0.0	0.0	0.0	0.0	0.0	0.0	0.0	0.0	0.0	0.0	0.0	0.0	0.0	0.0	0.0	0.0	0.0	0.0	0.0	0.0	0.0	0.0	0.0	0.0	0.0	0.0	0.0	0.0	0.0	0.0	0.0	0.0	0.0	0.0	0.0	0.0	0.0	0.0	0.0	0.0	0.0	0.0
Phabquatrovirus	0.0	0.0	0.0	0.0	0.0	0.0	0.0	0.0	0.0	0.0	0.0	0.0	0.0	0.0	0.0	0.0	0.0	0.0	0.0	0.0	0.0	0.0	0.0	0.0	0.0	0.0	0.0	0.0	0.0	0.0	0.0	0.0	0.0	0.0	0.0	0.0	0.0	0.0	0.0	0.0	0.0	0.0	0.0	0.0	0.0	0.0	0.0	0.0
Nevillevirus	0.0	0.0	0.0	0.0	0.0	0.0	0.0	0.0	0.0	0.0	0.0	0.0	0.0	0.0	0.0	0.0	0.0	0.0	0.0	0.0	0.0	0.0	0.0	0.0	0.0	0.0	0.0	0.0	0.0	0.0	0.0	0.0	0.0	0.0	0.0	0.0	0.0	0.0	0.0	0.0	0.0	0.0	0.0	0.0	0.0	0.0	0.0	0.0
Luckytenvirus	0.0	0.0	0.0	0.0	0.0	0.0	0.0	0.0	0.0	0.0	0.0	0.0	0.0	0.0	0.0	0.0	0.0	0.0	0.0	0.0	0.0	0.0	0.0	0.0	0.0	0.0	0.0	0.0	0.0	0.0	0.0	0.0	0.0	0.0	0.0	0.0	0.0	0.0	0.0	0.0	0.0	0.0	0.0	0.0	0.0	0.0	0.0	0.0
Galaxyvirus	0.0	0.0	0.0	0.0	0.0	0.0	0.0	0.0	0.0	0.0	0.0	0.0	0.0	0.0	0.0	0.0	0.0	0.0	0.0	0.0	0.0	0.0	0.0	0.0	0.0	0.0	0.0	0.0	0.0	0.0	0.0	0.0	0.0	0.0	0.0	0.0	0.0	0.0	0.0	0.0	0.0	0.0	0.0	0.0	0.0	0.0	0.0	0.0
Skogvirus	0.0	0.0	0.0	0.0	0.0	0.0	0.0	0.0	0.0	0.0	0.0	0.0	0.0	0.0	0.0	0.0	0.0	0.0	0.0	0.0	0.0	0.0	0.0	0.0	0.0	0.0	0.0	0.0	0.0	0.0	0.0	0.0	0.0	0.0	0.0	0.0	0.0	0.0	0.0	0.0	0.0	0.0	0.0	0.0	0.0	0.0	0.0	0.0
Kungbxnavirus	0.0	0.0	0.0	0.0	0.0	0.0	0.0	0.0	0.0	0.0	0.0	0.0	0.0	0.0	0.0	0.0	0.0	0.0	0.0	0.0	0.0	0.0	0.0	0.0	0.0	0.0	0.0	0.0	0.0	0.0	0.0	0.0	0.0	0.0	0.0	0.0	0.0	0.0	0.0	0.0	0.0	0.0	0.0	0.0	0.0	0.0	0.0	0.0
Phrappuccinovirus	0.0	0.0	0.0	0.0	0.0	0.0	0.0	0.0	0.0	0.0	0.0	0.0	0.0	0.0	0.0	0.0	0.0	0.0	0.0	0.0	0.0	0.0	0.0	0.0	0.0	0.0	0.0	0.0	0.0	0.0	0.0	0.0	0.0	0.0	0.0	0.0	0.0	0.0	0.0	0.0	0.0	0.0	0.0	0.0	0.0	0.0	0.0	0.0
Yangvirus	0.0	0.0	0.0	0.0	0.0	0.0	0.0	0.0	0.0	0.0	0.0	0.0	0.0	0.0	0.0	0.0	0.0	0.0	0.0	0.0	0.0	0.0	0.0	0.0	0.0	0.0	0.0	0.0	0.0	0.0	0.0	0.0	0.0	0.0	0.0	0.0	0.0	0.0	0.0	0.0	0.0	0.0	0.0	0.0	0.0	0.0	0.0	0.0
Manhattanvirus	0.0	0.0	0.0	0.0	0.0	0.0	0.0	0.0	0.0	0.0	0.0	0.0	0.0	0.0	0.0	0.0	0.0	0.0	0.0	0.0	0.0	0.0	0.0	0.0	0.0	0.0	0.0	0.0	0.0	0.0	0.0	0.0	0.0	0.0	0.0	0.0	0.0	0.0	0.0	0.0	0.0	0.0	0.0	0.0	0.0	0.0	0.0	0.0
Stormageddonvirus	0.0	0.0	0.0	0.0	0.0	0.0	0.0	0.0	0.0	0.0	0.0	0.0	0.0	0.0	0.0	0.0	0.0	0.0	0.0	0.0	0.0	0.0	0.0	0.0	0.0	0.0	0.0	0.0	0.0	0.0	0.0	0.0	0.0	0.0	0.0	0.0	0.0	0.0	0.0	0.0	0.0	0.0	0.0	0.0	0.0	0.0	0.0	0.0
Avanivirus	0.0	0.0	0.0	0.0	0.0	0.0	0.0	0.0	0.0	0.0	0.0	0.0	0.0	0.0	0.0	0.0	0.0	0.0	0.0	0.0	0.0	0.0	0.0	0.0	0.0	0.0	0.0	0.0	0.0	0.0	0.0	0.0	0.0	0.0	0.0	0.0	0.0	0.0	0.0	0.0	0.0	0.0	0.0	0.0	0.0	0.0	0.0	0.0
Ceceduovirus	0.0	0.0	0.0	0.0	0.0	0.0	0.0	0.0	0.0	0.0	0.0	0.0	0.0	0.0	0.0	0.0	0.0	0.0	0.0	0.0	0.0	0.0	0.0	0.0	0.0	0.0	0.0	0.0	0.0	0.0	0.0	0.0	0.0	0.0	0.0	0.0	0.0	0.0	0.0	0.0	0.0	0.0	0.0	0.0	0.0	0.0	0.0	0.0
Pinnievirus	0.0	0.0	0.0	0.0	0.0	0.0	0.0	0.0	0.0	0.0	0.0	0.0	0.0	0.0	0.0	0.0	0.0	0.0	0.0	0.0	0.0	0.0	0.0	0.0	0.0	0.0	0.0	0.0	0.0	0.0	0.0	0.0	0.0	0.0	0.0	0.0	0.0	0.0	0.0	0.0	0.0	0.0	0.0	0.0	0.0	0.0	0.0	0.0
Aminobacterium	0.0	0.0	0.0	0.0	0.0	0.0	0.0	0.0	0.0	0.0	0.0	0.0	0.0	0.0	0.0	0.0	0.0	0.0	0.0	0.0	0.0	0.0	0.0	0.0	0.0	0.0	0.0	0.0	0.0	0.0	0.0	0.0	0.0	0.0	0.0	0.0	0.0	0.0	0.0	0.0	0.0	0.0	0.0	0.0	0.0	0.0	0.0	0.0
Sulfuracidifex	0.0	0.0	0.0	0.0	0.0	0.0	0.0	0.0	0.0	0.0	0.0	0.0	0.0	0.0	0.0	0.0	0.0	0.0	0.0	0.0	0.0	0.0	0.0	0.0	0.0	0.0	0.0	0.0	0.0	0.0	0.0	0.0	0.0	0.0	0.0	0.0	0.0	0.0	0.0	0.0	0.0	0.0	0.0	0.0	0.0	0.0	0.0	0.0
Candidatus Nanohalobium	0.0	0.0	0.0	0.0	0.0	0.0	0.0	0.0	0.0	0.0	0.0	0.0	0.0	0.0	0.0	0.0	0.0	0.0	0.0	0.0	0.0	0.0	0.0	0.0	0.0	0.0	0.0	0.0	0.0	0.0	0.0	0.0	0.0	0.0	0.0	0.0	0.0	0.0	0.0	0.0	0.0	0.0	0.0	0.0	0.0	0.0	0.0	0.0
Candidatus Midichloria	0.0	0.0	0.0	0.0	0.0	0.0	0.0	0.0	0.0	0.0	0.0	0.0	0.0	0.0	0.0	0.0	0.0	0.0	0.0	0.0	0.0	0.0	0.0	0.0	0.0	0.0	0.0	0.0	0.0	0.0	0.0	0.0	0.0	0.0	0.0	0.0	0.0	0.0	0.0	0.0	0.0	0.0	0.0	0.0	0.0	0.0	0.0	0.0
Caulimovirus	0.0	0.0	0.0	0.0	0.0	0.0	0.0	0.0	0.0	0.0	0.0	0.0	0.0	0.0	0.0	0.0	0.0	0.0	0.0	0.0	0.0	0.0	0.0	0.0	0.0	0.0	0.0	0.0	0.0	0.0	0.0	0.0	0.0	0.0	0.0	0.0	0.0	0.0	0.0	0.0	0.0	0.0	0.0	0.0	0.0	0.0	0.0	0.0
Wansuia	0.0	0.0	0.0	0.0	0.0	0.0	0.0	0.0	0.0	0.0	0.0	0.0	0.0	0.0	0.0	0.0	0.0	0.0	0.0	0.0	0.0	0.0	0.0	0.0	0.0	0.0	0.0	0.0	0.0	0.0	0.0	0.0	0.0	0.0	0.0	0.0	0.0	0.0	0.0	0.0	0.0	0.0	0.0	0.0	0.0	0.0	0.0	0.0
Donellivirus	0.0	0.0	0.0	0.0	0.0	0.0	0.0	0.0	0.0	0.0	0.0	0.0	0.0	0.0	0.0	0.0	0.0	0.0	0.0	0.0	0.0	0.0	0.0	0.0	0.0	0.0	0.0	0.0	0.0	0.0	0.0	0.0	0.0	0.0	0.0	0.0	0.0	0.0	0.0	0.0	0.0	0.0	0.0	0.0	0.0	0.0	0.0	0.0
Hominifimenecus	0.0	0.0	0.0	0.0	0.0	0.0	0.0	0.0	0.0	0.0	0.0	0.0	0.0	0.0	0.0	0.0	0.0	0.0	0.0	0.0	0.0	0.0	0.0	0.0	0.0	0.0	0.0	0.0	0.0	0.0	0.0	0.0	0.0	0.0	0.0	0.0	0.0	0.0	0.0	0.0	0.0	0.0	0.0	0.0	0.0	0.0	0.0	0.0
Thermincola	0.0	0.0	0.0	0.0	0.0	0.0	0.0	0.0	0.0	0.0	0.0	0.0	0.0	0.0	0.0	0.0	0.0	0.0	0.0	0.0	0.0	0.0	0.0	0.0	0.0	0.0	0.0	0.0	0.0	0.0	0.0	0.0	0.0	0.0	0.0	0.0	0.0	0.0	0.0	0.0	0.0	0.0	0.0	0.0	0.0	0.0	0.0	0.0
Candidatus Mikella	0.0	0.0	0.0	0.0	0.0	0.0	0.0	0.0	0.0	0.0	0.0	0.0	0.0	0.0	0.0	0.0	0.0	0.0	0.0	0.0	0.0	0.0	0.0	0.0	0.0	0.0	0.0	0.0	0.0	0.0	0.0	0.0	0.0	0.0	0.0	0.0	0.0	0.0	0.0	0.0	0.0	0.0	0.0	0.0	0.0	0.0	0.0	0.0
Alcyoneusvirus	0.0	0.0	0.0	0.0	0.0	0.0	0.0	0.0	0.0	0.0	0.0	0.0	0.0	0.0	0.0	0.0	0.0	0.0	0.0	0.0	0.0	0.0	0.0	0.0	0.0	0.0	0.0	0.0	0.0	0.0	0.0	0.0	0.0	0.0	0.0	0.0	0.0	0.0	0.0	0.0	0.0	0.0	0.0	0.0	0.0	0.0	0.0	0.0
Salutenavirus	0.0	0.0	0.0	0.0	0.0	0.0	0.0	0.0	0.0	0.0	0.0	0.0	0.0	0.0	0.0	0.0	0.0	0.0	0.0	0.0	0.0	0.0	0.0	0.0	0.0	0.0	0.0	0.0	0.0	0.0	0.0	0.0	0.0	0.0	0.0	0.0	0.0	0.0	0.0	0.0	0.0	0.0	0.0	0.0	0.0	0.0	0.0	0.0
Mudcatvirus	0.0	0.0	0.0	0.0	0.0	0.0	0.0	0.0	0.0	0.0	0.0	0.0	0.0	0.0	0.0	0.0	0.0	0.0	0.0	0.0	0.0	0.0	0.0	0.0	0.0	0.0	0.0	0.0	0.0	0.0	0.0	0.0	0.0	0.0	0.0	0.0	0.0	0.0	0.0	0.0	0.0	0.0	0.0	0.0	0.0	0.0	0.0	0.0
Alphasphaerolipovirus	0.0	0.0	0.0	0.0	0.0	0.0	0.0	0.0	0.0	0.0	0.0	0.0	0.0	0.0	0.0	0.0	0.0	0.0	0.0	0.0	0.0	0.0	0.0	0.0	0.0	0.0	0.0	0.0	0.0	0.0	0.0	0.0	0.0	0.0	0.0	0.0	0.0	0.0	0.0	0.0	0.0	0.0	0.0	0.0	0.0	0.0	0.0	0.0
Xooduovirus	0.0	0.0	0.0	0.0	0.0	0.0	0.0	0.0	0.0	0.0	0.0	0.0	0.0	0.0	0.0	0.0	0.0	0.0	0.0	0.0	0.0	0.0	0.0	0.0	0.0	0.0	0.0	0.0	0.0	0.0	0.0	0.0	0.0	0.0	0.0	0.0	0.0	0.0	0.0	0.0	0.0	0.0	0.0	0.0	0.0	0.0	0.0	0.0
Chidieberevirus	0.0	0.0	0.0	0.0	0.0	0.0	0.0	0.0	0.0	0.0	0.0	0.0	0.0	0.0	0.0	0.0	0.0	0.0	0.0	0.0	0.0	0.0	0.0	0.0	0.0	0.0	0.0	0.0	0.0	0.0	0.0	0.0	0.0	0.0	0.0	0.0	0.0	0.0	0.0	0.0	0.0	0.0	0.0	0.0	0.0	0.0	0.0	0.0
Pyrolobus	0.0	0.0	0.0	0.0	0.0	0.0	0.0	0.0	0.0	0.0	0.0	0.0	0.0	0.0	0.0	0.0	0.0	0.0	0.0	0.0	0.0	0.0	0.0	0.0	0.0	0.0	0.0	0.0	0.0	0.0	0.0	0.0	0.0	0.0	0.0	0.0	0.0	0.0	0.0	0.0	0.0	0.0	0.0	0.0	0.0	0.0	0.0	0.0
Oxyplasma	0.0	0.0	0.0	0.0	0.0	0.0	0.0	0.0	0.0	0.0	0.0	0.0	0.0	0.0	0.0	0.0	0.0	0.0	0.0	0.0	0.0	0.0	0.0	0.0	0.0	0.0	0.0	0.0	0.0	0.0	0.0	0.0	0.0	0.0	0.0	0.0	0.0	0.0	0.0	0.0	0.0	0.0	0.0	0.0	0.0	0.0	0.0	0.0
Rhodoplanes	0.0	0.0	0.0	0.0	0.0	0.0	0.0	0.0	0.0	0.0	0.0	0.0	0.0	0.0	0.0	0.0	0.0	0.0	0.0	0.0	0.0	0.0	0.0	0.0	0.0	0.0	0.0	0.0	0.0	0.0	0.0	0.0	0.0	0.0	0.0	0.0	0.0	0.0	0.0	0.0	0.0	0.0	0.0	0.0	0.0	0.0	0.0	0.0
Sciuripoxvirus	0.0	0.0	0.0	0.0	0.0	0.0	0.0	0.0	0.0	0.0	0.0	0.0	0.0	0.0	0.0	0.0	0.0	0.0	0.0	0.0	0.0	0.0	0.0	0.0	0.0	0.0	0.0	0.0	0.0	0.0	0.0	0.0	0.0	0.0	0.0	0.0	0.0	0.0	0.0	0.0	0.0	0.0	0.0	0.0	0.0	0.0	0.0	0.0
Caldisphaera	0.0	0.0	0.0	0.0	0.0	0.0	0.0	0.0	0.0	0.0	0.0	0.0	0.0	0.0	0.0	0.0	0.0	0.0	0.0	0.0	0.0	0.0	0.0	0.0	0.0	0.0	0.0	0.0	0.0	0.0	0.0	0.0	0.0	0.0	0.0	0.0	0.0	0.0	0.0	0.0	0.0	0.0	0.0	0.0	0.0	0.0	0.0	0.0
Pelistega	0.0	0.0	0.0	0.0	0.0	0.0	0.0	0.0	0.0	0.0	0.0	0.0	0.0	0.0	0.0	0.0	0.0	0.0	0.0	0.0	0.0	0.0	0.0	0.0	0.0	0.0	0.0	0.0	0.0	0.0	0.0	0.0	0.0	0.0	0.0	0.0	0.0	0.0	0.0	0.0	0.0	0.0	0.0	0.0	0.0	0.0	0.0	0.0
Chaovirus	0.0	0.0	0.0	0.0	0.0	0.0	0.0	0.0	0.0	0.0	0.0	0.0	0.0	0.0	0.0	0.0	0.0	0.0	0.0	0.0	0.0	0.0	0.0	0.0	0.0	0.0	0.0	0.0	0.0	0.0	0.0	0.0	0.0	0.0	0.0	0.0	0.0	0.0	0.0	0.0	0.0	0.0	0.0	0.0	0.0	0.0	0.0	0.0
Brussowvirus	0.0	0.0	0.0	0.0	0.0	0.0	0.0	0.0	0.0	0.0	0.0	0.0	0.0	0.0	0.0	0.0	0.0	0.0	0.0	0.0	0.0	0.0	0.0	0.0	0.0	0.0	0.0	0.0	0.0	0.0	0.0	0.0	0.0	0.0	0.0	0.0	0.0	0.0	0.0	0.0	0.0	0.0	0.0	0.0	0.0	0.0	0.0	0.0
Waedenswilvirus	0.0	0.0	0.0	0.0	0.0	0.0	0.0	0.0	0.0	0.0	0.0	0.0	0.0	0.0	0.0	0.0	0.0	0.0	0.0	0.0	0.0	0.0	0.0	0.0	0.0	0.0	0.0	0.0	0.0	0.0	0.0	0.0	0.0	0.0	0.0	0.0	0.0	0.0	0.0	0.0	0.0	0.0	0.0	0.0	0.0	0.0	0.0	0.0
Alphanudivirus	0.0	0.0	0.0	0.0	0.0	0.0	0.0	0.0	0.0	0.0	0.0	0.0	0.0	0.0	0.0	0.0	0.0	0.0	0.0	0.0	0.0	0.0	0.0	0.0	0.0	0.0	0.0	0.0	0.0	0.0	0.0	0.0	0.0	0.0	0.0	0.0	0.0	0.0	0.0	0.0	0.0	0.0	0.0	0.0	0.0	0.0	0.0	0.0
Endomicrobium	0.0	0.0	0.0	0.0	0.0	0.0	0.0	0.0	0.0	0.0	0.0	0.0	0.0	0.0	0.0	0.0	0.0	0.0	0.0	0.0	0.0	0.0	0.0	0.0	0.0	0.0	0.0	0.0	0.0	0.0	0.0	0.0	0.0	0.0	0.0	0.0	0.0	0.0	0.0	0.0	0.0	0.0	0.0	0.0	0.0	0.0	0.0	0.0
Parathermosynechococcus	0.0	0.0	0.0	0.0	0.0	0.0	0.0	0.0	0.0	0.0	0.0	0.0	0.0	0.0	0.0	0.0	0.0	0.0	0.0	0.0	0.0	0.0	0.0	0.0	0.0	0.0	0.0	0.0	0.0	0.0	0.0	0.0	0.0	0.0	0.0	0.0	0.0	0.0	0.0	0.0	0.0	0.0	0.0	0.0	0.0	0.0	0.0	0.0
Petrocella	0.0	0.0	0.0	0.0	0.0	0.0	0.0	0.0	0.0	0.0	0.0	0.0	0.0	0.0	0.0	0.0	0.0	0.0	0.0	0.0	0.0	0.0	0.0	0.0	0.0	0.0	0.0	0.0	0.0	0.0	0.0	0.0	0.0	0.0	0.0	0.0	0.0	0.0	0.0	0.0	0.0	0.0	0.0	0.0	0.0	0.0	0.0	0.0
Faecalibaculum	0.0	0.0	0.0	0.0	0.0	0.0	0.0	0.0	0.0	0.0	0.0	0.0	0.0	0.0	0.0	0.0	0.0	0.0	0.0	0.0	0.0	0.0	0.0	0.0	0.0	0.0	0.0	0.0	0.0	0.0	0.0	0.0	0.0	0.0	0.0	0.0	0.0	0.0	0.0	0.0	0.0	0.0	0.0	0.0	0.0	0.0	0.0	0.0
Jacevirus	0.0	0.0	0.0	0.0	0.0	0.0	0.0	0.0	0.0	0.0	0.0	0.0	0.0	0.0	0.0	0.0	0.0	0.0	0.0	0.0	0.0	0.0	0.0	0.0	0.0	0.0	0.0	0.0	0.0	0.0	0.0	0.0	0.0	0.0	0.0	0.0	0.0	0.0	0.0	0.0	0.0	0.0	0.0	0.0	0.0	0.0	0.0	0.0
Fletchervirus	0.0	0.0	0.0	0.0	0.0	0.0	0.0	0.0	0.0	0.0	0.0	0.0	0.0	0.0	0.0	0.0	0.0	0.0	0.0	0.0	0.0	0.0	0.0	0.0	0.0	0.0	0.0	0.0	0.0	0.0	0.0	0.0	0.0	0.0	0.0	0.0	0.0	0.0	0.0	0.0	0.0	0.0	0.0	0.0	0.0	0.0	0.0	0.0
Marseillevirus	0.0	0.0	0.0	0.0	0.0	0.0	0.0	0.0	0.0	0.0	0.0	0.0	0.0	0.0	0.0	0.0	0.0	0.0	0.0	0.0	0.0	0.0	0.0	0.0	0.0	0.0	0.0	0.0	0.0	0.0	0.0	0.0	0.0	0.0	0.0	0.0	0.0	0.0	0.0	0.0	0.0	0.0	0.0	0.0	0.0	0.0	0.0	0.0
Attoomivirus	0.0	0.0	0.0	0.0	0.0	0.0	0.0	0.0	0.0	0.0	0.0	0.0	0.0	0.0	0.0	0.0	0.0	0.0	0.0	0.0	0.0	0.0	0.0	0.0	0.0	0.0	0.0	0.0	0.0	0.0	0.0	0.0	0.0	0.0	0.0	0.0	0.0	0.0	0.0	0.0	0.0	0.0	0.0	0.0	0.0	0.0	0.0	0.0
Stygiolobus	0.0	0.0	0.0	0.0	0.0	0.0	0.0	0.0	0.0	0.0	0.0	0.0	0.0	0.0	0.0	0.0	0.0	0.0	0.0	0.0	0.0	0.0	0.0	0.0	0.0	0.0	0.0	0.0	0.0	0.0	0.0	0.0	0.0	0.0	0.0	0.0	0.0	0.0	0.0	0.0	0.0	0.0	0.0	0.0	0.0	0.0	0.0	0.0
Badnavirus	0.0	0.0	0.0	0.0	0.0	0.0	0.0	0.0	0.0	0.0	0.0	0.0	0.0	0.0	0.0	0.0	0.0	0.0	0.0	0.0	0.0	0.0	0.0	0.0	0.0	0.0	0.0	0.0	0.0	0.0	0.0	0.0	0.0	0.0	0.0	0.0	0.0	0.0	0.0	0.0	0.0	0.0	0.0	0.0	0.0	0.0	0.0	0.0
Methanosalsum	0.0	0.0	0.0	0.0	0.0	0.0	0.0	0.0	0.0	0.0	0.0	0.0	0.0	0.0	0.0	0.0	0.0	0.0	0.0	0.0	0.0	0.0	0.0	0.0	0.0	0.0	0.0	0.0	0.0	0.0	0.0	0.0	0.0	0.0	0.0	0.0	0.0	0.0	0.0	0.0	0.0	0.0	0.0	0.0	0.0	0.0	0.0	0.0
Thermosulfidibacter	0.0	0.0	0.0	0.0	0.0	0.0	0.0	0.0	0.0	0.0	0.0	0.0	0.0	0.0	0.0	0.0	0.0	0.0	0.0	0.0	0.0	0.0	0.0	0.0	0.0	0.0	0.0	0.0	0.0	0.0	0.0	0.0	0.0	0.0	0.0	0.0	0.0	0.0	0.0	0.0	0.0	0.0	0.0	0.0	0.0	0.0	0.0	0.0
Ihubacter	0.0	0.0	0.0	0.0	0.0	0.0	0.0	0.0	0.0	0.0	0.0	0.0	0.0	0.0	0.0	0.0	0.0	0.0	0.0	0.0	0.0	0.0	0.0	0.0	0.0	0.0	0.0	0.0	0.0	0.0	0.0	0.0	0.0	0.0	0.0	0.0	0.0	0.0	0.0	0.0	0.0	0.0	0.0	0.0	0.0	0.0	0.0	0.0
Alphamononivirus	0.0	0.0	0.0	0.0	0.0	0.0	0.0	0.0	0.0	0.0	0.0	0.0	0.0	0.0	0.0	0.0	0.0	0.0	0.0	0.0	0.0	0.0	0.0	0.0	0.0	0.0	0.0	0.0	0.0	0.0	0.0	0.0	0.0	0.0	0.0	0.0	0.0	0.0	0.0	0.0	0.0	0.0	0.0	0.0	0.0	0.0	0.0	0.0
Salacisavirus	0.0	0.0	0.0	0.0	0.0	0.0	0.0	0.0	0.0	0.0	0.0	0.0	0.0	0.0	0.0	0.0	0.0	0.0	0.0	0.0	0.0	0.0	0.0	0.0	0.0	0.0	0.0	0.0	0.0	0.0	0.0	0.0	0.0	0.0	0.0	0.0	0.0	0.0	0.0	0.0	0.0	0.0	0.0	0.0	0.0	0.0	0.0	0.0
Sogarnavirus	0.0	0.0	0.0	0.0	0.0	0.0	0.0	0.0	0.0	0.0	0.0	0.0	0.0	0.0	0.0	0.0	0.0	0.0	0.0	0.0	0.0	0.0	0.0	0.0	0.0	0.0	0.0	0.0	0.0	0.0	0.0	0.0	0.0	0.0	0.0	0.0	0.0	0.0	0.0	0.0	0.0	0.0	0.0	0.0	0.0	0.0	0.0	0.0
Husavirus	0.0	0.0	0.0	0.0	0.0	0.0	0.0	0.0	0.0	0.0	0.0	0.0	0.0	0.0	0.0	0.0	0.0	0.0	0.0	0.0	0.0	0.0	0.0	0.0	0.0	0.0	0.0	0.0	0.0	0.0	0.0	0.0	0.0	0.0	0.0	0.0	0.0	0.0	0.0	0.0	0.0	0.0	0.0	0.0	0.0	0.0	0.0	0.0
Epsilonentomopoxvirus	0.0	0.0	0.0	0.0	0.0	0.0	0.0	0.0	0.0	0.0	0.0	0.0	0.0	0.0	0.0	0.0	0.0	0.0	0.0	0.0	0.0	0.0	0.0	0.0	0.0	0.0	0.0	0.0	0.0	0.0	0.0	0.0	0.0	0.0	0.0	0.0	0.0	0.0	0.0	0.0	0.0	0.0	0.0	0.0	0.0	0.0	0.0	0.0
Centapoxvirus	0.0	0.0	0.0	0.0	0.0	0.0	0.0	0.0	0.0	0.0	0.0	0.0	0.0	0.0	0.0	0.0	0.0	0.0	0.0	0.0	0.0	0.0	0.0	0.0	0.0	0.0	0.0	0.0	0.0	0.0	0.0	0.0	0.0	0.0	0.0	0.0	0.0	0.0	0.0	0.0	0.0	0.0	0.0	0.0	0.0	0.0	0.0	0.0
Lymphocystivirus	0.0	0.0	0.0	0.0	0.0	0.0	0.0	0.0	0.0	0.0	0.0	0.0	0.0	0.0	0.0	0.0	0.0	0.0	0.0	0.0	0.0	0.0	0.0	0.0	0.0	0.0	0.0	0.0	0.0	0.0	0.0	0.0	0.0	0.0	0.0	0.0	0.0	0.0	0.0	0.0	0.0	0.0	0.0	0.0	0.0	0.0	0.0	0.0
Haloferacalesvirus	0.0	0.0	0.0	0.0	0.0	0.0	0.0	0.0	0.0	0.0	0.0	0.0	0.0	0.0	0.0	0.0	0.0	0.0	0.0	0.0	0.0	0.0	0.0	0.0	0.0	0.0	0.0	0.0	0.0	0.0	0.0	0.0	0.0	0.0	0.0	0.0	0.0	0.0	0.0	0.0	0.0	0.0	0.0	0.0	0.0	0.0	0.0	0.0
Nanobdella	0.0	0.0	0.0	0.0	0.0	0.0	0.0	0.0	0.0	0.0	0.0	0.0	0.0	0.0	0.0	0.0	0.0	0.0	0.0	0.0	0.0	0.0	0.0	0.0	0.0	0.0	0.0	0.0	0.0	0.0	0.0	0.0	0.0	0.0	0.0	0.0	0.0	0.0	0.0	0.0	0.0	0.0	0.0	0.0	0.0	0.0	0.0	0.0
Fervidicoccus	0.0	0.0	0.0	0.0	0.0	0.0	0.0	0.0	0.0	0.0	0.0	0.0	0.0	0.0	0.0	0.0	0.0	0.0	0.0	0.0	0.0	0.0	0.0	0.0	0.0	0.0	0.0	0.0	0.0	0.0	0.0	0.0	0.0	0.0	0.0	0.0	0.0	0.0	0.0	0.0	0.0	0.0	0.0	0.0	0.0	0.0	0.0	0.0
Sulfodiicoccus	0.0	0.0	0.0	0.0	0.0	0.0	0.0	0.0	0.0	0.0	0.0	0.0	0.0	0.0	0.0	0.0	0.0	0.0	0.0	0.0	0.0	0.0	0.0	0.0	0.0	0.0	0.0	0.0	0.0	0.0	0.0	0.0	0.0	0.0	0.0	0.0	0.0	0.0	0.0	0.0	0.0	0.0	0.0	0.0	0.0	0.0	0.0	0.0
Tanisvirus	0.0	0.0	0.0	0.0	0.0	0.0	0.0	0.0	0.0	0.0	0.0	0.0	0.0	0.0	0.0	0.0	0.0	0.0	0.0	0.0	0.0	0.0	0.0	0.0	0.0	0.0	0.0	0.0	0.0	0.0	0.0	0.0	0.0	0.0	0.0	0.0	0.0	0.0	0.0	0.0	0.0	0.0	0.0	0.0	0.0	0.0	0.0	0.0
Caelumvirus	0.0	0.0	0.0	0.0	0.0	0.0	0.0	0.0	0.0	0.0	0.0	0.0	0.0	0.0	0.0	0.0	0.0	0.0	0.0	0.0	0.0	0.0	0.0	0.0	0.0	0.0	0.0	0.0	0.0	0.0	0.0	0.0	0.0	0.0	0.0	0.0	0.0	0.0	0.0	0.0	0.0	0.0	0.0	0.0	0.0	0.0	0.0	0.0
Poindextervirus	0.0	0.0	0.0	0.0	0.0	0.0	0.0	0.0	0.0	0.0	0.0	0.0	0.0	0.0	0.0	0.0	0.0	0.0	0.0	0.0	0.0	0.0	0.0	0.0	0.0	0.0	0.0	0.0	0.0	0.0	0.0	0.0	0.0	0.0	0.0	0.0	0.0	0.0	0.0	0.0	0.0	0.0	0.0	0.0	0.0	0.0	0.0	0.0
Bisgaardia	0.0	0.0	0.0	0.0	0.0	0.0	0.0	0.0	0.0	0.0	0.0	0.0	0.0	0.0	0.0	0.0	0.0	0.0	0.0	0.0	0.0	0.0	0.0	0.0	0.0	0.0	0.0	0.0	0.0	0.0	0.0	0.0	0.0	0.0	0.0	0.0	0.0	0.0	0.0	0.0	0.0	0.0	0.0	0.0	0.0	0.0	0.0	0.0
Aciduricibacillus	0.0	0.0	0.0	0.0	0.0	0.0	0.0	0.0	0.0	0.0	0.0	0.0	0.0	0.0	0.0	0.0	0.0	0.0	0.0	0.0	0.0	0.0	0.0	0.0	0.0	0.0	0.0	0.0	0.0	0.0	0.0	0.0	0.0	0.0	0.0	0.0	0.0	0.0	0.0	0.0	0.0	0.0	0.0	0.0	0.0	0.0	0.0	0.0
Alkalibacillus	0.0	0.0	0.0	0.0	0.0	0.0	0.0	0.0	0.0	0.0	0.0	0.0	0.0	0.0	0.0	0.0	0.0	0.0	0.0	0.0	0.0	0.0	0.0	0.0	0.0	0.0	0.0	0.0	0.0	0.0	0.0	0.0	0.0	0.0	0.0	0.0	0.0	0.0	0.0	0.0	0.0	0.0	0.0	0.0	0.0	0.0	0.0	0.0
Flexistipes	0.0	0.0	0.0	0.0	0.0	0.0	0.0	0.0	0.0	0.0	0.0	0.0	0.0	0.0	0.0	0.0	0.0	0.0	0.0	0.0	0.0	0.0	0.0	0.0	0.0	0.0	0.0	0.0	0.0	0.0	0.0	0.0	0.0	0.0	0.0	0.0	0.0	0.0	0.0	0.0	0.0	0.0	0.0	0.0	0.0	0.0	0.0	0.0
Geovibrio	0.0	0.0	0.0	0.0	0.0	0.0	0.0	0.0	0.0	0.0	0.0	0.0	0.0	0.0	0.0	0.0	0.0	0.0	0.0	0.0	0.0	0.0	0.0	0.0	0.0	0.0	0.0	0.0	0.0	0.0	0.0	0.0	0.0	0.0	0.0	0.0	0.0	0.0	0.0	0.0	0.0	0.0	0.0	0.0	0.0	0.0	0.0	0.0
Calditerrivibrio	0.0	0.0	0.0	0.0	0.0	0.0	0.0	0.0	0.0	0.0	0.0	0.0	0.0	0.0	0.0	0.0	0.0	0.0	0.0	0.0	0.0	0.0	0.0	0.0	0.0	0.0	0.0	0.0	0.0	0.0	0.0	0.0	0.0	0.0	0.0	0.0	0.0	0.0	0.0	0.0	0.0	0.0	0.0	0.0	0.0	0.0	0.0	0.0
Dissulfurispira	0.0	0.0	0.0	0.0	0.0	0.0	0.0	0.0	0.0	0.0	0.0	0.0	0.0	0.0	0.0	0.0	0.0	0.0	0.0	0.0	0.0	0.0	0.0	0.0	0.0	0.0	0.0	0.0	0.0	0.0	0.0	0.0	0.0	0.0	0.0	0.0	0.0	0.0	0.0	0.0	0.0	0.0	0.0	0.0	0.0	0.0	0.0	0.0
Thermodesulfatator	0.0	0.0	0.0	0.0	0.0	0.0	0.0	0.0	0.0	0.0	0.0	0.0	0.0	0.0	0.0	0.0	0.0	0.0	0.0	0.0	0.0	0.0	0.0	0.0	0.0	0.0	0.0	0.0	0.0	0.0	0.0	0.0	0.0	0.0	0.0	0.0	0.0	0.0	0.0	0.0	0.0	0.0	0.0	0.0	0.0	0.0	0.0	0.0
Waddlia	0.0	0.0	0.0	0.0	0.0	0.0	0.0	0.0	0.0	0.0	0.0	0.0	0.0	0.0	0.0	0.0	0.0	0.0	0.0	0.0	0.0	0.0	0.0	0.0	0.0	0.0	0.0	0.0	0.0	0.0	0.0	0.0	0.0	0.0	0.0	0.0	0.0	0.0	0.0	0.0	0.0	0.0	0.0	0.0	0.0	0.0	0.0	0.0
Otariodibacter	0.0	0.0	0.0	0.0	0.0	0.0	0.0	0.0	0.0	0.0	0.0	0.0	0.0	0.0	0.0	0.0	0.0	0.0	0.0	0.0	0.0	0.0	0.0	0.0	0.0	0.0	0.0	0.0	0.0	0.0	0.0	0.0	0.0	0.0	0.0	0.0	0.0	0.0	0.0	0.0	0.0	0.0	0.0	0.0	0.0	0.0	0.0	0.0
Candidatus Endomicrobiellum	0.0	0.0	0.0	0.0	0.0	0.0	0.0	0.0	0.0	0.0	0.0	0.0	0.0	0.0	0.0	0.0	0.0	0.0	0.0	0.0	0.0	0.0	0.0	0.0	0.0	0.0	0.0	0.0	0.0	0.0	0.0	0.0	0.0	0.0	0.0	0.0	0.0	0.0	0.0	0.0	0.0	0.0	0.0	0.0	0.0	0.0	0.0	0.0
Marinilactibacillus	0.0	0.0	0.0	0.0	0.0	0.0	0.0	0.0	0.0	0.0	0.0	0.0	0.0	0.0	0.0	0.0	0.0	0.0	0.0	0.0	0.0	0.0	0.0	0.0	0.0	0.0	0.0	0.0	0.0	0.0	0.0	0.0	0.0	0.0	0.0	0.0	0.0	0.0	0.0	0.0	0.0	0.0	0.0	0.0	0.0	0.0	0.0	0.0
Candidatus Hoaglandella	0.0	0.0	0.0	0.0	0.0	0.0	0.0	0.0	0.0	0.0	0.0	0.0	0.0	0.0	0.0	0.0	0.0	0.0	0.0	0.0	0.0	0.0	0.0	0.0	0.0	0.0	0.0	0.0	0.0	0.0	0.0	0.0	0.0	0.0	0.0	0.0	0.0	0.0	0.0	0.0	0.0	0.0	0.0	0.0	0.0	0.0	0.0	0.0
Alkalicoccus	0.0	0.0	0.0	0.0	0.0	0.0	0.0	0.0	0.0	0.0	0.0	0.0	0.0	0.0	0.0	0.0	0.0	0.0	0.0	0.0	0.0	0.0	0.0	0.0	0.0	0.0	0.0	0.0	0.0	0.0	0.0	0.0	0.0	0.0	0.0	0.0	0.0	0.0	0.0	0.0	0.0	0.0	0.0	0.0	0.0	0.0	0.0	0.0
Neorickettsia	0.0	0.0	0.0	0.0	0.0	0.0	0.0	0.0	0.0	0.0	0.0	0.0	0.0	0.0	0.0	0.0	0.0	0.0	0.0	0.0	0.0	0.0	0.0	0.0	0.0	0.0	0.0	0.0	0.0	0.0	0.0	0.0	0.0	0.0	0.0	0.0	0.0	0.0	0.0	0.0	0.0	0.0	0.0	0.0	0.0	0.0	0.0	0.0
Anaerobacillus	0.0	0.0	0.0	0.0	0.0	0.0	0.0	0.0	0.0	0.0	0.0	0.0	0.0	0.0	0.0	0.0	0.0	0.0	0.0	0.0	0.0	0.0	0.0	0.0	0.0	0.0	0.0	0.0	0.0	0.0	0.0	0.0	0.0	0.0	0.0	0.0	0.0	0.0	0.0	0.0	0.0	0.0	0.0	0.0	0.0	0.0	0.0	0.0
Furfurilactobacillus	0.0	0.0	0.0	0.0	0.0	0.0	0.0	0.0	0.0	0.0	0.0	0.0	0.0	0.0	0.0	0.0	0.0	0.0	0.0	0.0	0.0	0.0	0.0	0.0	0.0	0.0	0.0	0.0	0.0	0.0	0.0	0.0	0.0	0.0	0.0	0.0	0.0	0.0	0.0	0.0	0.0	0.0	0.0	0.0	0.0	0.0	0.0	0.0
Proteinivorax	0.0	0.0	0.0	0.0	0.0	0.0	0.0	0.0	0.0	0.0	0.0	0.0	0.0	0.0	0.0	0.0	0.0	0.0	0.0	0.0	0.0	0.0	0.0	0.0	0.0	0.0	0.0	0.0	0.0	0.0	0.0	0.0	0.0	0.0	0.0	0.0	0.0	0.0	0.0	0.0	0.0	0.0	0.0	0.0	0.0	0.0	0.0	0.0
Theiavirus	0.0	0.0	0.0	0.0	0.0	0.0	0.0	0.0	0.0	0.0	0.0	0.0	0.0	0.0	0.0	0.0	0.0	0.0	0.0	0.0	0.0	0.0	0.0	0.0	0.0	0.0	0.0	0.0	0.0	0.0	0.0	0.0	0.0	0.0	0.0	0.0	0.0	0.0	0.0	0.0	0.0	0.0	0.0	0.0	0.0	0.0	0.0	0.0
Aceticella	0.0	0.0	0.0	0.0	0.0	0.0	0.0	0.0	0.0	0.0	0.0	0.0	0.0	0.0	0.0	0.0	0.0	0.0	0.0	0.0	0.0	0.0	0.0	0.0	0.0	0.0	0.0	0.0	0.0	0.0	0.0	0.0	0.0	0.0	0.0	0.0	0.0	0.0	0.0	0.0	0.0	0.0	0.0	0.0	0.0	0.0	0.0	0.0
Carboxydothermus	0.0	0.0	0.0	0.0	0.0	0.0	0.0	0.0	0.0	0.0	0.0	0.0	0.0	0.0	0.0	0.0	0.0	0.0	0.0	0.0	0.0	0.0	0.0	0.0	0.0	0.0	0.0	0.0	0.0	0.0	0.0	0.0	0.0	0.0	0.0	0.0	0.0	0.0	0.0	0.0	0.0	0.0	0.0	0.0	0.0	0.0	0.0	0.0
Floricoccus	0.0	0.0	0.0	0.0	0.0	0.0	0.0	0.0	0.0	0.0	0.0	0.0	0.0	0.0	0.0	0.0	0.0	0.0	0.0	0.0	0.0	0.0	0.0	0.0	0.0	0.0	0.0	0.0	0.0	0.0	0.0	0.0	0.0	0.0	0.0	0.0	0.0	0.0	0.0	0.0	0.0	0.0	0.0	0.0	0.0	0.0	0.0	0.0
Paludihabitans	0.0	0.0	0.0	0.0	0.0	0.0	0.0	0.0	0.0	0.0	0.0	0.0	0.0	0.0	0.0	0.0	0.0	0.0	0.0	0.0	0.0	0.0	0.0	0.0	0.0	0.0	0.0	0.0	0.0	0.0	0.0	0.0	0.0	0.0	0.0	0.0	0.0	0.0	0.0	0.0	0.0	0.0	0.0	0.0	0.0	0.0	0.0	0.0
Ignicoccus	0.0	0.0	0.0	0.0	0.0	0.0	0.0	0.0	0.0	0.0	0.0	0.0	0.0	0.0	0.0	0.0	0.0	0.0	0.0	0.0	0.0	0.0	0.0	0.0	0.0	0.0	0.0	0.0	0.0	0.0	0.0	0.0	0.0	0.0	0.0	0.0	0.0	0.0	0.0	0.0	0.0	0.0	0.0	0.0	0.0	0.0	0.0	0.0
Latrobevirus	0.0	0.0	0.0	0.0	0.0	0.0	0.0	0.0	0.0	0.0	0.0	0.0	0.0	0.0	0.0	0.0	0.0	0.0	0.0	0.0	0.0	0.0	0.0	0.0	0.0	0.0	0.0	0.0	0.0	0.0	0.0	0.0	0.0	0.0	0.0	0.0	0.0	0.0	0.0	0.0	0.0	0.0	0.0	0.0	0.0	0.0	0.0	0.0
Candidatus Ruthturnera	0.0	0.0	0.0	0.0	0.0	0.0	0.0	0.0	0.0	0.0	0.0	0.0	0.0	0.0	0.0	0.0	0.0	0.0	0.0	0.0	0.0	0.0	0.0	0.0	0.0	0.0	0.0	0.0	0.0	0.0	0.0	0.0	0.0	0.0	0.0	0.0	0.0	0.0	0.0	0.0	0.0	0.0	0.0	0.0	0.0	0.0	0.0	0.0
Vespertiliibacter	0.0	0.0	0.0	0.0	0.0	0.0	0.0	0.0	0.0	0.0	0.0	0.0	0.0	0.0	0.0	0.0	0.0	0.0	0.0	0.0	0.0	0.0	0.0	0.0	0.0	0.0	0.0	0.0	0.0	0.0	0.0	0.0	0.0	0.0	0.0	0.0	0.0	0.0	0.0	0.0	0.0	0.0	0.0	0.0	0.0	0.0	0.0	0.0
Candidatus Nitrosoglobus	0.0	0.0	0.0	0.0	0.0	0.0	0.0	0.0	0.0	0.0	0.0	0.0	0.0	0.0	0.0	0.0	0.0	0.0	0.0	0.0	0.0	0.0	0.0	0.0	0.0	0.0	0.0	0.0	0.0	0.0	0.0	0.0	0.0	0.0	0.0	0.0	0.0	0.0	0.0	0.0	0.0	0.0	0.0	0.0	0.0	0.0	0.0	0.0
Candidatus Nesciobacter	0.0	0.0	0.0	0.0	0.0	0.0	0.0	0.0	0.0	0.0	0.0	0.0	0.0	0.0	0.0	0.0	0.0	0.0	0.0	0.0	0.0	0.0	0.0	0.0	0.0	0.0	0.0	0.0	0.0	0.0	0.0	0.0	0.0	0.0	0.0	0.0	0.0	0.0	0.0	0.0	0.0	0.0	0.0	0.0	0.0	0.0	0.0	0.0
Avipoxvirus	0.0	0.0	0.0	0.0	0.0	0.0	0.0	0.0	0.0	0.0	0.0	0.0	0.0	0.0	0.0	0.0	0.0	0.0	0.0	0.0	0.0	0.0	0.0	0.0	0.0	0.0	0.0	0.0	0.0	0.0	0.0	0.0	0.0	0.0	0.0	0.0	0.0	0.0	0.0	0.0	0.0	0.0	0.0	0.0	0.0	0.0	0.0	0.0
Montyvirus	0.0	0.0	0.0	0.0	0.0	0.0	0.0	0.0	0.0	0.0	0.0	0.0	0.0	0.0	0.0	0.0	0.0	0.0	0.0	0.0	0.0	0.0	0.0	0.0	0.0	0.0	0.0	0.0	0.0	0.0	0.0	0.0	0.0	0.0	0.0	0.0	0.0	0.0	0.0	0.0	0.0	0.0	0.0	0.0	0.0	0.0	0.0	0.0
Backyardiganvirus	0.0	0.0	0.0	0.0	0.0	0.0	0.0	0.0	0.0	0.0	0.0	0.0	0.0	0.0	0.0	0.0	0.0	0.0	0.0	0.0	0.0	0.0	0.0	0.0	0.0	0.0	0.0	0.0	0.0	0.0	0.0	0.0	0.0	0.0	0.0	0.0	0.0	0.0	0.0	0.0	0.0	0.0	0.0	0.0	0.0	0.0	0.0	0.0
Kojivirus	0.0	0.0	0.0	0.0	0.0	0.0	0.0	0.0	0.0	0.0	0.0	0.0	0.0	0.0	0.0	0.0	0.0	0.0	0.0	0.0	0.0	0.0	0.0	0.0	0.0	0.0	0.0	0.0	0.0	0.0	0.0	0.0	0.0	0.0	0.0	0.0	0.0	0.0	0.0	0.0	0.0	0.0	0.0	0.0	0.0	0.0	0.0	0.0
Thermosediminibacter	0.0	0.0	0.0	0.0	0.0	0.0	0.0	0.0	0.0	0.0	0.0	0.0	0.0	0.0	0.0	0.0	0.0	0.0	0.0	0.0	0.0	0.0	0.0	0.0	0.0	0.0	0.0	0.0	0.0	0.0	0.0	0.0	0.0	0.0	0.0	0.0	0.0	0.0	0.0	0.0	0.0	0.0	0.0	0.0	0.0	0.0	0.0	0.0
Exceevirus	0.0	0.0	0.0	0.0	0.0	0.0	0.0	0.0	0.0	0.0	0.0	0.0	0.0	0.0	0.0	0.0	0.0	0.0	0.0	0.0	0.0	0.0	0.0	0.0	0.0	0.0	0.0	0.0	0.0	0.0	0.0	0.0	0.0	0.0	0.0	0.0	0.0	0.0	0.0	0.0	0.0	0.0	0.0	0.0	0.0	0.0	0.0	0.0
Sinanaerobacter	0.0	0.0	0.0	0.0	0.0	0.0	0.0	0.0	0.0	0.0	0.0	0.0	0.0	0.0	0.0	0.0	0.0	0.0	0.0	0.0	0.0	0.0	0.0	0.0	0.0	0.0	0.0	0.0	0.0	0.0	0.0	0.0	0.0	0.0	0.0	0.0	0.0	0.0	0.0	0.0	0.0	0.0	0.0	0.0	0.0	0.0	0.0	0.0
Minisyncoccus	0.0	0.0	0.0	0.0	0.0	0.0	0.0	0.0	0.0	0.0	0.0	0.0	0.0	0.0	0.0	0.0	0.0	0.0	0.0	0.0	0.0	0.0	0.0	0.0	0.0	0.0	0.0	0.0	0.0	0.0	0.0	0.0	0.0	0.0	0.0	0.0	0.0	0.0	0.0	0.0	0.0	0.0	0.0	0.0	0.0	0.0	0.0	0.0
Candidatus Aciduliprofundum	0.0	0.0	0.0	0.0	0.0	0.0	0.0	0.0	0.0	0.0	0.0	0.0	0.0	0.0	0.0	0.0	0.0	0.0	0.0	0.0	0.0	0.0	0.0	0.0	0.0	0.0	0.0	0.0	0.0	0.0	0.0	0.0	0.0	0.0	0.0	0.0	0.0	0.0	0.0	0.0	0.0	0.0	0.0	0.0	0.0	0.0	0.0	0.0
Methanoplanus	0.0	0.0	0.0	0.0	0.0	0.0	0.0	0.0	0.0	0.0	0.0	0.0	0.0	0.0	0.0	0.0	0.0	0.0	0.0	0.0	0.0	0.0	0.0	0.0	0.0	0.0	0.0	0.0	0.0	0.0	0.0	0.0	0.0	0.0	0.0	0.0	0.0	0.0	0.0	0.0	0.0	0.0	0.0	0.0	0.0	0.0	0.0	0.0
Naegleria	0.0	0.0	0.0	0.0	0.0	0.0	0.0	0.0	0.0	0.0	0.0	0.0	0.0	0.0	0.0	0.0	0.0	0.0	0.0	0.0	0.0	0.0	0.0	0.0	0.0	0.0	0.0	0.0	0.0	0.0	0.0	0.0	0.0	0.0	0.0	0.0	0.0	0.0	0.0	0.0	0.0	0.0	0.0	0.0	0.0	0.0	0.0	0.0
Candidatus Chromulinivorax	0.0	0.0	0.0	0.0	0.0	0.0	0.0	0.0	0.0	0.0	0.0	0.0	0.0	0.0	0.0	0.0	0.0	0.0	0.0	0.0	0.0	0.0	0.0	0.0	0.0	0.0	0.0	0.0	0.0	0.0	0.0	0.0	0.0	0.0	0.0	0.0	0.0	0.0	0.0	0.0	0.0	0.0	0.0	0.0	0.0	0.0	0.0	0.0
Aquella	0.0	0.0	0.0	0.0	0.0	0.0	0.0	0.0	0.0	0.0	0.0	0.0	0.0	0.0	0.0	0.0	0.0	0.0	0.0	0.0	0.0	0.0	0.0	0.0	0.0	0.0	0.0	0.0	0.0	0.0	0.0	0.0	0.0	0.0	0.0	0.0	0.0	0.0	0.0	0.0	0.0	0.0	0.0	0.0	0.0	0.0	0.0	0.0
Candidatus Moranella	0.0	0.0	0.0	0.0	0.0	0.0	0.0	0.0	0.0	0.0	0.0	0.0	0.0	0.0	0.0	0.0	0.0	0.0	0.0	0.0	0.0	0.0	0.0	0.0	0.0	0.0	0.0	0.0	0.0	0.0	0.0	0.0	0.0	0.0	0.0	0.0	0.0	0.0	0.0	0.0	0.0	0.0	0.0	0.0	0.0	0.0	0.0	0.0
Caldanaerobacter	0.0	0.0	0.0	0.0	0.0	0.0	0.0	0.0	0.0	0.0	0.0	0.0	0.0	0.0	0.0	0.0	0.0	0.0	0.0	0.0	0.0	0.0	0.0	0.0	0.0	0.0	0.0	0.0	0.0	0.0	0.0	0.0	0.0	0.0	0.0	0.0	0.0	0.0	0.0	0.0	0.0	0.0	0.0	0.0	0.0	0.0	0.0	0.0
Brumicola	0.0	0.0	0.0	0.0	0.0	0.0	0.0	0.0	0.0	0.0	0.0	0.0	0.0	0.0	0.0	0.0	0.0	0.0	0.0	0.0	0.0	0.0	0.0	0.0	0.0	0.0	0.0	0.0	0.0	0.0	0.0	0.0	0.0	0.0	0.0	0.0	0.0	0.0	0.0	0.0	0.0	0.0	0.0	0.0	0.0	0.0	0.0	0.0
Methanomicrobium	0.0	0.0	0.0	0.0	0.0	0.0	0.0	0.0	0.0	0.0	0.0	0.0	0.0	0.0	0.0	0.0	0.0	0.0	0.0	0.0	0.0	0.0	0.0	0.0	0.0	0.0	0.0	0.0	0.0	0.0	0.0	0.0	0.0	0.0	0.0	0.0	0.0	0.0	0.0	0.0	0.0	0.0	0.0	0.0	0.0	0.0	0.0	0.0
Thermanaeromonas	0.0	0.0	0.0	0.0	0.0	0.0	0.0	0.0	0.0	0.0	0.0	0.0	0.0	0.0	0.0	0.0	0.0	0.0	0.0	0.0	0.0	0.0	0.0	0.0	0.0	0.0	0.0	0.0	0.0	0.0	0.0	0.0	0.0	0.0	0.0	0.0	0.0	0.0	0.0	0.0	0.0	0.0	0.0	0.0	0.0	0.0	0.0	0.0
Zhaonella	0.0	0.0	0.0	0.0	0.0	0.0	0.0	0.0	0.0	0.0	0.0	0.0	0.0	0.0	0.0	0.0	0.0	0.0	0.0	0.0	0.0	0.0	0.0	0.0	0.0	0.0	0.0	0.0	0.0	0.0	0.0	0.0	0.0	0.0	0.0	0.0	0.0	0.0	0.0	0.0	0.0	0.0	0.0	0.0	0.0	0.0	0.0	0.0
Eshraghiella	0.0	0.0	0.0	0.0	0.0	0.0	0.0	0.0	0.0	0.0	0.0	0.0	0.0	0.0	0.0	0.0	0.0	0.0	0.0	0.0	0.0	0.0	0.0	0.0	0.0	0.0	0.0	0.0	0.0	0.0	0.0	0.0	0.0	0.0	0.0	0.0	0.0	0.0	0.0	0.0	0.0	0.0	0.0	0.0	0.0	0.0	0.0	0.0
Candidatus Marinarcus	0.0	0.0	0.0	0.0	0.0	0.0	0.0	0.0	0.0	0.0	0.0	0.0	0.0	0.0	0.0	0.0	0.0	0.0	0.0	0.0	0.0	0.0	0.0	0.0	0.0	0.0	0.0	0.0	0.0	0.0	0.0	0.0	0.0	0.0	0.0	0.0	0.0	0.0	0.0	0.0	0.0	0.0	0.0	0.0	0.0	0.0	0.0	0.0
Psychrobium	0.0	0.0	0.0	0.0	0.0	0.0	0.0	0.0	0.0	0.0	0.0	0.0	0.0	0.0	0.0	0.0	0.0	0.0	0.0	0.0	0.0	0.0	0.0	0.0	0.0	0.0	0.0	0.0	0.0	0.0	0.0	0.0	0.0	0.0	0.0	0.0	0.0	0.0	0.0	0.0	0.0	0.0	0.0	0.0	0.0	0.0	0.0	0.0
Candidatus Azobacteroides	0.0	0.0	0.0	0.0	0.0	0.0	0.0	0.0	0.0	0.0	0.0	0.0	0.0	0.0	0.0	0.0	0.0	0.0	0.0	0.0	0.0	0.0	0.0	0.0	0.0	0.0	0.0	0.0	0.0	0.0	0.0	0.0	0.0	0.0	0.0	0.0	0.0	0.0	0.0	0.0	0.0	0.0	0.0	0.0	0.0	0.0	0.0	0.0
Mergibacter	0.0	0.0	0.0	0.0	0.0	0.0	0.0	0.0	0.0	0.0	0.0	0.0	0.0	0.0	0.0	0.0	0.0	0.0	0.0	0.0	0.0	0.0	0.0	0.0	0.0	0.0	0.0	0.0	0.0	0.0	0.0	0.0	0.0	0.0	0.0	0.0	0.0	0.0	0.0	0.0	0.0	0.0	0.0	0.0	0.0	0.0	0.0	0.0
Candidatus Ishikawella	0.0	0.0	0.0	0.0	0.0	0.0	0.0	0.0	0.0	0.0	0.0	0.0	0.0	0.0	0.0	0.0	0.0	0.0	0.0	0.0	0.0	0.0	0.0	0.0	0.0	0.0	0.0	0.0	0.0	0.0	0.0	0.0	0.0	0.0	0.0	0.0	0.0	0.0	0.0	0.0	0.0	0.0	0.0	0.0	0.0	0.0	0.0	0.0
Wigglesworthia	0.0	0.0	0.0	0.0	0.0	0.0	0.0	0.0	0.0	0.0	0.0	0.0	0.0	0.0	0.0	0.0	0.0	0.0	0.0	0.0	0.0	0.0	0.0	0.0	0.0	0.0	0.0	0.0	0.0	0.0	0.0	0.0	0.0	0.0	0.0	0.0	0.0	0.0	0.0	0.0	0.0	0.0	0.0	0.0	0.0	0.0	0.0	0.0
Candidatus Fonsibacter	0.0	0.0	0.0	0.0	0.0	0.0	0.0	0.0	0.0	0.0	0.0	0.0	0.0	0.0	0.0	0.0	0.0	0.0	0.0	0.0	0.0	0.0	0.0	0.0	0.0	0.0	0.0	0.0	0.0	0.0	0.0	0.0	0.0	0.0	0.0	0.0	0.0	0.0	0.0	0.0	0.0	0.0	0.0	0.0	0.0	0.0	0.0	0.0
Commensalibacter	0.0	0.0	0.0	0.0	0.0	0.0	0.0	0.0	0.0	0.0	0.0	0.0	0.0	0.0	0.0	0.0	0.0	0.0	0.0	0.0	0.0	0.0	0.0	0.0	0.0	0.0	0.0	0.0	0.0	0.0	0.0	0.0	0.0	0.0	0.0	0.0	0.0	0.0	0.0	0.0	0.0	0.0	0.0	0.0	0.0	0.0	0.0	0.0
Fundicoccus	0.0	0.0	0.0	0.0	0.0	0.0	0.0	0.0	0.0	0.0	0.0	0.0	0.0	0.0	0.0	0.0	0.0	0.0	0.0	0.0	0.0	0.0	0.0	0.0	0.0	0.0	0.0	0.0	0.0	0.0	0.0	0.0	0.0	0.0	0.0	0.0	0.0	0.0	0.0	0.0	0.0	0.0	0.0	0.0	0.0	0.0	0.0	0.0
Halothece	0.0	0.0	0.0	0.0	0.0	0.0	0.0	0.0	0.0	0.0	0.0	0.0	0.0	0.0	0.0	0.0	0.0	0.0	0.0	0.0	0.0	0.0	0.0	0.0	0.0	0.0	0.0	0.0	0.0	0.0	0.0	0.0	0.0	0.0	0.0	0.0	0.0	0.0	0.0	0.0	0.0	0.0	0.0	0.0	0.0	0.0	0.0	0.0
Tepidanaerobacter	0.0	0.0	0.0	0.0	0.0	0.0	0.0	0.0	0.0	0.0	0.0	0.0	0.0	0.0	0.0	0.0	0.0	0.0	0.0	0.0	0.0	0.0	0.0	0.0	0.0	0.0	0.0	0.0	0.0	0.0	0.0	0.0	0.0	0.0	0.0	0.0	0.0	0.0	0.0	0.0	0.0	0.0	0.0	0.0	0.0	0.0	0.0	0.0
Ferroplasma	0.0	0.0	0.0	0.0	0.0	0.0	0.0	0.0	0.0	0.0	0.0	0.0	0.0	0.0	0.0	0.0	0.0	0.0	0.0	0.0	0.0	0.0	0.0	0.0	0.0	0.0	0.0	0.0	0.0	0.0	0.0	0.0	0.0	0.0	0.0	0.0	0.0	0.0	0.0	0.0	0.0	0.0	0.0	0.0	0.0	0.0	0.0	0.0
Brucepastera	0.0	0.0	0.0	0.0	0.0	0.0	0.0	0.0	0.0	0.0	0.0	0.0	0.0	0.0	0.0	0.0	0.0	0.0	0.0	0.0	0.0	0.0	0.0	0.0	0.0	0.0	0.0	0.0	0.0	0.0	0.0	0.0	0.0	0.0	0.0	0.0	0.0	0.0	0.0	0.0	0.0	0.0	0.0	0.0	0.0	0.0	0.0	0.0
Fibrisoma	0.0	0.0	0.0	0.0	0.0	0.0	0.0	0.0	0.0	0.0	0.0	0.0	0.0	0.0	0.0	0.0	0.0	0.0	0.0	0.0	0.0	0.0	0.0	0.0	0.0	0.0	0.0	0.0	0.0	0.0	0.0	0.0	0.0	0.0	0.0	0.0	0.0	0.0	0.0	0.0	0.0	0.0	0.0	0.0	0.0	0.0	0.0	0.0
Utexia	0.0	0.0	0.0	0.0	0.0	0.0	0.0	0.0	0.0	0.0	0.0	0.0	0.0	0.0	0.0	0.0	0.0	0.0	0.0	0.0	0.0	0.0	0.0	0.0	0.0	0.0	0.0	0.0	0.0	0.0	0.0	0.0	0.0	0.0	0.0	0.0	0.0	0.0	0.0	0.0	0.0	0.0	0.0	0.0	0.0	0.0	0.0	0.0
Chlamydiifrater	0.0	0.0	0.0	0.0	0.0	0.0	0.0	0.0	0.0	0.0	0.0	0.0	0.0	0.0	0.0	0.0	0.0	0.0	0.0	0.0	0.0	0.0	0.0	0.0	0.0	0.0	0.0	0.0	0.0	0.0	0.0	0.0	0.0	0.0	0.0	0.0	0.0	0.0	0.0	0.0	0.0	0.0	0.0	0.0	0.0	0.0	0.0	0.0
Caldimicrobium	0.0	0.0	0.0	0.0	0.0	0.0	0.0	0.0	0.0	0.0	0.0	0.0	0.0	0.0	0.0	0.0	0.0	0.0	0.0	0.0	0.0	0.0	0.0	0.0	0.0	0.0	0.0	0.0	0.0	0.0	0.0	0.0	0.0	0.0	0.0	0.0	0.0	0.0	0.0	0.0	0.0	0.0	0.0	0.0	0.0	0.0	0.0	0.0
Pullulanibacillus	0.0	0.0	0.0	0.0	0.0	0.0	0.0	0.0	0.0	0.0	0.0	0.0	0.0	0.0	0.0	0.0	0.0	0.0	0.0	0.0	0.0	0.0	0.0	0.0	0.0	0.0	0.0	0.0	0.0	0.0	0.0	0.0	0.0	0.0	0.0	0.0	0.0	0.0	0.0	0.0	0.0	0.0	0.0	0.0	0.0	0.0	0.0	0.0
Selenobaculum	0.0	0.0	0.0	0.0	0.0	0.0	0.0	0.0	0.0	0.0	0.0	0.0	0.0	0.0	0.0	0.0	0.0	0.0	0.0	0.0	0.0	0.0	0.0	0.0	0.0	0.0	0.0	0.0	0.0	0.0	0.0	0.0	0.0	0.0	0.0	0.0	0.0	0.0	0.0	0.0	0.0	0.0	0.0	0.0	0.0	0.0	0.0	0.0
Desulfocapsa	0.0	0.0	0.0	0.0	0.0	0.0	0.0	0.0	0.0	0.0	0.0	0.0	0.0	0.0	0.0	0.0	0.0	0.0	0.0	0.0	0.0	0.0	0.0	0.0	0.0	0.0	0.0	0.0	0.0	0.0	0.0	0.0	0.0	0.0	0.0	0.0	0.0	0.0	0.0	0.0	0.0	0.0	0.0	0.0	0.0	0.0	0.0	0.0
Lawsonia	0.0	0.0	0.0	0.0	0.0	0.0	0.0	0.0	0.0	0.0	0.0	0.0	0.0	0.0	0.0	0.0	0.0	0.0	0.0	0.0	0.0	0.0	0.0	0.0	0.0	0.0	0.0	0.0	0.0	0.0	0.0	0.0	0.0	0.0	0.0	0.0	0.0	0.0	0.0	0.0	0.0	0.0	0.0	0.0	0.0	0.0	0.0	0.0
Desulfobacula	0.0	0.0	0.0	0.0	0.0	0.0	0.0	0.0	0.0	0.0	0.0	0.0	0.0	0.0	0.0	0.0	0.0	0.0	0.0	0.0	0.0	0.0	0.0	0.0	0.0	0.0	0.0	0.0	0.0	0.0	0.0	0.0	0.0	0.0	0.0	0.0	0.0	0.0	0.0	0.0	0.0	0.0	0.0	0.0	0.0	0.0	0.0	0.0
Candidatus Desulfofervidus	0.0	0.0	0.0	0.0	0.0	0.0	0.0	0.0	0.0	0.0	0.0	0.0	0.0	0.0	0.0	0.0	0.0	0.0	0.0	0.0	0.0	0.0	0.0	0.0	0.0	0.0	0.0	0.0	0.0	0.0	0.0	0.0	0.0	0.0	0.0	0.0	0.0	0.0	0.0	0.0	0.0	0.0	0.0	0.0	0.0	0.0	0.0	0.0
Porticoccus	0.0	0.0	0.0	0.0	0.0	0.0	0.0	0.0	0.0	0.0	0.0	0.0	0.0	0.0	0.0	0.0	0.0	0.0	0.0	0.0	0.0	0.0	0.0	0.0	0.0	0.0	0.0	0.0	0.0	0.0	0.0	0.0	0.0	0.0	0.0	0.0	0.0	0.0	0.0	0.0	0.0	0.0	0.0	0.0	0.0	0.0	0.0	0.0
Candidatus Absconditicoccus	0.0	0.0	0.0	0.0	0.0	0.0	0.0	0.0	0.0	0.0	0.0	0.0	0.0	0.0	0.0	0.0	0.0	0.0	0.0	0.0	0.0	0.0	0.0	0.0	0.0	0.0	0.0	0.0	0.0	0.0	0.0	0.0	0.0	0.0	0.0	0.0	0.0	0.0	0.0	0.0	0.0	0.0	0.0	0.0	0.0	0.0	0.0	0.0
Rippkaea	0.0	0.0	0.0	0.0	0.0	0.0	0.0	0.0	0.0	0.0	0.0	0.0	0.0	0.0	0.0	0.0	0.0	0.0	0.0	0.0	0.0	0.0	0.0	0.0	0.0	0.0	0.0	0.0	0.0	0.0	0.0	0.0	0.0	0.0	0.0	0.0	0.0	0.0	0.0	0.0	0.0	0.0	0.0	0.0	0.0	0.0	0.0	0.0
Anabaenopsis	0.0	0.0	0.0	0.0	0.0	0.0	0.0	0.0	0.0	0.0	0.0	0.0	0.0	0.0	0.0	0.0	0.0	0.0	0.0	0.0	0.0	0.0	0.0	0.0	0.0	0.0	0.0	0.0	0.0	0.0	0.0	0.0	0.0	0.0	0.0	0.0	0.0	0.0	0.0	0.0	0.0	0.0	0.0	0.0	0.0	0.0	0.0	0.0
Cryptomonas	0.0	0.0	0.0	0.0	0.0	0.0	0.0	0.0	0.0	0.0	0.0	0.0	0.0	0.0	0.0	0.0	0.0	0.0	0.0	0.0	0.0	0.0	0.0	0.0	0.0	0.0	0.0	0.0	0.0	0.0	0.0	0.0	0.0	0.0	0.0	0.0	0.0	0.0	0.0	0.0	0.0	0.0	0.0	0.0	0.0	0.0	0.0	0.0
Thermospira	0.0	0.0	0.0	0.0	0.0	0.0	0.0	0.0	0.0	0.0	0.0	0.0	0.0	0.0	0.0	0.0	0.0	0.0	0.0	0.0	0.0	0.0	0.0	0.0	0.0	0.0	0.0	0.0	0.0	0.0	0.0	0.0	0.0	0.0	0.0	0.0	0.0	0.0	0.0	0.0	0.0	0.0	0.0	0.0	0.0	0.0	0.0	0.0
Entomobacter	0.0	0.0	0.0	0.0	0.0	0.0	0.0	0.0	0.0	0.0	0.0	0.0	0.0	0.0	0.0	0.0	0.0	0.0	0.0	0.0	0.0	0.0	0.0	0.0	0.0	0.0	0.0	0.0	0.0	0.0	0.0	0.0	0.0	0.0	0.0	0.0	0.0	0.0	0.0	0.0	0.0	0.0	0.0	0.0	0.0	0.0	0.0	0.0
Acidiplasma	0.0	0.0	0.0	0.0	0.0	0.0	0.0	0.0	0.0	0.0	0.0	0.0	0.0	0.0	0.0	0.0	0.0	0.0	0.0	0.0	0.0	0.0	0.0	0.0	0.0	0.0	0.0	0.0	0.0	0.0	0.0	0.0	0.0	0.0	0.0	0.0	0.0	0.0	0.0	0.0	0.0	0.0	0.0	0.0	0.0	0.0	0.0	0.0
Thermofilum	0.0	0.0	0.0	0.0	0.0	0.0	0.0	0.0	0.0	0.0	0.0	0.0	0.0	0.0	0.0	0.0	0.0	0.0	0.0	0.0	0.0	0.0	0.0	0.0	0.0	0.0	0.0	0.0	0.0	0.0	0.0	0.0	0.0	0.0	0.0	0.0	0.0	0.0	0.0	0.0	0.0	0.0	0.0	0.0	0.0	0.0	0.0	0.0
Zhonglingvirus	0.0	0.0	0.0	0.0	0.0	0.0	0.0	0.0	0.0	0.0	0.0	0.0	0.0	0.0	0.0	0.0	0.0	0.0	0.0	0.0	0.0	0.0	0.0	0.0	0.0	0.0	0.0	0.0	0.0	0.0	0.0	0.0	0.0	0.0	0.0	0.0	0.0	0.0	0.0	0.0	0.0	0.0	0.0	0.0	0.0	0.0	0.0	0.0
Metallumcola	0.0	0.0	0.0	0.0	0.0	0.0	0.0	0.0	0.0	0.0	0.0	0.0	0.0	0.0	0.0	0.0	0.0	0.0	0.0	0.0	0.0	0.0	0.0	0.0	0.0	0.0	0.0	0.0	0.0	0.0	0.0	0.0	0.0	0.0	0.0	0.0	0.0	0.0	0.0	0.0	0.0	0.0	0.0	0.0	0.0	0.0	0.0	0.0
Halothermothrix	0.0	0.0	0.0	0.0	0.0	0.0	0.0	0.0	0.0	0.0	0.0	0.0	0.0	0.0	0.0	0.0	0.0	0.0	0.0	0.0	0.0	0.0	0.0	0.0	0.0	0.0	0.0	0.0	0.0	0.0	0.0	0.0	0.0	0.0	0.0	0.0	0.0	0.0	0.0	0.0	0.0	0.0	0.0	0.0	0.0	0.0	0.0	0.0
Colossusvirus	0.0	0.0	0.0	0.0	0.0	0.0	0.0	0.0	0.0	0.0	0.0	0.0	0.0	0.0	0.0	0.0	0.0	0.0	0.0	0.0	0.0	0.0	0.0	0.0	0.0	0.0	0.0	0.0	0.0	0.0	0.0	0.0	0.0	0.0	0.0	0.0	0.0	0.0	0.0	0.0	0.0	0.0	0.0	0.0	0.0	0.0	0.0	0.0
Lessievirus	0.0	0.0	0.0	0.0	0.0	0.0	0.0	0.0	0.0	0.0	0.0	0.0	0.0	0.0	0.0	0.0	0.0	0.0	0.0	0.0	0.0	0.0	0.0	0.0	0.0	0.0	0.0	0.0	0.0	0.0	0.0	0.0	0.0	0.0	0.0	0.0	0.0	0.0	0.0	0.0	0.0	0.0	0.0	0.0	0.0	0.0	0.0	0.0
Neferthenavirus	0.0	0.0	0.0	0.0	0.0	0.0	0.0	0.0	0.0	0.0	0.0	0.0	0.0	0.0	0.0	0.0	0.0	0.0	0.0	0.0	0.0	0.0	0.0	0.0	0.0	0.0	0.0	0.0	0.0	0.0	0.0	0.0	0.0	0.0	0.0	0.0	0.0	0.0	0.0	0.0	0.0	0.0	0.0	0.0	0.0	0.0	0.0	0.0
Taurinivorans	0.0	0.0	0.0	0.0	0.0	0.0	0.0	0.0	0.0	0.0	0.0	0.0	0.0	0.0	0.0	0.0	0.0	0.0	0.0	0.0	0.0	0.0	0.0	0.0	0.0	0.0	0.0	0.0	0.0	0.0	0.0	0.0	0.0	0.0	0.0	0.0	0.0	0.0	0.0	0.0	0.0	0.0	0.0	0.0	0.0	0.0	0.0	0.0
Cyvirus	0.0	0.0	0.0	0.0	0.0	0.0	0.0	0.0	0.0	0.0	0.0	0.0	0.0	0.0	0.0	0.0	0.0	0.0	0.0	0.0	0.0	0.0	0.0	0.0	0.0	0.0	0.0	0.0	0.0	0.0	0.0	0.0	0.0	0.0	0.0	0.0	0.0	0.0	0.0	0.0	0.0	0.0	0.0	0.0	0.0	0.0	0.0	0.0
Thermodesulfobium	0.0	0.0	0.0	0.0	0.0	0.0	0.0	0.0	0.0	0.0	0.0	0.0	0.0	0.0	0.0	0.0	0.0	0.0	0.0	0.0	0.0	0.0	0.0	0.0	0.0	0.0	0.0	0.0	0.0	0.0	0.0	0.0	0.0	0.0	0.0	0.0	0.0	0.0	0.0	0.0	0.0	0.0	0.0	0.0	0.0	0.0	0.0	0.0
Desulfurobacterium	0.0	0.0	0.0	0.0	0.0	0.0	0.0	0.0	0.0	0.0	0.0	0.0	0.0	0.0	0.0	0.0	0.0	0.0	0.0	0.0	0.0	0.0	0.0	0.0	0.0	0.0	0.0	0.0	0.0	0.0	0.0	0.0	0.0	0.0	0.0	0.0	0.0	0.0	0.0	0.0	0.0	0.0	0.0	0.0	0.0	0.0	0.0	0.0
Basilea	0.0	0.0	0.0	0.0	0.0	0.0	0.0	0.0	0.0	0.0	0.0	0.0	0.0	0.0	0.0	0.0	0.0	0.0	0.0	0.0	0.0	0.0	0.0	0.0	0.0	0.0	0.0	0.0	0.0	0.0	0.0	0.0	0.0	0.0	0.0	0.0	0.0	0.0	0.0	0.0	0.0	0.0	0.0	0.0	0.0	0.0	0.0	0.0
Jeotgalibacillus	0.0	0.0	0.0	0.0	0.0	0.0	0.0	0.0	0.0	0.0	0.0	0.0	0.0	0.0	0.0	0.0	0.0	0.0	0.0	0.0	0.0	0.0	0.0	0.0	0.0	0.0	0.0	0.0	0.0	0.0	0.0	0.0	0.0	0.0	0.0	0.0	0.0	0.0	0.0	0.0	0.0	0.0	0.0	0.0	0.0	0.0	0.0	0.0
Lachnospira	0.0	0.0	0.0	0.0	0.0	0.0	0.0	0.0	0.0	0.0	0.0	0.0	0.0	0.0	0.0	0.0	0.0	0.0	0.0	0.0	0.0	0.0	0.0	0.0	0.0	0.0	0.0	0.0	0.0	0.0	0.0	0.0	0.0	0.0	0.0	0.0	0.0	0.0	0.0	0.0	0.0	0.0	0.0	0.0	0.0	0.0	0.0	0.0
Pseudobutyrivibrio	0.0	0.0	0.0	0.0	0.0	0.0	0.0	0.0	0.0	0.0	0.0	0.0	0.0	0.0	0.0	0.0	0.0	0.0	0.0	0.0	0.0	0.0	0.0	0.0	0.0	0.0	0.0	0.0	0.0	0.0	0.0	0.0	0.0	0.0	0.0	0.0	0.0	0.0	0.0	0.0	0.0	0.0	0.0	0.0	0.0	0.0	0.0	0.0
Alkalibacter	0.0	0.0	0.0	0.0	0.0	0.0	0.0	0.0	0.0	0.0	0.0	0.0	0.0	0.0	0.0	0.0	0.0	0.0	0.0	0.0	0.0	0.0	0.0	0.0	0.0	0.0	0.0	0.0	0.0	0.0	0.0	0.0	0.0	0.0	0.0	0.0	0.0	0.0	0.0	0.0	0.0	0.0	0.0	0.0	0.0	0.0	0.0	0.0
Candidatus Nitrosomarinus	0.0	0.0	0.0	0.0	0.0	0.0	0.0	0.0	0.0	0.0	0.0	0.0	0.0	0.0	0.0	0.0	0.0	0.0	0.0	0.0	0.0	0.0	0.0	0.0	0.0	0.0	0.0	0.0	0.0	0.0	0.0	0.0	0.0	0.0	0.0	0.0	0.0	0.0	0.0	0.0	0.0	0.0	0.0	0.0	0.0	0.0	0.0	0.0
Methanomethylophilus	0.0	0.0	0.0	0.0	0.0	0.0	0.0	0.0	0.0	0.0	0.0	0.0	0.0	0.0	0.0	0.0	0.0	0.0	0.0	0.0	0.0	0.0	0.0	0.0	0.0	0.0	0.0	0.0	0.0	0.0	0.0	0.0	0.0	0.0	0.0	0.0	0.0	0.0	0.0	0.0	0.0	0.0	0.0	0.0	0.0	0.0	0.0	0.0
Picrophilus	0.0	0.0	0.0	0.0	0.0	0.0	0.0	0.0	0.0	0.0	0.0	0.0	0.0	0.0	0.0	0.0	0.0	0.0	0.0	0.0	0.0	0.0	0.0	0.0	0.0	0.0	0.0	0.0	0.0	0.0	0.0	0.0	0.0	0.0	0.0	0.0	0.0	0.0	0.0	0.0	0.0	0.0	0.0	0.0	0.0	0.0	0.0	0.0
Haloquadratum	0.0	0.0	0.0	0.0	0.0	0.0	0.0	0.0	0.0	0.0	0.0	0.0	0.0	0.0	0.0	0.0	0.0	0.0	0.0	0.0	0.0	0.0	0.0	0.0	0.0	0.0	0.0	0.0	0.0	0.0	0.0	0.0	0.0	0.0	0.0	0.0	0.0	0.0	0.0	0.0	0.0	0.0	0.0	0.0	0.0	0.0	0.0	0.0
Intestinibaculum	0.0	0.0	0.0	0.0	0.0	0.0	0.0	0.0	0.0	0.0	0.0	0.0	0.0	0.0	0.0	0.0	0.0	0.0	0.0	0.0	0.0	0.0	0.0	0.0	0.0	0.0	0.0	0.0	0.0	0.0	0.0	0.0	0.0	0.0	0.0	0.0	0.0	0.0	0.0	0.0	0.0	0.0	0.0	0.0	0.0	0.0	0.0	0.0
Simplexvirus	0.0	0.0	0.0	0.0	0.0	0.0	0.0	0.0	0.0	0.0	0.0	0.0	0.0	0.0	0.0	0.0	0.0	0.0	0.0	0.0	0.0	0.0	0.0	0.0	0.0	0.0	0.0	0.0	0.0	0.0	0.0	0.0	0.0	0.0	0.0	0.0	0.0	0.0	0.0	0.0	0.0	0.0	0.0	0.0	0.0	0.0	0.0	0.0
Colibacter	0.0	0.0	0.0	0.0	0.0	0.0	0.0	0.0	0.0	0.0	0.0	0.0	0.0	0.0	0.0	0.0	0.0	0.0	0.0	0.0	0.0	0.0	0.0	0.0	0.0	0.0	0.0	0.0	0.0	0.0	0.0	0.0	0.0	0.0	0.0	0.0	0.0	0.0	0.0	0.0	0.0	0.0	0.0	0.0	0.0	0.0	0.0	0.0
Acetohalobium	0.0	0.0	0.0	0.0	0.0	0.0	0.0	0.0	0.0	0.0	0.0	0.0	0.0	0.0	0.0	0.0	0.0	0.0	0.0	0.0	0.0	0.0	0.0	0.0	0.0	0.0	0.0	0.0	0.0	0.0	0.0	0.0	0.0	0.0	0.0	0.0	0.0	0.0	0.0	0.0	0.0	0.0	0.0	0.0	0.0	0.0	0.0	0.0
Peptoclostridium	0.0	0.0	0.0	0.0	0.0	0.0	0.0	0.0	0.0	0.0	0.0	0.0	0.0	0.0	0.0	0.0	0.0	0.0	0.0	0.0	0.0	0.0	0.0	0.0	0.0	0.0	0.0	0.0	0.0	0.0	0.0	0.0	0.0	0.0	0.0	0.0	0.0	0.0	0.0	0.0	0.0	0.0	0.0	0.0	0.0	0.0	0.0	0.0
Biavirus	0.0	0.0	0.0	0.0	0.0	0.0	0.0	0.0	0.0	0.0	0.0	0.0	0.0	0.0	0.0	0.0	0.0	0.0	0.0	0.0	0.0	0.0	0.0	0.0	0.0	0.0	0.0	0.0	0.0	0.0	0.0	0.0	0.0	0.0	0.0	0.0	0.0	0.0	0.0	0.0	0.0	0.0	0.0	0.0	0.0	0.0	0.0	0.0
Aquifex	0.0	0.0	0.0	0.0	0.0	0.0	0.0	0.0	0.0	0.0	0.0	0.0	0.0	0.0	0.0	0.0	0.0	0.0	0.0	0.0	0.0	0.0	0.0	0.0	0.0	0.0	0.0	0.0	0.0	0.0	0.0	0.0	0.0	0.0	0.0	0.0	0.0	0.0	0.0	0.0	0.0	0.0	0.0	0.0	0.0	0.0	0.0	0.0
Candidatus Bandiella	0.0	0.0	0.0	0.0	0.0	0.0	0.0	0.0	0.0	0.0	0.0	0.0	0.0	0.0	0.0	0.0	0.0	0.0	0.0	0.0	0.0	0.0	0.0	0.0	0.0	0.0	0.0	0.0	0.0	0.0	0.0	0.0	0.0	0.0	0.0	0.0	0.0	0.0	0.0	0.0	0.0	0.0	0.0	0.0	0.0	0.0	0.0	0.0
Candidatus Paracaedibacter	0.0	0.0	0.0	0.0	0.0	0.0	0.0	0.0	0.0	0.0	0.0	0.0	0.0	0.0	0.0	0.0	0.0	0.0	0.0	0.0	0.0	0.0	0.0	0.0	0.0	0.0	0.0	0.0	0.0	0.0	0.0	0.0	0.0	0.0	0.0	0.0	0.0	0.0	0.0	0.0	0.0	0.0	0.0	0.0	0.0	0.0	0.0	0.0
Abyssicoccus	0.0	0.0	0.0	0.0	0.0	0.0	0.0	0.0	0.0	0.0	0.0	0.0	0.0	0.0	0.0	0.0	0.0	0.0	0.0	0.0	0.0	0.0	0.0	0.0	0.0	0.0	0.0	0.0	0.0	0.0	0.0	0.0	0.0	0.0	0.0	0.0	0.0	0.0	0.0	0.0	0.0	0.0	0.0	0.0	0.0	0.0	0.0	0.0
Sediminibacillus	0.0	0.0	0.0	0.0	0.0	0.0	0.0	0.0	0.0	0.0	0.0	0.0	0.0	0.0	0.0	0.0	0.0	0.0	0.0	0.0	0.0	0.0	0.0	0.0	0.0	0.0	0.0	0.0	0.0	0.0	0.0	0.0	0.0	0.0	0.0	0.0	0.0	0.0	0.0	0.0	0.0	0.0	0.0	0.0	0.0	0.0	0.0	0.0
Tepidibacillus	0.0	0.0	0.0	0.0	0.0	0.0	0.0	0.0	0.0	0.0	0.0	0.0	0.0	0.0	0.0	0.0	0.0	0.0	0.0	0.0	0.0	0.0	0.0	0.0	0.0	0.0	0.0	0.0	0.0	0.0	0.0	0.0	0.0	0.0	0.0	0.0	0.0	0.0	0.0	0.0	0.0	0.0	0.0	0.0	0.0	0.0	0.0	0.0
Basfia	0.0	0.0	0.0	0.0	0.0	0.0	0.0	0.0	0.0	0.0	0.0	0.0	0.0	0.0	0.0	0.0	0.0	0.0	0.0	0.0	0.0	0.0	0.0	0.0	0.0	0.0	0.0	0.0	0.0	0.0	0.0	0.0	0.0	0.0	0.0	0.0	0.0	0.0	0.0	0.0	0.0	0.0	0.0	0.0	0.0	0.0	0.0	0.0
Varibaculum	0.0	0.0	0.0	0.0	0.0	0.0	0.0	0.0	0.0	0.0	0.0	0.0	0.0	0.0	0.0	0.0	0.0	0.0	0.0	0.0	0.0	0.0	0.0	0.0	0.0	0.0	0.0	0.0	0.0	0.0	0.0	0.0	0.0	0.0	0.0	0.0	0.0	0.0	0.0	0.0	0.0	0.0	0.0	0.0	0.0	0.0	0.0	0.0
Tropheryma	0.0	0.0	0.0	0.0	0.0	0.0	0.0	0.0	0.0	0.0	0.0	0.0	0.0	0.0	0.0	0.0	0.0	0.0	0.0	0.0	0.0	0.0	0.0	0.0	0.0	0.0	0.0	0.0	0.0	0.0	0.0	0.0	0.0	0.0	0.0	0.0	0.0	0.0	0.0	0.0	0.0	0.0	0.0	0.0	0.0	0.0	0.0	0.0
Denitrovibrio	0.0	0.0	0.0	0.0	0.0	0.0	0.0	0.0	0.0	0.0	0.0	0.0	0.0	0.0	0.0	0.0	0.0	0.0	0.0	0.0	0.0	0.0	0.0	0.0	0.0	0.0	0.0	0.0	0.0	0.0	0.0	0.0	0.0	0.0	0.0	0.0	0.0	0.0	0.0	0.0	0.0	0.0	0.0	0.0	0.0	0.0	0.0	0.0
Acadianvirus	0.0	0.0	0.0	0.0	0.0	0.0	0.0	0.0	0.0	0.0	0.0	0.0	0.0	0.0	0.0	0.0	0.0	0.0	0.0	0.0	0.0	0.0	0.0	0.0	0.0	0.0	0.0	0.0	0.0	0.0	0.0	0.0	0.0	0.0	0.0	0.0	0.0	0.0	0.0	0.0	0.0	0.0	0.0	0.0	0.0	0.0	0.0	0.0
Dexdertvirus	0.0	0.0	0.0	0.0	0.0	0.0	0.0	0.0	0.0	0.0	0.0	0.0	0.0	0.0	0.0	0.0	0.0	0.0	0.0	0.0	0.0	0.0	0.0	0.0	0.0	0.0	0.0	0.0	0.0	0.0	0.0	0.0	0.0	0.0	0.0	0.0	0.0	0.0	0.0	0.0	0.0	0.0	0.0	0.0	0.0	0.0	0.0	0.0
Pleakleyvirus	0.0	0.0	0.0	0.0	0.0	0.0	0.0	0.0	0.0	0.0	0.0	0.0	0.0	0.0	0.0	0.0	0.0	0.0	0.0	0.0	0.0	0.0	0.0	0.0	0.0	0.0	0.0	0.0	0.0	0.0	0.0	0.0	0.0	0.0	0.0	0.0	0.0	0.0	0.0	0.0	0.0	0.0	0.0	0.0	0.0	0.0	0.0	0.0
Likavirus	0.0	0.0	0.0	0.0	0.0	0.0	0.0	0.0	0.0	0.0	0.0	0.0	0.0	0.0	0.0	0.0	0.0	0.0	0.0	0.0	0.0	0.0	0.0	0.0	0.0	0.0	0.0	0.0	0.0	0.0	0.0	0.0	0.0	0.0	0.0	0.0	0.0	0.0	0.0	0.0	0.0	0.0	0.0	0.0	0.0	0.0	0.0	0.0
Thermoplasma	0.0	0.0	0.0	0.0	0.0	0.0	0.0	0.0	0.0	0.0	0.0	0.0	0.0	0.0	0.0	0.0	0.0	0.0	0.0	0.0	0.0	0.0	0.0	0.0	0.0	0.0	0.0	0.0	0.0	0.0	0.0	0.0	0.0	0.0	0.0	0.0	0.0	0.0	0.0	0.0	0.0	0.0	0.0	0.0	0.0	0.0	0.0	0.0
Paramecium	0.0	0.0	0.0	0.0	0.0	0.0	0.0	0.0	0.0	0.0	0.0	0.0	0.0	0.0	0.0	0.0	0.0	0.0	0.0	0.0	0.0	0.0	0.0	0.0	0.0	0.0	0.0	0.0	0.0	0.0	0.0	0.0	0.0	0.0	0.0	0.0	0.0	0.0	0.0	0.0	0.0	0.0	0.0	0.0	0.0	0.0	0.0	0.0
Boudabousia	0.0	0.0	0.0	0.0	0.0	0.0	0.0	0.0	0.0	0.0	0.0	0.0	0.0	0.0	0.0	0.0	0.0	0.0	0.0	0.0	0.0	0.0	0.0	0.0	0.0	0.0	0.0	0.0	0.0	0.0	0.0	0.0	0.0	0.0	0.0	0.0	0.0	0.0	0.0	0.0	0.0	0.0	0.0	0.0	0.0	0.0	0.0	0.0
Defluviitalea	0.0	0.0	0.0	0.0	0.0	0.0	0.0	0.0	0.0	0.0	0.0	0.0	0.0	0.0	0.0	0.0	0.0	0.0	0.0	0.0	0.0	0.0	0.0	0.0	0.0	0.0	0.0	0.0	0.0	0.0	0.0	0.0	0.0	0.0	0.0	0.0	0.0	0.0	0.0	0.0	0.0	0.0	0.0	0.0	0.0	0.0	0.0	0.0
Bombiscardovia	0.0	0.0	0.0	0.0	0.0	0.0	0.0	0.0	0.0	0.0	0.0	0.0	0.0	0.0	0.0	0.0	0.0	0.0	0.0	0.0	0.0	0.0	0.0	0.0	0.0	0.0	0.0	0.0	0.0	0.0	0.0	0.0	0.0	0.0	0.0	0.0	0.0	0.0	0.0	0.0	0.0	0.0	0.0	0.0	0.0	0.0	0.0	0.0
Candidatus Schneideria	0.0	0.0	0.0	0.0	0.0	0.0	0.0	0.0	0.0	0.0	0.0	0.0	0.0	0.0	0.0	0.0	0.0	0.0	0.0	0.0	0.0	0.0	0.0	0.0	0.0	0.0	0.0	0.0	0.0	0.0	0.0	0.0	0.0	0.0	0.0	0.0	0.0	0.0	0.0	0.0	0.0	0.0	0.0	0.0	0.0	0.0	0.0	0.0
Candidatus Fokinia	0.0	0.0	0.0	0.0	0.0	0.0	0.0	0.0	0.0	0.0	0.0	0.0	0.0	0.0	0.0	0.0	0.0	0.0	0.0	0.0	0.0	0.0	0.0	0.0	0.0	0.0	0.0	0.0	0.0	0.0	0.0	0.0	0.0	0.0	0.0	0.0	0.0	0.0	0.0	0.0	0.0	0.0	0.0	0.0	0.0	0.0	0.0	0.0
Bracoviriform	0.0	0.0	0.0	0.0	0.0	0.0	0.0	0.0	0.0	0.0	0.0	0.0	0.0	0.0	0.0	0.0	0.0	0.0	0.0	0.0	0.0	0.0	0.0	0.0	0.0	0.0	0.0	0.0	0.0	0.0	0.0	0.0	0.0	0.0	0.0	0.0	0.0	0.0	0.0	0.0	0.0	0.0	0.0	0.0	0.0	0.0	0.0	0.0
Ruthyvirus	0.0	0.0	0.0	0.0	0.0	0.0	0.0	0.0	0.0	0.0	0.0	0.0	0.0	0.0	0.0	0.0	0.0	0.0	0.0	0.0	0.0	0.0	0.0	0.0	0.0	0.0	0.0	0.0	0.0	0.0	0.0	0.0	0.0	0.0	0.0	0.0	0.0	0.0	0.0	0.0	0.0	0.0	0.0	0.0	0.0	0.0	0.0	0.0
Mementomorivirus	0.0	0.0	0.0	0.0	0.0	0.0	0.0	0.0	0.0	0.0	0.0	0.0	0.0	0.0	0.0	0.0	0.0	0.0	0.0	0.0	0.0	0.0	0.0	0.0	0.0	0.0	0.0	0.0	0.0	0.0	0.0	0.0	0.0	0.0	0.0	0.0	0.0	0.0	0.0	0.0	0.0	0.0	0.0	0.0	0.0	0.0	0.0	0.0
Jujuvirus	0.0	0.0	0.0	0.0	0.0	0.0	0.0	0.0	0.0	0.0	0.0	0.0	0.0	0.0	0.0	0.0	0.0	0.0	0.0	0.0	0.0	0.0	0.0	0.0	0.0	0.0	0.0	0.0	0.0	0.0	0.0	0.0	0.0	0.0	0.0	0.0	0.0	0.0	0.0	0.0	0.0	0.0	0.0	0.0	0.0	0.0	0.0	0.0
Kenoshavirus	0.0	0.0	0.0	0.0	0.0	0.0	0.0	0.0	0.0	0.0	0.0	0.0	0.0	0.0	0.0	0.0	0.0	0.0	0.0	0.0	0.0	0.0	0.0	0.0	0.0	0.0	0.0	0.0	0.0	0.0	0.0	0.0	0.0	0.0	0.0	0.0	0.0	0.0	0.0	0.0	0.0	0.0	0.0	0.0	0.0	0.0	0.0	0.0
Liefievirus	0.0	0.0	0.0	0.0	0.0	0.0	0.0	0.0	0.0	0.0	0.0	0.0	0.0	0.0	0.0	0.0	0.0	0.0	0.0	0.0	0.0	0.0	0.0	0.0	0.0	0.0	0.0	0.0	0.0	0.0	0.0	0.0	0.0	0.0	0.0	0.0	0.0	0.0	0.0	0.0	0.0	0.0	0.0	0.0	0.0	0.0	0.0	0.0
Janusvirus	0.0	0.0	0.0	0.0	0.0	0.0	0.0	0.0	0.0	0.0	0.0	0.0	0.0	0.0	0.0	0.0	0.0	0.0	0.0	0.0	0.0	0.0	0.0	0.0	0.0	0.0	0.0	0.0	0.0	0.0	0.0	0.0	0.0	0.0	0.0	0.0	0.0	0.0	0.0	0.0	0.0	0.0	0.0	0.0	0.0	0.0	0.0	0.0
Schnuerera	0.0	0.0	0.0	0.0	0.0	0.0	0.0	0.0	0.0	0.0	0.0	0.0	0.0	0.0	0.0	0.0	0.0	0.0	0.0	0.0	0.0	0.0	0.0	0.0	0.0	0.0	0.0	0.0	0.0	0.0	0.0	0.0	0.0	0.0	0.0	0.0	0.0	0.0	0.0	0.0	0.0	0.0	0.0	0.0	0.0	0.0	0.0	0.0
Heliorestis	0.0	0.0	0.0	0.0	0.0	0.0	0.0	0.0	0.0	0.0	0.0	0.0	0.0	0.0	0.0	0.0	0.0	0.0	0.0	0.0	0.0	0.0	0.0	0.0	0.0	0.0	0.0	0.0	0.0	0.0	0.0	0.0	0.0	0.0	0.0	0.0	0.0	0.0	0.0	0.0	0.0	0.0	0.0	0.0	0.0	0.0	0.0	0.0
Quwivirus	0.0	0.0	0.0	0.0	0.0	0.0	0.0	0.0	0.0	0.0	0.0	0.0	0.0	0.0	0.0	0.0	0.0	0.0	0.0	0.0	0.0	0.0	0.0	0.0	0.0	0.0	0.0	0.0	0.0	0.0	0.0	0.0	0.0	0.0	0.0	0.0	0.0	0.0	0.0	0.0	0.0	0.0	0.0	0.0	0.0	0.0	0.0	0.0
Successvirus	0.0	0.0	0.0	0.0	0.0	0.0	0.0	0.0	0.0	0.0	0.0	0.0	0.0	0.0	0.0	0.0	0.0	0.0	0.0	0.0	0.0	0.0	0.0	0.0	0.0	0.0	0.0	0.0	0.0	0.0	0.0	0.0	0.0	0.0	0.0	0.0	0.0	0.0	0.0	0.0	0.0	0.0	0.0	0.0	0.0	0.0	0.0	0.0
Desulfotalea	0.0	0.0	0.0	0.0	0.0	0.0	0.0	0.0	0.0	0.0	0.0	0.0	0.0	0.0	0.0	0.0	0.0	0.0	0.0	0.0	0.0	0.0	0.0	0.0	0.0	0.0	0.0	0.0	0.0	0.0	0.0	0.0	0.0	0.0	0.0	0.0	0.0	0.0	0.0	0.0	0.0	0.0	0.0	0.0	0.0	0.0	0.0	0.0
Thermovibrio	0.0	0.0	0.0	0.0	0.0	0.0	0.0	0.0	0.0	0.0	0.0	0.0	0.0	0.0	0.0	0.0	0.0	0.0	0.0	0.0	0.0	0.0	0.0	0.0	0.0	0.0	0.0	0.0	0.0	0.0	0.0	0.0	0.0	0.0	0.0	0.0	0.0	0.0	0.0	0.0	0.0	0.0	0.0	0.0	0.0	0.0	0.0	0.0
Candidatus Nasuia	0.0	0.0	0.0	0.0	0.0	0.0	0.0	0.0	0.0	0.0	0.0	0.0	0.0	0.0	0.0	0.0	0.0	0.0	0.0	0.0	0.0	0.0	0.0	0.0	0.0	0.0	0.0	0.0	0.0	0.0	0.0	0.0	0.0	0.0	0.0	0.0	0.0	0.0	0.0	0.0	0.0	0.0	0.0	0.0	0.0	0.0	0.0	0.0
Halobacteroides	0.0	0.0	0.0	0.0	0.0	0.0	0.0	0.0	0.0	0.0	0.0	0.0	0.0	0.0	0.0	0.0	0.0	0.0	0.0	0.0	0.0	0.0	0.0	0.0	0.0	0.0	0.0	0.0	0.0	0.0	0.0	0.0	0.0	0.0	0.0	0.0	0.0	0.0	0.0	0.0	0.0	0.0	0.0	0.0	0.0	0.0	0.0	0.0
Candidatus Gullanella	0.0	0.0	0.0	0.0	0.0	0.0	0.0	0.0	0.0	0.0	0.0	0.0	0.0	0.0	0.0	0.0	0.0	0.0	0.0	0.0	0.0	0.0	0.0	0.0	0.0	0.0	0.0	0.0	0.0	0.0	0.0	0.0	0.0	0.0	0.0	0.0	0.0	0.0	0.0	0.0	0.0	0.0	0.0	0.0	0.0	0.0	0.0	0.0
Thermocaproicibacter	0.0	0.0	0.0	0.0	0.0	0.0	0.0	0.0	0.0	0.0	0.0	0.0	0.0	0.0	0.0	0.0	0.0	0.0	0.0	0.0	0.0	0.0	0.0	0.0	0.0	0.0	0.0	0.0	0.0	0.0	0.0	0.0	0.0	0.0	0.0	0.0	0.0	0.0	0.0	0.0	0.0	0.0	0.0	0.0	0.0	0.0	0.0	0.0
Caldisericum	0.0	0.0	0.0	0.0	0.0	0.0	0.0	0.0	0.0	0.0	0.0	0.0	0.0	0.0	0.0	0.0	0.0	0.0	0.0	0.0	0.0	0.0	0.0	0.0	0.0	0.0	0.0	0.0	0.0	0.0	0.0	0.0	0.0	0.0	0.0	0.0	0.0	0.0	0.0	0.0	0.0	0.0	0.0	0.0	0.0	0.0	0.0	0.0
Methanonatronarchaeum	0.0	0.0	0.0	0.0	0.0	0.0	0.0	0.0	0.0	0.0	0.0	0.0	0.0	0.0	0.0	0.0	0.0	0.0	0.0	0.0	0.0	0.0	0.0	0.0	0.0	0.0	0.0	0.0	0.0	0.0	0.0	0.0	0.0	0.0	0.0	0.0	0.0	0.0	0.0	0.0	0.0	0.0	0.0	0.0	0.0	0.0	0.0	0.0
Thermosulfuriphilus	0.0	0.0	0.0	0.0	0.0	0.0	0.0	0.0	0.0	0.0	0.0	0.0	0.0	0.0	0.0	0.0	0.0	0.0	0.0	0.0	0.0	0.0	0.0	0.0	0.0	0.0	0.0	0.0	0.0	0.0	0.0	0.0	0.0	0.0	0.0	0.0	0.0	0.0	0.0	0.0	0.0	0.0	0.0	0.0	0.0	0.0	0.0	0.0
Zophobihabitans	0.0	0.0	0.0	0.0	0.0	0.0	0.0	0.0	0.0	0.0	0.0	0.0	0.0	0.0	0.0	0.0	0.0	0.0	0.0	0.0	0.0	0.0	0.0	0.0	0.0	0.0	0.0	0.0	0.0	0.0	0.0	0.0	0.0	0.0	0.0	0.0	0.0	0.0	0.0	0.0	0.0	0.0	0.0	0.0	0.0	0.0	0.0	0.0
Candidatus Azoamicus	0.0	0.0	0.0	0.0	0.0	0.0	0.0	0.0	0.0	0.0	0.0	0.0	0.0	0.0	0.0	0.0	0.0	0.0	0.0	0.0	0.0	0.0	0.0	0.0	0.0	0.0	0.0	0.0	0.0	0.0	0.0	0.0	0.0	0.0	0.0	0.0	0.0	0.0	0.0	0.0	0.0	0.0	0.0	0.0	0.0	0.0	0.0	0.0
Reyvirus	0.0	0.0	0.0	0.0	0.0	0.0	0.0	0.0	0.0	0.0	0.0	0.0	0.0	0.0	0.0	0.0	0.0	0.0	0.0	0.0	0.0	0.0	0.0	0.0	0.0	0.0	0.0	0.0	0.0	0.0	0.0	0.0	0.0	0.0	0.0	0.0	0.0	0.0	0.0	0.0	0.0	0.0	0.0	0.0	0.0	0.0	0.0	0.0
Frederiksenia	0.0	0.0	0.0	0.0	0.0	0.0	0.0	0.0	0.0	0.0	0.0	0.0	0.0	0.0	0.0	0.0	0.0	0.0	0.0	0.0	0.0	0.0	0.0	0.0	0.0	0.0	0.0	0.0	0.0	0.0	0.0	0.0	0.0	0.0	0.0	0.0	0.0	0.0	0.0	0.0	0.0	0.0	0.0	0.0	0.0	0.0	0.0	0.0
Motilimonas	0.0	0.0	0.0	0.0	0.0	0.0	0.0	0.0	0.0	0.0	0.0	0.0	0.0	0.0	0.0	0.0	0.0	0.0	0.0	0.0	0.0	0.0	0.0	0.0	0.0	0.0	0.0	0.0	0.0	0.0	0.0	0.0	0.0	0.0	0.0	0.0	0.0	0.0	0.0	0.0	0.0	0.0	0.0	0.0	0.0	0.0	0.0	0.0
Temperatibacter	0.0	0.0	0.0	0.0	0.0	0.0	0.0	0.0	0.0	0.0	0.0	0.0	0.0	0.0	0.0	0.0	0.0	0.0	0.0	0.0	0.0	0.0	0.0	0.0	0.0	0.0	0.0	0.0	0.0	0.0	0.0	0.0	0.0	0.0	0.0	0.0	0.0	0.0	0.0	0.0	0.0	0.0	0.0	0.0	0.0	0.0	0.0	0.0
Candidatus Comchoanobacter	0.0	0.0	0.0	0.0	0.0	0.0	0.0	0.0	0.0	0.0	0.0	0.0	0.0	0.0	0.0	0.0	0.0	0.0	0.0	0.0	0.0	0.0	0.0	0.0	0.0	0.0	0.0	0.0	0.0	0.0	0.0	0.0	0.0	0.0	0.0	0.0	0.0	0.0	0.0	0.0	0.0	0.0	0.0	0.0	0.0	0.0	0.0	0.0
Candidatus Phycorickettsia	0.0	0.0	0.0	0.0	0.0	0.0	0.0	0.0	0.0	0.0	0.0	0.0	0.0	0.0	0.0	0.0	0.0	0.0	0.0	0.0	0.0	0.0	0.0	0.0	0.0	0.0	0.0	0.0	0.0	0.0	0.0	0.0	0.0	0.0	0.0	0.0	0.0	0.0	0.0	0.0	0.0	0.0	0.0	0.0	0.0	0.0	0.0	0.0
Wenxinia	0.0	0.0	0.0	0.0	0.0	0.0	0.0	0.0	0.0	0.0	0.0	0.0	0.0	0.0	0.0	0.0	0.0	0.0	0.0	0.0	0.0	0.0	0.0	0.0	0.0	0.0	0.0	0.0	0.0	0.0	0.0	0.0	0.0	0.0	0.0	0.0	0.0	0.0	0.0	0.0	0.0	0.0	0.0	0.0	0.0	0.0	0.0	0.0
Parapoxvirus	0.0	0.0	0.0	0.0	0.0	0.0	0.0	0.0	0.0	0.0	0.0	0.0	0.0	0.0	0.0	0.0	0.0	0.0	0.0	0.0	0.0	0.0	0.0	0.0	0.0	0.0	0.0	0.0	0.0	0.0	0.0	0.0	0.0	0.0	0.0	0.0	0.0	0.0	0.0	0.0	0.0	0.0	0.0	0.0	0.0	0.0	0.0	0.0
Rheavirus	0.0	0.0	0.0	0.0	0.0	0.0	0.0	0.0	0.0	0.0	0.0	0.0	0.0	0.0	0.0	0.0	0.0	0.0	0.0	0.0	0.0	0.0	0.0	0.0	0.0	0.0	0.0	0.0	0.0	0.0	0.0	0.0	0.0	0.0	0.0	0.0	0.0	0.0	0.0	0.0	0.0	0.0	0.0	0.0	0.0	0.0	0.0	0.0
Vulcanisaeta	0.0	0.0	0.0	0.0	0.0	0.0	0.0	0.0	0.0	0.0	0.0	0.0	0.0	0.0	0.0	0.0	0.0	0.0	0.0	0.0	0.0	0.0	0.0	0.0	0.0	0.0	0.0	0.0	0.0	0.0	0.0	0.0	0.0	0.0	0.0	0.0	0.0	0.0	0.0	0.0	0.0	0.0	0.0	0.0	0.0	0.0	0.0	0.0
Cuniculiplasma	0.0	0.0	0.0	0.0	0.0	0.0	0.0	0.0	0.0	0.0	0.0	0.0	0.0	0.0	0.0	0.0	0.0	0.0	0.0	0.0	0.0	0.0	0.0	0.0	0.0	0.0	0.0	0.0	0.0	0.0	0.0	0.0	0.0	0.0	0.0	0.0	0.0	0.0	0.0	0.0	0.0	0.0	0.0	0.0	0.0	0.0	0.0	0.0
Geoglobus	0.0	0.0	0.0	0.0	0.0	0.0	0.0	0.0	0.0	0.0	0.0	0.0	0.0	0.0	0.0	0.0	0.0	0.0	0.0	0.0	0.0	0.0	0.0	0.0	0.0	0.0	0.0	0.0	0.0	0.0	0.0	0.0	0.0	0.0	0.0	0.0	0.0	0.0	0.0	0.0	0.0	0.0	0.0	0.0	0.0	0.0	0.0	0.0
Kosmotoga	0.0	0.0	0.0	0.0	0.0	0.0	0.0	0.0	0.0	0.0	0.0	0.0	0.0	0.0	0.0	0.0	0.0	0.0	0.0	0.0	0.0	0.0	0.0	0.0	0.0	0.0	0.0	0.0	0.0	0.0	0.0	0.0	0.0	0.0	0.0	0.0	0.0	0.0	0.0	0.0	0.0	0.0	0.0	0.0	0.0	0.0	0.0	0.0
Microaceticoccus	0.0	0.0	0.0	0.0	0.0	0.0	0.0	0.0	0.0	0.0	0.0	0.0	0.0	0.0	0.0	0.0	0.0	0.0	0.0	0.0	0.0	0.0	0.0	0.0	0.0	0.0	0.0	0.0	0.0	0.0	0.0	0.0	0.0	0.0	0.0	0.0	0.0	0.0	0.0	0.0	0.0	0.0	0.0	0.0	0.0	0.0	0.0	0.0
Syntrophobotulus	0.0	0.0	0.0	0.0	0.0	0.0	0.0	0.0	0.0	0.0	0.0	0.0	0.0	0.0	0.0	0.0	0.0	0.0	0.0	0.0	0.0	0.0	0.0	0.0	0.0	0.0	0.0	0.0	0.0	0.0	0.0	0.0	0.0	0.0	0.0	0.0	0.0	0.0	0.0	0.0	0.0	0.0	0.0	0.0	0.0	0.0	0.0	0.0
Phosphitispora	0.0	0.0	0.0	0.0	0.0	0.0	0.0	0.0	0.0	0.0	0.0	0.0	0.0	0.0	0.0	0.0	0.0	0.0	0.0	0.0	0.0	0.0	0.0	0.0	0.0	0.0	0.0	0.0	0.0	0.0	0.0	0.0	0.0	0.0	0.0	0.0	0.0	0.0	0.0	0.0	0.0	0.0	0.0	0.0	0.0	0.0	0.0	0.0
Syntrophomonas	0.0	0.0	0.0	0.0	0.0	0.0	0.0	0.0	0.0	0.0	0.0	0.0	0.0	0.0	0.0	0.0	0.0	0.0	0.0	0.0	0.0	0.0	0.0	0.0	0.0	0.0	0.0	0.0	0.0	0.0	0.0	0.0	0.0	0.0	0.0	0.0	0.0	0.0	0.0	0.0	0.0	0.0	0.0	0.0	0.0	0.0	0.0	0.0
Chakrabartyella	0.0	0.0	0.0	0.0	0.0	0.0	0.0	0.0	0.0	0.0	0.0	0.0	0.0	0.0	0.0	0.0	0.0	0.0	0.0	0.0	0.0	0.0	0.0	0.0	0.0	0.0	0.0	0.0	0.0	0.0	0.0	0.0	0.0	0.0	0.0	0.0	0.0	0.0	0.0	0.0	0.0	0.0	0.0	0.0	0.0	0.0	0.0	0.0
Candidatus Riesia	0.0	0.0	0.0	0.0	0.0	0.0	0.0	0.0	0.0	0.0	0.0	0.0	0.0	0.0	0.0	0.0	0.0	0.0	0.0	0.0	0.0	0.0	0.0	0.0	0.0	0.0	0.0	0.0	0.0	0.0	0.0	0.0	0.0	0.0	0.0	0.0	0.0	0.0	0.0	0.0	0.0	0.0	0.0	0.0	0.0	0.0	0.0	0.0
Litorilituus	0.0	0.0	0.0	0.0	0.0	0.0	0.0	0.0	0.0	0.0	0.0	0.0	0.0	0.0	0.0	0.0	0.0	0.0	0.0	0.0	0.0	0.0	0.0	0.0	0.0	0.0	0.0	0.0	0.0	0.0	0.0	0.0	0.0	0.0	0.0	0.0	0.0	0.0	0.0	0.0	0.0	0.0	0.0	0.0	0.0	0.0	0.0	0.0
Candidatus Purcelliella	0.0	0.0	0.0	0.0	0.0	0.0	0.0	0.0	0.0	0.0	0.0	0.0	0.0	0.0	0.0	0.0	0.0	0.0	0.0	0.0	0.0	0.0	0.0	0.0	0.0	0.0	0.0	0.0	0.0	0.0	0.0	0.0	0.0	0.0	0.0	0.0	0.0	0.0	0.0	0.0	0.0	0.0	0.0	0.0	0.0	0.0	0.0	0.0
Aristophania	0.0	0.0	0.0	0.0	0.0	0.0	0.0	0.0	0.0	0.0	0.0	0.0	0.0	0.0	0.0	0.0	0.0	0.0	0.0	0.0	0.0	0.0	0.0	0.0	0.0	0.0	0.0	0.0	0.0	0.0	0.0	0.0	0.0	0.0	0.0	0.0	0.0	0.0	0.0	0.0	0.0	0.0	0.0	0.0	0.0	0.0	0.0	0.0
Swingsia	0.0	0.0	0.0	0.0	0.0	0.0	0.0	0.0	0.0	0.0	0.0	0.0	0.0	0.0	0.0	0.0	0.0	0.0	0.0	0.0	0.0	0.0	0.0	0.0	0.0	0.0	0.0	0.0	0.0	0.0	0.0	0.0	0.0	0.0	0.0	0.0	0.0	0.0	0.0	0.0	0.0	0.0	0.0	0.0	0.0	0.0	0.0	0.0
Cytomegalovirus	0.0	0.0	0.0	0.0	0.0	0.0	0.0	0.0	0.0	0.0	0.0	0.0	0.0	0.0	0.0	0.0	0.0	0.0	0.0	0.0	0.0	0.0	0.0	0.0	0.0	0.0	0.0	0.0	0.0	0.0	0.0	0.0	0.0	0.0	0.0	0.0	0.0	0.0	0.0	0.0	0.0	0.0	0.0	0.0	0.0	0.0	0.0	0.0
Wizardvirus	0.0	0.0	0.0	0.0	0.0	0.0	0.0	0.0	0.0	0.0	0.0	0.0	0.0	0.0	0.0	0.0	0.0	0.0	0.0	0.0	0.0	0.0	0.0	0.0	0.0	0.0	0.0	0.0	0.0	0.0	0.0	0.0	0.0	0.0	0.0	0.0	0.0	0.0	0.0	0.0	0.0	0.0	0.0	0.0	0.0	0.0	0.0	0.0
Vividuovirus	0.0	0.0	0.0	0.0	0.0	0.0	0.0	0.0	0.0	0.0	0.0	0.0	0.0	0.0	0.0	0.0	0.0	0.0	0.0	0.0	0.0	0.0	0.0	0.0	0.0	0.0	0.0	0.0	0.0	0.0	0.0	0.0	0.0	0.0	0.0	0.0	0.0	0.0	0.0	0.0	0.0	0.0	0.0	0.0	0.0	0.0	0.0	0.0
Kratiovirus	0.0	0.0	0.0	0.0	0.0	0.0	0.0	0.0	0.0	0.0	0.0	0.0	0.0	0.0	0.0	0.0	0.0	0.0	0.0	0.0	0.0	0.0	0.0	0.0	0.0	0.0	0.0	0.0	0.0	0.0	0.0	0.0	0.0	0.0	0.0	0.0	0.0	0.0	0.0	0.0	0.0	0.0	0.0	0.0	0.0	0.0	0.0	0.0
Keshuvirus	0.0	0.0	0.0	0.0	0.0	0.0	0.0	0.0	0.0	0.0	0.0	0.0	0.0	0.0	0.0	0.0	0.0	0.0	0.0	0.0	0.0	0.0	0.0	0.0	0.0	0.0	0.0	0.0	0.0	0.0	0.0	0.0	0.0	0.0	0.0	0.0	0.0	0.0	0.0	0.0	0.0	0.0	0.0	0.0	0.0	0.0	0.0	0.0
Candidatus Steffania	0.0	0.0	0.0	0.0	0.0	0.0	0.0	0.0	0.0	0.0	0.0	0.0	0.0	0.0	0.0	0.0	0.0	0.0	0.0	0.0	0.0	0.0	0.0	0.0	0.0	0.0	0.0	0.0	0.0	0.0	0.0	0.0	0.0	0.0	0.0	0.0	0.0	0.0	0.0	0.0	0.0	0.0	0.0	0.0	0.0	0.0	0.0	0.0
Saguarovirus	0.0	0.0	0.0	0.0	0.0	0.0	0.0	0.0	0.0	0.0	0.0	0.0	0.0	0.0	0.0	0.0	0.0	0.0	0.0	0.0	0.0	0.0	0.0	0.0	0.0	0.0	0.0	0.0	0.0	0.0	0.0	0.0	0.0	0.0	0.0	0.0	0.0	0.0	0.0	0.0	0.0	0.0	0.0	0.0	0.0	0.0	0.0	0.0
Julieunavirus	0.0	0.0	0.0	0.0	0.0	0.0	0.0	0.0	0.0	0.0	0.0	0.0	0.0	0.0	0.0	0.0	0.0	0.0	0.0	0.0	0.0	0.0	0.0	0.0	0.0	0.0	0.0	0.0	0.0	0.0	0.0	0.0	0.0	0.0	0.0	0.0	0.0	0.0	0.0	0.0	0.0	0.0	0.0	0.0	0.0	0.0	0.0	0.0
Candidatus Haliotispira	0.0	0.0	0.0	0.0	0.0	0.0	0.0	0.0	0.0	0.0	0.0	0.0	0.0	0.0	0.0	0.0	0.0	0.0	0.0	0.0	0.0	0.0	0.0	0.0	0.0	0.0	0.0	0.0	0.0	0.0	0.0	0.0	0.0	0.0	0.0	0.0	0.0	0.0	0.0	0.0	0.0	0.0	0.0	0.0	0.0	0.0	0.0	0.0
Infirmifilum	0.0	0.0	0.0	0.0	0.0	0.0	0.0	0.0	0.0	0.0	0.0	0.0	0.0	0.0	0.0	0.0	0.0	0.0	0.0	0.0	0.0	0.0	0.0	0.0	0.0	0.0	0.0	0.0	0.0	0.0	0.0	0.0	0.0	0.0	0.0	0.0	0.0	0.0	0.0	0.0	0.0	0.0	0.0	0.0	0.0	0.0	0.0	0.0
Methanohalophilus	0.0	0.0	0.0	0.0	0.0	0.0	0.0	0.0	0.0	0.0	0.0	0.0	0.0	0.0	0.0	0.0	0.0	0.0	0.0	0.0	0.0	0.0	0.0	0.0	0.0	0.0	0.0	0.0	0.0	0.0	0.0	0.0	0.0	0.0	0.0	0.0	0.0	0.0	0.0	0.0	0.0	0.0	0.0	0.0	0.0	0.0	0.0	0.0
Methanogenium	0.0	0.0	0.0	0.0	0.0	0.0	0.0	0.0	0.0	0.0	0.0	0.0	0.0	0.0	0.0	0.0	0.0	0.0	0.0	0.0	0.0	0.0	0.0	0.0	0.0	0.0	0.0	0.0	0.0	0.0	0.0	0.0	0.0	0.0	0.0	0.0	0.0	0.0	0.0	0.0	0.0	0.0	0.0	0.0	0.0	0.0	0.0	0.0
Mariniplasma	0.0	0.0	0.0	0.0	0.0	0.0	0.0	0.0	0.0	0.0	0.0	0.0	0.0	0.0	0.0	0.0	0.0	0.0	0.0	0.0	0.0	0.0	0.0	0.0	0.0	0.0	0.0	0.0	0.0	0.0	0.0	0.0	0.0	0.0	0.0	0.0	0.0	0.0	0.0	0.0	0.0	0.0	0.0	0.0	0.0	0.0	0.0	0.0
Koleobacter	0.0	0.0	0.0	0.0	0.0	0.0	0.0	0.0	0.0	0.0	0.0	0.0	0.0	0.0	0.0	0.0	0.0	0.0	0.0	0.0	0.0	0.0	0.0	0.0	0.0	0.0	0.0	0.0	0.0	0.0	0.0	0.0	0.0	0.0	0.0	0.0	0.0	0.0	0.0	0.0	0.0	0.0	0.0	0.0	0.0	0.0	0.0	0.0
Kremarvirus	0.0	0.0	0.0	0.0	0.0	0.0	0.0	0.0	0.0	0.0	0.0	0.0	0.0	0.0	0.0	0.0	0.0	0.0	0.0	0.0	0.0	0.0	0.0	0.0	0.0	0.0	0.0	0.0	0.0	0.0	0.0	0.0	0.0	0.0	0.0	0.0	0.0	0.0	0.0	0.0	0.0	0.0	0.0	0.0	0.0	0.0	0.0	0.0
